Script started on 2026-07-11 06:28:10+09:00 [COMMAND="stty rows 50 cols 200 2>/dev/null; exec dxtop" TERM="xterm-256color" TTY="/dev/pts/0" COLUMNS="-1" LINES="-1"]
[?1049h
[22;0;0t
[1;50r
[?7h
[?1h
[?25l
[39;49m
[39;49m
[37m
[40m
[2J[DX-TOP]  (q) Quit   (n) Next Page   (p) Prev Page   (h) Help
[2dSat Jul 11 06:28:10 2026
[3dDX-RT: v3.4.0     NPU Device driver: v2.5.1     DX-TOP: v1.1.0
[4d-
[198b-
[5;3H
[0;1m
[36m
[40mDevice :
[37m
[40m0
[18G
[0;1m
[36m
[40mVariant:
[37m
[40m    M1
[38G
[0;1m
[36m
[40mPCIe Bus Number:
[37m
[40m  01:00:00  
[39;49m
[37m
[40m  
[0;1m
[36m
[40mFirmware:
[37m
[40m  v2.7.1
[6;3H
[0;1m
[36m
[40mNPU Memory:
[39;49m
[37m
[40m  
[34m
[40m[
[20X
[6;37H]
[39;49m
[37m
[40m 
[34m
[40m4.00 KiB / 1.92 GiB (0.00%)   
[7;5H
[0;1m
[35m
[40mCore :
[37m
[40m0 
[39;49m
[37m
[40m  
[0;1m
[35m
[40mUtil:
[37m
[40m  45.4% 
[39;49m
[37m
[40m  
[0;1m
[35m
[40mTemp:
[33m
[40m 82 
[39;49m
[37m
[40m  
[0;1m
[35m
[40mVoltage:
[37m
[40m 765 mV 
[39;49m
[37m
[40m  
[0;1m
[35m
[40mClock:
[37m
[40m 1000 MHz
[8;5H
[0;1m
[35m
[40mCore :
[37m
[40m1 
[39;49m
[37m
[40m  
[0;1m
[35m
[40mUtil:
[37m
[40m  39.1% 
[39;49m
[37m
[40m  
[0;1m
[35m
[40mTemp:
[33m
[40m 82 
[39;49m
[37m
[40m  
[0;1m
[35m
[40mVoltage:
[37m
[40m 765 mV 
[39;49m
[37m
[40m  
[0;1m
[35m
[40mClock:
[37m
[40m 1000 MHz
[9;5H
[0;1m
[35m
[40mCore :
[37m
[40m2 
[39;49m
[37m
[40m  
[0;1m
[35m
[40mUtil:
[37m
[40m   5.3% 
[39;49m
[37m
[40m  
[0;1m
[35m
[40mTemp:
[33m
[40m 82 
[39;49m
[37m
[40m  
[0;1m
[35m
[40mVoltage:
[37m
[40m 765 mV 
[39;49m
[37m
[40m  
[0;1m
[35m
[40mClock:
[37m
[40m 1000 MHz
[10d
[39;49m
[37m
[40m-
[198b-
[50;1HTotal Devices: 1
[50;190HPage: 1 / 
[?7l1
[?7h
[39;49m
[37m
[40m
[2J[DX-TOP]  (q) Quit   (n) Next Page   (p) Prev Page   (h) Help
[2dSat Jul 11 06:28:12 2026
[3dDX-RT: v3.4.0     NPU Device driver: v2.5.1     DX-TOP: v1.1.0
[4d-
[198b-
[5;3H
[0;1m
[36m
[40mDevice :
[37m
[40m0
[18G
[0;1m
[36m
[40mVariant:
[37m
[40m    M1
[38G
[0;1m
[36m
[40mPCIe Bus Number:
[37m
[40m  01:00:00  
[39;49m
[37m
[40m  
[0;1m
[36m
[40mFirmware:
[37m
[40m  v2.7.1
[6;3H
[0;1m
[36m
[40mNPU Memory:
[39;49m
[37m
[40m  
[34m
[40m[|
[19X
[6;37H]
[39;49m
[37m
[40m 
[34m
[40m177.90 MiB / 1.92 GiB (9.04%) 
[7;5H
[0;1m
[35m
[40mCore :
[37m
[40m0 
[39;49m
[37m
[40m  
[0;1m
[35m
[40mUtil:
[37m
[40m  21.6% 
[39;49m
[37m
[40m  
[0;1m
[35m
[40mTemp:
[33m
[40m 82 
[39;49m
[37m
[40m  
[0;1m
[35m
[40mVoltage:
[37m
[40m 765 mV 
[39;49m
[37m
[40m  
[0;1m
[35m
[40mClock:
[37m
[40m 1000 MHz
[8;5H
[0;1m
[35m
[40mCore :
[37m
[40m1 
[39;49m
[37m
[40m  
[0;1m
[35m
[40mUtil:
[37m
[40m  13.9% 
[39;49m
[37m
[40m  
[0;1m
[35m
[40mTemp:
[33m
[40m 82 
[39;49m
[37m
[40m  
[0;1m
[35m
[40mVoltage:
[37m
[40m 765 mV 
[39;49m
[37m
[40m  
[0;1m
[35m
[40mClock:
[37m
[40m 1000 MHz
[9;5H
[0;1m
[35m
[40mCore :
[37m
[40m2 
[39;49m
[37m
[40m  
[0;1m
[35m
[40mUtil:
[37m
[40m   2.7% 
[39;49m
[37m
[40m  
[0;1m
[35m
[40mTemp:
[33m
[40m 82 
[39;49m
[37m
[40m  
[0;1m
[35m
[40mVoltage:
[37m
[40m 765 mV 
[39;49m
[37m
[40m  
[0;1m
[35m
[40mClock:
[37m
[40m 1000 MHz
[10d
[39;49m
[37m
[40m-
[198b-
[50;1HTotal Devices: 1
[50;190HPage: 1 / 
[?7l1
[?7h
[39;49m
[37m
[40m
[2J[DX-TOP]  (q) Quit   (n) Next Page   (p) Prev Page   (h) Help
[2dSat Jul 11 06:28:14 2026
[3dDX-RT: v3.4.0     NPU Device driver: v2.5.1     DX-TOP: v1.1.0
[4d-
[198b-
[5;3H
[0;1m
[36m
[40mDevice :
[37m
[40m0
[18G
[0;1m
[36m
[40mVariant:
[37m
[40m    M1
[38G
[0;1m
[36m
[40mPCIe Bus Number:
[37m
[40m  01:00:00  
[39;49m
[37m
[40m  
[0;1m
[36m
[40mFirmware:
[37m
[40m  v2.7.1
[6;3H
[0;1m
[36m
[40mNPU Memory:
[39;49m
[37m
[40m  
[34m
[40m[|
[19X
[6;37H]
[39;49m
[37m
[40m 
[34m
[40m177.90 MiB / 1.92 GiB (9.04%) 
[7;5H
[0;1m
[35m
[40mCore :
[37m
[40m0 
[39;49m
[37m
[40m  
[0;1m
[35m
[40mUtil:
[37m
[40m  43.1% 
[39;49m
[37m
[40m  
[0;1m
[35m
[40mTemp:
[33m
[40m 82 
[39;49m
[37m
[40m  
[0;1m
[35m
[40mVoltage:
[37m
[40m 760 mV 
[39;49m
[37m
[40m  
[0;1m
[35m
[40mClock:
[37m
[40m 1000 MHz
[8;5H
[0;1m
[35m
[40mCore :
[37m
[40m1 
[39;49m
[37m
[40m  
[0;1m
[35m
[40mUtil:
[37m
[40m  30.7% 
[39;49m
[37m
[40m  
[0;1m
[35m
[40mTemp:
[33m
[40m 83 
[39;49m
[37m
[40m  
[0;1m
[35m
[40mVoltage:
[37m
[40m 760 mV 
[39;49m
[37m
[40m  
[0;1m
[35m
[40mClock:
[37m
[40m 1000 MHz
[9;5H
[0;1m
[35m
[40mCore :
[37m
[40m2 
[39;49m
[37m
[40m  
[0;1m
[35m
[40mUtil:
[37m
[40m  14.6% 
[39;49m
[37m
[40m  
[0;1m
[35m
[40mTemp:
[33m
[40m 83 
[39;49m
[37m
[40m  
[0;1m
[35m
[40mVoltage:
[37m
[40m 760 mV 
[39;49m
[37m
[40m  
[0;1m
[35m
[40mClock:
[37m
[40m 1000 MHz
[10d
[39;49m
[37m
[40m-
[198b-
[50;1HTotal Devices: 1
[50;190HPage: 1 / 
[?7l1
[?7h
[39;49m
[37m
[40m
[2J[DX-TOP]  (q) Quit   (n) Next Page   (p) Prev Page   (h) Help
[2dSat Jul 11 06:28:16 2026
[3dDX-RT: v3.4.0     NPU Device driver: v2.5.1     DX-TOP: v1.1.0
[4d-
[198b-
[5;3H
[0;1m
[36m
[40mDevice :
[37m
[40m0
[18G
[0;1m
[36m
[40mVariant:
[37m
[40m    M1
[38G
[0;1m
[36m
[40mPCIe Bus Number:
[37m
[40m  01:00:00  
[39;49m
[37m
[40m  
[0;1m
[36m
[40mFirmware:
[37m
[40m  v2.7.1
[6;3H
[0;1m
[36m
[40mNPU Memory:
[39;49m
[37m
[40m  
[34m
[40m[|
[19X
[6;37H]
[39;49m
[37m
[40m 
[34m
[40m177.90 MiB / 1.92 GiB (9.04%) 
[7;5H
[0;1m
[35m
[40mCore :
[37m
[40m0 
[39;49m
[37m
[40m  
[0;1m
[35m
[40mUtil:
[37m
[40m  49.1% 
[39;49m
[37m
[40m  
[0;1m
[35m
[40mTemp:
[33m
[40m 82 
[39;49m
[37m
[40m  
[0;1m
[35m
[40mVoltage:
[37m
[40m 775 mV 
[39;49m
[37m
[40m  
[0;1m
[35m
[40mClock:
[37m
[40m 1000 MHz
[8;5H
[0;1m
[35m
[40mCore :
[37m
[40m1 
[39;49m
[37m
[40m  
[0;1m
[35m
[40mUtil:
[37m
[40m  33.8% 
[39;49m
[37m
[40m  
[0;1m
[35m
[40mTemp:
[33m
[40m 83 
[39;49m
[37m
[40m  
[0;1m
[35m
[40mVoltage:
[37m
[40m 775 mV 
[39;49m
[37m
[40m  
[0;1m
[35m
[40mClock:
[37m
[40m 1000 MHz
[9;5H
[0;1m
[35m
[40mCore :
[37m
[40m2 
[39;49m
[37m
[40m  
[0;1m
[35m
[40mUtil:
[37m
[40m   5.1% 
[39;49m
[37m
[40m  
[0;1m
[35m
[40mTemp:
[33m
[40m 84 
[39;49m
[37m
[40m  
[0;1m
[35m
[40mVoltage:
[37m
[40m 775 mV 
[39;49m
[37m
[40m  
[0;1m
[35m
[40mClock:
[37m
[40m 1000 MHz
[10d
[39;49m
[37m
[40m-
[198b-
[50;1HTotal Devices: 1
[50;190HPage: 1 / 
[?7l1
[?7h
[39;49m
[37m
[40m
[2J[DX-TOP]  (q) Quit   (n) Next Page   (p) Prev Page   (h) Help
[2dSat Jul 11 06:28:18 2026
[3dDX-RT: v3.4.0     NPU Device driver: v2.5.1     DX-TOP: v1.1.0
[4d-
[198b-
[5;3H
[0;1m
[36m
[40mDevice :
[37m
[40m0
[18G
[0;1m
[36m
[40mVariant:
[37m
[40m    M1
[38G
[0;1m
[36m
[40mPCIe Bus Number:
[37m
[40m  01:00:00  
[39;49m
[37m
[40m  
[0;1m
[36m
[40mFirmware:
[37m
[40m  v2.7.1
[6;3H
[0;1m
[36m
[40mNPU Memory:
[39;49m
[37m
[40m  
[34m
[40m[|
[19X
[6;37H]
[39;49m
[37m
[40m 
[34m
[40m177.90 MiB / 1.92 GiB (9.04%) 
[7;5H
[0;1m
[35m
[40mCore :
[37m
[40m0 
[39;49m
[37m
[40m  
[0;1m
[35m
[40mUtil:
[37m
[40m  53.6% 
[39;49m
[37m
[40m  
[0;1m
[35m
[40mTemp:
[33m
[40m 82 
[39;49m
[37m
[40m  
[0;1m
[35m
[40mVoltage:
[37m
[40m 775 mV 
[39;49m
[37m
[40m  
[0;1m
[35m
[40mClock:
[37m
[40m 1000 MHz
[8;5H
[0;1m
[35m
[40mCore :
[37m
[40m1 
[39;49m
[37m
[40m  
[0;1m
[35m
[40mUtil:
[37m
[40m  26.0% 
[39;49m
[37m
[40m  
[0;1m
[35m
[40mTemp:
[33m
[40m 83 
[39;49m
[37m
[40m  
[0;1m
[35m
[40mVoltage:
[37m
[40m 775 mV 
[39;49m
[37m
[40m  
[0;1m
[35m
[40mClock:
[37m
[40m 1000 MHz
[9;5H
[0;1m
[35m
[40mCore :
[37m
[40m2 
[39;49m
[37m
[40m  
[0;1m
[35m
[40mUtil:
[37m
[40m   7.9% 
[39;49m
[37m
[40m  
[0;1m
[35m
[40mTemp:
[33m
[40m 83 
[39;49m
[37m
[40m  
[0;1m
[35m
[40mVoltage:
[37m
[40m 775 mV 
[39;49m
[37m
[40m  
[0;1m
[35m
[40mClock:
[37m
[40m 1000 MHz
[10d
[39;49m
[37m
[40m-
[198b-
[50;1HTotal Devices: 1
[50;190HPage: 1 / 
[?7l1
[?7h
[39;49m
[37m
[40m
[2J[DX-TOP]  (q) Quit   (n) Next Page   (p) Prev Page   (h) Help
[2dSat Jul 11 06:28:20 2026
[3dDX-RT: v3.4.0     NPU Device driver: v2.5.1     DX-TOP: v1.1.0
[4d-
[198b-
[5;3H
[0;1m
[36m
[40mDevice :
[37m
[40m0
[18G
[0;1m
[36m
[40mVariant:
[37m
[40m    M1
[38G
[0;1m
[36m
[40mPCIe Bus Number:
[37m
[40m  01:00:00  
[39;49m
[37m
[40m  
[0;1m
[36m
[40mFirmware:
[37m
[40m  v2.7.1
[6;3H
[0;1m
[36m
[40mNPU Memory:
[39;49m
[37m
[40m  
[34m
[40m[|
[19X
[6;37H]
[39;49m
[37m
[40m 
[34m
[40m177.90 MiB / 1.92 GiB (9.04%) 
[7;5H
[0;1m
[35m
[40mCore :
[37m
[40m0 
[39;49m
[37m
[40m  
[0;1m
[35m
[40mUtil:
[37m
[40m  53.7% 
[39;49m
[37m
[40m  
[0;1m
[35m
[40mTemp:
[33m
[40m 82 
[39;49m
[37m
[40m  
[0;1m
[35m
[40mVoltage:
[37m
[40m 765 mV 
[39;49m
[37m
[40m  
[0;1m
[35m
[40mClock:
[37m
[40m 1000 MHz
[8;5H
[0;1m
[35m
[40mCore :
[37m
[40m1 
[39;49m
[37m
[40m  
[0;1m
[35m
[40mUtil:
[37m
[40m  28.5% 
[39;49m
[37m
[40m  
[0;1m
[35m
[40mTemp:
[33m
[40m 82 
[39;49m
[37m
[40m  
[0;1m
[35m
[40mVoltage:
[37m
[40m 765 mV 
[39;49m
[37m
[40m  
[0;1m
[35m
[40mClock:
[37m
[40m 1000 MHz
[9;5H
[0;1m
[35m
[40mCore :
[37m
[40m2 
[39;49m
[37m
[40m  
[0;1m
[35m
[40mUtil:
[37m
[40m   5.2% 
[39;49m
[37m
[40m  
[0;1m
[35m
[40mTemp:
[33m
[40m 83 
[39;49m
[37m
[40m  
[0;1m
[35m
[40mVoltage:
[37m
[40m 765 mV 
[39;49m
[37m
[40m  
[0;1m
[35m
[40mClock:
[37m
[40m 1000 MHz
[10d
[39;49m
[37m
[40m-
[198b-
[50;1HTotal Devices: 1
[50;190HPage: 1 / 
[?7l1
[?7h
[39;49m
[37m
[40m
[2J[DX-TOP]  (q) Quit   (n) Next Page   (p) Prev Page   (h) Help
[2dSat Jul 11 06:28:22 2026
[3dDX-RT: v3.4.0     NPU Device driver: v2.5.1     DX-TOP: v1.1.0
[4d-
[198b-
[5;3H
[0;1m
[36m
[40mDevice :
[37m
[40m0
[18G
[0;1m
[36m
[40mVariant:
[37m
[40m    M1
[38G
[0;1m
[36m
[40mPCIe Bus Number:
[37m
[40m  01:00:00  
[39;49m
[37m
[40m  
[0;1m
[36m
[40mFirmware:
[37m
[40m  v2.7.1
[6;3H
[0;1m
[36m
[40mNPU Memory:
[39;49m
[37m
[40m  
[34m
[40m[|
[19X
[6;37H]
[39;49m
[37m
[40m 
[34m
[40m177.90 MiB / 1.92 GiB (9.04%) 
[7;5H
[0;1m
[35m
[40mCore :
[37m
[40m0 
[39;49m
[37m
[40m  
[0;1m
[35m
[40mUtil:
[37m
[40m  50.0% 
[39;49m
[37m
[40m  
[0;1m
[35m
[40mTemp:
[33m
[40m 82 
[39;49m
[37m
[40m  
[0;1m
[35m
[40mVoltage:
[37m
[40m 775 mV 
[39;49m
[37m
[40m  
[0;1m
[35m
[40mClock:
[37m
[40m 1000 MHz
[8;5H
[0;1m
[35m
[40mCore :
[37m
[40m1 
[39;49m
[37m
[40m  
[0;1m
[35m
[40mUtil:
[37m
[40m  33.0% 
[39;49m
[37m
[40m  
[0;1m
[35m
[40mTemp:
[33m
[40m 83 
[39;49m
[37m
[40m  
[0;1m
[35m
[40mVoltage:
[37m
[40m 775 mV 
[39;49m
[37m
[40m  
[0;1m
[35m
[40mClock:
[37m
[40m 1000 MHz
[9;5H
[0;1m
[35m
[40mCore :
[37m
[40m2 
[39;49m
[37m
[40m  
[0;1m
[35m
[40mUtil:
[37m
[40m   4.9% 
[39;49m
[37m
[40m  
[0;1m
[35m
[40mTemp:
[33m
[40m 83 
[39;49m
[37m
[40m  
[0;1m
[35m
[40mVoltage:
[37m
[40m 775 mV 
[39;49m
[37m
[40m  
[0;1m
[35m
[40mClock:
[37m
[40m 1000 MHz
[10d
[39;49m
[37m
[40m-
[198b-
[50;1HTotal Devices: 1
[50;190HPage: 1 / 
[?7l1
[?7h
[39;49m
[37m
[40m
[2J[DX-TOP]  (q) Quit   (n) Next Page   (p) Prev Page   (h) Help
[2dSat Jul 11 06:28:24 2026
[3dDX-RT: v3.4.0     NPU Device driver: v2.5.1     DX-TOP: v1.1.0
[4d-
[198b-
[5;3H
[0;1m
[36m
[40mDevice :
[37m
[40m0
[18G
[0;1m
[36m
[40mVariant:
[37m
[40m    M1
[38G
[0;1m
[36m
[40mPCIe Bus Number:
[37m
[40m  01:00:00  
[39;49m
[37m
[40m  
[0;1m
[36m
[40mFirmware:
[37m
[40m  v2.7.1
[6;3H
[0;1m
[36m
[40mNPU Memory:
[39;49m
[37m
[40m  
[34m
[40m[|
[19X
[6;37H]
[39;49m
[37m
[40m 
[34m
[40m177.90 MiB / 1.92 GiB (9.04%) 
[7;5H
[0;1m
[35m
[40mCore :
[37m
[40m0 
[39;49m
[37m
[40m  
[0;1m
[35m
[40mUtil:
[37m
[40m  40.8% 
[39;49m
[37m
[40m  
[0;1m
[35m
[40mTemp:
[33m
[40m 82 
[39;49m
[37m
[40m  
[0;1m
[35m
[40mVoltage:
[37m
[40m 775 mV 
[39;49m
[37m
[40m  
[0;1m
[35m
[40mClock:
[37m
[40m 1000 MHz
[8;5H
[0;1m
[35m
[40mCore :
[37m
[40m1 
[39;49m
[37m
[40m  
[0;1m
[35m
[40mUtil:
[37m
[40m  33.7% 
[39;49m
[37m
[40m  
[0;1m
[35m
[40mTemp:
[33m
[40m 84 
[39;49m
[37m
[40m  
[0;1m
[35m
[40mVoltage:
[37m
[40m 775 mV 
[39;49m
[37m
[40m  
[0;1m
[35m
[40mClock:
[37m
[40m 1000 MHz
[9;5H
[0;1m
[35m
[40mCore :
[37m
[40m2 
[39;49m
[37m
[40m  
[0;1m
[35m
[40mUtil:
[37m
[40m  17.5% 
[39;49m
[37m
[40m  
[0;1m
[35m
[40mTemp:
[33m
[40m 85 
[39;49m
[37m
[40m  
[0;1m
[35m
[40mVoltage:
[37m
[40m 775 mV 
[39;49m
[37m
[40m  
[0;1m
[35m
[40mClock:
[37m
[40m 1000 MHz
[10d
[39;49m
[37m
[40m-
[198b-
[50;1HTotal Devices: 1
[50;190HPage: 1 / 
[?7l1
[?7h
[39;49m
[37m
[40m
[2J[DX-TOP]  (q) Quit   (n) Next Page   (p) Prev Page   (h) Help
[2dSat Jul 11 06:28:26 2026
[3dDX-RT: v3.4.0     NPU Device driver: v2.5.1     DX-TOP: v1.1.0
[4d-
[198b-
[5;3H
[0;1m
[36m
[40mDevice :
[37m
[40m0
[18G
[0;1m
[36m
[40mVariant:
[37m
[40m    M1
[38G
[0;1m
[36m
[40mPCIe Bus Number:
[37m
[40m  01:00:00  
[39;49m
[37m
[40m  
[0;1m
[36m
[40mFirmware:
[37m
[40m  v2.7.1
[6;3H
[0;1m
[36m
[40mNPU Memory:
[39;49m
[37m
[40m  
[34m
[40m[|
[19X
[6;37H]
[39;49m
[37m
[40m 
[34m
[40m177.90 MiB / 1.92 GiB (9.04%) 
[7;5H
[0;1m
[35m
[40mCore :
[37m
[40m0 
[39;49m
[37m
[40m  
[0;1m
[35m
[40mUtil:
[37m
[40m  53.9% 
[39;49m
[37m
[40m  
[0;1m
[35m
[40mTemp:
[33m
[40m 83 
[39;49m
[37m
[40m  
[0;1m
[35m
[40mVoltage:
[37m
[40m 770 mV 
[39;49m
[37m
[40m  
[0;1m
[35m
[40mClock:
[37m
[40m 1000 MHz
[8;5H
[0;1m
[35m
[40mCore :
[37m
[40m1 
[39;49m
[37m
[40m  
[0;1m
[35m
[40mUtil:
[37m
[40m  34.9% 
[39;49m
[37m
[40m  
[0;1m
[35m
[40mTemp:
[33m
[40m 84 
[39;49m
[37m
[40m  
[0;1m
[35m
[40mVoltage:
[37m
[40m 770 mV 
[39;49m
[37m
[40m  
[0;1m
[35m
[40mClock:
[37m
[40m 1000 MHz
[9;5H
[0;1m
[35m
[40mCore :
[37m
[40m2 
[39;49m
[37m
[40m  
[0;1m
[35m
[40mUtil:
[37m
[40m   2.6% 
[39;49m
[37m
[40m  
[0;1m
[35m
[40mTemp:
[33m
[40m 84 
[39;49m
[37m
[40m  
[0;1m
[35m
[40mVoltage:
[37m
[40m 770 mV 
[39;49m
[37m
[40m  
[0;1m
[35m
[40mClock:
[37m
[40m 1000 MHz
[10d
[39;49m
[37m
[40m-
[198b-
[50;1HTotal Devices: 1
[50;190HPage: 1 / 
[?7l1
[?7h
[39;49m
[37m
[40m
[2J[DX-TOP]  (q) Quit   (n) Next Page   (p) Prev Page   (h) Help
[2dSat Jul 11 06:28:28 2026
[3dDX-RT: v3.4.0     NPU Device driver: v2.5.1     DX-TOP: v1.1.0
[4d-
[198b-
[5;3H
[0;1m
[36m
[40mDevice :
[37m
[40m0
[18G
[0;1m
[36m
[40mVariant:
[37m
[40m    M1
[38G
[0;1m
[36m
[40mPCIe Bus Number:
[37m
[40m  01:00:00  
[39;49m
[37m
[40m  
[0;1m
[36m
[40mFirmware:
[37m
[40m  v2.7.1
[6;3H
[0;1m
[36m
[40mNPU Memory:
[39;49m
[37m
[40m  
[34m
[40m[|
[19X
[6;37H]
[39;49m
[37m
[40m 
[34m
[40m177.90 MiB / 1.92 GiB (9.04%) 
[7;5H
[0;1m
[35m
[40mCore :
[37m
[40m0 
[39;49m
[37m
[40m  
[0;1m
[35m
[40mUtil:
[37m
[40m  49.4% 
[39;49m
[37m
[40m  
[0;1m
[35m
[40mTemp:
[33m
[40m 82 
[39;49m
[37m
[40m  
[0;1m
[35m
[40mVoltage:
[37m
[40m 770 mV 
[39;49m
[37m
[40m  
[0;1m
[35m
[40mClock:
[37m
[40m 1000 MHz
[8;5H
[0;1m
[35m
[40mCore :
[37m
[40m1 
[39;49m
[37m
[40m  
[0;1m
[35m
[40mUtil:
[37m
[40m  30.5% 
[39;49m
[37m
[40m  
[0;1m
[35m
[40mTemp:
[33m
[40m 83 
[39;49m
[37m
[40m  
[0;1m
[35m
[40mVoltage:
[37m
[40m 770 mV 
[39;49m
[37m
[40m  
[0;1m
[35m
[40mClock:
[37m
[40m 1000 MHz
[9;5H
[0;1m
[35m
[40mCore :
[37m
[40m2 
[39;49m
[37m
[40m  
[0;1m
[35m
[40mUtil:
[37m
[40m   5.5% 
[39;49m
[37m
[40m  
[0;1m
[35m
[40mTemp:
[33m
[40m 85 
[39;49m
[37m
[40m  
[0;1m
[35m
[40mVoltage:
[37m
[40m 770 mV 
[39;49m
[37m
[40m  
[0;1m
[35m
[40mClock:
[37m
[40m 1000 MHz
[10d
[39;49m
[37m
[40m-
[198b-
[50;1HTotal Devices: 1
[50;190HPage: 1 / 
[?7l1
[?7h
[39;49m
[37m
[40m
[2J[DX-TOP]  (q) Quit   (n) Next Page   (p) Prev Page   (h) Help
[2dSat Jul 11 06:28:30 2026
[3dDX-RT: v3.4.0     NPU Device driver: v2.5.1     DX-TOP: v1.1.0
[4d-
[198b-
[5;3H
[0;1m
[36m
[40mDevice :
[37m
[40m0
[18G
[0;1m
[36m
[40mVariant:
[37m
[40m    M1
[38G
[0;1m
[36m
[40mPCIe Bus Number:
[37m
[40m  01:00:00  
[39;49m
[37m
[40m  
[0;1m
[36m
[40mFirmware:
[37m
[40m  v2.7.1
[6;3H
[0;1m
[36m
[40mNPU Memory:
[39;49m
[37m
[40m  
[34m
[40m[|
[19X
[6;37H]
[39;49m
[37m
[40m 
[34m
[40m177.90 MiB / 1.92 GiB (9.04%) 
[7;5H
[0;1m
[35m
[40mCore :
[37m
[40m0 
[39;49m
[37m
[40m  
[0;1m
[35m
[40mUtil:
[37m
[40m  42.1% 
[39;49m
[37m
[40m  
[0;1m
[35m
[40mTemp:
[33m
[40m 83 
[39;49m
[37m
[40m  
[0;1m
[35m
[40mVoltage:
[37m
[40m 765 mV 
[39;49m
[37m
[40m  
[0;1m
[35m
[40mClock:
[37m
[40m 1000 MHz
[8;5H
[0;1m
[35m
[40mCore :
[37m
[40m1 
[39;49m
[37m
[40m  
[0;1m
[35m
[40mUtil:
[37m
[40m  36.7% 
[39;49m
[37m
[40m  
[0;1m
[35m
[40mTemp:
[33m
[40m 83 
[39;49m
[37m
[40m  
[0;1m
[35m
[40mVoltage:
[37m
[40m 765 mV 
[39;49m
[37m
[40m  
[0;1m
[35m
[40mClock:
[37m
[40m 1000 MHz
[9;5H
[0;1m
[35m
[40mCore :
[37m
[40m2 
[39;49m
[37m
[40m  
[0;1m
[35m
[40mUtil:
[37m
[40m   7.6% 
[39;49m
[37m
[40m  
[0;1m
[35m
[40mTemp:
[33m
[40m 84 
[39;49m
[37m
[40m  
[0;1m
[35m
[40mVoltage:
[37m
[40m 765 mV 
[39;49m
[37m
[40m  
[0;1m
[35m
[40mClock:
[37m
[40m 1000 MHz
[10d
[39;49m
[37m
[40m-
[198b-
[50;1HTotal Devices: 1
[50;190HPage: 1 / 
[?7l1
[?7h
[39;49m
[37m
[40m
[2J[DX-TOP]  (q) Quit   (n) Next Page   (p) Prev Page   (h) Help
[2dSat Jul 11 06:28:32 2026
[3dDX-RT: v3.4.0     NPU Device driver: v2.5.1     DX-TOP: v1.1.0
[4d-
[198b-
[5;3H
[0;1m
[36m
[40mDevice :
[37m
[40m0
[18G
[0;1m
[36m
[40mVariant:
[37m
[40m    M1
[38G
[0;1m
[36m
[40mPCIe Bus Number:
[37m
[40m  01:00:00  
[39;49m
[37m
[40m  
[0;1m
[36m
[40mFirmware:
[37m
[40m  v2.7.1
[6;3H
[0;1m
[36m
[40mNPU Memory:
[39;49m
[37m
[40m  
[34m
[40m[|
[19X
[6;37H]
[39;49m
[37m
[40m 
[34m
[40m177.90 MiB / 1.92 GiB (9.04%) 
[7;5H
[0;1m
[35m
[40mCore :
[37m
[40m0 
[39;49m
[37m
[40m  
[0;1m
[35m
[40mUtil:
[37m
[40m  47.9% 
[39;49m
[37m
[40m  
[0;1m
[35m
[40mTemp:
[33m
[40m 82 
[39;49m
[37m
[40m  
[0;1m
[35m
[40mVoltage:
[37m
[40m 770 mV 
[39;49m
[37m
[40m  
[0;1m
[35m
[40mClock:
[37m
[40m 1000 MHz
[8;5H
[0;1m
[35m
[40mCore :
[37m
[40m1 
[39;49m
[37m
[40m  
[0;1m
[35m
[40mUtil:
[37m
[40m  30.7% 
[39;49m
[37m
[40m  
[0;1m
[35m
[40mTemp:
[33m
[40m 84 
[39;49m
[37m
[40m  
[0;1m
[35m
[40mVoltage:
[37m
[40m 770 mV 
[39;49m
[37m
[40m  
[0;1m
[35m
[40mClock:
[37m
[40m 1000 MHz
[9;5H
[0;1m
[35m
[40mCore :
[37m
[40m2 
[39;49m
[37m
[40m  
[0;1m
[35m
[40mUtil:
[37m
[40m   7.8% 
[39;49m
[37m
[40m  
[0;1m
[35m
[40mTemp:
[33m
[40m 84 
[39;49m
[37m
[40m  
[0;1m
[35m
[40mVoltage:
[37m
[40m 770 mV 
[39;49m
[37m
[40m  
[0;1m
[35m
[40mClock:
[37m
[40m 1000 MHz
[10d
[39;49m
[37m
[40m-
[198b-
[50;1HTotal Devices: 1
[50;190HPage: 1 / 
[?7l1
[?7h
[39;49m
[37m
[40m
[2J[DX-TOP]  (q) Quit   (n) Next Page   (p) Prev Page   (h) Help
[2dSat Jul 11 06:28:34 2026
[3dDX-RT: v3.4.0     NPU Device driver: v2.5.1     DX-TOP: v1.1.0
[4d-
[198b-
[5;3H
[0;1m
[36m
[40mDevice :
[37m
[40m0
[18G
[0;1m
[36m
[40mVariant:
[37m
[40m    M1
[38G
[0;1m
[36m
[40mPCIe Bus Number:
[37m
[40m  01:00:00  
[39;49m
[37m
[40m  
[0;1m
[36m
[40mFirmware:
[37m
[40m  v2.7.1
[6;3H
[0;1m
[36m
[40mNPU Memory:
[39;49m
[37m
[40m  
[34m
[40m[|
[19X
[6;37H]
[39;49m
[37m
[40m 
[34m
[40m177.90 MiB / 1.92 GiB (9.04%) 
[7;5H
[0;1m
[35m
[40mCore :
[37m
[40m0 
[39;49m
[37m
[40m  
[0;1m
[35m
[40mUtil:
[37m
[40m  44.1% 
[39;49m
[37m
[40m  
[0;1m
[35m
[40mTemp:
[33m
[40m 82 
[39;49m
[37m
[40m  
[0;1m
[35m
[40mVoltage:
[37m
[40m 765 mV 
[39;49m
[37m
[40m  
[0;1m
[35m
[40mClock:
[37m
[40m 1000 MHz
[8;5H
[0;1m
[35m
[40mCore :
[37m
[40m1 
[39;49m
[37m
[40m  
[0;1m
[35m
[40mUtil:
[37m
[40m  33.5% 
[39;49m
[37m
[40m  
[0;1m
[35m
[40mTemp:
[33m
[40m 83 
[39;49m
[37m
[40m  
[0;1m
[35m
[40mVoltage:
[37m
[40m 765 mV 
[39;49m
[37m
[40m  
[0;1m
[35m
[40mClock:
[37m
[40m 1000 MHz
[9;5H
[0;1m
[35m
[40mCore :
[37m
[40m2 
[39;49m
[37m
[40m  
[0;1m
[35m
[40mUtil:
[37m
[40m   7.4% 
[39;49m
[37m
[40m  
[0;1m
[35m
[40mTemp:
[33m
[40m 84 
[39;49m
[37m
[40m  
[0;1m
[35m
[40mVoltage:
[37m
[40m 765 mV 
[39;49m
[37m
[40m  
[0;1m
[35m
[40mClock:
[37m
[40m 1000 MHz
[10d
[39;49m
[37m
[40m-
[198b-
[50;1HTotal Devices: 1
[50;190HPage: 1 / 
[?7l1
[?7h
[39;49m
[37m
[40m
[2J[DX-TOP]  (q) Quit   (n) Next Page   (p) Prev Page   (h) Help
[2dSat Jul 11 06:28:36 2026
[3dDX-RT: v3.4.0     NPU Device driver: v2.5.1     DX-TOP: v1.1.0
[4d-
[198b-
[5;3H
[0;1m
[36m
[40mDevice :
[37m
[40m0
[18G
[0;1m
[36m
[40mVariant:
[37m
[40m    M1
[38G
[0;1m
[36m
[40mPCIe Bus Number:
[37m
[40m  01:00:00  
[39;49m
[37m
[40m  
[0;1m
[36m
[40mFirmware:
[37m
[40m  v2.7.1
[6;3H
[0;1m
[36m
[40mNPU Memory:
[39;49m
[37m
[40m  
[34m
[40m[|
[19X
[6;37H]
[39;49m
[37m
[40m 
[34m
[40m177.90 MiB / 1.92 GiB (9.04%) 
[7;5H
[0;1m
[35m
[40mCore :
[37m
[40m0 
[39;49m
[37m
[40m  
[0;1m
[35m
[40mUtil:
[37m
[40m  56.5% 
[39;49m
[37m
[40m  
[0;1m
[35m
[40mTemp:
[33m
[40m 83 
[39;49m
[37m
[40m  
[0;1m
[35m
[40mVoltage:
[37m
[40m 770 mV 
[39;49m
[37m
[40m  
[0;1m
[35m
[40mClock:
[37m
[40m 1000 MHz
[8;5H
[0;1m
[35m
[40mCore :
[37m
[40m1 
[39;49m
[37m
[40m  
[0;1m
[35m
[40mUtil:
[37m
[40m  23.9% 
[39;49m
[37m
[40m  
[0;1m
[35m
[40mTemp:
[33m
[40m 83 
[39;49m
[37m
[40m  
[0;1m
[35m
[40mVoltage:
[37m
[40m 770 mV 
[39;49m
[37m
[40m  
[0;1m
[35m
[40mClock:
[37m
[40m 1000 MHz
[9;5H
[0;1m
[35m
[40mCore :
[37m
[40m2 
[39;49m
[37m
[40m  
[0;1m
[35m
[40mUtil:
[37m
[40m   5.3% 
[39;49m
[37m
[40m  
[0;1m
[35m
[40mTemp:
[33m
[40m 84 
[39;49m
[37m
[40m  
[0;1m
[35m
[40mVoltage:
[37m
[40m 770 mV 
[39;49m
[37m
[40m  
[0;1m
[35m
[40mClock:
[37m
[40m 1000 MHz
[10d
[39;49m
[37m
[40m-
[198b-
[50;1HTotal Devices: 1
[50;190HPage: 1 / 
[?7l1
[?7h
[39;49m
[37m
[40m
[2J[DX-TOP]  (q) Quit   (n) Next Page   (p) Prev Page   (h) Help
[2dSat Jul 11 06:28:38 2026
[3dDX-RT: v3.4.0     NPU Device driver: v2.5.1     DX-TOP: v1.1.0
[4d-
[198b-
[5;3H
[0;1m
[36m
[40mDevice :
[37m
[40m0
[18G
[0;1m
[36m
[40mVariant:
[37m
[40m    M1
[38G
[0;1m
[36m
[40mPCIe Bus Number:
[37m
[40m  01:00:00  
[39;49m
[37m
[40m  
[0;1m
[36m
[40mFirmware:
[37m
[40m  v2.7.1
[6;3H
[0;1m
[36m
[40mNPU Memory:
[39;49m
[37m
[40m  
[34m
[40m[|
[19X
[6;37H]
[39;49m
[37m
[40m 
[34m
[40m177.90 MiB / 1.92 GiB (9.04%) 
[7;5H
[0;1m
[35m
[40mCore :
[37m
[40m0 
[39;49m
[37m
[40m  
[0;1m
[35m
[40mUtil:
[37m
[40m  53.3% 
[39;49m
[37m
[40m  
[0;1m
[35m
[40mTemp:
[33m
[40m 82 
[39;49m
[37m
[40m  
[0;1m
[35m
[40mVoltage:
[37m
[40m 770 mV 
[39;49m
[37m
[40m  
[0;1m
[35m
[40mClock:
[37m
[40m 1000 MHz
[8;5H
[0;1m
[35m
[40mCore :
[37m
[40m1 
[39;49m
[37m
[40m  
[0;1m
[35m
[40mUtil:
[37m
[40m  26.3% 
[39;49m
[37m
[40m  
[0;1m
[35m
[40mTemp:
[33m
[40m 83 
[39;49m
[37m
[40m  
[0;1m
[35m
[40mVoltage:
[37m
[40m 770 mV 
[39;49m
[37m
[40m  
[0;1m
[35m
[40mClock:
[37m
[40m 1000 MHz
[9;5H
[0;1m
[35m
[40mCore :
[37m
[40m2 
[39;49m
[37m
[40m  
[0;1m
[35m
[40mUtil:
[37m
[40m   8.8% 
[39;49m
[37m
[40m  
[0;1m
[35m
[40mTemp:
[33m
[40m 83 
[39;49m
[37m
[40m  
[0;1m
[35m
[40mVoltage:
[37m
[40m 770 mV 
[39;49m
[37m
[40m  
[0;1m
[35m
[40mClock:
[37m
[40m 1000 MHz
[10d
[39;49m
[37m
[40m-
[198b-
[50;1HTotal Devices: 1
[50;190HPage: 1 / 
[?7l1
[?7h
[39;49m
[37m
[40m
[2J[DX-TOP]  (q) Quit   (n) Next Page   (p) Prev Page   (h) Help
[2dSat Jul 11 06:28:40 2026
[3dDX-RT: v3.4.0     NPU Device driver: v2.5.1     DX-TOP: v1.1.0
[4d-
[198b-
[5;3H
[0;1m
[36m
[40mDevice :
[37m
[40m0
[18G
[0;1m
[36m
[40mVariant:
[37m
[40m    M1
[38G
[0;1m
[36m
[40mPCIe Bus Number:
[37m
[40m  01:00:00  
[39;49m
[37m
[40m  
[0;1m
[36m
[40mFirmware:
[37m
[40m  v2.7.1
[6;3H
[0;1m
[36m
[40mNPU Memory:
[39;49m
[37m
[40m  
[34m
[40m[|
[19X
[6;37H]
[39;49m
[37m
[40m 
[34m
[40m177.90 MiB / 1.92 GiB (9.04%) 
[7;5H
[0;1m
[35m
[40mCore :
[37m
[40m0 
[39;49m
[37m
[40m  
[0;1m
[35m
[40mUtil:
[37m
[40m  47.2% 
[39;49m
[37m
[40m  
[0;1m
[35m
[40mTemp:
[33m
[40m 82 
[39;49m
[37m
[40m  
[0;1m
[35m
[40mVoltage:
[37m
[40m 760 mV 
[39;49m
[37m
[40m  
[0;1m
[35m
[40mClock:
[37m
[40m 1000 MHz
[8;5H
[0;1m
[35m
[40mCore :
[37m
[40m1 
[39;49m
[37m
[40m  
[0;1m
[35m
[40mUtil:
[37m
[40m  32.1% 
[39;49m
[37m
[40m  
[0;1m
[35m
[40mTemp:
[33m
[40m 83 
[39;49m
[37m
[40m  
[0;1m
[35m
[40mVoltage:
[37m
[40m 760 mV 
[39;49m
[37m
[40m  
[0;1m
[35m
[40mClock:
[37m
[40m 1000 MHz
[9;5H
[0;1m
[35m
[40mCore :
[37m
[40m2 
[39;49m
[37m
[40m  
[0;1m
[35m
[40mUtil:
[37m
[40m  12.3% 
[39;49m
[37m
[40m  
[0;1m
[35m
[40mTemp:
[33m
[40m 84 
[39;49m
[37m
[40m  
[0;1m
[35m
[40mVoltage:
[37m
[40m 760 mV 
[39;49m
[37m
[40m  
[0;1m
[35m
[40mClock:
[37m
[40m 1000 MHz
[10d
[39;49m
[37m
[40m-
[198b-
[50;1HTotal Devices: 1
[50;190HPage: 1 / 
[?7l1
[?7h
[39;49m
[37m
[40m
[2J[DX-TOP]  (q) Quit   (n) Next Page   (p) Prev Page   (h) Help
[2dSat Jul 11 06:28:42 2026
[3dDX-RT: v3.4.0     NPU Device driver: v2.5.1     DX-TOP: v1.1.0
[4d-
[198b-
[5;3H
[0;1m
[36m
[40mDevice :
[37m
[40m0
[18G
[0;1m
[36m
[40mVariant:
[37m
[40m    M1
[38G
[0;1m
[36m
[40mPCIe Bus Number:
[37m
[40m  01:00:00  
[39;49m
[37m
[40m  
[0;1m
[36m
[40mFirmware:
[37m
[40m  v2.7.1
[6;3H
[0;1m
[36m
[40mNPU Memory:
[39;49m
[37m
[40m  
[34m
[40m[|
[19X
[6;37H]
[39;49m
[37m
[40m 
[34m
[40m177.90 MiB / 1.92 GiB (9.04%) 
[7;5H
[0;1m
[35m
[40mCore :
[37m
[40m0 
[39;49m
[37m
[40m  
[0;1m
[35m
[40mUtil:
[37m
[40m  52.4% 
[39;49m
[37m
[40m  
[0;1m
[35m
[40mTemp:
[33m
[40m 83 
[39;49m
[37m
[40m  
[0;1m
[35m
[40mVoltage:
[37m
[40m 760 mV 
[39;49m
[37m
[40m  
[0;1m
[35m
[40mClock:
[37m
[40m 1000 MHz
[8;5H
[0;1m
[35m
[40mCore :
[37m
[40m1 
[39;49m
[37m
[40m  
[0;1m
[35m
[40mUtil:
[37m
[40m  26.6% 
[39;49m
[37m
[40m  
[0;1m
[35m
[40mTemp:
[33m
[40m 84 
[39;49m
[37m
[40m  
[0;1m
[35m
[40mVoltage:
[37m
[40m 760 mV 
[39;49m
[37m
[40m  
[0;1m
[35m
[40mClock:
[37m
[40m 1000 MHz
[9;5H
[0;1m
[35m
[40mCore :
[37m
[40m2 
[39;49m
[37m
[40m  
[0;1m
[35m
[40mUtil:
[37m
[40m   4.9% 
[39;49m
[37m
[40m  
[0;1m
[35m
[40mTemp:
[33m
[40m 85 
[39;49m
[37m
[40m  
[0;1m
[35m
[40mVoltage:
[37m
[40m 760 mV 
[39;49m
[37m
[40m  
[0;1m
[35m
[40mClock:
[37m
[40m 1000 MHz
[10d
[39;49m
[37m
[40m-
[198b-
[50;1HTotal Devices: 1
[50;190HPage: 1 / 
[?7l1
[?7h
[39;49m
[37m
[40m
[2J[DX-TOP]  (q) Quit   (n) Next Page   (p) Prev Page   (h) Help
[2dSat Jul 11 06:28:44 2026
[3dDX-RT: v3.4.0     NPU Device driver: v2.5.1     DX-TOP: v1.1.0
[4d-
[198b-
[5;3H
[0;1m
[36m
[40mDevice :
[37m
[40m0
[18G
[0;1m
[36m
[40mVariant:
[37m
[40m    M1
[38G
[0;1m
[36m
[40mPCIe Bus Number:
[37m
[40m  01:00:00  
[39;49m
[37m
[40m  
[0;1m
[36m
[40mFirmware:
[37m
[40m  v2.7.1
[6;3H
[0;1m
[36m
[40mNPU Memory:
[39;49m
[37m
[40m  
[34m
[40m[|
[19X
[6;37H]
[39;49m
[37m
[40m 
[34m
[40m177.90 MiB / 1.92 GiB (9.04%) 
[7;5H
[0;1m
[35m
[40mCore :
[37m
[40m0 
[39;49m
[37m
[40m  
[0;1m
[35m
[40mUtil:
[37m
[40m  51.1% 
[39;49m
[37m
[40m  
[0;1m
[35m
[40mTemp:
[33m
[40m 82 
[39;49m
[37m
[40m  
[0;1m
[35m
[40mVoltage:
[37m
[40m 765 mV 
[39;49m
[37m
[40m  
[0;1m
[35m
[40mClock:
[37m
[40m 1000 MHz
[8;5H
[0;1m
[35m
[40mCore :
[37m
[40m1 
[39;49m
[37m
[40m  
[0;1m
[35m
[40mUtil:
[37m
[40m  27.9% 
[39;49m
[37m
[40m  
[0;1m
[35m
[40mTemp:
[33m
[40m 84 
[39;49m
[37m
[40m  
[0;1m
[35m
[40mVoltage:
[37m
[40m 765 mV 
[39;49m
[37m
[40m  
[0;1m
[35m
[40mClock:
[37m
[40m 1000 MHz
[9;5H
[0;1m
[35m
[40mCore :
[37m
[40m2 
[39;49m
[37m
[40m  
[0;1m
[35m
[40mUtil:
[37m
[40m   4.5% 
[39;49m
[37m
[40m  
[0;1m
[35m
[40mTemp:
[33m
[40m 84 
[39;49m
[37m
[40m  
[0;1m
[35m
[40mVoltage:
[37m
[40m 765 mV 
[39;49m
[37m
[40m  
[0;1m
[35m
[40mClock:
[37m
[40m 1000 MHz
[10d
[39;49m
[37m
[40m-
[198b-
[50;1HTotal Devices: 1
[50;190HPage: 1 / 
[?7l1
[?7h
[39;49m
[37m
[40m
[2J[DX-TOP]  (q) Quit   (n) Next Page   (p) Prev Page   (h) Help
[2dSat Jul 11 06:28:46 2026
[3dDX-RT: v3.4.0     NPU Device driver: v2.5.1     DX-TOP: v1.1.0
[4d-
[198b-
[5;3H
[0;1m
[36m
[40mDevice :
[37m
[40m0
[18G
[0;1m
[36m
[40mVariant:
[37m
[40m    M1
[38G
[0;1m
[36m
[40mPCIe Bus Number:
[37m
[40m  01:00:00  
[39;49m
[37m
[40m  
[0;1m
[36m
[40mFirmware:
[37m
[40m  v2.7.1
[6;3H
[0;1m
[36m
[40mNPU Memory:
[39;49m
[37m
[40m  
[34m
[40m[|
[19X
[6;37H]
[39;49m
[37m
[40m 
[34m
[40m177.90 MiB / 1.92 GiB (9.04%) 
[7;5H
[0;1m
[35m
[40mCore :
[37m
[40m0 
[39;49m
[37m
[40m  
[0;1m
[35m
[40mUtil:
[37m
[40m  48.6% 
[39;49m
[37m
[40m  
[0;1m
[35m
[40mTemp:
[33m
[40m 83 
[39;49m
[37m
[40m  
[0;1m
[35m
[40mVoltage:
[37m
[40m 770 mV 
[39;49m
[37m
[40m  
[0;1m
[35m
[40mClock:
[37m
[40m 1000 MHz
[8;5H
[0;1m
[35m
[40mCore :
[37m
[40m1 
[39;49m
[37m
[40m  
[0;1m
[35m
[40mUtil:
[37m
[40m  27.8% 
[39;49m
[37m
[40m  
[0;1m
[35m
[40mTemp:
[33m
[40m 84 
[39;49m
[37m
[40m  
[0;1m
[35m
[40mVoltage:
[37m
[40m 770 mV 
[39;49m
[37m
[40m  
[0;1m
[35m
[40mClock:
[37m
[40m 1000 MHz
[9;5H
[0;1m
[35m
[40mCore :
[37m
[40m2 
[39;49m
[37m
[40m  
[0;1m
[35m
[40mUtil:
[37m
[40m  10.0% 
[39;49m
[37m
[40m  
[0;1m
[35m
[40mTemp:
[33m
[40m 84 
[39;49m
[37m
[40m  
[0;1m
[35m
[40mVoltage:
[37m
[40m 770 mV 
[39;49m
[37m
[40m  
[0;1m
[35m
[40mClock:
[37m
[40m 1000 MHz
[10d
[39;49m
[37m
[40m-
[198b-
[50;1HTotal Devices: 1
[50;190HPage: 1 / 
[?7l1
[?7h
[39;49m
[37m
[40m
[2J[DX-TOP]  (q) Quit   (n) Next Page   (p) Prev Page   (h) Help
[2dSat Jul 11 06:28:48 2026
[3dDX-RT: v3.4.0     NPU Device driver: v2.5.1     DX-TOP: v1.1.0
[4d-
[198b-
[5;3H
[0;1m
[36m
[40mDevice :
[37m
[40m0
[18G
[0;1m
[36m
[40mVariant:
[37m
[40m    M1
[38G
[0;1m
[36m
[40mPCIe Bus Number:
[37m
[40m  01:00:00  
[39;49m
[37m
[40m  
[0;1m
[36m
[40mFirmware:
[37m
[40m  v2.7.1
[6;3H
[0;1m
[36m
[40mNPU Memory:
[39;49m
[37m
[40m  
[34m
[40m[|
[19X
[6;37H]
[39;49m
[37m
[40m 
[34m
[40m177.90 MiB / 1.92 GiB (9.04%) 
[7;5H
[0;1m
[35m
[40mCore :
[37m
[40m0 
[39;49m
[37m
[40m  
[0;1m
[35m
[40mUtil:
[37m
[40m  52.8% 
[39;49m
[37m
[40m  
[0;1m
[35m
[40mTemp:
[33m
[40m 83 
[39;49m
[37m
[40m  
[0;1m
[35m
[40mVoltage:
[37m
[40m 770 mV 
[39;49m
[37m
[40m  
[0;1m
[35m
[40mClock:
[37m
[40m 1000 MHz
[8;5H
[0;1m
[35m
[40mCore :
[37m
[40m1 
[39;49m
[37m
[40m  
[0;1m
[35m
[40mUtil:
[37m
[40m  31.5% 
[39;49m
[37m
[40m  
[0;1m
[35m
[40mTemp:
[33m
[40m 84 
[39;49m
[37m
[40m  
[0;1m
[35m
[40mVoltage:
[37m
[40m 770 mV 
[39;49m
[37m
[40m  
[0;1m
[35m
[40mClock:
[37m
[40m 1000 MHz
[9;5H
[0;1m
[35m
[40mCore :
[37m
[40m2 
[39;49m
[37m
[40m  
[0;1m
[35m
[40mUtil:
[37m
[40m   2.2% 
[39;49m
[37m
[40m  
[0;1m
[35m
[40mTemp:
[33m
[40m 84 
[39;49m
[37m
[40m  
[0;1m
[35m
[40mVoltage:
[37m
[40m 770 mV 
[39;49m
[37m
[40m  
[0;1m
[35m
[40mClock:
[37m
[40m 1000 MHz
[10d
[39;49m
[37m
[40m-
[198b-
[50;1HTotal Devices: 1
[50;190HPage: 1 / 
[?7l1
[?7h
[39;49m
[37m
[40m
[2J[DX-TOP]  (q) Quit   (n) Next Page   (p) Prev Page   (h) Help
[2dSat Jul 11 06:28:50 2026
[3dDX-RT: v3.4.0     NPU Device driver: v2.5.1     DX-TOP: v1.1.0
[4d-
[198b-
[5;3H
[0;1m
[36m
[40mDevice :
[37m
[40m0
[18G
[0;1m
[36m
[40mVariant:
[37m
[40m    M1
[38G
[0;1m
[36m
[40mPCIe Bus Number:
[37m
[40m  01:00:00  
[39;49m
[37m
[40m  
[0;1m
[36m
[40mFirmware:
[37m
[40m  v2.7.1
[6;3H
[0;1m
[36m
[40mNPU Memory:
[39;49m
[37m
[40m  
[34m
[40m[|
[19X
[6;37H]
[39;49m
[37m
[40m 
[34m
[40m177.90 MiB / 1.92 GiB (9.04%) 
[7;5H
[0;1m
[35m
[40mCore :
[37m
[40m0 
[39;49m
[37m
[40m  
[0;1m
[35m
[40mUtil:
[37m
[40m  50.7% 
[39;49m
[37m
[40m  
[0;1m
[35m
[40mTemp:
[33m
[40m 83 
[39;49m
[37m
[40m  
[0;1m
[35m
[40mVoltage:
[37m
[40m 765 mV 
[39;49m
[37m
[40m  
[0;1m
[35m
[40mClock:
[37m
[40m 1000 MHz
[8;5H
[0;1m
[35m
[40mCore :
[37m
[40m1 
[39;49m
[37m
[40m  
[0;1m
[35m
[40mUtil:
[37m
[40m  35.0% 
[39;49m
[37m
[40m  
[0;1m
[35m
[40mTemp:
[33m
[40m 83 
[39;49m
[37m
[40m  
[0;1m
[35m
[40mVoltage:
[37m
[40m 765 mV 
[39;49m
[37m
[40m  
[0;1m
[35m
[40mClock:
[37m
[40m 1000 MHz
[9;5H
[0;1m
[35m
[40mCore :
[37m
[40m2 
[39;49m
[37m
[40m  
[0;1m
[35m
[40mUtil:
[37m
[40m   5.2% 
[39;49m
[37m
[40m  
[0;1m
[35m
[40mTemp:
[33m
[40m 84 
[39;49m
[37m
[40m  
[0;1m
[35m
[40mVoltage:
[37m
[40m 765 mV 
[39;49m
[37m
[40m  
[0;1m
[35m
[40mClock:
[37m
[40m 1000 MHz
[10d
[39;49m
[37m
[40m-
[198b-
[50;1HTotal Devices: 1
[50;190HPage: 1 / 
[?7l1
[?7h
[39;49m
[37m
[40m
[2J[DX-TOP]  (q) Quit   (n) Next Page   (p) Prev Page   (h) Help
[2dSat Jul 11 06:28:52 2026
[3dDX-RT: v3.4.0     NPU Device driver: v2.5.1     DX-TOP: v1.1.0
[4d-
[198b-
[5;3H
[0;1m
[36m
[40mDevice :
[37m
[40m0
[18G
[0;1m
[36m
[40mVariant:
[37m
[40m    M1
[38G
[0;1m
[36m
[40mPCIe Bus Number:
[37m
[40m  01:00:00  
[39;49m
[37m
[40m  
[0;1m
[36m
[40mFirmware:
[37m
[40m  v2.7.1
[6;3H
[0;1m
[36m
[40mNPU Memory:
[39;49m
[37m
[40m  
[34m
[40m[|
[19X
[6;37H]
[39;49m
[37m
[40m 
[34m
[40m177.90 MiB / 1.92 GiB (9.04%) 
[7;5H
[0;1m
[35m
[40mCore :
[37m
[40m0 
[39;49m
[37m
[40m  
[0;1m
[35m
[40mUtil:
[37m
[40m  46.4% 
[39;49m
[37m
[40m  
[0;1m
[35m
[40mTemp:
[33m
[40m 83 
[39;49m
[37m
[40m  
[0;1m
[35m
[40mVoltage:
[37m
[40m 775 mV 
[39;49m
[37m
[40m  
[0;1m
[35m
[40mClock:
[37m
[40m 1000 MHz
[8;5H
[0;1m
[35m
[40mCore :
[37m
[40m1 
[39;49m
[37m
[40m  
[0;1m
[35m
[40mUtil:
[37m
[40m  27.4% 
[39;49m
[37m
[40m  
[0;1m
[35m
[40mTemp:
[33m
[40m 83 
[39;49m
[37m
[40m  
[0;1m
[35m
[40mVoltage:
[37m
[40m 775 mV 
[39;49m
[37m
[40m  
[0;1m
[35m
[40mClock:
[37m
[40m 1000 MHz
[9;5H
[0;1m
[35m
[40mCore :
[37m
[40m2 
[39;49m
[37m
[40m  
[0;1m
[35m
[40mUtil:
[37m
[40m   9.5% 
[39;49m
[37m
[40m  
[0;1m
[35m
[40mTemp:
[33m
[40m 84 
[39;49m
[37m
[40m  
[0;1m
[35m
[40mVoltage:
[37m
[40m 775 mV 
[39;49m
[37m
[40m  
[0;1m
[35m
[40mClock:
[37m
[40m 1000 MHz
[10d
[39;49m
[37m
[40m-
[198b-
[50;1HTotal Devices: 1
[50;190HPage: 1 / 
[?7l1
[?7h
[39;49m
[37m
[40m
[2J[DX-TOP]  (q) Quit   (n) Next Page   (p) Prev Page   (h) Help
[2dSat Jul 11 06:28:54 2026
[3dDX-RT: v3.4.0     NPU Device driver: v2.5.1     DX-TOP: v1.1.0
[4d-
[198b-
[5;3H
[0;1m
[36m
[40mDevice :
[37m
[40m0
[18G
[0;1m
[36m
[40mVariant:
[37m
[40m    M1
[38G
[0;1m
[36m
[40mPCIe Bus Number:
[37m
[40m  01:00:00  
[39;49m
[37m
[40m  
[0;1m
[36m
[40mFirmware:
[37m
[40m  v2.7.1
[6;3H
[0;1m
[36m
[40mNPU Memory:
[39;49m
[37m
[40m  
[34m
[40m[|
[19X
[6;37H]
[39;49m
[37m
[40m 
[34m
[40m177.90 MiB / 1.92 GiB (9.04%) 
[7;5H
[0;1m
[35m
[40mCore :
[37m
[40m0 
[39;49m
[37m
[40m  
[0;1m
[35m
[40mUtil:
[37m
[40m  52.9% 
[39;49m
[37m
[40m  
[0;1m
[35m
[40mTemp:
[33m
[40m 83 
[39;49m
[37m
[40m  
[0;1m
[35m
[40mVoltage:
[37m
[40m 770 mV 
[39;49m
[37m
[40m  
[0;1m
[35m
[40mClock:
[37m
[40m 1000 MHz
[8;5H
[0;1m
[35m
[40mCore :
[37m
[40m1 
[39;49m
[37m
[40m  
[0;1m
[35m
[40mUtil:
[37m
[40m  33.5% 
[39;49m
[37m
[40m  
[0;1m
[35m
[40mTemp:
[33m
[40m 83 
[39;49m
[37m
[40m  
[0;1m
[35m
[40mVoltage:
[37m
[40m 770 mV 
[39;49m
[37m
[40m  
[0;1m
[35m
[40mClock:
[37m
[40m 1000 MHz
[9;5H
[0;1m
[35m
[40mCore :
[37m
[40m2 
[39;49m
[37m
[40m  
[0;1m
[35m
[40mUtil:
[37m
[40m   0.0% 
[39;49m
[37m
[40m  
[0;1m
[35m
[40mTemp:
[33m
[40m 84 
[39;49m
[37m
[40m  
[0;1m
[35m
[40mVoltage:
[37m
[40m 770 mV 
[39;49m
[37m
[40m  
[0;1m
[35m
[40mClock:
[37m
[40m 1000 MHz
[10d
[39;49m
[37m
[40m-
[198b-
[50;1HTotal Devices: 1
[50;190HPage: 1 / 
[?7l1
[?7h
[39;49m
[37m
[40m
[2J[DX-TOP]  (q) Quit   (n) Next Page   (p) Prev Page   (h) Help
[2dSat Jul 11 06:28:56 2026
[3dDX-RT: v3.4.0     NPU Device driver: v2.5.1     DX-TOP: v1.1.0
[4d-
[198b-
[5;3H
[0;1m
[36m
[40mDevice :
[37m
[40m0
[18G
[0;1m
[36m
[40mVariant:
[37m
[40m    M1
[38G
[0;1m
[36m
[40mPCIe Bus Number:
[37m
[40m  01:00:00  
[39;49m
[37m
[40m  
[0;1m
[36m
[40mFirmware:
[37m
[40m  v2.7.1
[6;3H
[0;1m
[36m
[40mNPU Memory:
[39;49m
[37m
[40m  
[34m
[40m[|
[19X
[6;37H]
[39;49m
[37m
[40m 
[34m
[40m177.90 MiB / 1.92 GiB (9.04%) 
[7;5H
[0;1m
[35m
[40mCore :
[37m
[40m0 
[39;49m
[37m
[40m  
[0;1m
[35m
[40mUtil:
[37m
[40m  53.0% 
[39;49m
[37m
[40m  
[0;1m
[35m
[40mTemp:
[33m
[40m 82 
[39;49m
[37m
[40m  
[0;1m
[35m
[40mVoltage:
[37m
[40m 770 mV 
[39;49m
[37m
[40m  
[0;1m
[35m
[40mClock:
[37m
[40m 1000 MHz
[8;5H
[0;1m
[35m
[40mCore :
[37m
[40m1 
[39;49m
[37m
[40m  
[0;1m
[35m
[40mUtil:
[37m
[40m  29.5% 
[39;49m
[37m
[40m  
[0;1m
[35m
[40mTemp:
[33m
[40m 83 
[39;49m
[37m
[40m  
[0;1m
[35m
[40mVoltage:
[37m
[40m 770 mV 
[39;49m
[37m
[40m  
[0;1m
[35m
[40mClock:
[37m
[40m 1000 MHz
[9;5H
[0;1m
[35m
[40mCore :
[37m
[40m2 
[39;49m
[37m
[40m  
[0;1m
[35m
[40mUtil:
[37m
[40m   7.6% 
[39;49m
[37m
[40m  
[0;1m
[35m
[40mTemp:
[33m
[40m 85 
[39;49m
[37m
[40m  
[0;1m
[35m
[40mVoltage:
[37m
[40m 770 mV 
[39;49m
[37m
[40m  
[0;1m
[35m
[40mClock:
[37m
[40m 1000 MHz
[10d
[39;49m
[37m
[40m-
[198b-
[50;1HTotal Devices: 1
[50;190HPage: 1 / 
[?7l1
[?7h
[39;49m
[37m
[40m
[2J[DX-TOP]  (q) Quit   (n) Next Page   (p) Prev Page   (h) Help
[2dSat Jul 11 06:28:58 2026
[3dDX-RT: v3.4.0     NPU Device driver: v2.5.1     DX-TOP: v1.1.0
[4d-
[198b-
[5;3H
[0;1m
[36m
[40mDevice :
[37m
[40m0
[18G
[0;1m
[36m
[40mVariant:
[37m
[40m    M1
[38G
[0;1m
[36m
[40mPCIe Bus Number:
[37m
[40m  01:00:00  
[39;49m
[37m
[40m  
[0;1m
[36m
[40mFirmware:
[37m
[40m  v2.7.1
[6;3H
[0;1m
[36m
[40mNPU Memory:
[39;49m
[37m
[40m  
[34m
[40m[|
[19X
[6;37H]
[39;49m
[37m
[40m 
[34m
[40m177.90 MiB / 1.92 GiB (9.04%) 
[7;5H
[0;1m
[35m
[40mCore :
[37m
[40m0 
[39;49m
[37m
[40m  
[0;1m
[35m
[40mUtil:
[37m
[40m  43.0% 
[39;49m
[37m
[40m  
[0;1m
[35m
[40mTemp:
[33m
[40m 83 
[39;49m
[37m
[40m  
[0;1m
[35m
[40mVoltage:
[37m
[40m 770 mV 
[39;49m
[37m
[40m  
[0;1m
[35m
[40mClock:
[37m
[40m 1000 MHz
[8;5H
[0;1m
[35m
[40mCore :
[37m
[40m1 
[39;49m
[37m
[40m  
[0;1m
[35m
[40mUtil:
[37m
[40m  33.4% 
[39;49m
[37m
[40m  
[0;1m
[35m
[40mTemp:
[33m
[40m 85 
[39;49m
[37m
[40m  
[0;1m
[35m
[40mVoltage:
[37m
[40m 770 mV 
[39;49m
[37m
[40m  
[0;1m
[35m
[40mClock:
[37m
[40m 1000 MHz
[9;5H
[0;1m
[35m
[40mCore :
[37m
[40m2 
[39;49m
[37m
[40m  
[0;1m
[35m
[40mUtil:
[37m
[40m  12.2% 
[39;49m
[37m
[40m  
[0;1m
[35m
[40mTemp:
[33m
[40m 84 
[39;49m
[37m
[40m  
[0;1m
[35m
[40mVoltage:
[37m
[40m 770 mV 
[39;49m
[37m
[40m  
[0;1m
[35m
[40mClock:
[37m
[40m 1000 MHz
[10d
[39;49m
[37m
[40m-
[198b-
[50;1HTotal Devices: 1
[50;190HPage: 1 / 
[?7l1
[?7h
[39;49m
[37m
[40m
[2J[DX-TOP]  (q) Quit   (n) Next Page   (p) Prev Page   (h) Help
[2dSat Jul 11 06:29:00 2026
[3dDX-RT: v3.4.0     NPU Device driver: v2.5.1     DX-TOP: v1.1.0
[4d-
[198b-
[5;3H
[0;1m
[36m
[40mDevice :
[37m
[40m0
[18G
[0;1m
[36m
[40mVariant:
[37m
[40m    M1
[38G
[0;1m
[36m
[40mPCIe Bus Number:
[37m
[40m  01:00:00  
[39;49m
[37m
[40m  
[0;1m
[36m
[40mFirmware:
[37m
[40m  v2.7.1
[6;3H
[0;1m
[36m
[40mNPU Memory:
[39;49m
[37m
[40m  
[34m
[40m[|
[19X
[6;37H]
[39;49m
[37m
[40m 
[34m
[40m177.90 MiB / 1.92 GiB (9.04%) 
[7;5H
[0;1m
[35m
[40mCore :
[37m
[40m0 
[39;49m
[37m
[40m  
[0;1m
[35m
[40mUtil:
[37m
[40m  49.9% 
[39;49m
[37m
[40m  
[0;1m
[35m
[40mTemp:
[33m
[40m 83 
[39;49m
[37m
[40m  
[0;1m
[35m
[40mVoltage:
[37m
[40m 770 mV 
[39;49m
[37m
[40m  
[0;1m
[35m
[40mClock:
[37m
[40m 1000 MHz
[8;5H
[0;1m
[35m
[40mCore :
[37m
[40m1 
[39;49m
[37m
[40m  
[0;1m
[35m
[40mUtil:
[37m
[40m  26.9% 
[39;49m
[37m
[40m  
[0;1m
[35m
[40mTemp:
[33m
[40m 83 
[39;49m
[37m
[40m  
[0;1m
[35m
[40mVoltage:
[37m
[40m 770 mV 
[39;49m
[37m
[40m  
[0;1m
[35m
[40mClock:
[37m
[40m 1000 MHz
[9;5H
[0;1m
[35m
[40mCore :
[37m
[40m2 
[39;49m
[37m
[40m  
[0;1m
[35m
[40mUtil:
[37m
[40m   7.0% 
[39;49m
[37m
[40m  
[0;1m
[35m
[40mTemp:
[33m
[40m 84 
[39;49m
[37m
[40m  
[0;1m
[35m
[40mVoltage:
[37m
[40m 770 mV 
[39;49m
[37m
[40m  
[0;1m
[35m
[40mClock:
[37m
[40m 1000 MHz
[10d
[39;49m
[37m
[40m-
[198b-
[50;1HTotal Devices: 1
[50;190HPage: 1 / 
[?7l1
[?7h
[39;49m
[37m
[40m
[2J[DX-TOP]  (q) Quit   (n) Next Page   (p) Prev Page   (h) Help
[2dSat Jul 11 06:29:02 2026
[3dDX-RT: v3.4.0     NPU Device driver: v2.5.1     DX-TOP: v1.1.0
[4d-
[198b-
[5;3H
[0;1m
[36m
[40mDevice :
[37m
[40m0
[18G
[0;1m
[36m
[40mVariant:
[37m
[40m    M1
[38G
[0;1m
[36m
[40mPCIe Bus Number:
[37m
[40m  01:00:00  
[39;49m
[37m
[40m  
[0;1m
[36m
[40mFirmware:
[37m
[40m  v2.7.1
[6;3H
[0;1m
[36m
[40mNPU Memory:
[39;49m
[37m
[40m  
[34m
[40m[|
[19X
[6;37H]
[39;49m
[37m
[40m 
[34m
[40m177.90 MiB / 1.92 GiB (9.04%) 
[7;5H
[0;1m
[35m
[40mCore :
[37m
[40m0 
[39;49m
[37m
[40m  
[0;1m
[35m
[40mUtil:
[37m
[40m  46.8% 
[39;49m
[37m
[40m  
[0;1m
[35m
[40mTemp:
[33m
[40m 83 
[39;49m
[37m
[40m  
[0;1m
[35m
[40mVoltage:
[37m
[40m 775 mV 
[39;49m
[37m
[40m  
[0;1m
[35m
[40mClock:
[37m
[40m 1000 MHz
[8;5H
[0;1m
[35m
[40mCore :
[37m
[40m1 
[39;49m
[37m
[40m  
[0;1m
[35m
[40mUtil:
[37m
[40m  35.8% 
[39;49m
[37m
[40m  
[0;1m
[35m
[40mTemp:
[33m
[40m 84 
[39;49m
[37m
[40m  
[0;1m
[35m
[40mVoltage:
[37m
[40m 775 mV 
[39;49m
[37m
[40m  
[0;1m
[35m
[40mClock:
[37m
[40m 1000 MHz
[9;5H
[0;1m
[35m
[40mCore :
[37m
[40m2 
[39;49m
[37m
[40m  
[0;1m
[35m
[40mUtil:
[37m
[40m   7.1% 
[39;49m
[37m
[40m  
[0;1m
[35m
[40mTemp:
[33m
[40m 85 
[39;49m
[37m
[40m  
[0;1m
[35m
[40mVoltage:
[37m
[40m 775 mV 
[39;49m
[37m
[40m  
[0;1m
[35m
[40mClock:
[37m
[40m 1000 MHz
[10d
[39;49m
[37m
[40m-
[198b-
[50;1HTotal Devices: 1
[50;190HPage: 1 / 
[?7l1
[?7h
[39;49m
[37m
[40m
[2J[DX-TOP]  (q) Quit   (n) Next Page   (p) Prev Page   (h) Help
[2dSat Jul 11 06:29:04 2026
[3dDX-RT: v3.4.0     NPU Device driver: v2.5.1     DX-TOP: v1.1.0
[4d-
[198b-
[5;3H
[0;1m
[36m
[40mDevice :
[37m
[40m0
[18G
[0;1m
[36m
[40mVariant:
[37m
[40m    M1
[38G
[0;1m
[36m
[40mPCIe Bus Number:
[37m
[40m  01:00:00  
[39;49m
[37m
[40m  
[0;1m
[36m
[40mFirmware:
[37m
[40m  v2.7.1
[6;3H
[0;1m
[36m
[40mNPU Memory:
[39;49m
[37m
[40m  
[34m
[40m[|
[19X
[6;37H]
[39;49m
[37m
[40m 
[34m
[40m177.90 MiB / 1.92 GiB (9.04%) 
[7;5H
[0;1m
[35m
[40mCore :
[37m
[40m0 
[39;49m
[37m
[40m  
[0;1m
[35m
[40mUtil:
[37m
[40m  45.7% 
[39;49m
[37m
[40m  
[0;1m
[35m
[40mTemp:
[33m
[40m 83 
[39;49m
[37m
[40m  
[0;1m
[35m
[40mVoltage:
[37m
[40m 765 mV 
[39;49m
[37m
[40m  
[0;1m
[35m
[40mClock:
[37m
[40m 1000 MHz
[8;5H
[0;1m
[35m
[40mCore :
[37m
[40m1 
[39;49m
[37m
[40m  
[0;1m
[35m
[40mUtil:
[37m
[40m  32.6% 
[39;49m
[37m
[40m  
[0;1m
[35m
[40mTemp:
[33m
[40m 83 
[39;49m
[37m
[40m  
[0;1m
[35m
[40mVoltage:
[37m
[40m 765 mV 
[39;49m
[37m
[40m  
[0;1m
[35m
[40mClock:
[37m
[40m 1000 MHz
[9;5H
[0;1m
[35m
[40mCore :
[37m
[40m2 
[39;49m
[37m
[40m  
[0;1m
[35m
[40mUtil:
[37m
[40m  10.4% 
[39;49m
[37m
[40m  
[0;1m
[35m
[40mTemp:
[33m
[40m 85 
[39;49m
[37m
[40m  
[0;1m
[35m
[40mVoltage:
[37m
[40m 765 mV 
[39;49m
[37m
[40m  
[0;1m
[35m
[40mClock:
[37m
[40m 1000 MHz
[10d
[39;49m
[37m
[40m-
[198b-
[50;1HTotal Devices: 1
[50;190HPage: 1 / 
[?7l1
[?7h
[39;49m
[37m
[40m
[2J[DX-TOP]  (q) Quit   (n) Next Page   (p) Prev Page   (h) Help
[2dSat Jul 11 06:29:06 2026
[3dDX-RT: v3.4.0     NPU Device driver: v2.5.1     DX-TOP: v1.1.0
[4d-
[198b-
[5;3H
[0;1m
[36m
[40mDevice :
[37m
[40m0
[18G
[0;1m
[36m
[40mVariant:
[37m
[40m    M1
[38G
[0;1m
[36m
[40mPCIe Bus Number:
[37m
[40m  01:00:00  
[39;49m
[37m
[40m  
[0;1m
[36m
[40mFirmware:
[37m
[40m  v2.7.1
[6;3H
[0;1m
[36m
[40mNPU Memory:
[39;49m
[37m
[40m  
[34m
[40m[|
[19X
[6;37H]
[39;49m
[37m
[40m 
[34m
[40m177.90 MiB / 1.92 GiB (9.04%) 
[7;5H
[0;1m
[35m
[40mCore :
[37m
[40m0 
[39;49m
[37m
[40m  
[0;1m
[35m
[40mUtil:
[37m
[40m  43.7% 
[39;49m
[37m
[40m  
[0;1m
[35m
[40mTemp:
[33m
[40m 83 
[39;49m
[37m
[40m  
[0;1m
[35m
[40mVoltage:
[37m
[40m 765 mV 
[39;49m
[37m
[40m  
[0;1m
[35m
[40mClock:
[37m
[40m 1000 MHz
[8;5H
[0;1m
[35m
[40mCore :
[37m
[40m1 
[39;49m
[37m
[40m  
[0;1m
[35m
[40mUtil:
[37m
[40m  31.1% 
[39;49m
[37m
[40m  
[0;1m
[35m
[40mTemp:
[33m
[40m 83 
[39;49m
[37m
[40m  
[0;1m
[35m
[40mVoltage:
[37m
[40m 765 mV 
[39;49m
[37m
[40m  
[0;1m
[35m
[40mClock:
[37m
[40m 1000 MHz
[9;5H
[0;1m
[35m
[40mCore :
[37m
[40m2 
[39;49m
[37m
[40m  
[0;1m
[35m
[40mUtil:
[37m
[40m  12.6% 
[39;49m
[37m
[40m  
[0;1m
[35m
[40mTemp:
[33m
[40m 84 
[39;49m
[37m
[40m  
[0;1m
[35m
[40mVoltage:
[37m
[40m 765 mV 
[39;49m
[37m
[40m  
[0;1m
[35m
[40mClock:
[37m
[40m 1000 MHz
[10d
[39;49m
[37m
[40m-
[198b-
[50;1HTotal Devices: 1
[50;190HPage: 1 / 
[?7l1
[?7h
[39;49m
[37m
[40m
[2J[DX-TOP]  (q) Quit   (n) Next Page   (p) Prev Page   (h) Help
[2dSat Jul 11 06:29:08 2026
[3dDX-RT: v3.4.0     NPU Device driver: v2.5.1     DX-TOP: v1.1.0
[4d-
[198b-
[5;3H
[0;1m
[36m
[40mDevice :
[37m
[40m0
[18G
[0;1m
[36m
[40mVariant:
[37m
[40m    M1
[38G
[0;1m
[36m
[40mPCIe Bus Number:
[37m
[40m  01:00:00  
[39;49m
[37m
[40m  
[0;1m
[36m
[40mFirmware:
[37m
[40m  v2.7.1
[6;3H
[0;1m
[36m
[40mNPU Memory:
[39;49m
[37m
[40m  
[34m
[40m[|
[19X
[6;37H]
[39;49m
[37m
[40m 
[34m
[40m177.90 MiB / 1.92 GiB (9.04%) 
[7;5H
[0;1m
[35m
[40mCore :
[37m
[40m0 
[39;49m
[37m
[40m  
[0;1m
[35m
[40mUtil:
[37m
[40m  50.0% 
[39;49m
[37m
[40m  
[0;1m
[35m
[40mTemp:
[33m
[40m 83 
[39;49m
[37m
[40m  
[0;1m
[35m
[40mVoltage:
[37m
[40m 770 mV 
[39;49m
[37m
[40m  
[0;1m
[35m
[40mClock:
[37m
[40m 1000 MHz
[8;5H
[0;1m
[35m
[40mCore :
[37m
[40m1 
[39;49m
[37m
[40m  
[0;1m
[35m
[40mUtil:
[37m
[40m  28.5% 
[39;49m
[37m
[40m  
[0;1m
[35m
[40mTemp:
[33m
[40m 84 
[39;49m
[37m
[40m  
[0;1m
[35m
[40mVoltage:
[37m
[40m 770 mV 
[39;49m
[37m
[40m  
[0;1m
[35m
[40mClock:
[37m
[40m 1000 MHz
[9;5H
[0;1m
[35m
[40mCore :
[37m
[40m2 
[39;49m
[37m
[40m  
[0;1m
[35m
[40mUtil:
[37m
[40m   7.4% 
[39;49m
[37m
[40m  
[0;1m
[35m
[40mTemp:
[33m
[40m 84 
[39;49m
[37m
[40m  
[0;1m
[35m
[40mVoltage:
[37m
[40m 770 mV 
[39;49m
[37m
[40m  
[0;1m
[35m
[40mClock:
[37m
[40m 1000 MHz
[10d
[39;49m
[37m
[40m-
[198b-
[50;1HTotal Devices: 1
[50;190HPage: 1 / 
[?7l1
[?7h
[39;49m
[37m
[40m
[2J[DX-TOP]  (q) Quit   (n) Next Page   (p) Prev Page   (h) Help
[2dSat Jul 11 06:29:10 2026
[3dDX-RT: v3.4.0     NPU Device driver: v2.5.1     DX-TOP: v1.1.0
[4d-
[198b-
[5;3H
[0;1m
[36m
[40mDevice :
[37m
[40m0
[18G
[0;1m
[36m
[40mVariant:
[37m
[40m    M1
[38G
[0;1m
[36m
[40mPCIe Bus Number:
[37m
[40m  01:00:00  
[39;49m
[37m
[40m  
[0;1m
[36m
[40mFirmware:
[37m
[40m  v2.7.1
[6;3H
[0;1m
[36m
[40mNPU Memory:
[39;49m
[37m
[40m  
[34m
[40m[|
[19X
[6;37H]
[39;49m
[37m
[40m 
[34m
[40m177.90 MiB / 1.92 GiB (9.04%) 
[7;5H
[0;1m
[35m
[40mCore :
[37m
[40m0 
[39;49m
[37m
[40m  
[0;1m
[35m
[40mUtil:
[37m
[40m  56.7% 
[39;49m
[37m
[40m  
[0;1m
[35m
[40mTemp:
[33m
[40m 83 
[39;49m
[37m
[40m  
[0;1m
[35m
[40mVoltage:
[37m
[40m 765 mV 
[39;49m
[37m
[40m  
[0;1m
[35m
[40mClock:
[37m
[40m 1000 MHz
[8;5H
[0;1m
[35m
[40mCore :
[37m
[40m1 
[39;49m
[37m
[40m  
[0;1m
[35m
[40mUtil:
[37m
[40m  20.9% 
[39;49m
[37m
[40m  
[0;1m
[35m
[40mTemp:
[33m
[40m 84 
[39;49m
[37m
[40m  
[0;1m
[35m
[40mVoltage:
[37m
[40m 765 mV 
[39;49m
[37m
[40m  
[0;1m
[35m
[40mClock:
[37m
[40m 1000 MHz
[9;5H
[0;1m
[35m
[40mCore :
[37m
[40m2 
[39;49m
[37m
[40m  
[0;1m
[35m
[40mUtil:
[37m
[40m   7.1% 
[39;49m
[37m
[40m  
[0;1m
[35m
[40mTemp:
[33m
[40m 84 
[39;49m
[37m
[40m  
[0;1m
[35m
[40mVoltage:
[37m
[40m 765 mV 
[39;49m
[37m
[40m  
[0;1m
[35m
[40mClock:
[37m
[40m 1000 MHz
[10d
[39;49m
[37m
[40m-
[198b-
[50;1HTotal Devices: 1
[50;190HPage: 1 / 
[?7l1
[?7h
[39;49m
[37m
[40m
[2J[DX-TOP]  (q) Quit   (n) Next Page   (p) Prev Page   (h) Help
[2dSat Jul 11 06:29:12 2026
[3dDX-RT: v3.4.0     NPU Device driver: v2.5.1     DX-TOP: v1.1.0
[4d-
[198b-
[5;3H
[0;1m
[36m
[40mDevice :
[37m
[40m0
[18G
[0;1m
[36m
[40mVariant:
[37m
[40m    M1
[38G
[0;1m
[36m
[40mPCIe Bus Number:
[37m
[40m  01:00:00  
[39;49m
[37m
[40m  
[0;1m
[36m
[40mFirmware:
[37m
[40m  v2.7.1
[6;3H
[0;1m
[36m
[40mNPU Memory:
[39;49m
[37m
[40m  
[34m
[40m[|
[19X
[6;37H]
[39;49m
[37m
[40m 
[34m
[40m177.90 MiB / 1.92 GiB (9.04%) 
[7;5H
[0;1m
[35m
[40mCore :
[37m
[40m0 
[39;49m
[37m
[40m  
[0;1m
[35m
[40mUtil:
[37m
[40m  47.1% 
[39;49m
[37m
[40m  
[0;1m
[35m
[40mTemp:
[33m
[40m 83 
[39;49m
[37m
[40m  
[0;1m
[35m
[40mVoltage:
[37m
[40m 770 mV 
[39;49m
[37m
[40m  
[0;1m
[35m
[40mClock:
[37m
[40m 1000 MHz
[8;5H
[0;1m
[35m
[40mCore :
[37m
[40m1 
[39;49m
[37m
[40m  
[0;1m
[35m
[40mUtil:
[37m
[40m  29.7% 
[39;49m
[37m
[40m  
[0;1m
[35m
[40mTemp:
[33m
[40m 84 
[39;49m
[37m
[40m  
[0;1m
[35m
[40mVoltage:
[37m
[40m 770 mV 
[39;49m
[37m
[40m  
[0;1m
[35m
[40mClock:
[37m
[40m 1000 MHz
[9;5H
[0;1m
[35m
[40mCore :
[37m
[40m2 
[39;49m
[37m
[40m  
[0;1m
[35m
[40mUtil:
[37m
[40m   9.7% 
[39;49m
[37m
[40m  
[0;1m
[35m
[40mTemp:
[33m
[40m 84 
[39;49m
[37m
[40m  
[0;1m
[35m
[40mVoltage:
[37m
[40m 770 mV 
[39;49m
[37m
[40m  
[0;1m
[35m
[40mClock:
[37m
[40m 1000 MHz
[10d
[39;49m
[37m
[40m-
[198b-
[50;1HTotal Devices: 1
[50;190HPage: 1 / 
[?7l1
[?7h
[39;49m
[37m
[40m
[2J[DX-TOP]  (q) Quit   (n) Next Page   (p) Prev Page   (h) Help
[2dSat Jul 11 06:29:14 2026
[3dDX-RT: v3.4.0     NPU Device driver: v2.5.1     DX-TOP: v1.1.0
[4d-
[198b-
[5;3H
[0;1m
[36m
[40mDevice :
[37m
[40m0
[18G
[0;1m
[36m
[40mVariant:
[37m
[40m    M1
[38G
[0;1m
[36m
[40mPCIe Bus Number:
[37m
[40m  01:00:00  
[39;49m
[37m
[40m  
[0;1m
[36m
[40mFirmware:
[37m
[40m  v2.7.1
[6;3H
[0;1m
[36m
[40mNPU Memory:
[39;49m
[37m
[40m  
[34m
[40m[|
[19X
[6;37H]
[39;49m
[37m
[40m 
[34m
[40m177.90 MiB / 1.92 GiB (9.04%) 
[7;5H
[0;1m
[35m
[40mCore :
[37m
[40m0 
[39;49m
[37m
[40m  
[0;1m
[35m
[40mUtil:
[37m
[40m  49.6% 
[39;49m
[37m
[40m  
[0;1m
[35m
[40mTemp:
[33m
[40m 83 
[39;49m
[37m
[40m  
[0;1m
[35m
[40mVoltage:
[37m
[40m 770 mV 
[39;49m
[37m
[40m  
[0;1m
[35m
[40mClock:
[37m
[40m 1000 MHz
[8;5H
[0;1m
[35m
[40mCore :
[37m
[40m1 
[39;49m
[37m
[40m  
[0;1m
[35m
[40mUtil:
[37m
[40m  28.9% 
[39;49m
[37m
[40m  
[0;1m
[35m
[40mTemp:
[33m
[40m 85 
[39;49m
[37m
[40m  
[0;1m
[35m
[40mVoltage:
[37m
[40m 770 mV 
[39;49m
[37m
[40m  
[0;1m
[35m
[40mClock:
[37m
[40m 1000 MHz
[9;5H
[0;1m
[35m
[40mCore :
[37m
[40m2 
[39;49m
[37m
[40m  
[0;1m
[35m
[40mUtil:
[37m
[40m  10.9% 
[39;49m
[37m
[40m  
[0;1m
[35m
[40mTemp:
[33m
[40m 85 
[39;49m
[37m
[40m  
[0;1m
[35m
[40mVoltage:
[37m
[40m 770 mV 
[39;49m
[37m
[40m  
[0;1m
[35m
[40mClock:
[37m
[40m 1000 MHz
[10d
[39;49m
[37m
[40m-
[198b-
[50;1HTotal Devices: 1
[50;190HPage: 1 / 
[?7l1
[?7h
[39;49m
[37m
[40m
[2J[DX-TOP]  (q) Quit   (n) Next Page   (p) Prev Page   (h) Help
[2dSat Jul 11 06:29:16 2026
[3dDX-RT: v3.4.0     NPU Device driver: v2.5.1     DX-TOP: v1.1.0
[4d-
[198b-
[5;3H
[0;1m
[36m
[40mDevice :
[37m
[40m0
[18G
[0;1m
[36m
[40mVariant:
[37m
[40m    M1
[38G
[0;1m
[36m
[40mPCIe Bus Number:
[37m
[40m  01:00:00  
[39;49m
[37m
[40m  
[0;1m
[36m
[40mFirmware:
[37m
[40m  v2.7.1
[6;3H
[0;1m
[36m
[40mNPU Memory:
[39;49m
[37m
[40m  
[34m
[40m[|
[19X
[6;37H]
[39;49m
[37m
[40m 
[34m
[40m177.90 MiB / 1.92 GiB (9.04%) 
[7;5H
[0;1m
[35m
[40mCore :
[37m
[40m0 
[39;49m
[37m
[40m  
[0;1m
[35m
[40mUtil:
[37m
[40m  47.8% 
[39;49m
[37m
[40m  
[0;1m
[35m
[40mTemp:
[33m
[40m 83 
[39;49m
[37m
[40m  
[0;1m
[35m
[40mVoltage:
[37m
[40m 775 mV 
[39;49m
[37m
[40m  
[0;1m
[35m
[40mClock:
[37m
[40m 1000 MHz
[8;5H
[0;1m
[35m
[40mCore :
[37m
[40m1 
[39;49m
[37m
[40m  
[0;1m
[35m
[40mUtil:
[37m
[40m  32.7% 
[39;49m
[37m
[40m  
[0;1m
[35m
[40mTemp:
[33m
[40m 84 
[39;49m
[37m
[40m  
[0;1m
[35m
[40mVoltage:
[37m
[40m 775 mV 
[39;49m
[37m
[40m  
[0;1m
[35m
[40mClock:
[37m
[40m 1000 MHz
[9;5H
[0;1m
[35m
[40mCore :
[37m
[40m2 
[39;49m
[37m
[40m  
[0;1m
[35m
[40mUtil:
[37m
[40m   7.7% 
[39;49m
[37m
[40m  
[0;1m
[35m
[40mTemp:
[33m
[40m 84 
[39;49m
[37m
[40m  
[0;1m
[35m
[40mVoltage:
[37m
[40m 775 mV 
[39;49m
[37m
[40m  
[0;1m
[35m
[40mClock:
[37m
[40m 1000 MHz
[10d
[39;49m
[37m
[40m-
[198b-
[50;1HTotal Devices: 1
[50;190HPage: 1 / 
[?7l1
[?7h
[39;49m
[37m
[40m
[2J[DX-TOP]  (q) Quit   (n) Next Page   (p) Prev Page   (h) Help
[2dSat Jul 11 06:29:18 2026
[3dDX-RT: v3.4.0     NPU Device driver: v2.5.1     DX-TOP: v1.1.0
[4d-
[198b-
[5;3H
[0;1m
[36m
[40mDevice :
[37m
[40m0
[18G
[0;1m
[36m
[40mVariant:
[37m
[40m    M1
[38G
[0;1m
[36m
[40mPCIe Bus Number:
[37m
[40m  01:00:00  
[39;49m
[37m
[40m  
[0;1m
[36m
[40mFirmware:
[37m
[40m  v2.7.1
[6;3H
[0;1m
[36m
[40mNPU Memory:
[39;49m
[37m
[40m  
[34m
[40m[|
[19X
[6;37H]
[39;49m
[37m
[40m 
[34m
[40m177.90 MiB / 1.92 GiB (9.04%) 
[7;5H
[0;1m
[35m
[40mCore :
[37m
[40m0 
[39;49m
[37m
[40m  
[0;1m
[35m
[40mUtil:
[37m
[40m  56.4% 
[39;49m
[37m
[40m  
[0;1m
[35m
[40mTemp:
[33m
[40m 82 
[39;49m
[37m
[40m  
[0;1m
[35m
[40mVoltage:
[37m
[40m 755 mV 
[39;49m
[37m
[40m  
[0;1m
[35m
[40mClock:
[37m
[40m 1000 MHz
[8;5H
[0;1m
[35m
[40mCore :
[37m
[40m1 
[39;49m
[37m
[40m  
[0;1m
[35m
[40mUtil:
[37m
[40m  27.2% 
[39;49m
[37m
[40m  
[0;1m
[35m
[40mTemp:
[33m
[40m 84 
[39;49m
[37m
[40m  
[0;1m
[35m
[40mVoltage:
[37m
[40m 755 mV 
[39;49m
[37m
[40m  
[0;1m
[35m
[40mClock:
[37m
[40m 1000 MHz
[9;5H
[0;1m
[35m
[40mCore :
[37m
[40m2 
[39;49m
[37m
[40m  
[0;1m
[35m
[40mUtil:
[37m
[40m   0.0% 
[39;49m
[37m
[40m  
[0;1m
[35m
[40mTemp:
[33m
[40m 85 
[39;49m
[37m
[40m  
[0;1m
[35m
[40mVoltage:
[37m
[40m 755 mV 
[39;49m
[37m
[40m  
[0;1m
[35m
[40mClock:
[37m
[40m 1000 MHz
[10d
[39;49m
[37m
[40m-
[198b-
[50;1HTotal Devices: 1
[50;190HPage: 1 / 
[?7l1
[?7h
[39;49m
[37m
[40m
[2J[DX-TOP]  (q) Quit   (n) Next Page   (p) Prev Page   (h) Help
[2dSat Jul 11 06:29:20 2026
[3dDX-RT: v3.4.0     NPU Device driver: v2.5.1     DX-TOP: v1.1.0
[4d-
[198b-
[5;3H
[0;1m
[36m
[40mDevice :
[37m
[40m0
[18G
[0;1m
[36m
[40mVariant:
[37m
[40m    M1
[38G
[0;1m
[36m
[40mPCIe Bus Number:
[37m
[40m  01:00:00  
[39;49m
[37m
[40m  
[0;1m
[36m
[40mFirmware:
[37m
[40m  v2.7.1
[6;3H
[0;1m
[36m
[40mNPU Memory:
[39;49m
[37m
[40m  
[34m
[40m[|
[19X
[6;37H]
[39;49m
[37m
[40m 
[34m
[40m177.90 MiB / 1.92 GiB (9.04%) 
[7;5H
[0;1m
[35m
[40mCore :
[37m
[40m0 
[39;49m
[37m
[40m  
[0;1m
[35m
[40mUtil:
[37m
[40m  48.7% 
[39;49m
[37m
[40m  
[0;1m
[35m
[40mTemp:
[33m
[40m 83 
[39;49m
[37m
[40m  
[0;1m
[35m
[40mVoltage:
[37m
[40m 765 mV 
[39;49m
[37m
[40m  
[0;1m
[35m
[40mClock:
[37m
[40m 1000 MHz
[8;5H
[0;1m
[35m
[40mCore :
[37m
[40m1 
[39;49m
[37m
[40m  
[0;1m
[35m
[40mUtil:
[37m
[40m  32.9% 
[39;49m
[37m
[40m  
[0;1m
[35m
[40mTemp:
[33m
[40m 84 
[39;49m
[37m
[40m  
[0;1m
[35m
[40mVoltage:
[37m
[40m 765 mV 
[39;49m
[37m
[40m  
[0;1m
[35m
[40mClock:
[37m
[40m 1000 MHz
[9;5H
[0;1m
[35m
[40mCore :
[37m
[40m2 
[39;49m
[37m
[40m  
[0;1m
[35m
[40mUtil:
[37m
[40m   4.7% 
[39;49m
[37m
[40m  
[0;1m
[35m
[40mTemp:
[33m
[40m 84 
[39;49m
[37m
[40m  
[0;1m
[35m
[40mVoltage:
[37m
[40m 765 mV 
[39;49m
[37m
[40m  
[0;1m
[35m
[40mClock:
[37m
[40m 1000 MHz
[10d
[39;49m
[37m
[40m-
[198b-
[50;1HTotal Devices: 1
[50;190HPage: 1 / 
[?7l1
[?7h
[39;49m
[37m
[40m
[2J[DX-TOP]  (q) Quit   (n) Next Page   (p) Prev Page   (h) Help
[2dSat Jul 11 06:29:22 2026
[3dDX-RT: v3.4.0     NPU Device driver: v2.5.1     DX-TOP: v1.1.0
[4d-
[198b-
[5;3H
[0;1m
[36m
[40mDevice :
[37m
[40m0
[18G
[0;1m
[36m
[40mVariant:
[37m
[40m    M1
[38G
[0;1m
[36m
[40mPCIe Bus Number:
[37m
[40m  01:00:00  
[39;49m
[37m
[40m  
[0;1m
[36m
[40mFirmware:
[37m
[40m  v2.7.1
[6;3H
[0;1m
[36m
[40mNPU Memory:
[39;49m
[37m
[40m  
[34m
[40m[|
[19X
[6;37H]
[39;49m
[37m
[40m 
[34m
[40m177.90 MiB / 1.92 GiB (9.04%) 
[7;5H
[0;1m
[35m
[40mCore :
[37m
[40m0 
[39;49m
[37m
[40m  
[0;1m
[35m
[40mUtil:
[37m
[40m  51.0% 
[39;49m
[37m
[40m  
[0;1m
[35m
[40mTemp:
[33m
[40m 83 
[39;49m
[37m
[40m  
[0;1m
[35m
[40mVoltage:
[37m
[40m 765 mV 
[39;49m
[37m
[40m  
[0;1m
[35m
[40mClock:
[37m
[40m 1000 MHz
[8;5H
[0;1m
[35m
[40mCore :
[37m
[40m1 
[39;49m
[37m
[40m  
[0;1m
[35m
[40mUtil:
[37m
[40m  27.7% 
[39;49m
[37m
[40m  
[0;1m
[35m
[40mTemp:
[33m
[40m 84 
[39;49m
[37m
[40m  
[0;1m
[35m
[40mVoltage:
[37m
[40m 765 mV 
[39;49m
[37m
[40m  
[0;1m
[35m
[40mClock:
[37m
[40m 1000 MHz
[9;5H
[0;1m
[35m
[40mCore :
[37m
[40m2 
[39;49m
[37m
[40m  
[0;1m
[35m
[40mUtil:
[37m
[40m   8.9% 
[39;49m
[37m
[40m  
[0;1m
[35m
[40mTemp:
[33m
[40m 85 
[39;49m
[37m
[40m  
[0;1m
[35m
[40mVoltage:
[37m
[40m 765 mV 
[39;49m
[37m
[40m  
[0;1m
[35m
[40mClock:
[37m
[40m 1000 MHz
[10d
[39;49m
[37m
[40m-
[198b-
[50;1HTotal Devices: 1
[50;190HPage: 1 / 
[?7l1
[?7h
[39;49m
[37m
[40m
[2J[DX-TOP]  (q) Quit   (n) Next Page   (p) Prev Page   (h) Help
[2dSat Jul 11 06:29:24 2026
[3dDX-RT: v3.4.0     NPU Device driver: v2.5.1     DX-TOP: v1.1.0
[4d-
[198b-
[5;3H
[0;1m
[36m
[40mDevice :
[37m
[40m0
[18G
[0;1m
[36m
[40mVariant:
[37m
[40m    M1
[38G
[0;1m
[36m
[40mPCIe Bus Number:
[37m
[40m  01:00:00  
[39;49m
[37m
[40m  
[0;1m
[36m
[40mFirmware:
[37m
[40m  v2.7.1
[6;3H
[0;1m
[36m
[40mNPU Memory:
[39;49m
[37m
[40m  
[34m
[40m[|
[19X
[6;37H]
[39;49m
[37m
[40m 
[34m
[40m177.90 MiB / 1.92 GiB (9.04%) 
[7;5H
[0;1m
[35m
[40mCore :
[37m
[40m0 
[39;49m
[37m
[40m  
[0;1m
[35m
[40mUtil:
[37m
[40m  53.6% 
[39;49m
[37m
[40m  
[0;1m
[35m
[40mTemp:
[33m
[40m 83 
[39;49m
[37m
[40m  
[0;1m
[35m
[40mVoltage:
[37m
[40m 760 mV 
[39;49m
[37m
[40m  
[0;1m
[35m
[40mClock:
[37m
[40m 1000 MHz
[8;5H
[0;1m
[35m
[40mCore :
[37m
[40m1 
[39;49m
[37m
[40m  
[0;1m
[35m
[40mUtil:
[37m
[40m  26.6% 
[39;49m
[37m
[40m  
[0;1m
[35m
[40mTemp:
[33m
[40m 84 
[39;49m
[37m
[40m  
[0;1m
[35m
[40mVoltage:
[37m
[40m 760 mV 
[39;49m
[37m
[40m  
[0;1m
[35m
[40mClock:
[37m
[40m 1000 MHz
[9;5H
[0;1m
[35m
[40mCore :
[37m
[40m2 
[39;49m
[37m
[40m  
[0;1m
[35m
[40mUtil:
[37m
[40m   8.4% 
[39;49m
[37m
[40m  
[0;1m
[35m
[40mTemp:
[33m
[40m 84 
[39;49m
[37m
[40m  
[0;1m
[35m
[40mVoltage:
[37m
[40m 760 mV 
[39;49m
[37m
[40m  
[0;1m
[35m
[40mClock:
[37m
[40m 1000 MHz
[10d
[39;49m
[37m
[40m-
[198b-
[50;1HTotal Devices: 1
[50;190HPage: 1 / 
[?7l1
[?7h
[39;49m
[37m
[40m
[2J[DX-TOP]  (q) Quit   (n) Next Page   (p) Prev Page   (h) Help
[2dSat Jul 11 06:29:26 2026
[3dDX-RT: v3.4.0     NPU Device driver: v2.5.1     DX-TOP: v1.1.0
[4d-
[198b-
[5;3H
[0;1m
[36m
[40mDevice :
[37m
[40m0
[18G
[0;1m
[36m
[40mVariant:
[37m
[40m    M1
[38G
[0;1m
[36m
[40mPCIe Bus Number:
[37m
[40m  01:00:00  
[39;49m
[37m
[40m  
[0;1m
[36m
[40mFirmware:
[37m
[40m  v2.7.1
[6;3H
[0;1m
[36m
[40mNPU Memory:
[39;49m
[37m
[40m  
[34m
[40m[|
[19X
[6;37H]
[39;49m
[37m
[40m 
[34m
[40m177.90 MiB / 1.92 GiB (9.04%) 
[7;5H
[0;1m
[35m
[40mCore :
[37m
[40m0 
[39;49m
[37m
[40m  
[0;1m
[35m
[40mUtil:
[37m
[40m  46.7% 
[39;49m
[37m
[40m  
[0;1m
[35m
[40mTemp:
[33m
[40m 83 
[39;49m
[37m
[40m  
[0;1m
[35m
[40mVoltage:
[37m
[40m 765 mV 
[39;49m
[37m
[40m  
[0;1m
[35m
[40mClock:
[37m
[40m 1000 MHz
[8;5H
[0;1m
[35m
[40mCore :
[37m
[40m1 
[39;49m
[37m
[40m  
[0;1m
[35m
[40mUtil:
[37m
[40m  30.8% 
[39;49m
[37m
[40m  
[0;1m
[35m
[40mTemp:
[33m
[40m 85 
[39;49m
[37m
[40m  
[0;1m
[35m
[40mVoltage:
[37m
[40m 765 mV 
[39;49m
[37m
[40m  
[0;1m
[35m
[40mClock:
[37m
[40m 1000 MHz
[9;5H
[0;1m
[35m
[40mCore :
[37m
[40m2 
[39;49m
[37m
[40m  
[0;1m
[35m
[40mUtil:
[37m
[40m  13.2% 
[39;49m
[37m
[40m  
[0;1m
[35m
[40mTemp:
[33m
[40m 85 
[39;49m
[37m
[40m  
[0;1m
[35m
[40mVoltage:
[37m
[40m 765 mV 
[39;49m
[37m
[40m  
[0;1m
[35m
[40mClock:
[37m
[40m 1000 MHz
[10d
[39;49m
[37m
[40m-
[198b-
[50;1HTotal Devices: 1
[50;190HPage: 1 / 
[?7l1
[?7h
[39;49m
[37m
[40m
[2J[DX-TOP]  (q) Quit   (n) Next Page   (p) Prev Page   (h) Help
[2dSat Jul 11 06:29:28 2026
[3dDX-RT: v3.4.0     NPU Device driver: v2.5.1     DX-TOP: v1.1.0
[4d-
[198b-
[5;3H
[0;1m
[36m
[40mDevice :
[37m
[40m0
[18G
[0;1m
[36m
[40mVariant:
[37m
[40m    M1
[38G
[0;1m
[36m
[40mPCIe Bus Number:
[37m
[40m  01:00:00  
[39;49m
[37m
[40m  
[0;1m
[36m
[40mFirmware:
[37m
[40m  v2.7.1
[6;3H
[0;1m
[36m
[40mNPU Memory:
[39;49m
[37m
[40m  
[34m
[40m[|
[19X
[6;37H]
[39;49m
[37m
[40m 
[34m
[40m177.90 MiB / 1.92 GiB (9.04%) 
[7;5H
[0;1m
[35m
[40mCore :
[37m
[40m0 
[39;49m
[37m
[40m  
[0;1m
[35m
[40mUtil:
[37m
[40m  54.7% 
[39;49m
[37m
[40m  
[0;1m
[35m
[40mTemp:
[33m
[40m 83 
[39;49m
[37m
[40m  
[0;1m
[35m
[40mVoltage:
[37m
[40m 770 mV 
[39;49m
[37m
[40m  
[0;1m
[35m
[40mClock:
[37m
[40m 1000 MHz
[8;5H
[0;1m
[35m
[40mCore :
[37m
[40m1 
[39;49m
[37m
[40m  
[0;1m
[35m
[40mUtil:
[37m
[40m  29.9% 
[39;49m
[37m
[40m  
[0;1m
[35m
[40mTemp:
[33m
[40m 84 
[39;49m
[37m
[40m  
[0;1m
[35m
[40mVoltage:
[37m
[40m 770 mV 
[39;49m
[37m
[40m  
[0;1m
[35m
[40mClock:
[37m
[40m 1000 MHz
[9;5H
[0;1m
[35m
[40mCore :
[37m
[40m2 
[39;49m
[37m
[40m  
[0;1m
[35m
[40mUtil:
[37m
[40m   4.7% 
[39;49m
[37m
[40m  
[0;1m
[35m
[40mTemp:
[33m
[40m 85 
[39;49m
[37m
[40m  
[0;1m
[35m
[40mVoltage:
[37m
[40m 770 mV 
[39;49m
[37m
[40m  
[0;1m
[35m
[40mClock:
[37m
[40m 1000 MHz
[10d
[39;49m
[37m
[40m-
[198b-
[50;1HTotal Devices: 1
[50;190HPage: 1 / 
[?7l1
[?7h
[39;49m
[37m
[40m
[2J[DX-TOP]  (q) Quit   (n) Next Page   (p) Prev Page   (h) Help
[2dSat Jul 11 06:29:30 2026
[3dDX-RT: v3.4.0     NPU Device driver: v2.5.1     DX-TOP: v1.1.0
[4d-
[198b-
[5;3H
[0;1m
[36m
[40mDevice :
[37m
[40m0
[18G
[0;1m
[36m
[40mVariant:
[37m
[40m    M1
[38G
[0;1m
[36m
[40mPCIe Bus Number:
[37m
[40m  01:00:00  
[39;49m
[37m
[40m  
[0;1m
[36m
[40mFirmware:
[37m
[40m  v2.7.1
[6;3H
[0;1m
[36m
[40mNPU Memory:
[39;49m
[37m
[40m  
[34m
[40m[|
[19X
[6;37H]
[39;49m
[37m
[40m 
[34m
[40m177.90 MiB / 1.92 GiB (9.04%) 
[7;5H
[0;1m
[35m
[40mCore :
[37m
[40m0 
[39;49m
[37m
[40m  
[0;1m
[35m
[40mUtil:
[37m
[40m  56.0% 
[39;49m
[37m
[40m  
[0;1m
[35m
[40mTemp:
[33m
[40m 83 
[39;49m
[37m
[40m  
[0;1m
[35m
[40mVoltage:
[37m
[40m 770 mV 
[39;49m
[37m
[40m  
[0;1m
[35m
[40mClock:
[37m
[40m 1000 MHz
[8;5H
[0;1m
[35m
[40mCore :
[37m
[40m1 
[39;49m
[37m
[40m  
[0;1m
[35m
[40mUtil:
[37m
[40m  22.9% 
[39;49m
[37m
[40m  
[0;1m
[35m
[40mTemp:
[33m
[40m 84 
[39;49m
[37m
[40m  
[0;1m
[35m
[40mVoltage:
[37m
[40m 770 mV 
[39;49m
[37m
[40m  
[0;1m
[35m
[40mClock:
[37m
[40m 1000 MHz
[9;5H
[0;1m
[35m
[40mCore :
[37m
[40m2 
[39;49m
[37m
[40m  
[0;1m
[35m
[40mUtil:
[37m
[40m   4.8% 
[39;49m
[37m
[40m  
[0;1m
[35m
[40mTemp:
[33m
[40m 85 
[39;49m
[37m
[40m  
[0;1m
[35m
[40mVoltage:
[37m
[40m 770 mV 
[39;49m
[37m
[40m  
[0;1m
[35m
[40mClock:
[37m
[40m 1000 MHz
[10d
[39;49m
[37m
[40m-
[198b-
[50;1HTotal Devices: 1
[50;190HPage: 1 / 
[?7l1
[?7h
[39;49m
[37m
[40m
[2J[DX-TOP]  (q) Quit   (n) Next Page   (p) Prev Page   (h) Help
[2dSat Jul 11 06:29:32 2026
[3dDX-RT: v3.4.0     NPU Device driver: v2.5.1     DX-TOP: v1.1.0
[4d-
[198b-
[5;3H
[0;1m
[36m
[40mDevice :
[37m
[40m0
[18G
[0;1m
[36m
[40mVariant:
[37m
[40m    M1
[38G
[0;1m
[36m
[40mPCIe Bus Number:
[37m
[40m  01:00:00  
[39;49m
[37m
[40m  
[0;1m
[36m
[40mFirmware:
[37m
[40m  v2.7.1
[6;3H
[0;1m
[36m
[40mNPU Memory:
[39;49m
[37m
[40m  
[34m
[40m[|
[19X
[6;37H]
[39;49m
[37m
[40m 
[34m
[40m177.90 MiB / 1.92 GiB (9.04%) 
[7;5H
[0;1m
[35m
[40mCore :
[37m
[40m0 
[39;49m
[37m
[40m  
[0;1m
[35m
[40mUtil:
[37m
[40m  48.7% 
[39;49m
[37m
[40m  
[0;1m
[35m
[40mTemp:
[33m
[40m 83 
[39;49m
[37m
[40m  
[0;1m
[35m
[40mVoltage:
[37m
[40m 760 mV 
[39;49m
[37m
[40m  
[0;1m
[35m
[40mClock:
[37m
[40m 1000 MHz
[8;5H
[0;1m
[35m
[40mCore :
[37m
[40m1 
[39;49m
[37m
[40m  
[0;1m
[35m
[40mUtil:
[37m
[40m  31.0% 
[39;49m
[37m
[40m  
[0;1m
[35m
[40mTemp:
[33m
[40m 84 
[39;49m
[37m
[40m  
[0;1m
[35m
[40mVoltage:
[37m
[40m 760 mV 
[39;49m
[37m
[40m  
[0;1m
[35m
[40mClock:
[37m
[40m 1000 MHz
[9;5H
[0;1m
[35m
[40mCore :
[37m
[40m2 
[39;49m
[37m
[40m  
[0;1m
[35m
[40mUtil:
[37m
[40m   9.5% 
[39;49m
[37m
[40m  
[0;1m
[35m
[40mTemp:
[33m
[40m 85 
[39;49m
[37m
[40m  
[0;1m
[35m
[40mVoltage:
[37m
[40m 760 mV 
[39;49m
[37m
[40m  
[0;1m
[35m
[40mClock:
[37m
[40m 1000 MHz
[10d
[39;49m
[37m
[40m-
[198b-
[50;1HTotal Devices: 1
[50;190HPage: 1 / 
[?7l1
[?7h
[39;49m
[37m
[40m
[2J[DX-TOP]  (q) Quit   (n) Next Page   (p) Prev Page   (h) Help
[2dSat Jul 11 06:29:34 2026
[3dDX-RT: v3.4.0     NPU Device driver: v2.5.1     DX-TOP: v1.1.0
[4d-
[198b-
[5;3H
[0;1m
[36m
[40mDevice :
[37m
[40m0
[18G
[0;1m
[36m
[40mVariant:
[37m
[40m    M1
[38G
[0;1m
[36m
[40mPCIe Bus Number:
[37m
[40m  01:00:00  
[39;49m
[37m
[40m  
[0;1m
[36m
[40mFirmware:
[37m
[40m  v2.7.1
[6;3H
[0;1m
[36m
[40mNPU Memory:
[39;49m
[37m
[40m  
[34m
[40m[|
[19X
[6;37H]
[39;49m
[37m
[40m 
[34m
[40m177.90 MiB / 1.92 GiB (9.04%) 
[7;5H
[0;1m
[35m
[40mCore :
[37m
[40m0 
[39;49m
[37m
[40m  
[0;1m
[35m
[40mUtil:
[37m
[40m  50.4% 
[39;49m
[37m
[40m  
[0;1m
[35m
[40mTemp:
[33m
[40m 83 
[39;49m
[37m
[40m  
[0;1m
[35m
[40mVoltage:
[37m
[40m 770 mV 
[39;49m
[37m
[40m  
[0;1m
[35m
[40mClock:
[37m
[40m 1000 MHz
[8;5H
[0;1m
[35m
[40mCore :
[37m
[40m1 
[39;49m
[37m
[40m  
[0;1m
[35m
[40mUtil:
[37m
[40m  27.6% 
[39;49m
[37m
[40m  
[0;1m
[35m
[40mTemp:
[33m
[40m 84 
[39;49m
[37m
[40m  
[0;1m
[35m
[40mVoltage:
[37m
[40m 770 mV 
[39;49m
[37m
[40m  
[0;1m
[35m
[40mClock:
[37m
[40m 1000 MHz
[9;5H
[0;1m
[35m
[40mCore :
[37m
[40m2 
[39;49m
[37m
[40m  
[0;1m
[35m
[40mUtil:
[37m
[40m  10.0% 
[39;49m
[37m
[40m  
[0;1m
[35m
[40mTemp:
[33m
[40m 84 
[39;49m
[37m
[40m  
[0;1m
[35m
[40mVoltage:
[37m
[40m 770 mV 
[39;49m
[37m
[40m  
[0;1m
[35m
[40mClock:
[37m
[40m 1000 MHz
[10d
[39;49m
[37m
[40m-
[198b-
[50;1HTotal Devices: 1
[50;190HPage: 1 / 
[?7l1
[?7h
[39;49m
[37m
[40m
[2J[DX-TOP]  (q) Quit   (n) Next Page   (p) Prev Page   (h) Help
[2dSat Jul 11 06:29:36 2026
[3dDX-RT: v3.4.0     NPU Device driver: v2.5.1     DX-TOP: v1.1.0
[4d-
[198b-
[5;3H
[0;1m
[36m
[40mDevice :
[37m
[40m0
[18G
[0;1m
[36m
[40mVariant:
[37m
[40m    M1
[38G
[0;1m
[36m
[40mPCIe Bus Number:
[37m
[40m  01:00:00  
[39;49m
[37m
[40m  
[0;1m
[36m
[40mFirmware:
[37m
[40m  v2.7.1
[6;3H
[0;1m
[36m
[40mNPU Memory:
[39;49m
[37m
[40m  
[34m
[40m[|
[19X
[6;37H]
[39;49m
[37m
[40m 
[34m
[40m177.90 MiB / 1.92 GiB (9.04%) 
[7;5H
[0;1m
[35m
[40mCore :
[37m
[40m0 
[39;49m
[37m
[40m  
[0;1m
[35m
[40mUtil:
[37m
[40m  55.3% 
[39;49m
[37m
[40m  
[0;1m
[35m
[40mTemp:
[33m
[40m 83 
[39;49m
[37m
[40m  
[0;1m
[35m
[40mVoltage:
[37m
[40m 770 mV 
[39;49m
[37m
[40m  
[0;1m
[35m
[40mClock:
[37m
[40m 1000 MHz
[8;5H
[0;1m
[35m
[40mCore :
[37m
[40m1 
[39;49m
[37m
[40m  
[0;1m
[35m
[40mUtil:
[37m
[40m  28.4% 
[39;49m
[37m
[40m  
[0;1m
[35m
[40mTemp:
[33m
[40m 84 
[39;49m
[37m
[40m  
[0;1m
[35m
[40mVoltage:
[37m
[40m 770 mV 
[39;49m
[37m
[40m  
[0;1m
[35m
[40mClock:
[37m
[40m 1000 MHz
[9;5H
[0;1m
[35m
[40mCore :
[37m
[40m2 
[39;49m
[37m
[40m  
[0;1m
[35m
[40mUtil:
[37m
[40m   5.3% 
[39;49m
[37m
[40m  
[0;1m
[35m
[40mTemp:
[33m
[40m 85 
[39;49m
[37m
[40m  
[0;1m
[35m
[40mVoltage:
[37m
[40m 770 mV 
[39;49m
[37m
[40m  
[0;1m
[35m
[40mClock:
[37m
[40m 1000 MHz
[10d
[39;49m
[37m
[40m-
[198b-
[50;1HTotal Devices: 1
[50;190HPage: 1 / 
[?7l1
[?7h
[39;49m
[37m
[40m
[2J[DX-TOP]  (q) Quit   (n) Next Page   (p) Prev Page   (h) Help
[2dSat Jul 11 06:29:38 2026
[3dDX-RT: v3.4.0     NPU Device driver: v2.5.1     DX-TOP: v1.1.0
[4d-
[198b-
[5;3H
[0;1m
[36m
[40mDevice :
[37m
[40m0
[18G
[0;1m
[36m
[40mVariant:
[37m
[40m    M1
[38G
[0;1m
[36m
[40mPCIe Bus Number:
[37m
[40m  01:00:00  
[39;49m
[37m
[40m  
[0;1m
[36m
[40mFirmware:
[37m
[40m  v2.7.1
[6;3H
[0;1m
[36m
[40mNPU Memory:
[39;49m
[37m
[40m  
[34m
[40m[|
[19X
[6;37H]
[39;49m
[37m
[40m 
[34m
[40m177.90 MiB / 1.92 GiB (9.04%) 
[7;5H
[0;1m
[35m
[40mCore :
[37m
[40m0 
[39;49m
[37m
[40m  
[0;1m
[35m
[40mUtil:
[37m
[40m  47.0% 
[39;49m
[37m
[40m  
[0;1m
[35m
[40mTemp:
[33m
[40m 83 
[39;49m
[37m
[40m  
[0;1m
[35m
[40mVoltage:
[37m
[40m 770 mV 
[39;49m
[37m
[40m  
[0;1m
[35m
[40mClock:
[37m
[40m 1000 MHz
[8;5H
[0;1m
[35m
[40mCore :
[37m
[40m1 
[39;49m
[37m
[40m  
[0;1m
[35m
[40mUtil:
[37m
[40m  29.1% 
[39;49m
[37m
[40m  
[0;1m
[35m
[40mTemp:
[33m
[40m 83 
[39;49m
[37m
[40m  
[0;1m
[35m
[40mVoltage:
[37m
[40m 770 mV 
[39;49m
[37m
[40m  
[0;1m
[35m
[40mClock:
[37m
[40m 1000 MHz
[9;5H
[0;1m
[35m
[40mCore :
[37m
[40m2 
[39;49m
[37m
[40m  
[0;1m
[35m
[40mUtil:
[37m
[40m   7.6% 
[39;49m
[37m
[40m  
[0;1m
[35m
[40mTemp:
[33m
[40m 84 
[39;49m
[37m
[40m  
[0;1m
[35m
[40mVoltage:
[37m
[40m 770 mV 
[39;49m
[37m
[40m  
[0;1m
[35m
[40mClock:
[37m
[40m 1000 MHz
[10d
[39;49m
[37m
[40m-
[198b-
[50;1HTotal Devices: 1
[50;190HPage: 1 / 
[?7l1
[?7h
[39;49m
[37m
[40m
[2J[DX-TOP]  (q) Quit   (n) Next Page   (p) Prev Page   (h) Help
[2dSat Jul 11 06:29:40 2026
[3dDX-RT: v3.4.0     NPU Device driver: v2.5.1     DX-TOP: v1.1.0
[4d-
[198b-
[5;3H
[0;1m
[36m
[40mDevice :
[37m
[40m0
[18G
[0;1m
[36m
[40mVariant:
[37m
[40m    M1
[38G
[0;1m
[36m
[40mPCIe Bus Number:
[37m
[40m  01:00:00  
[39;49m
[37m
[40m  
[0;1m
[36m
[40mFirmware:
[37m
[40m  v2.7.1
[6;3H
[0;1m
[36m
[40mNPU Memory:
[39;49m
[37m
[40m  
[34m
[40m[|
[19X
[6;37H]
[39;49m
[37m
[40m 
[34m
[40m177.90 MiB / 1.92 GiB (9.04%) 
[7;5H
[0;1m
[35m
[40mCore :
[37m
[40m0 
[39;49m
[37m
[40m  
[0;1m
[35m
[40mUtil:
[37m
[40m  46.4% 
[39;49m
[37m
[40m  
[0;1m
[35m
[40mTemp:
[33m
[40m 83 
[39;49m
[37m
[40m  
[0;1m
[35m
[40mVoltage:
[37m
[40m 775 mV 
[39;49m
[37m
[40m  
[0;1m
[35m
[40mClock:
[37m
[40m 1000 MHz
[8;5H
[0;1m
[35m
[40mCore :
[37m
[40m1 
[39;49m
[37m
[40m  
[0;1m
[35m
[40mUtil:
[37m
[40m  32.8% 
[39;49m
[37m
[40m  
[0;1m
[35m
[40mTemp:
[33m
[40m 84 
[39;49m
[37m
[40m  
[0;1m
[35m
[40mVoltage:
[37m
[40m 775 mV 
[39;49m
[37m
[40m  
[0;1m
[35m
[40mClock:
[37m
[40m 1000 MHz
[9;5H
[0;1m
[35m
[40mCore :
[37m
[40m2 
[39;49m
[37m
[40m  
[0;1m
[35m
[40mUtil:
[37m
[40m  14.8% 
[39;49m
[37m
[40m  
[0;1m
[35m
[40mTemp:
[33m
[40m 85 
[39;49m
[37m
[40m  
[0;1m
[35m
[40mVoltage:
[37m
[40m 775 mV 
[39;49m
[37m
[40m  
[0;1m
[35m
[40mClock:
[37m
[40m 1000 MHz
[10d
[39;49m
[37m
[40m-
[198b-
[50;1HTotal Devices: 1
[50;190HPage: 1 / 
[?7l1
[?7h
[39;49m
[37m
[40m
[2J[DX-TOP]  (q) Quit   (n) Next Page   (p) Prev Page   (h) Help
[2dSat Jul 11 06:29:42 2026
[3dDX-RT: v3.4.0     NPU Device driver: v2.5.1     DX-TOP: v1.1.0
[4d-
[198b-
[5;3H
[0;1m
[36m
[40mDevice :
[37m
[40m0
[18G
[0;1m
[36m
[40mVariant:
[37m
[40m    M1
[38G
[0;1m
[36m
[40mPCIe Bus Number:
[37m
[40m  01:00:00  
[39;49m
[37m
[40m  
[0;1m
[36m
[40mFirmware:
[37m
[40m  v2.7.1
[6;3H
[0;1m
[36m
[40mNPU Memory:
[39;49m
[37m
[40m  
[34m
[40m[|
[19X
[6;37H]
[39;49m
[37m
[40m 
[34m
[40m177.90 MiB / 1.92 GiB (9.04%) 
[7;5H
[0;1m
[35m
[40mCore :
[37m
[40m0 
[39;49m
[37m
[40m  
[0;1m
[35m
[40mUtil:
[37m
[40m  47.7% 
[39;49m
[37m
[40m  
[0;1m
[35m
[40mTemp:
[33m
[40m 83 
[39;49m
[37m
[40m  
[0;1m
[35m
[40mVoltage:
[37m
[40m 770 mV 
[39;49m
[37m
[40m  
[0;1m
[35m
[40mClock:
[37m
[40m 1000 MHz
[8;5H
[0;1m
[35m
[40mCore :
[37m
[40m1 
[39;49m
[37m
[40m  
[0;1m
[35m
[40mUtil:
[37m
[40m  32.6% 
[39;49m
[37m
[40m  
[0;1m
[35m
[40mTemp:
[33m
[40m 84 
[39;49m
[37m
[40m  
[0;1m
[35m
[40mVoltage:
[37m
[40m 770 mV 
[39;49m
[37m
[40m  
[0;1m
[35m
[40mClock:
[37m
[40m 1000 MHz
[9;5H
[0;1m
[35m
[40mCore :
[37m
[40m2 
[39;49m
[37m
[40m  
[0;1m
[35m
[40mUtil:
[37m
[40m   2.6% 
[39;49m
[37m
[40m  
[0;1m
[35m
[40mTemp:
[33m
[40m 84 
[39;49m
[37m
[40m  
[0;1m
[35m
[40mVoltage:
[37m
[40m 770 mV 
[39;49m
[37m
[40m  
[0;1m
[35m
[40mClock:
[37m
[40m 1000 MHz
[10d
[39;49m
[37m
[40m-
[198b-
[50;1HTotal Devices: 1
[50;190HPage: 1 / 
[?7l1
[?7h
[39;49m
[37m
[40m
[2J[DX-TOP]  (q) Quit   (n) Next Page   (p) Prev Page   (h) Help
[2dSat Jul 11 06:29:44 2026
[3dDX-RT: v3.4.0     NPU Device driver: v2.5.1     DX-TOP: v1.1.0
[4d-
[198b-
[5;3H
[0;1m
[36m
[40mDevice :
[37m
[40m0
[18G
[0;1m
[36m
[40mVariant:
[37m
[40m    M1
[38G
[0;1m
[36m
[40mPCIe Bus Number:
[37m
[40m  01:00:00  
[39;49m
[37m
[40m  
[0;1m
[36m
[40mFirmware:
[37m
[40m  v2.7.1
[6;3H
[0;1m
[36m
[40mNPU Memory:
[39;49m
[37m
[40m  
[34m
[40m[|
[19X
[6;37H]
[39;49m
[37m
[40m 
[34m
[40m177.90 MiB / 1.92 GiB (9.04%) 
[7;5H
[0;1m
[35m
[40mCore :
[37m
[40m0 
[39;49m
[37m
[40m  
[0;1m
[35m
[40mUtil:
[37m
[40m  47.7% 
[39;49m
[37m
[40m  
[0;1m
[35m
[40mTemp:
[33m
[40m 83 
[39;49m
[37m
[40m  
[0;1m
[35m
[40mVoltage:
[37m
[40m 770 mV 
[39;49m
[37m
[40m  
[0;1m
[35m
[40mClock:
[37m
[40m 1000 MHz
[8;5H
[0;1m
[35m
[40mCore :
[37m
[40m1 
[39;49m
[37m
[40m  
[0;1m
[35m
[40mUtil:
[37m
[40m  26.3% 
[39;49m
[37m
[40m  
[0;1m
[35m
[40mTemp:
[33m
[40m 84 
[39;49m
[37m
[40m  
[0;1m
[35m
[40mVoltage:
[37m
[40m 770 mV 
[39;49m
[37m
[40m  
[0;1m
[35m
[40mClock:
[37m
[40m 1000 MHz
[9;5H
[0;1m
[35m
[40mCore :
[37m
[40m2 
[39;49m
[37m
[40m  
[0;1m
[35m
[40mUtil:
[37m
[40m   9.6% 
[39;49m
[37m
[40m  
[0;1m
[35m
[40mTemp:
[33m
[40m 85 
[39;49m
[37m
[40m  
[0;1m
[35m
[40mVoltage:
[37m
[40m 770 mV 
[39;49m
[37m
[40m  
[0;1m
[35m
[40mClock:
[37m
[40m 1000 MHz
[10d
[39;49m
[37m
[40m-
[198b-
[50;1HTotal Devices: 1
[50;190HPage: 1 / 
[?7l1
[?7h
[39;49m
[37m
[40m
[2J[DX-TOP]  (q) Quit   (n) Next Page   (p) Prev Page   (h) Help
[2dSat Jul 11 06:29:46 2026
[3dDX-RT: v3.4.0     NPU Device driver: v2.5.1     DX-TOP: v1.1.0
[4d-
[198b-
[5;3H
[0;1m
[36m
[40mDevice :
[37m
[40m0
[18G
[0;1m
[36m
[40mVariant:
[37m
[40m    M1
[38G
[0;1m
[36m
[40mPCIe Bus Number:
[37m
[40m  01:00:00  
[39;49m
[37m
[40m  
[0;1m
[36m
[40mFirmware:
[37m
[40m  v2.7.1
[6;3H
[0;1m
[36m
[40mNPU Memory:
[39;49m
[37m
[40m  
[34m
[40m[|
[19X
[6;37H]
[39;49m
[37m
[40m 
[34m
[40m177.90 MiB / 1.92 GiB (9.04%) 
[7;5H
[0;1m
[35m
[40mCore :
[37m
[40m0 
[39;49m
[37m
[40m  
[0;1m
[35m
[40mUtil:
[37m
[40m  47.5% 
[39;49m
[37m
[40m  
[0;1m
[35m
[40mTemp:
[33m
[40m 83 
[39;49m
[37m
[40m  
[0;1m
[35m
[40mVoltage:
[37m
[40m 765 mV 
[39;49m
[37m
[40m  
[0;1m
[35m
[40mClock:
[37m
[40m 1000 MHz
[8;5H
[0;1m
[35m
[40mCore :
[37m
[40m1 
[39;49m
[37m
[40m  
[0;1m
[35m
[40mUtil:
[37m
[40m  28.7% 
[39;49m
[37m
[40m  
[0;1m
[35m
[40mTemp:
[33m
[40m 84 
[39;49m
[37m
[40m  
[0;1m
[35m
[40mVoltage:
[37m
[40m 765 mV 
[39;49m
[37m
[40m  
[0;1m
[35m
[40mClock:
[37m
[40m 1000 MHz
[9;5H
[0;1m
[35m
[40mCore :
[37m
[40m2 
[39;49m
[37m
[40m  
[0;1m
[35m
[40mUtil:
[37m
[40m  10.3% 
[39;49m
[37m
[40m  
[0;1m
[35m
[40mTemp:
[33m
[40m 84 
[39;49m
[37m
[40m  
[0;1m
[35m
[40mVoltage:
[37m
[40m 765 mV 
[39;49m
[37m
[40m  
[0;1m
[35m
[40mClock:
[37m
[40m 1000 MHz
[10d
[39;49m
[37m
[40m-
[198b-
[50;1HTotal Devices: 1
[50;190HPage: 1 / 
[?7l1
[?7h
[39;49m
[37m
[40m
[2J[DX-TOP]  (q) Quit   (n) Next Page   (p) Prev Page   (h) Help
[2dSat Jul 11 06:29:48 2026
[3dDX-RT: v3.4.0     NPU Device driver: v2.5.1     DX-TOP: v1.1.0
[4d-
[198b-
[5;3H
[0;1m
[36m
[40mDevice :
[37m
[40m0
[18G
[0;1m
[36m
[40mVariant:
[37m
[40m    M1
[38G
[0;1m
[36m
[40mPCIe Bus Number:
[37m
[40m  01:00:00  
[39;49m
[37m
[40m  
[0;1m
[36m
[40mFirmware:
[37m
[40m  v2.7.1
[6;3H
[0;1m
[36m
[40mNPU Memory:
[39;49m
[37m
[40m  
[34m
[40m[|
[19X
[6;37H]
[39;49m
[37m
[40m 
[34m
[40m177.90 MiB / 1.92 GiB (9.04%) 
[7;5H
[0;1m
[35m
[40mCore :
[37m
[40m0 
[39;49m
[37m
[40m  
[0;1m
[35m
[40mUtil:
[37m
[40m  48.5% 
[39;49m
[37m
[40m  
[0;1m
[35m
[40mTemp:
[33m
[40m 84 
[39;49m
[37m
[40m  
[0;1m
[35m
[40mVoltage:
[37m
[40m 770 mV 
[39;49m
[37m
[40m  
[0;1m
[35m
[40mClock:
[37m
[40m 1000 MHz
[8;5H
[0;1m
[35m
[40mCore :
[37m
[40m1 
[39;49m
[37m
[40m  
[0;1m
[35m
[40mUtil:
[37m
[40m  34.1% 
[39;49m
[37m
[40m  
[0;1m
[35m
[40mTemp:
[33m
[40m 84 
[39;49m
[37m
[40m  
[0;1m
[35m
[40mVoltage:
[37m
[40m 770 mV 
[39;49m
[37m
[40m  
[0;1m
[35m
[40mClock:
[37m
[40m 1000 MHz
[9;5H
[0;1m
[35m
[40mCore :
[37m
[40m2 
[39;49m
[37m
[40m  
[0;1m
[35m
[40mUtil:
[37m
[40m   5.2% 
[39;49m
[37m
[40m  
[0;1m
[35m
[40mTemp:
[33m
[40m 85 
[39;49m
[37m
[40m  
[0;1m
[35m
[40mVoltage:
[37m
[40m 770 mV 
[39;49m
[37m
[40m  
[0;1m
[35m
[40mClock:
[37m
[40m 1000 MHz
[10d
[39;49m
[37m
[40m-
[198b-
[50;1HTotal Devices: 1
[50;190HPage: 1 / 
[?7l1
[?7h
[39;49m
[37m
[40m
[2J[DX-TOP]  (q) Quit   (n) Next Page   (p) Prev Page   (h) Help
[2dSat Jul 11 06:29:51 2026
[3dDX-RT: v3.4.0     NPU Device driver: v2.5.1     DX-TOP: v1.1.0
[4d-
[198b-
[5;3H
[0;1m
[36m
[40mDevice :
[37m
[40m0
[18G
[0;1m
[36m
[40mVariant:
[37m
[40m    M1
[38G
[0;1m
[36m
[40mPCIe Bus Number:
[37m
[40m  01:00:00  
[39;49m
[37m
[40m  
[0;1m
[36m
[40mFirmware:
[37m
[40m  v2.7.1
[6;3H
[0;1m
[36m
[40mNPU Memory:
[39;49m
[37m
[40m  
[34m
[40m[|
[19X
[6;37H]
[39;49m
[37m
[40m 
[34m
[40m177.90 MiB / 1.92 GiB (9.04%) 
[7;5H
[0;1m
[35m
[40mCore :
[37m
[40m0 
[39;49m
[37m
[40m  
[0;1m
[35m
[40mUtil:
[37m
[40m  51.4% 
[39;49m
[37m
[40m  
[0;1m
[35m
[40mTemp:
[33m
[40m 83 
[39;49m
[37m
[40m  
[0;1m
[35m
[40mVoltage:
[37m
[40m 775 mV 
[39;49m
[37m
[40m  
[0;1m
[35m
[40mClock:
[37m
[40m 1000 MHz
[8;5H
[0;1m
[35m
[40mCore :
[37m
[40m1 
[39;49m
[37m
[40m  
[0;1m
[35m
[40mUtil:
[37m
[40m  28.2% 
[39;49m
[37m
[40m  
[0;1m
[35m
[40mTemp:
[33m
[40m 84 
[39;49m
[37m
[40m  
[0;1m
[35m
[40mVoltage:
[37m
[40m 775 mV 
[39;49m
[37m
[40m  
[0;1m
[35m
[40mClock:
[37m
[40m 1000 MHz
[9;5H
[0;1m
[35m
[40mCore :
[37m
[40m2 
[39;49m
[37m
[40m  
[0;1m
[35m
[40mUtil:
[37m
[40m   4.9% 
[39;49m
[37m
[40m  
[0;1m
[35m
[40mTemp:
[33m
[40m 84 
[39;49m
[37m
[40m  
[0;1m
[35m
[40mVoltage:
[37m
[40m 775 mV 
[39;49m
[37m
[40m  
[0;1m
[35m
[40mClock:
[37m
[40m 1000 MHz
[10d
[39;49m
[37m
[40m-
[198b-
[50;1HTotal Devices: 1
[50;190HPage: 1 / 
[?7l1
[?7h
[39;49m
[37m
[40m
[2J[DX-TOP]  (q) Quit   (n) Next Page   (p) Prev Page   (h) Help
[2dSat Jul 11 06:29:53 2026
[3dDX-RT: v3.4.0     NPU Device driver: v2.5.1     DX-TOP: v1.1.0
[4d-
[198b-
[5;3H
[0;1m
[36m
[40mDevice :
[37m
[40m0
[18G
[0;1m
[36m
[40mVariant:
[37m
[40m    M1
[38G
[0;1m
[36m
[40mPCIe Bus Number:
[37m
[40m  01:00:00  
[39;49m
[37m
[40m  
[0;1m
[36m
[40mFirmware:
[37m
[40m  v2.7.1
[6;3H
[0;1m
[36m
[40mNPU Memory:
[39;49m
[37m
[40m  
[34m
[40m[|
[19X
[6;37H]
[39;49m
[37m
[40m 
[34m
[40m177.90 MiB / 1.92 GiB (9.04%) 
[7;5H
[0;1m
[35m
[40mCore :
[37m
[40m0 
[39;49m
[37m
[40m  
[0;1m
[35m
[40mUtil:
[37m
[40m  49.4% 
[39;49m
[37m
[40m  
[0;1m
[35m
[40mTemp:
[33m
[40m 84 
[39;49m
[37m
[40m  
[0;1m
[35m
[40mVoltage:
[37m
[40m 775 mV 
[39;49m
[37m
[40m  
[0;1m
[35m
[40mClock:
[37m
[40m 1000 MHz
[8;5H
[0;1m
[35m
[40mCore :
[37m
[40m1 
[39;49m
[37m
[40m  
[0;1m
[35m
[40mUtil:
[37m
[40m  32.2% 
[39;49m
[37m
[40m  
[0;1m
[35m
[40mTemp:
[33m
[40m 84 
[39;49m
[37m
[40m  
[0;1m
[35m
[40mVoltage:
[37m
[40m 775 mV 
[39;49m
[37m
[40m  
[0;1m
[35m
[40mClock:
[37m
[40m 1000 MHz
[9;5H
[0;1m
[35m
[40mCore :
[37m
[40m2 
[39;49m
[37m
[40m  
[0;1m
[35m
[40mUtil:
[37m
[40m   7.2% 
[39;49m
[37m
[40m  
[0;1m
[35m
[40mTemp:
[33m
[40m 85 
[39;49m
[37m
[40m  
[0;1m
[35m
[40mVoltage:
[37m
[40m 775 mV 
[39;49m
[37m
[40m  
[0;1m
[35m
[40mClock:
[37m
[40m 1000 MHz
[10d
[39;49m
[37m
[40m-
[198b-
[50;1HTotal Devices: 1
[50;190HPage: 1 / 
[?7l1
[?7h
[39;49m
[37m
[40m
[2J[DX-TOP]  (q) Quit   (n) Next Page   (p) Prev Page   (h) Help
[2dSat Jul 11 06:29:55 2026
[3dDX-RT: v3.4.0     NPU Device driver: v2.5.1     DX-TOP: v1.1.0
[4d-
[198b-
[5;3H
[0;1m
[36m
[40mDevice :
[37m
[40m0
[18G
[0;1m
[36m
[40mVariant:
[37m
[40m    M1
[38G
[0;1m
[36m
[40mPCIe Bus Number:
[37m
[40m  01:00:00  
[39;49m
[37m
[40m  
[0;1m
[36m
[40mFirmware:
[37m
[40m  v2.7.1
[6;3H
[0;1m
[36m
[40mNPU Memory:
[39;49m
[37m
[40m  
[34m
[40m[|
[19X
[6;37H]
[39;49m
[37m
[40m 
[34m
[40m177.90 MiB / 1.92 GiB (9.04%) 
[7;5H
[0;1m
[35m
[40mCore :
[37m
[40m0 
[39;49m
[37m
[40m  
[0;1m
[35m
[40mUtil:
[37m
[40m  51.7% 
[39;49m
[37m
[40m  
[0;1m
[35m
[40mTemp:
[33m
[40m 84 
[39;49m
[37m
[40m  
[0;1m
[35m
[40mVoltage:
[37m
[40m 765 mV 
[39;49m
[37m
[40m  
[0;1m
[35m
[40mClock:
[37m
[40m 1000 MHz
[8;5H
[0;1m
[35m
[40mCore :
[37m
[40m1 
[39;49m
[37m
[40m  
[0;1m
[35m
[40mUtil:
[37m
[40m  25.7% 
[39;49m
[37m
[40m  
[0;1m
[35m
[40mTemp:
[33m
[40m 84 
[39;49m
[37m
[40m  
[0;1m
[35m
[40mVoltage:
[37m
[40m 765 mV 
[39;49m
[37m
[40m  
[0;1m
[35m
[40mClock:
[37m
[40m 1000 MHz
[9;5H
[0;1m
[35m
[40mCore :
[37m
[40m2 
[39;49m
[37m
[40m  
[0;1m
[35m
[40mUtil:
[37m
[40m   7.3% 
[39;49m
[37m
[40m  
[0;1m
[35m
[40mTemp:
[33m
[40m 85 
[39;49m
[37m
[40m  
[0;1m
[35m
[40mVoltage:
[37m
[40m 765 mV 
[39;49m
[37m
[40m  
[0;1m
[35m
[40mClock:
[37m
[40m 1000 MHz
[10d
[39;49m
[37m
[40m-
[198b-
[50;1HTotal Devices: 1
[50;190HPage: 1 / 
[?7l1
[?7h
[39;49m
[37m
[40m
[2J[DX-TOP]  (q) Quit   (n) Next Page   (p) Prev Page   (h) Help
[2dSat Jul 11 06:29:57 2026
[3dDX-RT: v3.4.0     NPU Device driver: v2.5.1     DX-TOP: v1.1.0
[4d-
[198b-
[5;3H
[0;1m
[36m
[40mDevice :
[37m
[40m0
[18G
[0;1m
[36m
[40mVariant:
[37m
[40m    M1
[38G
[0;1m
[36m
[40mPCIe Bus Number:
[37m
[40m  01:00:00  
[39;49m
[37m
[40m  
[0;1m
[36m
[40mFirmware:
[37m
[40m  v2.7.1
[6;3H
[0;1m
[36m
[40mNPU Memory:
[39;49m
[37m
[40m  
[34m
[40m[|
[19X
[6;37H]
[39;49m
[37m
[40m 
[34m
[40m177.90 MiB / 1.92 GiB (9.04%) 
[7;5H
[0;1m
[35m
[40mCore :
[37m
[40m0 
[39;49m
[37m
[40m  
[0;1m
[35m
[40mUtil:
[37m
[40m  47.7% 
[39;49m
[37m
[40m  
[0;1m
[35m
[40mTemp:
[33m
[40m 83 
[39;49m
[37m
[40m  
[0;1m
[35m
[40mVoltage:
[37m
[40m 765 mV 
[39;49m
[37m
[40m  
[0;1m
[35m
[40mClock:
[37m
[40m 1000 MHz
[8;5H
[0;1m
[35m
[40mCore :
[37m
[40m1 
[39;49m
[37m
[40m  
[0;1m
[35m
[40mUtil:
[37m
[40m  30.5% 
[39;49m
[37m
[40m  
[0;1m
[35m
[40mTemp:
[33m
[40m 84 
[39;49m
[37m
[40m  
[0;1m
[35m
[40mVoltage:
[37m
[40m 765 mV 
[39;49m
[37m
[40m  
[0;1m
[35m
[40mClock:
[37m
[40m 1000 MHz
[9;5H
[0;1m
[35m
[40mCore :
[37m
[40m2 
[39;49m
[37m
[40m  
[0;1m
[35m
[40mUtil:
[37m
[40m  10.4% 
[39;49m
[37m
[40m  
[0;1m
[35m
[40mTemp:
[33m
[40m 84 
[39;49m
[37m
[40m  
[0;1m
[35m
[40mVoltage:
[37m
[40m 765 mV 
[39;49m
[37m
[40m  
[0;1m
[35m
[40mClock:
[37m
[40m 1000 MHz
[10d
[39;49m
[37m
[40m-
[198b-
[50;1HTotal Devices: 1
[50;190HPage: 1 / 
[?7l1
[?7h
[39;49m
[37m
[40m
[2J[DX-TOP]  (q) Quit   (n) Next Page   (p) Prev Page   (h) Help
[2dSat Jul 11 06:29:59 2026
[3dDX-RT: v3.4.0     NPU Device driver: v2.5.1     DX-TOP: v1.1.0
[4d-
[198b-
[5;3H
[0;1m
[36m
[40mDevice :
[37m
[40m0
[18G
[0;1m
[36m
[40mVariant:
[37m
[40m    M1
[38G
[0;1m
[36m
[40mPCIe Bus Number:
[37m
[40m  01:00:00  
[39;49m
[37m
[40m  
[0;1m
[36m
[40mFirmware:
[37m
[40m  v2.7.1
[6;3H
[0;1m
[36m
[40mNPU Memory:
[39;49m
[37m
[40m  
[34m
[40m[|
[19X
[6;37H]
[39;49m
[37m
[40m 
[34m
[40m177.90 MiB / 1.92 GiB (9.04%) 
[7;5H
[0;1m
[35m
[40mCore :
[37m
[40m0 
[39;49m
[37m
[40m  
[0;1m
[35m
[40mUtil:
[37m
[40m  50.0% 
[39;49m
[37m
[40m  
[0;1m
[35m
[40mTemp:
[33m
[40m 84 
[39;49m
[37m
[40m  
[0;1m
[35m
[40mVoltage:
[37m
[40m 775 mV 
[39;49m
[37m
[40m  
[0;1m
[35m
[40mClock:
[37m
[40m 1000 MHz
[8;5H
[0;1m
[35m
[40mCore :
[37m
[40m1 
[39;49m
[37m
[40m  
[0;1m
[35m
[40mUtil:
[37m
[40m  28.8% 
[39;49m
[37m
[40m  
[0;1m
[35m
[40mTemp:
[33m
[40m 84 
[39;49m
[37m
[40m  
[0;1m
[35m
[40mVoltage:
[37m
[40m 775 mV 
[39;49m
[37m
[40m  
[0;1m
[35m
[40mClock:
[37m
[40m 1000 MHz
[9;5H
[0;1m
[35m
[40mCore :
[37m
[40m2 
[39;49m
[37m
[40m  
[0;1m
[35m
[40mUtil:
[37m
[40m   4.7% 
[39;49m
[37m
[40m  
[0;1m
[35m
[40mTemp:
[33m
[40m 86 
[39;49m
[37m
[40m  
[0;1m
[35m
[40mVoltage:
[37m
[40m 775 mV 
[39;49m
[37m
[40m  
[0;1m
[35m
[40mClock:
[37m
[40m 1000 MHz
[10d
[39;49m
[37m
[40m-
[198b-
[50;1HTotal Devices: 1
[50;190HPage: 1 / 
[?7l1
[?7h
[39;49m
[37m
[40m
[2J[DX-TOP]  (q) Quit   (n) Next Page   (p) Prev Page   (h) Help
[2dSat Jul 11 06:30:01 2026
[3dDX-RT: v3.4.0     NPU Device driver: v2.5.1     DX-TOP: v1.1.0
[4d-
[198b-
[5;3H
[0;1m
[36m
[40mDevice :
[37m
[40m0
[18G
[0;1m
[36m
[40mVariant:
[37m
[40m    M1
[38G
[0;1m
[36m
[40mPCIe Bus Number:
[37m
[40m  01:00:00  
[39;49m
[37m
[40m  
[0;1m
[36m
[40mFirmware:
[37m
[40m  v2.7.1
[6;3H
[0;1m
[36m
[40mNPU Memory:
[39;49m
[37m
[40m  
[34m
[40m[|
[19X
[6;37H]
[39;49m
[37m
[40m 
[34m
[40m177.90 MiB / 1.92 GiB (9.04%) 
[7;5H
[0;1m
[35m
[40mCore :
[37m
[40m0 
[39;49m
[37m
[40m  
[0;1m
[35m
[40mUtil:
[37m
[40m  48.1% 
[39;49m
[37m
[40m  
[0;1m
[35m
[40mTemp:
[33m
[40m 83 
[39;49m
[37m
[40m  
[0;1m
[35m
[40mVoltage:
[37m
[40m 760 mV 
[39;49m
[37m
[40m  
[0;1m
[35m
[40mClock:
[37m
[40m 1000 MHz
[8;5H
[0;1m
[35m
[40mCore :
[37m
[40m1 
[39;49m
[37m
[40m  
[0;1m
[35m
[40mUtil:
[37m
[40m  26.4% 
[39;49m
[37m
[40m  
[0;1m
[35m
[40mTemp:
[33m
[40m 84 
[39;49m
[37m
[40m  
[0;1m
[35m
[40mVoltage:
[37m
[40m 760 mV 
[39;49m
[37m
[40m  
[0;1m
[35m
[40mClock:
[37m
[40m 1000 MHz
[9;5H
[0;1m
[35m
[40mCore :
[37m
[40m2 
[39;49m
[37m
[40m  
[0;1m
[35m
[40mUtil:
[37m
[40m  15.3% 
[39;49m
[37m
[40m  
[0;1m
[35m
[40mTemp:
[33m
[40m 85 
[39;49m
[37m
[40m  
[0;1m
[35m
[40mVoltage:
[37m
[40m 760 mV 
[39;49m
[37m
[40m  
[0;1m
[35m
[40mClock:
[37m
[40m 1000 MHz
[10d
[39;49m
[37m
[40m-
[198b-
[50;1HTotal Devices: 1
[50;190HPage: 1 / 
[?7l1
[?7h
[39;49m
[37m
[40m
[2J[DX-TOP]  (q) Quit   (n) Next Page   (p) Prev Page   (h) Help
[2dSat Jul 11 06:30:03 2026
[3dDX-RT: v3.4.0     NPU Device driver: v2.5.1     DX-TOP: v1.1.0
[4d-
[198b-
[5;3H
[0;1m
[36m
[40mDevice :
[37m
[40m0
[18G
[0;1m
[36m
[40mVariant:
[37m
[40m    M1
[38G
[0;1m
[36m
[40mPCIe Bus Number:
[37m
[40m  01:00:00  
[39;49m
[37m
[40m  
[0;1m
[36m
[40mFirmware:
[37m
[40m  v2.7.1
[6;3H
[0;1m
[36m
[40mNPU Memory:
[39;49m
[37m
[40m  
[34m
[40m[|
[19X
[6;37H]
[39;49m
[37m
[40m 
[34m
[40m177.90 MiB / 1.92 GiB (9.04%) 
[7;5H
[0;1m
[35m
[40mCore :
[37m
[40m0 
[39;49m
[37m
[40m  
[0;1m
[35m
[40mUtil:
[37m
[40m  51.4% 
[39;49m
[37m
[40m  
[0;1m
[35m
[40mTemp:
[33m
[40m 83 
[39;49m
[37m
[40m  
[0;1m
[35m
[40mVoltage:
[37m
[40m 765 mV 
[39;49m
[37m
[40m  
[0;1m
[35m
[40mClock:
[37m
[40m 1000 MHz
[8;5H
[0;1m
[35m
[40mCore :
[37m
[40m1 
[39;49m
[37m
[40m  
[0;1m
[35m
[40mUtil:
[37m
[40m  26.2% 
[39;49m
[37m
[40m  
[0;1m
[35m
[40mTemp:
[33m
[40m 85 
[39;49m
[37m
[40m  
[0;1m
[35m
[40mVoltage:
[37m
[40m 765 mV 
[39;49m
[37m
[40m  
[0;1m
[35m
[40mClock:
[37m
[40m 1000 MHz
[9;5H
[0;1m
[35m
[40mCore :
[37m
[40m2 
[39;49m
[37m
[40m  
[0;1m
[35m
[40mUtil:
[37m
[40m   5.2% 
[39;49m
[37m
[40m  
[0;1m
[35m
[40mTemp:
[33m
[40m 85 
[39;49m
[37m
[40m  
[0;1m
[35m
[40mVoltage:
[37m
[40m 765 mV 
[39;49m
[37m
[40m  
[0;1m
[35m
[40mClock:
[37m
[40m 1000 MHz
[10d
[39;49m
[37m
[40m-
[198b-
[50;1HTotal Devices: 1
[50;190HPage: 1 / 
[?7l1
[?7h
[39;49m
[37m
[40m
[2J[DX-TOP]  (q) Quit   (n) Next Page   (p) Prev Page   (h) Help
[2dSat Jul 11 06:30:05 2026
[3dDX-RT: v3.4.0     NPU Device driver: v2.5.1     DX-TOP: v1.1.0
[4d-
[198b-
[5;3H
[0;1m
[36m
[40mDevice :
[37m
[40m0
[18G
[0;1m
[36m
[40mVariant:
[37m
[40m    M1
[38G
[0;1m
[36m
[40mPCIe Bus Number:
[37m
[40m  01:00:00  
[39;49m
[37m
[40m  
[0;1m
[36m
[40mFirmware:
[37m
[40m  v2.7.1
[6;3H
[0;1m
[36m
[40mNPU Memory:
[39;49m
[37m
[40m  
[34m
[40m[|
[19X
[6;37H]
[39;49m
[37m
[40m 
[34m
[40m177.90 MiB / 1.92 GiB (9.04%) 
[7;5H
[0;1m
[35m
[40mCore :
[37m
[40m0 
[39;49m
[37m
[40m  
[0;1m
[35m
[40mUtil:
[37m
[40m  50.4% 
[39;49m
[37m
[40m  
[0;1m
[35m
[40mTemp:
[33m
[40m 83 
[39;49m
[37m
[40m  
[0;1m
[35m
[40mVoltage:
[37m
[40m 765 mV 
[39;49m
[37m
[40m  
[0;1m
[35m
[40mClock:
[37m
[40m 1000 MHz
[8;5H
[0;1m
[35m
[40mCore :
[37m
[40m1 
[39;49m
[37m
[40m  
[0;1m
[35m
[40mUtil:
[37m
[40m  33.0% 
[39;49m
[37m
[40m  
[0;1m
[35m
[40mTemp:
[33m
[40m 84 
[39;49m
[37m
[40m  
[0;1m
[35m
[40mVoltage:
[37m
[40m 765 mV 
[39;49m
[37m
[40m  
[0;1m
[35m
[40mClock:
[37m
[40m 1000 MHz
[9;5H
[0;1m
[35m
[40mCore :
[37m
[40m2 
[39;49m
[37m
[40m  
[0;1m
[35m
[40mUtil:
[37m
[40m   8.3% 
[39;49m
[37m
[40m  
[0;1m
[35m
[40mTemp:
[33m
[40m 84 
[39;49m
[37m
[40m  
[0;1m
[35m
[40mVoltage:
[37m
[40m 765 mV 
[39;49m
[37m
[40m  
[0;1m
[35m
[40mClock:
[37m
[40m 1000 MHz
[10d
[39;49m
[37m
[40m-
[198b-
[50;1HTotal Devices: 1
[50;190HPage: 1 / 
[?7l1
[?7h
[39;49m
[37m
[40m
[2J[DX-TOP]  (q) Quit   (n) Next Page   (p) Prev Page   (h) Help
[2dSat Jul 11 06:30:07 2026
[3dDX-RT: v3.4.0     NPU Device driver: v2.5.1     DX-TOP: v1.1.0
[4d-
[198b-
[5;3H
[0;1m
[36m
[40mDevice :
[37m
[40m0
[18G
[0;1m
[36m
[40mVariant:
[37m
[40m    M1
[38G
[0;1m
[36m
[40mPCIe Bus Number:
[37m
[40m  01:00:00  
[39;49m
[37m
[40m  
[0;1m
[36m
[40mFirmware:
[37m
[40m  v2.7.1
[6;3H
[0;1m
[36m
[40mNPU Memory:
[39;49m
[37m
[40m  
[34m
[40m[|
[19X
[6;37H]
[39;49m
[37m
[40m 
[34m
[40m177.90 MiB / 1.92 GiB (9.04%) 
[7;5H
[0;1m
[35m
[40mCore :
[37m
[40m0 
[39;49m
[37m
[40m  
[0;1m
[35m
[40mUtil:
[37m
[40m  50.9% 
[39;49m
[37m
[40m  
[0;1m
[35m
[40mTemp:
[33m
[40m 84 
[39;49m
[37m
[40m  
[0;1m
[35m
[40mVoltage:
[37m
[40m 770 mV 
[39;49m
[37m
[40m  
[0;1m
[35m
[40mClock:
[37m
[40m 1000 MHz
[8;5H
[0;1m
[35m
[40mCore :
[37m
[40m1 
[39;49m
[37m
[40m  
[0;1m
[35m
[40mUtil:
[37m
[40m  31.9% 
[39;49m
[37m
[40m  
[0;1m
[35m
[40mTemp:
[33m
[40m 85 
[39;49m
[37m
[40m  
[0;1m
[35m
[40mVoltage:
[37m
[40m 770 mV 
[39;49m
[37m
[40m  
[0;1m
[35m
[40mClock:
[37m
[40m 1000 MHz
[9;5H
[0;1m
[35m
[40mCore :
[37m
[40m2 
[39;49m
[37m
[40m  
[0;1m
[35m
[40mUtil:
[37m
[40m   2.3% 
[39;49m
[37m
[40m  
[0;1m
[35m
[40mTemp:
[33m
[40m 85 
[39;49m
[37m
[40m  
[0;1m
[35m
[40mVoltage:
[37m
[40m 770 mV 
[39;49m
[37m
[40m  
[0;1m
[35m
[40mClock:
[37m
[40m 1000 MHz
[10d
[39;49m
[37m
[40m-
[198b-
[50;1HTotal Devices: 1
[50;190HPage: 1 / 
[?7l1
[?7h
[39;49m
[37m
[40m
[2J[DX-TOP]  (q) Quit   (n) Next Page   (p) Prev Page   (h) Help
[2dSat Jul 11 06:30:09 2026
[3dDX-RT: v3.4.0     NPU Device driver: v2.5.1     DX-TOP: v1.1.0
[4d-
[198b-
[5;3H
[0;1m
[36m
[40mDevice :
[37m
[40m0
[18G
[0;1m
[36m
[40mVariant:
[37m
[40m    M1
[38G
[0;1m
[36m
[40mPCIe Bus Number:
[37m
[40m  01:00:00  
[39;49m
[37m
[40m  
[0;1m
[36m
[40mFirmware:
[37m
[40m  v2.7.1
[6;3H
[0;1m
[36m
[40mNPU Memory:
[39;49m
[37m
[40m  
[34m
[40m[|
[19X
[6;37H]
[39;49m
[37m
[40m 
[34m
[40m177.90 MiB / 1.92 GiB (9.04%) 
[7;5H
[0;1m
[35m
[40mCore :
[37m
[40m0 
[39;49m
[37m
[40m  
[0;1m
[35m
[40mUtil:
[37m
[40m  40.1% 
[39;49m
[37m
[40m  
[0;1m
[35m
[40mTemp:
[33m
[40m 84 
[39;49m
[37m
[40m  
[0;1m
[35m
[40mVoltage:
[37m
[40m 770 mV 
[39;49m
[37m
[40m  
[0;1m
[35m
[40mClock:
[37m
[40m 1000 MHz
[8;5H
[0;1m
[35m
[40mCore :
[37m
[40m1 
[39;49m
[37m
[40m  
[0;1m
[35m
[40mUtil:
[37m
[40m  35.2% 
[39;49m
[37m
[40m  
[0;1m
[35m
[40mTemp:
[33m
[40m 84 
[39;49m
[37m
[40m  
[0;1m
[35m
[40mVoltage:
[37m
[40m 770 mV 
[39;49m
[37m
[40m  
[0;1m
[35m
[40mClock:
[37m
[40m 1000 MHz
[9;5H
[0;1m
[35m
[40mCore :
[37m
[40m2 
[39;49m
[37m
[40m  
[0;1m
[35m
[40mUtil:
[37m
[40m  20.1% 
[39;49m
[37m
[40m  
[0;1m
[35m
[40mTemp:
[33m
[40m 85 
[39;49m
[37m
[40m  
[0;1m
[35m
[40mVoltage:
[37m
[40m 770 mV 
[39;49m
[37m
[40m  
[0;1m
[35m
[40mClock:
[37m
[40m 1000 MHz
[10d
[39;49m
[37m
[40m-
[198b-
[50;1HTotal Devices: 1
[50;190HPage: 1 / 
[?7l1
[?7h
[39;49m
[37m
[40m
[2J[DX-TOP]  (q) Quit   (n) Next Page   (p) Prev Page   (h) Help
[2dSat Jul 11 06:30:11 2026
[3dDX-RT: v3.4.0     NPU Device driver: v2.5.1     DX-TOP: v1.1.0
[4d-
[198b-
[5;3H
[0;1m
[36m
[40mDevice :
[37m
[40m0
[18G
[0;1m
[36m
[40mVariant:
[37m
[40m    M1
[38G
[0;1m
[36m
[40mPCIe Bus Number:
[37m
[40m  01:00:00  
[39;49m
[37m
[40m  
[0;1m
[36m
[40mFirmware:
[37m
[40m  v2.7.1
[6;3H
[0;1m
[36m
[40mNPU Memory:
[39;49m
[37m
[40m  
[34m
[40m[|
[19X
[6;37H]
[39;49m
[37m
[40m 
[34m
[40m177.90 MiB / 1.92 GiB (9.04%) 
[7;5H
[0;1m
[35m
[40mCore :
[37m
[40m0 
[39;49m
[37m
[40m  
[0;1m
[35m
[40mUtil:
[37m
[40m  50.0% 
[39;49m
[37m
[40m  
[0;1m
[35m
[40mTemp:
[33m
[40m 84 
[39;49m
[37m
[40m  
[0;1m
[35m
[40mVoltage:
[37m
[40m 765 mV 
[39;49m
[37m
[40m  
[0;1m
[35m
[40mClock:
[37m
[40m 1000 MHz
[8;5H
[0;1m
[35m
[40mCore :
[37m
[40m1 
[39;49m
[37m
[40m  
[0;1m
[35m
[40mUtil:
[37m
[40m  27.0% 
[39;49m
[37m
[40m  
[0;1m
[35m
[40mTemp:
[33m
[40m 84 
[39;49m
[37m
[40m  
[0;1m
[35m
[40mVoltage:
[37m
[40m 765 mV 
[39;49m
[37m
[40m  
[0;1m
[35m
[40mClock:
[37m
[40m 1000 MHz
[9;5H
[0;1m
[35m
[40mCore :
[37m
[40m2 
[39;49m
[37m
[40m  
[0;1m
[35m
[40mUtil:
[37m
[40m   7.0% 
[39;49m
[37m
[40m  
[0;1m
[35m
[40mTemp:
[33m
[40m 84 
[39;49m
[37m
[40m  
[0;1m
[35m
[40mVoltage:
[37m
[40m 765 mV 
[39;49m
[37m
[40m  
[0;1m
[35m
[40mClock:
[37m
[40m 1000 MHz
[10d
[39;49m
[37m
[40m-
[198b-
[50;1HTotal Devices: 1
[50;190HPage: 1 / 
[?7l1
[?7h
[39;49m
[37m
[40m
[2J[DX-TOP]  (q) Quit   (n) Next Page   (p) Prev Page   (h) Help
[2dSat Jul 11 06:30:13 2026
[3dDX-RT: v3.4.0     NPU Device driver: v2.5.1     DX-TOP: v1.1.0
[4d-
[198b-
[5;3H
[0;1m
[36m
[40mDevice :
[37m
[40m0
[18G
[0;1m
[36m
[40mVariant:
[37m
[40m    M1
[38G
[0;1m
[36m
[40mPCIe Bus Number:
[37m
[40m  01:00:00  
[39;49m
[37m
[40m  
[0;1m
[36m
[40mFirmware:
[37m
[40m  v2.7.1
[6;3H
[0;1m
[36m
[40mNPU Memory:
[39;49m
[37m
[40m  
[34m
[40m[|
[19X
[6;37H]
[39;49m
[37m
[40m 
[34m
[40m177.90 MiB / 1.92 GiB (9.04%) 
[7;5H
[0;1m
[35m
[40mCore :
[37m
[40m0 
[39;49m
[37m
[40m  
[0;1m
[35m
[40mUtil:
[37m
[40m  46.2% 
[39;49m
[37m
[40m  
[0;1m
[35m
[40mTemp:
[33m
[40m 83 
[39;49m
[37m
[40m  
[0;1m
[35m
[40mVoltage:
[37m
[40m 755 mV 
[39;49m
[37m
[40m  
[0;1m
[35m
[40mClock:
[37m
[40m 1000 MHz
[8;5H
[0;1m
[35m
[40mCore :
[37m
[40m1 
[39;49m
[37m
[40m  
[0;1m
[35m
[40mUtil:
[37m
[40m  31.3% 
[39;49m
[37m
[40m  
[0;1m
[35m
[40mTemp:
[33m
[40m 84 
[39;49m
[37m
[40m  
[0;1m
[35m
[40mVoltage:
[37m
[40m 755 mV 
[39;49m
[37m
[40m  
[0;1m
[35m
[40mClock:
[37m
[40m 1000 MHz
[9;5H
[0;1m
[35m
[40mCore :
[37m
[40m2 
[39;49m
[37m
[40m  
[0;1m
[35m
[40mUtil:
[37m
[40m  10.1% 
[39;49m
[37m
[40m  
[0;1m
[35m
[40mTemp:
[33m
[40m 84 
[39;49m
[37m
[40m  
[0;1m
[35m
[40mVoltage:
[37m
[40m 755 mV 
[39;49m
[37m
[40m  
[0;1m
[35m
[40mClock:
[37m
[40m 1000 MHz
[10d
[39;49m
[37m
[40m-
[198b-
[50;1HTotal Devices: 1
[50;190HPage: 1 / 
[?7l1
[?7h
[39;49m
[37m
[40m
[2J[DX-TOP]  (q) Quit   (n) Next Page   (p) Prev Page   (h) Help
[2dSat Jul 11 06:30:15 2026
[3dDX-RT: v3.4.0     NPU Device driver: v2.5.1     DX-TOP: v1.1.0
[4d-
[198b-
[5;3H
[0;1m
[36m
[40mDevice :
[37m
[40m0
[18G
[0;1m
[36m
[40mVariant:
[37m
[40m    M1
[38G
[0;1m
[36m
[40mPCIe Bus Number:
[37m
[40m  01:00:00  
[39;49m
[37m
[40m  
[0;1m
[36m
[40mFirmware:
[37m
[40m  v2.7.1
[6;3H
[0;1m
[36m
[40mNPU Memory:
[39;49m
[37m
[40m  
[34m
[40m[|
[19X
[6;37H]
[39;49m
[37m
[40m 
[34m
[40m177.90 MiB / 1.92 GiB (9.04%) 
[7;5H
[0;1m
[35m
[40mCore :
[37m
[40m0 
[39;49m
[37m
[40m  
[0;1m
[35m
[40mUtil:
[37m
[40m  43.6% 
[39;49m
[37m
[40m  
[0;1m
[35m
[40mTemp:
[33m
[40m 84 
[39;49m
[37m
[40m  
[0;1m
[35m
[40mVoltage:
[37m
[40m 770 mV 
[39;49m
[37m
[40m  
[0;1m
[35m
[40mClock:
[37m
[40m 1000 MHz
[8;5H
[0;1m
[35m
[40mCore :
[37m
[40m1 
[39;49m
[37m
[40m  
[0;1m
[35m
[40mUtil:
[37m
[40m  28.6% 
[39;49m
[37m
[40m  
[0;1m
[35m
[40mTemp:
[33m
[40m 85 
[39;49m
[37m
[40m  
[0;1m
[35m
[40mVoltage:
[37m
[40m 770 mV 
[39;49m
[37m
[40m  
[0;1m
[35m
[40mClock:
[37m
[40m 1000 MHz
[9;5H
[0;1m
[35m
[40mCore :
[37m
[40m2 
[39;49m
[37m
[40m  
[0;1m
[35m
[40mUtil:
[37m
[40m  10.6% 
[39;49m
[37m
[40m  
[0;1m
[35m
[40mTemp:
[33m
[40m 86 
[39;49m
[37m
[40m  
[0;1m
[35m
[40mVoltage:
[37m
[40m 770 mV 
[39;49m
[37m
[40m  
[0;1m
[35m
[40mClock:
[37m
[40m 1000 MHz
[10d
[39;49m
[37m
[40m-
[198b-
[50;1HTotal Devices: 1
[50;190HPage: 1 / 
[?7l1
[?7h
[39;49m
[37m
[40m
[2J[DX-TOP]  (q) Quit   (n) Next Page   (p) Prev Page   (h) Help
[2dSat Jul 11 06:30:17 2026
[3dDX-RT: v3.4.0     NPU Device driver: v2.5.1     DX-TOP: v1.1.0
[4d-
[198b-
[5;3H
[0;1m
[36m
[40mDevice :
[37m
[40m0
[18G
[0;1m
[36m
[40mVariant:
[37m
[40m    M1
[38G
[0;1m
[36m
[40mPCIe Bus Number:
[37m
[40m  01:00:00  
[39;49m
[37m
[40m  
[0;1m
[36m
[40mFirmware:
[37m
[40m  v2.7.1
[6;3H
[0;1m
[36m
[40mNPU Memory:
[39;49m
[37m
[40m  
[34m
[40m[|
[19X
[6;37H]
[39;49m
[37m
[40m 
[34m
[40m177.90 MiB / 1.92 GiB (9.04%) 
[7;5H
[0;1m
[35m
[40mCore :
[37m
[40m0 
[39;49m
[37m
[40m  
[0;1m
[35m
[40mUtil:
[37m
[40m  50.9% 
[39;49m
[37m
[40m  
[0;1m
[35m
[40mTemp:
[33m
[40m 84 
[39;49m
[37m
[40m  
[0;1m
[35m
[40mVoltage:
[37m
[40m 765 mV 
[39;49m
[37m
[40m  
[0;1m
[35m
[40mClock:
[37m
[40m 1000 MHz
[8;5H
[0;1m
[35m
[40mCore :
[37m
[40m1 
[39;49m
[37m
[40m  
[0;1m
[35m
[40mUtil:
[37m
[40m  29.8% 
[39;49m
[37m
[40m  
[0;1m
[35m
[40mTemp:
[33m
[40m 84 
[39;49m
[37m
[40m  
[0;1m
[35m
[40mVoltage:
[37m
[40m 765 mV 
[39;49m
[37m
[40m  
[0;1m
[35m
[40mClock:
[37m
[40m 1000 MHz
[9;5H
[0;1m
[35m
[40mCore :
[37m
[40m2 
[39;49m
[37m
[40m  
[0;1m
[35m
[40mUtil:
[37m
[40m   2.5% 
[39;49m
[37m
[40m  
[0;1m
[35m
[40mTemp:
[33m
[40m 85 
[39;49m
[37m
[40m  
[0;1m
[35m
[40mVoltage:
[37m
[40m 765 mV 
[39;49m
[37m
[40m  
[0;1m
[35m
[40mClock:
[37m
[40m 1000 MHz
[10d
[39;49m
[37m
[40m-
[198b-
[50;1HTotal Devices: 1
[50;190HPage: 1 / 
[?7l1
[?7h
[39;49m
[37m
[40m
[2J[DX-TOP]  (q) Quit   (n) Next Page   (p) Prev Page   (h) Help
[2dSat Jul 11 06:30:19 2026
[3dDX-RT: v3.4.0     NPU Device driver: v2.5.1     DX-TOP: v1.1.0
[4d-
[198b-
[5;3H
[0;1m
[36m
[40mDevice :
[37m
[40m0
[18G
[0;1m
[36m
[40mVariant:
[37m
[40m    M1
[38G
[0;1m
[36m
[40mPCIe Bus Number:
[37m
[40m  01:00:00  
[39;49m
[37m
[40m  
[0;1m
[36m
[40mFirmware:
[37m
[40m  v2.7.1
[6;3H
[0;1m
[36m
[40mNPU Memory:
[39;49m
[37m
[40m  
[34m
[40m[|
[19X
[6;37H]
[39;49m
[37m
[40m 
[34m
[40m177.90 MiB / 1.92 GiB (9.04%) 
[7;5H
[0;1m
[35m
[40mCore :
[37m
[40m0 
[39;49m
[37m
[40m  
[0;1m
[35m
[40mUtil:
[37m
[40m  49.2% 
[39;49m
[37m
[40m  
[0;1m
[35m
[40mTemp:
[33m
[40m 84 
[39;49m
[37m
[40m  
[0;1m
[35m
[40mVoltage:
[37m
[40m 765 mV 
[39;49m
[37m
[40m  
[0;1m
[35m
[40mClock:
[37m
[40m 1000 MHz
[8;5H
[0;1m
[35m
[40mCore :
[37m
[40m1 
[39;49m
[37m
[40m  
[0;1m
[35m
[40mUtil:
[37m
[40m  29.6% 
[39;49m
[37m
[40m  
[0;1m
[35m
[40mTemp:
[33m
[40m 84 
[39;49m
[37m
[40m  
[0;1m
[35m
[40mVoltage:
[37m
[40m 765 mV 
[39;49m
[37m
[40m  
[0;1m
[35m
[40mClock:
[37m
[40m 1000 MHz
[9;5H
[0;1m
[35m
[40mCore :
[37m
[40m2 
[39;49m
[37m
[40m  
[0;1m
[35m
[40mUtil:
[37m
[40m   7.3% 
[39;49m
[37m
[40m  
[0;1m
[35m
[40mTemp:
[33m
[40m 85 
[39;49m
[37m
[40m  
[0;1m
[35m
[40mVoltage:
[37m
[40m 765 mV 
[39;49m
[37m
[40m  
[0;1m
[35m
[40mClock:
[37m
[40m 1000 MHz
[10d
[39;49m
[37m
[40m-
[198b-
[50;1HTotal Devices: 1
[50;190HPage: 1 / 
[?7l1
[?7h
[39;49m
[37m
[40m
[2J[DX-TOP]  (q) Quit   (n) Next Page   (p) Prev Page   (h) Help
[2dSat Jul 11 06:30:21 2026
[3dDX-RT: v3.4.0     NPU Device driver: v2.5.1     DX-TOP: v1.1.0
[4d-
[198b-
[5;3H
[0;1m
[36m
[40mDevice :
[37m
[40m0
[18G
[0;1m
[36m
[40mVariant:
[37m
[40m    M1
[38G
[0;1m
[36m
[40mPCIe Bus Number:
[37m
[40m  01:00:00  
[39;49m
[37m
[40m  
[0;1m
[36m
[40mFirmware:
[37m
[40m  v2.7.1
[6;3H
[0;1m
[36m
[40mNPU Memory:
[39;49m
[37m
[40m  
[34m
[40m[|
[19X
[6;37H]
[39;49m
[37m
[40m 
[34m
[40m177.90 MiB / 1.92 GiB (9.04%) 
[7;5H
[0;1m
[35m
[40mCore :
[37m
[40m0 
[39;49m
[37m
[40m  
[0;1m
[35m
[40mUtil:
[37m
[40m  50.1% 
[39;49m
[37m
[40m  
[0;1m
[35m
[40mTemp:
[33m
[40m 83 
[39;49m
[37m
[40m  
[0;1m
[35m
[40mVoltage:
[37m
[40m 775 mV 
[39;49m
[37m
[40m  
[0;1m
[35m
[40mClock:
[37m
[40m 1000 MHz
[8;5H
[0;1m
[35m
[40mCore :
[37m
[40m1 
[39;49m
[37m
[40m  
[0;1m
[35m
[40mUtil:
[37m
[40m  32.7% 
[39;49m
[37m
[40m  
[0;1m
[35m
[40mTemp:
[33m
[40m 84 
[39;49m
[37m
[40m  
[0;1m
[35m
[40mVoltage:
[37m
[40m 775 mV 
[39;49m
[37m
[40m  
[0;1m
[35m
[40mClock:
[37m
[40m 1000 MHz
[9;5H
[0;1m
[35m
[40mCore :
[37m
[40m2 
[39;49m
[37m
[40m  
[0;1m
[35m
[40mUtil:
[37m
[40m   5.5% 
[39;49m
[37m
[40m  
[0;1m
[35m
[40mTemp:
[33m
[40m 85 
[39;49m
[37m
[40m  
[0;1m
[35m
[40mVoltage:
[37m
[40m 775 mV 
[39;49m
[37m
[40m  
[0;1m
[35m
[40mClock:
[37m
[40m 1000 MHz
[10d
[39;49m
[37m
[40m-
[198b-
[50;1HTotal Devices: 1
[50;190HPage: 1 / 
[?7l1
[?7h
[39;49m
[37m
[40m
[2J[DX-TOP]  (q) Quit   (n) Next Page   (p) Prev Page   (h) Help
[2dSat Jul 11 06:30:23 2026
[3dDX-RT: v3.4.0     NPU Device driver: v2.5.1     DX-TOP: v1.1.0
[4d-
[198b-
[5;3H
[0;1m
[36m
[40mDevice :
[37m
[40m0
[18G
[0;1m
[36m
[40mVariant:
[37m
[40m    M1
[38G
[0;1m
[36m
[40mPCIe Bus Number:
[37m
[40m  01:00:00  
[39;49m
[37m
[40m  
[0;1m
[36m
[40mFirmware:
[37m
[40m  v2.7.1
[6;3H
[0;1m
[36m
[40mNPU Memory:
[39;49m
[37m
[40m  
[34m
[40m[|
[19X
[6;37H]
[39;49m
[37m
[40m 
[34m
[40m177.90 MiB / 1.92 GiB (9.04%) 
[7;5H
[0;1m
[35m
[40mCore :
[37m
[40m0 
[39;49m
[37m
[40m  
[0;1m
[35m
[40mUtil:
[37m
[40m  50.9% 
[39;49m
[37m
[40m  
[0;1m
[35m
[40mTemp:
[33m
[40m 84 
[39;49m
[37m
[40m  
[0;1m
[35m
[40mVoltage:
[37m
[40m 765 mV 
[39;49m
[37m
[40m  
[0;1m
[35m
[40mClock:
[37m
[40m 1000 MHz
[8;5H
[0;1m
[35m
[40mCore :
[37m
[40m1 
[39;49m
[37m
[40m  
[0;1m
[35m
[40mUtil:
[37m
[40m  27.6% 
[39;49m
[37m
[40m  
[0;1m
[35m
[40mTemp:
[33m
[40m 85 
[39;49m
[37m
[40m  
[0;1m
[35m
[40mVoltage:
[37m
[40m 765 mV 
[39;49m
[37m
[40m  
[0;1m
[35m
[40mClock:
[37m
[40m 1000 MHz
[9;5H
[0;1m
[35m
[40mCore :
[37m
[40m2 
[39;49m
[37m
[40m  
[0;1m
[35m
[40mUtil:
[37m
[40m   7.0% 
[39;49m
[37m
[40m  
[0;1m
[35m
[40mTemp:
[33m
[40m 86 
[39;49m
[37m
[40m  
[0;1m
[35m
[40mVoltage:
[37m
[40m 765 mV 
[39;49m
[37m
[40m  
[0;1m
[35m
[40mClock:
[37m
[40m 1000 MHz
[10d
[39;49m
[37m
[40m-
[198b-
[50;1HTotal Devices: 1
[50;190HPage: 1 / 
[?7l1
[?7h
[39;49m
[37m
[40m
[2J[DX-TOP]  (q) Quit   (n) Next Page   (p) Prev Page   (h) Help
[2dSat Jul 11 06:30:25 2026
[3dDX-RT: v3.4.0     NPU Device driver: v2.5.1     DX-TOP: v1.1.0
[4d-
[198b-
[5;3H
[0;1m
[36m
[40mDevice :
[37m
[40m0
[18G
[0;1m
[36m
[40mVariant:
[37m
[40m    M1
[38G
[0;1m
[36m
[40mPCIe Bus Number:
[37m
[40m  01:00:00  
[39;49m
[37m
[40m  
[0;1m
[36m
[40mFirmware:
[37m
[40m  v2.7.1
[6;3H
[0;1m
[36m
[40mNPU Memory:
[39;49m
[37m
[40m  
[34m
[40m[|
[19X
[6;37H]
[39;49m
[37m
[40m 
[34m
[40m177.90 MiB / 1.92 GiB (9.04%) 
[7;5H
[0;1m
[35m
[40mCore :
[37m
[40m0 
[39;49m
[37m
[40m  
[0;1m
[35m
[40mUtil:
[37m
[40m  43.9% 
[39;49m
[37m
[40m  
[0;1m
[35m
[40mTemp:
[33m
[40m 84 
[39;49m
[37m
[40m  
[0;1m
[35m
[40mVoltage:
[37m
[40m 770 mV 
[39;49m
[37m
[40m  
[0;1m
[35m
[40mClock:
[37m
[40m 1000 MHz
[8;5H
[0;1m
[35m
[40mCore :
[37m
[40m1 
[39;49m
[37m
[40m  
[0;1m
[35m
[40mUtil:
[37m
[40m  33.3% 
[39;49m
[37m
[40m  
[0;1m
[35m
[40mTemp:
[33m
[40m 84 
[39;49m
[37m
[40m  
[0;1m
[35m
[40mVoltage:
[37m
[40m 770 mV 
[39;49m
[37m
[40m  
[0;1m
[35m
[40mClock:
[37m
[40m 1000 MHz
[9;5H
[0;1m
[35m
[40mCore :
[37m
[40m2 
[39;49m
[37m
[40m  
[0;1m
[35m
[40mUtil:
[37m
[40m  15.4% 
[39;49m
[37m
[40m  
[0;1m
[35m
[40mTemp:
[33m
[40m 85 
[39;49m
[37m
[40m  
[0;1m
[35m
[40mVoltage:
[37m
[40m 770 mV 
[39;49m
[37m
[40m  
[0;1m
[35m
[40mClock:
[37m
[40m 1000 MHz
[10d
[39;49m
[37m
[40m-
[198b-
[50;1HTotal Devices: 1
[50;190HPage: 1 / 
[?7l1
[?7h
[39;49m
[37m
[40m
[2J[DX-TOP]  (q) Quit   (n) Next Page   (p) Prev Page   (h) Help
[2dSat Jul 11 06:30:27 2026
[3dDX-RT: v3.4.0     NPU Device driver: v2.5.1     DX-TOP: v1.1.0
[4d-
[198b-
[5;3H
[0;1m
[36m
[40mDevice :
[37m
[40m0
[18G
[0;1m
[36m
[40mVariant:
[37m
[40m    M1
[38G
[0;1m
[36m
[40mPCIe Bus Number:
[37m
[40m  01:00:00  
[39;49m
[37m
[40m  
[0;1m
[36m
[40mFirmware:
[37m
[40m  v2.7.1
[6;3H
[0;1m
[36m
[40mNPU Memory:
[39;49m
[37m
[40m  
[34m
[40m[|
[19X
[6;37H]
[39;49m
[37m
[40m 
[34m
[40m177.90 MiB / 1.92 GiB (9.04%) 
[7;5H
[0;1m
[35m
[40mCore :
[37m
[40m0 
[39;49m
[37m
[40m  
[0;1m
[35m
[40mUtil:
[37m
[40m  46.9% 
[39;49m
[37m
[40m  
[0;1m
[35m
[40mTemp:
[33m
[40m 84 
[39;49m
[37m
[40m  
[0;1m
[35m
[40mVoltage:
[37m
[40m 775 mV 
[39;49m
[37m
[40m  
[0;1m
[35m
[40mClock:
[37m
[40m 1000 MHz
[8;5H
[0;1m
[35m
[40mCore :
[37m
[40m1 
[39;49m
[37m
[40m  
[0;1m
[35m
[40mUtil:
[37m
[40m  30.6% 
[39;49m
[37m
[40m  
[0;1m
[35m
[40mTemp:
[33m
[40m 85 
[39;49m
[37m
[40m  
[0;1m
[35m
[40mVoltage:
[37m
[40m 775 mV 
[39;49m
[37m
[40m  
[0;1m
[35m
[40mClock:
[37m
[40m 1000 MHz
[9;5H
[0;1m
[35m
[40mCore :
[37m
[40m2 
[39;49m
[37m
[40m  
[0;1m
[35m
[40mUtil:
[37m
[40m  10.4% 
[39;49m
[37m
[40m  
[0;1m
[35m
[40mTemp:
[33m
[40m 86 
[39;49m
[37m
[40m  
[0;1m
[35m
[40mVoltage:
[37m
[40m 775 mV 
[39;49m
[37m
[40m  
[0;1m
[35m
[40mClock:
[37m
[40m 1000 MHz
[10d
[39;49m
[37m
[40m-
[198b-
[50;1HTotal Devices: 1
[50;190HPage: 1 / 
[?7l1
[?7h
[39;49m
[37m
[40m
[2J[DX-TOP]  (q) Quit   (n) Next Page   (p) Prev Page   (h) Help
[2dSat Jul 11 06:30:29 2026
[3dDX-RT: v3.4.0     NPU Device driver: v2.5.1     DX-TOP: v1.1.0
[4d-
[198b-
[5;3H
[0;1m
[36m
[40mDevice :
[37m
[40m0
[18G
[0;1m
[36m
[40mVariant:
[37m
[40m    M1
[38G
[0;1m
[36m
[40mPCIe Bus Number:
[37m
[40m  01:00:00  
[39;49m
[37m
[40m  
[0;1m
[36m
[40mFirmware:
[37m
[40m  v2.7.1
[6;3H
[0;1m
[36m
[40mNPU Memory:
[39;49m
[37m
[40m  
[34m
[40m[|
[19X
[6;37H]
[39;49m
[37m
[40m 
[34m
[40m177.90 MiB / 1.92 GiB (9.04%) 
[7;5H
[0;1m
[35m
[40mCore :
[37m
[40m0 
[39;49m
[37m
[40m  
[0;1m
[35m
[40mUtil:
[37m
[40m  51.8% 
[39;49m
[37m
[40m  
[0;1m
[35m
[40mTemp:
[33m
[40m 84 
[39;49m
[37m
[40m  
[0;1m
[35m
[40mVoltage:
[37m
[40m 770 mV 
[39;49m
[37m
[40m  
[0;1m
[35m
[40mClock:
[37m
[40m 1000 MHz
[8;5H
[0;1m
[35m
[40mCore :
[37m
[40m1 
[39;49m
[37m
[40m  
[0;1m
[35m
[40mUtil:
[37m
[40m  22.9% 
[39;49m
[37m
[40m  
[0;1m
[35m
[40mTemp:
[33m
[40m 85 
[39;49m
[37m
[40m  
[0;1m
[35m
[40mVoltage:
[37m
[40m 770 mV 
[39;49m
[37m
[40m  
[0;1m
[35m
[40mClock:
[37m
[40m 1000 MHz
[9;5H
[0;1m
[35m
[40mCore :
[37m
[40m2 
[39;49m
[37m
[40m  
[0;1m
[35m
[40mUtil:
[37m
[40m   7.1% 
[39;49m
[37m
[40m  
[0;1m
[35m
[40mTemp:
[33m
[40m 86 
[39;49m
[37m
[40m  
[0;1m
[35m
[40mVoltage:
[37m
[40m 770 mV 
[39;49m
[37m
[40m  
[0;1m
[35m
[40mClock:
[37m
[40m 1000 MHz
[10d
[39;49m
[37m
[40m-
[198b-
[50;1HTotal Devices: 1
[50;190HPage: 1 / 
[?7l1
[?7h
[39;49m
[37m
[40m
[2J[DX-TOP]  (q) Quit   (n) Next Page   (p) Prev Page   (h) Help
[2dSat Jul 11 06:30:31 2026
[3dDX-RT: v3.4.0     NPU Device driver: v2.5.1     DX-TOP: v1.1.0
[4d-
[198b-
[5;3H
[0;1m
[36m
[40mDevice :
[37m
[40m0
[18G
[0;1m
[36m
[40mVariant:
[37m
[40m    M1
[38G
[0;1m
[36m
[40mPCIe Bus Number:
[37m
[40m  01:00:00  
[39;49m
[37m
[40m  
[0;1m
[36m
[40mFirmware:
[37m
[40m  v2.7.1
[6;3H
[0;1m
[36m
[40mNPU Memory:
[39;49m
[37m
[40m  
[34m
[40m[|
[19X
[6;37H]
[39;49m
[37m
[40m 
[34m
[40m177.90 MiB / 1.92 GiB (9.04%) 
[7;5H
[0;1m
[35m
[40mCore :
[37m
[40m0 
[39;49m
[37m
[40m  
[0;1m
[35m
[40mUtil:
[37m
[40m  46.1% 
[39;49m
[37m
[40m  
[0;1m
[35m
[40mTemp:
[33m
[40m 84 
[39;49m
[37m
[40m  
[0;1m
[35m
[40mVoltage:
[37m
[40m 770 mV 
[39;49m
[37m
[40m  
[0;1m
[35m
[40mClock:
[37m
[40m 1000 MHz
[8;5H
[0;1m
[35m
[40mCore :
[37m
[40m1 
[39;49m
[37m
[40m  
[0;1m
[35m
[40mUtil:
[37m
[40m  34.2% 
[39;49m
[37m
[40m  
[0;1m
[35m
[40mTemp:
[33m
[40m 85 
[39;49m
[37m
[40m  
[0;1m
[35m
[40mVoltage:
[37m
[40m 770 mV 
[39;49m
[37m
[40m  
[0;1m
[35m
[40mClock:
[37m
[40m 1000 MHz
[9;5H
[0;1m
[35m
[40mCore :
[37m
[40m2 
[39;49m
[37m
[40m  
[0;1m
[35m
[40mUtil:
[37m
[40m   7.2% 
[39;49m
[37m
[40m  
[0;1m
[35m
[40mTemp:
[33m
[40m 85 
[39;49m
[37m
[40m  
[0;1m
[35m
[40mVoltage:
[37m
[40m 770 mV 
[39;49m
[37m
[40m  
[0;1m
[35m
[40mClock:
[37m
[40m 1000 MHz
[10d
[39;49m
[37m
[40m-
[198b-
[50;1HTotal Devices: 1
[50;190HPage: 1 / 
[?7l1
[?7h
[39;49m
[37m
[40m
[2J[DX-TOP]  (q) Quit   (n) Next Page   (p) Prev Page   (h) Help
[2dSat Jul 11 06:30:33 2026
[3dDX-RT: v3.4.0     NPU Device driver: v2.5.1     DX-TOP: v1.1.0
[4d-
[198b-
[5;3H
[0;1m
[36m
[40mDevice :
[37m
[40m0
[18G
[0;1m
[36m
[40mVariant:
[37m
[40m    M1
[38G
[0;1m
[36m
[40mPCIe Bus Number:
[37m
[40m  01:00:00  
[39;49m
[37m
[40m  
[0;1m
[36m
[40mFirmware:
[37m
[40m  v2.7.1
[6;3H
[0;1m
[36m
[40mNPU Memory:
[39;49m
[37m
[40m  
[34m
[40m[|
[19X
[6;37H]
[39;49m
[37m
[40m 
[34m
[40m177.90 MiB / 1.92 GiB (9.04%) 
[7;5H
[0;1m
[35m
[40mCore :
[37m
[40m0 
[39;49m
[37m
[40m  
[0;1m
[35m
[40mUtil:
[37m
[40m  50.3% 
[39;49m
[37m
[40m  
[0;1m
[35m
[40mTemp:
[33m
[40m 84 
[39;49m
[37m
[40m  
[0;1m
[35m
[40mVoltage:
[37m
[40m 760 mV 
[39;49m
[37m
[40m  
[0;1m
[35m
[40mClock:
[37m
[40m 1000 MHz
[8;5H
[0;1m
[35m
[40mCore :
[37m
[40m1 
[39;49m
[37m
[40m  
[0;1m
[35m
[40mUtil:
[37m
[40m  31.1% 
[39;49m
[37m
[40m  
[0;1m
[35m
[40mTemp:
[33m
[40m 85 
[39;49m
[37m
[40m  
[0;1m
[35m
[40mVoltage:
[37m
[40m 760 mV 
[39;49m
[37m
[40m  
[0;1m
[35m
[40mClock:
[37m
[40m 1000 MHz
[9;5H
[0;1m
[35m
[40mCore :
[37m
[40m2 
[39;49m
[37m
[40m  
[0;1m
[35m
[40mUtil:
[37m
[40m   7.5% 
[39;49m
[37m
[40m  
[0;1m
[35m
[40mTemp:
[33m
[40m 85 
[39;49m
[37m
[40m  
[0;1m
[35m
[40mVoltage:
[37m
[40m 760 mV 
[39;49m
[37m
[40m  
[0;1m
[35m
[40mClock:
[37m
[40m 1000 MHz
[10d
[39;49m
[37m
[40m-
[198b-
[50;1HTotal Devices: 1
[50;190HPage: 1 / 
[?7l1
[?7h
[39;49m
[37m
[40m
[2J[DX-TOP]  (q) Quit   (n) Next Page   (p) Prev Page   (h) Help
[2dSat Jul 11 06:30:35 2026
[3dDX-RT: v3.4.0     NPU Device driver: v2.5.1     DX-TOP: v1.1.0
[4d-
[198b-
[5;3H
[0;1m
[36m
[40mDevice :
[37m
[40m0
[18G
[0;1m
[36m
[40mVariant:
[37m
[40m    M1
[38G
[0;1m
[36m
[40mPCIe Bus Number:
[37m
[40m  01:00:00  
[39;49m
[37m
[40m  
[0;1m
[36m
[40mFirmware:
[37m
[40m  v2.7.1
[6;3H
[0;1m
[36m
[40mNPU Memory:
[39;49m
[37m
[40m  
[34m
[40m[|
[19X
[6;37H]
[39;49m
[37m
[40m 
[34m
[40m177.90 MiB / 1.92 GiB (9.04%) 
[7;5H
[0;1m
[35m
[40mCore :
[37m
[40m0 
[39;49m
[37m
[40m  
[0;1m
[35m
[40mUtil:
[37m
[40m  57.3% 
[39;49m
[37m
[40m  
[0;1m
[35m
[40mTemp:
[33m
[40m 84 
[39;49m
[37m
[40m  
[0;1m
[35m
[40mVoltage:
[37m
[40m 765 mV 
[39;49m
[37m
[40m  
[0;1m
[35m
[40mClock:
[37m
[40m 1000 MHz
[8;5H
[0;1m
[35m
[40mCore :
[37m
[40m1 
[39;49m
[37m
[40m  
[0;1m
[35m
[40mUtil:
[37m
[40m  23.4% 
[39;49m
[37m
[40m  
[0;1m
[35m
[40mTemp:
[33m
[40m 86 
[39;49m
[37m
[40m  
[0;1m
[35m
[40mVoltage:
[37m
[40m 765 mV 
[39;49m
[37m
[40m  
[0;1m
[35m
[40mClock:
[37m
[40m 1000 MHz
[9;5H
[0;1m
[35m
[40mCore :
[37m
[40m2 
[39;49m
[37m
[40m  
[0;1m
[35m
[40mUtil:
[37m
[40m   4.7% 
[39;49m
[37m
[40m  
[0;1m
[35m
[40mTemp:
[33m
[40m 85 
[39;49m
[37m
[40m  
[0;1m
[35m
[40mVoltage:
[37m
[40m 765 mV 
[39;49m
[37m
[40m  
[0;1m
[35m
[40mClock:
[37m
[40m 1000 MHz
[10d
[39;49m
[37m
[40m-
[198b-
[50;1HTotal Devices: 1
[50;190HPage: 1 / 
[?7l1
[?7h
[39;49m
[37m
[40m
[2J[DX-TOP]  (q) Quit   (n) Next Page   (p) Prev Page   (h) Help
[2dSat Jul 11 06:30:37 2026
[3dDX-RT: v3.4.0     NPU Device driver: v2.5.1     DX-TOP: v1.1.0
[4d-
[198b-
[5;3H
[0;1m
[36m
[40mDevice :
[37m
[40m0
[18G
[0;1m
[36m
[40mVariant:
[37m
[40m    M1
[38G
[0;1m
[36m
[40mPCIe Bus Number:
[37m
[40m  01:00:00  
[39;49m
[37m
[40m  
[0;1m
[36m
[40mFirmware:
[37m
[40m  v2.7.1
[6;3H
[0;1m
[36m
[40mNPU Memory:
[39;49m
[37m
[40m  
[34m
[40m[|
[19X
[6;37H]
[39;49m
[37m
[40m 
[34m
[40m177.90 MiB / 1.92 GiB (9.04%) 
[7;5H
[0;1m
[35m
[40mCore :
[37m
[40m0 
[39;49m
[37m
[40m  
[0;1m
[35m
[40mUtil:
[37m
[40m  56.5% 
[39;49m
[37m
[40m  
[0;1m
[35m
[40mTemp:
[33m
[40m 84 
[39;49m
[37m
[40m  
[0;1m
[35m
[40mVoltage:
[37m
[40m 770 mV 
[39;49m
[37m
[40m  
[0;1m
[35m
[40mClock:
[37m
[40m 1000 MHz
[8;5H
[0;1m
[35m
[40mCore :
[37m
[40m1 
[39;49m
[37m
[40m  
[0;1m
[35m
[40mUtil:
[37m
[40m  27.0% 
[39;49m
[37m
[40m  
[0;1m
[35m
[40mTemp:
[33m
[40m 84 
[39;49m
[37m
[40m  
[0;1m
[35m
[40mVoltage:
[37m
[40m 770 mV 
[39;49m
[37m
[40m  
[0;1m
[35m
[40mClock:
[37m
[40m 1000 MHz
[9;5H
[0;1m
[35m
[40mCore :
[37m
[40m2 
[39;49m
[37m
[40m  
[0;1m
[35m
[40mUtil:
[37m
[40m   2.2% 
[39;49m
[37m
[40m  
[0;1m
[35m
[40mTemp:
[33m
[40m 85 
[39;49m
[37m
[40m  
[0;1m
[35m
[40mVoltage:
[37m
[40m 770 mV 
[39;49m
[37m
[40m  
[0;1m
[35m
[40mClock:
[37m
[40m 1000 MHz
[10d
[39;49m
[37m
[40m-
[198b-
[50;1HTotal Devices: 1
[50;190HPage: 1 / 
[?7l1
[?7h
[39;49m
[37m
[40m
[2J[DX-TOP]  (q) Quit   (n) Next Page   (p) Prev Page   (h) Help
[2dSat Jul 11 06:30:39 2026
[3dDX-RT: v3.4.0     NPU Device driver: v2.5.1     DX-TOP: v1.1.0
[4d-
[198b-
[5;3H
[0;1m
[36m
[40mDevice :
[37m
[40m0
[18G
[0;1m
[36m
[40mVariant:
[37m
[40m    M1
[38G
[0;1m
[36m
[40mPCIe Bus Number:
[37m
[40m  01:00:00  
[39;49m
[37m
[40m  
[0;1m
[36m
[40mFirmware:
[37m
[40m  v2.7.1
[6;3H
[0;1m
[36m
[40mNPU Memory:
[39;49m
[37m
[40m  
[34m
[40m[|
[19X
[6;37H]
[39;49m
[37m
[40m 
[34m
[40m177.90 MiB / 1.92 GiB (9.04%) 
[7;5H
[0;1m
[35m
[40mCore :
[37m
[40m0 
[39;49m
[37m
[40m  
[0;1m
[35m
[40mUtil:
[37m
[40m  52.4% 
[39;49m
[37m
[40m  
[0;1m
[35m
[40mTemp:
[33m
[40m 84 
[39;49m
[37m
[40m  
[0;1m
[35m
[40mVoltage:
[37m
[40m 765 mV 
[39;49m
[37m
[40m  
[0;1m
[35m
[40mClock:
[37m
[40m 1000 MHz
[8;5H
[0;1m
[35m
[40mCore :
[37m
[40m1 
[39;49m
[37m
[40m  
[0;1m
[35m
[40mUtil:
[37m
[40m  27.0% 
[39;49m
[37m
[40m  
[0;1m
[35m
[40mTemp:
[33m
[40m 84 
[39;49m
[37m
[40m  
[0;1m
[35m
[40mVoltage:
[37m
[40m 765 mV 
[39;49m
[37m
[40m  
[0;1m
[35m
[40mClock:
[37m
[40m 1000 MHz
[9;5H
[0;1m
[35m
[40mCore :
[37m
[40m2 
[39;49m
[37m
[40m  
[0;1m
[35m
[40mUtil:
[37m
[40m   4.7% 
[39;49m
[37m
[40m  
[0;1m
[35m
[40mTemp:
[33m
[40m 85 
[39;49m
[37m
[40m  
[0;1m
[35m
[40mVoltage:
[37m
[40m 765 mV 
[39;49m
[37m
[40m  
[0;1m
[35m
[40mClock:
[37m
[40m 1000 MHz
[10d
[39;49m
[37m
[40m-
[198b-
[50;1HTotal Devices: 1
[50;190HPage: 1 / 
[?7l1
[?7h
[39;49m
[37m
[40m
[2J[DX-TOP]  (q) Quit   (n) Next Page   (p) Prev Page   (h) Help
[2dSat Jul 11 06:30:41 2026
[3dDX-RT: v3.4.0     NPU Device driver: v2.5.1     DX-TOP: v1.1.0
[4d-
[198b-
[5;3H
[0;1m
[36m
[40mDevice :
[37m
[40m0
[18G
[0;1m
[36m
[40mVariant:
[37m
[40m    M1
[38G
[0;1m
[36m
[40mPCIe Bus Number:
[37m
[40m  01:00:00  
[39;49m
[37m
[40m  
[0;1m
[36m
[40mFirmware:
[37m
[40m  v2.7.1
[6;3H
[0;1m
[36m
[40mNPU Memory:
[39;49m
[37m
[40m  
[34m
[40m[|
[19X
[6;37H]
[39;49m
[37m
[40m 
[34m
[40m177.90 MiB / 1.92 GiB (9.04%) 
[7;5H
[0;1m
[35m
[40mCore :
[37m
[40m0 
[39;49m
[37m
[40m  
[0;1m
[35m
[40mUtil:
[37m
[40m  47.9% 
[39;49m
[37m
[40m  
[0;1m
[35m
[40mTemp:
[33m
[40m 84 
[39;49m
[37m
[40m  
[0;1m
[35m
[40mVoltage:
[37m
[40m 775 mV 
[39;49m
[37m
[40m  
[0;1m
[35m
[40mClock:
[37m
[40m 1000 MHz
[8;5H
[0;1m
[35m
[40mCore :
[37m
[40m1 
[39;49m
[37m
[40m  
[0;1m
[35m
[40mUtil:
[37m
[40m  32.8% 
[39;49m
[37m
[40m  
[0;1m
[35m
[40mTemp:
[33m
[40m 85 
[39;49m
[37m
[40m  
[0;1m
[35m
[40mVoltage:
[37m
[40m 775 mV 
[39;49m
[37m
[40m  
[0;1m
[35m
[40mClock:
[37m
[40m 1000 MHz
[9;5H
[0;1m
[35m
[40mCore :
[37m
[40m2 
[39;49m
[37m
[40m  
[0;1m
[35m
[40mUtil:
[37m
[40m   4.8% 
[39;49m
[37m
[40m  
[0;1m
[35m
[40mTemp:
[33m
[40m 85 
[39;49m
[37m
[40m  
[0;1m
[35m
[40mVoltage:
[37m
[40m 775 mV 
[39;49m
[37m
[40m  
[0;1m
[35m
[40mClock:
[37m
[40m 1000 MHz
[10d
[39;49m
[37m
[40m-
[198b-
[50;1HTotal Devices: 1
[50;190HPage: 1 / 
[?7l1
[?7h
[39;49m
[37m
[40m
[2J[DX-TOP]  (q) Quit   (n) Next Page   (p) Prev Page   (h) Help
[2dSat Jul 11 06:30:43 2026
[3dDX-RT: v3.4.0     NPU Device driver: v2.5.1     DX-TOP: v1.1.0
[4d-
[198b-
[5;3H
[0;1m
[36m
[40mDevice :
[37m
[40m0
[18G
[0;1m
[36m
[40mVariant:
[37m
[40m    M1
[38G
[0;1m
[36m
[40mPCIe Bus Number:
[37m
[40m  01:00:00  
[39;49m
[37m
[40m  
[0;1m
[36m
[40mFirmware:
[37m
[40m  v2.7.1
[6;3H
[0;1m
[36m
[40mNPU Memory:
[39;49m
[37m
[40m  
[34m
[40m[|
[19X
[6;37H]
[39;49m
[37m
[40m 
[34m
[40m177.90 MiB / 1.92 GiB (9.04%) 
[7;5H
[0;1m
[35m
[40mCore :
[37m
[40m0 
[39;49m
[37m
[40m  
[0;1m
[35m
[40mUtil:
[37m
[40m  54.5% 
[39;49m
[37m
[40m  
[0;1m
[35m
[40mTemp:
[33m
[40m 83 
[39;49m
[37m
[40m  
[0;1m
[35m
[40mVoltage:
[37m
[40m 770 mV 
[39;49m
[37m
[40m  
[0;1m
[35m
[40mClock:
[37m
[40m 1000 MHz
[8;5H
[0;1m
[35m
[40mCore :
[37m
[40m1 
[39;49m
[37m
[40m  
[0;1m
[35m
[40mUtil:
[37m
[40m  34.9% 
[39;49m
[37m
[40m  
[0;1m
[35m
[40mTemp:
[33m
[40m 84 
[39;49m
[37m
[40m  
[0;1m
[35m
[40mVoltage:
[37m
[40m 770 mV 
[39;49m
[37m
[40m  
[0;1m
[35m
[40mClock:
[37m
[40m 1000 MHz
[9;5H
[0;1m
[35m
[40mCore :
[37m
[40m2 
[39;49m
[37m
[40m  
[0;1m
[35m
[40mUtil:
[37m
[40m   0.0% 
[39;49m
[37m
[40m  
[0;1m
[35m
[40mTemp:
[33m
[40m 85 
[39;49m
[37m
[40m  
[0;1m
[35m
[40mVoltage:
[37m
[40m 770 mV 
[39;49m
[37m
[40m  
[0;1m
[35m
[40mClock:
[37m
[40m 1000 MHz
[10d
[39;49m
[37m
[40m-
[198b-
[50;1HTotal Devices: 1
[50;190HPage: 1 / 
[?7l1
[?7h
[39;49m
[37m
[40m
[2J[DX-TOP]  (q) Quit   (n) Next Page   (p) Prev Page   (h) Help
[2dSat Jul 11 06:30:45 2026
[3dDX-RT: v3.4.0     NPU Device driver: v2.5.1     DX-TOP: v1.1.0
[4d-
[198b-
[5;3H
[0;1m
[36m
[40mDevice :
[37m
[40m0
[18G
[0;1m
[36m
[40mVariant:
[37m
[40m    M1
[38G
[0;1m
[36m
[40mPCIe Bus Number:
[37m
[40m  01:00:00  
[39;49m
[37m
[40m  
[0;1m
[36m
[40mFirmware:
[37m
[40m  v2.7.1
[6;3H
[0;1m
[36m
[40mNPU Memory:
[39;49m
[37m
[40m  
[34m
[40m[|
[19X
[6;37H]
[39;49m
[37m
[40m 
[34m
[40m177.90 MiB / 1.92 GiB (9.04%) 
[7;5H
[0;1m
[35m
[40mCore :
[37m
[40m0 
[39;49m
[37m
[40m  
[0;1m
[35m
[40mUtil:
[37m
[40m  49.3% 
[39;49m
[37m
[40m  
[0;1m
[35m
[40mTemp:
[33m
[40m 84 
[39;49m
[37m
[40m  
[0;1m
[35m
[40mVoltage:
[37m
[40m 765 mV 
[39;49m
[37m
[40m  
[0;1m
[35m
[40mClock:
[37m
[40m 1000 MHz
[8;5H
[0;1m
[35m
[40mCore :
[37m
[40m1 
[39;49m
[37m
[40m  
[0;1m
[35m
[40mUtil:
[37m
[40m  26.3% 
[39;49m
[37m
[40m  
[0;1m
[35m
[40mTemp:
[33m
[40m 85 
[39;49m
[37m
[40m  
[0;1m
[35m
[40mVoltage:
[37m
[40m 765 mV 
[39;49m
[37m
[40m  
[0;1m
[35m
[40mClock:
[37m
[40m 1000 MHz
[9;5H
[0;1m
[35m
[40mCore :
[37m
[40m2 
[39;49m
[37m
[40m  
[0;1m
[35m
[40mUtil:
[37m
[40m  15.5% 
[39;49m
[37m
[40m  
[0;1m
[35m
[40mTemp:
[33m
[40m 86 
[39;49m
[37m
[40m  
[0;1m
[35m
[40mVoltage:
[37m
[40m 765 mV 
[39;49m
[37m
[40m  
[0;1m
[35m
[40mClock:
[37m
[40m 1000 MHz
[10d
[39;49m
[37m
[40m-
[198b-
[50;1HTotal Devices: 1
[50;190HPage: 1 / 
[?7l1
[?7h
[39;49m
[37m
[40m
[2J[DX-TOP]  (q) Quit   (n) Next Page   (p) Prev Page   (h) Help
[2dSat Jul 11 06:30:47 2026
[3dDX-RT: v3.4.0     NPU Device driver: v2.5.1     DX-TOP: v1.1.0
[4d-
[198b-
[5;3H
[0;1m
[36m
[40mDevice :
[37m
[40m0
[18G
[0;1m
[36m
[40mVariant:
[37m
[40m    M1
[38G
[0;1m
[36m
[40mPCIe Bus Number:
[37m
[40m  01:00:00  
[39;49m
[37m
[40m  
[0;1m
[36m
[40mFirmware:
[37m
[40m  v2.7.1
[6;3H
[0;1m
[36m
[40mNPU Memory:
[39;49m
[37m
[40m  
[34m
[40m[|
[19X
[6;37H]
[39;49m
[37m
[40m 
[34m
[40m177.90 MiB / 1.92 GiB (9.04%) 
[7;5H
[0;1m
[35m
[40mCore :
[37m
[40m0 
[39;49m
[37m
[40m  
[0;1m
[35m
[40mUtil:
[37m
[40m  49.9% 
[39;49m
[37m
[40m  
[0;1m
[35m
[40mTemp:
[33m
[40m 84 
[39;49m
[37m
[40m  
[0;1m
[35m
[40mVoltage:
[37m
[40m 765 mV 
[39;49m
[37m
[40m  
[0;1m
[35m
[40mClock:
[37m
[40m 1000 MHz
[8;5H
[0;1m
[35m
[40mCore :
[37m
[40m1 
[39;49m
[37m
[40m  
[0;1m
[35m
[40mUtil:
[37m
[40m  34.4% 
[39;49m
[37m
[40m  
[0;1m
[35m
[40mTemp:
[33m
[40m 84 
[39;49m
[37m
[40m  
[0;1m
[35m
[40mVoltage:
[37m
[40m 765 mV 
[39;49m
[37m
[40m  
[0;1m
[35m
[40mClock:
[37m
[40m 1000 MHz
[9;5H
[0;1m
[35m
[40mCore :
[37m
[40m2 
[39;49m
[37m
[40m  
[0;1m
[35m
[40mUtil:
[37m
[40m   0.0% 
[39;49m
[37m
[40m  
[0;1m
[35m
[40mTemp:
[33m
[40m 85 
[39;49m
[37m
[40m  
[0;1m
[35m
[40mVoltage:
[37m
[40m 765 mV 
[39;49m
[37m
[40m  
[0;1m
[35m
[40mClock:
[37m
[40m 1000 MHz
[10d
[39;49m
[37m
[40m-
[198b-
[50;1HTotal Devices: 1
[50;190HPage: 1 / 
[?7l1
[?7h
[39;49m
[37m
[40m
[2J[DX-TOP]  (q) Quit   (n) Next Page   (p) Prev Page   (h) Help
[2dSat Jul 11 06:30:49 2026
[3dDX-RT: v3.4.0     NPU Device driver: v2.5.1     DX-TOP: v1.1.0
[4d-
[198b-
[5;3H
[0;1m
[36m
[40mDevice :
[37m
[40m0
[18G
[0;1m
[36m
[40mVariant:
[37m
[40m    M1
[38G
[0;1m
[36m
[40mPCIe Bus Number:
[37m
[40m  01:00:00  
[39;49m
[37m
[40m  
[0;1m
[36m
[40mFirmware:
[37m
[40m  v2.7.1
[6;3H
[0;1m
[36m
[40mNPU Memory:
[39;49m
[37m
[40m  
[34m
[40m[|
[19X
[6;37H]
[39;49m
[37m
[40m 
[34m
[40m177.90 MiB / 1.92 GiB (9.04%) 
[7;5H
[0;1m
[35m
[40mCore :
[37m
[40m0 
[39;49m
[37m
[40m  
[0;1m
[35m
[40mUtil:
[37m
[40m  48.7% 
[39;49m
[37m
[40m  
[0;1m
[35m
[40mTemp:
[33m
[40m 84 
[39;49m
[37m
[40m  
[0;1m
[35m
[40mVoltage:
[37m
[40m 765 mV 
[39;49m
[37m
[40m  
[0;1m
[35m
[40mClock:
[37m
[40m 1000 MHz
[8;5H
[0;1m
[35m
[40mCore :
[37m
[40m1 
[39;49m
[37m
[40m  
[0;1m
[35m
[40mUtil:
[37m
[40m  32.9% 
[39;49m
[37m
[40m  
[0;1m
[35m
[40mTemp:
[33m
[40m 85 
[39;49m
[37m
[40m  
[0;1m
[35m
[40mVoltage:
[37m
[40m 765 mV 
[39;49m
[37m
[40m  
[0;1m
[35m
[40mClock:
[37m
[40m 1000 MHz
[9;5H
[0;1m
[35m
[40mCore :
[37m
[40m2 
[39;49m
[37m
[40m  
[0;1m
[35m
[40mUtil:
[37m
[40m   6.9% 
[39;49m
[37m
[40m  
[0;1m
[35m
[40mTemp:
[33m
[40m 85 
[39;49m
[37m
[40m  
[0;1m
[35m
[40mVoltage:
[37m
[40m 765 mV 
[39;49m
[37m
[40m  
[0;1m
[35m
[40mClock:
[37m
[40m 1000 MHz
[10d
[39;49m
[37m
[40m-
[198b-
[50;1HTotal Devices: 1
[50;190HPage: 1 / 
[?7l1
[?7h
[39;49m
[37m
[40m
[2J[DX-TOP]  (q) Quit   (n) Next Page   (p) Prev Page   (h) Help
[2dSat Jul 11 06:30:51 2026
[3dDX-RT: v3.4.0     NPU Device driver: v2.5.1     DX-TOP: v1.1.0
[4d-
[198b-
[5;3H
[0;1m
[36m
[40mDevice :
[37m
[40m0
[18G
[0;1m
[36m
[40mVariant:
[37m
[40m    M1
[38G
[0;1m
[36m
[40mPCIe Bus Number:
[37m
[40m  01:00:00  
[39;49m
[37m
[40m  
[0;1m
[36m
[40mFirmware:
[37m
[40m  v2.7.1
[6;3H
[0;1m
[36m
[40mNPU Memory:
[39;49m
[37m
[40m  
[34m
[40m[|
[19X
[6;37H]
[39;49m
[37m
[40m 
[34m
[40m177.90 MiB / 1.92 GiB (9.04%) 
[7;5H
[0;1m
[35m
[40mCore :
[37m
[40m0 
[39;49m
[37m
[40m  
[0;1m
[35m
[40mUtil:
[37m
[40m  47.1% 
[39;49m
[37m
[40m  
[0;1m
[35m
[40mTemp:
[33m
[40m 84 
[39;49m
[37m
[40m  
[0;1m
[35m
[40mVoltage:
[37m
[40m 765 mV 
[39;49m
[37m
[40m  
[0;1m
[35m
[40mClock:
[37m
[40m 1000 MHz
[8;5H
[0;1m
[35m
[40mCore :
[37m
[40m1 
[39;49m
[37m
[40m  
[0;1m
[35m
[40mUtil:
[37m
[40m  31.6% 
[39;49m
[37m
[40m  
[0;1m
[35m
[40mTemp:
[33m
[40m 86 
[39;49m
[37m
[40m  
[0;1m
[35m
[40mVoltage:
[37m
[40m 765 mV 
[39;49m
[37m
[40m  
[0;1m
[35m
[40mClock:
[37m
[40m 1000 MHz
[9;5H
[0;1m
[35m
[40mCore :
[37m
[40m2 
[39;49m
[37m
[40m  
[0;1m
[35m
[40mUtil:
[37m
[40m   4.4% 
[39;49m
[37m
[40m  
[0;1m
[35m
[40mTemp:
[33m
[40m 86 
[39;49m
[37m
[40m  
[0;1m
[35m
[40mVoltage:
[37m
[40m 765 mV 
[39;49m
[37m
[40m  
[0;1m
[35m
[40mClock:
[37m
[40m 1000 MHz
[10d
[39;49m
[37m
[40m-
[198b-
[50;1HTotal Devices: 1
[50;190HPage: 1 / 
[?7l1
[?7h
[39;49m
[37m
[40m
[2J[DX-TOP]  (q) Quit   (n) Next Page   (p) Prev Page   (h) Help
[2dSat Jul 11 06:30:53 2026
[3dDX-RT: v3.4.0     NPU Device driver: v2.5.1     DX-TOP: v1.1.0
[4d-
[198b-
[5;3H
[0;1m
[36m
[40mDevice :
[37m
[40m0
[18G
[0;1m
[36m
[40mVariant:
[37m
[40m    M1
[38G
[0;1m
[36m
[40mPCIe Bus Number:
[37m
[40m  01:00:00  
[39;49m
[37m
[40m  
[0;1m
[36m
[40mFirmware:
[37m
[40m  v2.7.1
[6;3H
[0;1m
[36m
[40mNPU Memory:
[39;49m
[37m
[40m  
[34m
[40m[|
[19X
[6;37H]
[39;49m
[37m
[40m 
[34m
[40m177.90 MiB / 1.92 GiB (9.04%) 
[7;5H
[0;1m
[35m
[40mCore :
[37m
[40m0 
[39;49m
[37m
[40m  
[0;1m
[35m
[40mUtil:
[37m
[40m  41.9% 
[39;49m
[37m
[40m  
[0;1m
[35m
[40mTemp:
[33m
[40m 84 
[39;49m
[37m
[40m  
[0;1m
[35m
[40mVoltage:
[37m
[40m 770 mV 
[39;49m
[37m
[40m  
[0;1m
[35m
[40mClock:
[37m
[40m 1000 MHz
[8;5H
[0;1m
[35m
[40mCore :
[37m
[40m1 
[39;49m
[37m
[40m  
[0;1m
[35m
[40mUtil:
[37m
[40m  30.4% 
[39;49m
[37m
[40m  
[0;1m
[35m
[40mTemp:
[33m
[40m 84 
[39;49m
[37m
[40m  
[0;1m
[35m
[40mVoltage:
[37m
[40m 770 mV 
[39;49m
[37m
[40m  
[0;1m
[35m
[40mClock:
[37m
[40m 1000 MHz
[9;5H
[0;1m
[35m
[40mCore :
[37m
[40m2 
[39;49m
[37m
[40m  
[0;1m
[35m
[40mUtil:
[37m
[40m  13.2% 
[39;49m
[37m
[40m  
[0;1m
[35m
[40mTemp:
[33m
[40m 85 
[39;49m
[37m
[40m  
[0;1m
[35m
[40mVoltage:
[37m
[40m 770 mV 
[39;49m
[37m
[40m  
[0;1m
[35m
[40mClock:
[37m
[40m 1000 MHz
[10d
[39;49m
[37m
[40m-
[198b-
[50;1HTotal Devices: 1
[50;190HPage: 1 / 
[?7l1
[?7h
[39;49m
[37m
[40m
[2J[DX-TOP]  (q) Quit   (n) Next Page   (p) Prev Page   (h) Help
[2dSat Jul 11 06:30:55 2026
[3dDX-RT: v3.4.0     NPU Device driver: v2.5.1     DX-TOP: v1.1.0
[4d-
[198b-
[5;3H
[0;1m
[36m
[40mDevice :
[37m
[40m0
[18G
[0;1m
[36m
[40mVariant:
[37m
[40m    M1
[38G
[0;1m
[36m
[40mPCIe Bus Number:
[37m
[40m  01:00:00  
[39;49m
[37m
[40m  
[0;1m
[36m
[40mFirmware:
[37m
[40m  v2.7.1
[6;3H
[0;1m
[36m
[40mNPU Memory:
[39;49m
[37m
[40m  
[34m
[40m[|
[19X
[6;37H]
[39;49m
[37m
[40m 
[34m
[40m177.90 MiB / 1.92 GiB (9.04%) 
[7;5H
[0;1m
[35m
[40mCore :
[37m
[40m0 
[39;49m
[37m
[40m  
[0;1m
[35m
[40mUtil:
[37m
[40m  50.8% 
[39;49m
[37m
[40m  
[0;1m
[35m
[40mTemp:
[33m
[40m 83 
[39;49m
[37m
[40m  
[0;1m
[35m
[40mVoltage:
[37m
[40m 770 mV 
[39;49m
[37m
[40m  
[0;1m
[35m
[40mClock:
[37m
[40m 1000 MHz
[8;5H
[0;1m
[35m
[40mCore :
[37m
[40m1 
[39;49m
[37m
[40m  
[0;1m
[35m
[40mUtil:
[37m
[40m  27.7% 
[39;49m
[37m
[40m  
[0;1m
[35m
[40mTemp:
[33m
[40m 84 
[39;49m
[37m
[40m  
[0;1m
[35m
[40mVoltage:
[37m
[40m 770 mV 
[39;49m
[37m
[40m  
[0;1m
[35m
[40mClock:
[37m
[40m 1000 MHz
[9;5H
[0;1m
[35m
[40mCore :
[37m
[40m2 
[39;49m
[37m
[40m  
[0;1m
[35m
[40mUtil:
[37m
[40m   7.4% 
[39;49m
[37m
[40m  
[0;1m
[35m
[40mTemp:
[33m
[40m 85 
[39;49m
[37m
[40m  
[0;1m
[35m
[40mVoltage:
[37m
[40m 770 mV 
[39;49m
[37m
[40m  
[0;1m
[35m
[40mClock:
[37m
[40m 1000 MHz
[10d
[39;49m
[37m
[40m-
[198b-
[50;1HTotal Devices: 1
[50;190HPage: 1 / 
[?7l1
[?7h
[39;49m
[37m
[40m
[2J[DX-TOP]  (q) Quit   (n) Next Page   (p) Prev Page   (h) Help
[2dSat Jul 11 06:30:57 2026
[3dDX-RT: v3.4.0     NPU Device driver: v2.5.1     DX-TOP: v1.1.0
[4d-
[198b-
[5;3H
[0;1m
[36m
[40mDevice :
[37m
[40m0
[18G
[0;1m
[36m
[40mVariant:
[37m
[40m    M1
[38G
[0;1m
[36m
[40mPCIe Bus Number:
[37m
[40m  01:00:00  
[39;49m
[37m
[40m  
[0;1m
[36m
[40mFirmware:
[37m
[40m  v2.7.1
[6;3H
[0;1m
[36m
[40mNPU Memory:
[39;49m
[37m
[40m  
[34m
[40m[|
[19X
[6;37H]
[39;49m
[37m
[40m 
[34m
[40m177.90 MiB / 1.92 GiB (9.04%) 
[7;5H
[0;1m
[35m
[40mCore :
[37m
[40m0 
[39;49m
[37m
[40m  
[0;1m
[35m
[40mUtil:
[37m
[40m  48.1% 
[39;49m
[37m
[40m  
[0;1m
[35m
[40mTemp:
[33m
[40m 84 
[39;49m
[37m
[40m  
[0;1m
[35m
[40mVoltage:
[37m
[40m 770 mV 
[39;49m
[37m
[40m  
[0;1m
[35m
[40mClock:
[37m
[40m 1000 MHz
[8;5H
[0;1m
[35m
[40mCore :
[37m
[40m1 
[39;49m
[37m
[40m  
[0;1m
[35m
[40mUtil:
[37m
[40m  36.7% 
[39;49m
[37m
[40m  
[0;1m
[35m
[40mTemp:
[33m
[40m 85 
[39;49m
[37m
[40m  
[0;1m
[35m
[40mVoltage:
[37m
[40m 770 mV 
[39;49m
[37m
[40m  
[0;1m
[35m
[40mClock:
[37m
[40m 1000 MHz
[9;5H
[0;1m
[35m
[40mCore :
[37m
[40m2 
[39;49m
[37m
[40m  
[0;1m
[35m
[40mUtil:
[37m
[40m   4.8% 
[39;49m
[37m
[40m  
[0;1m
[35m
[40mTemp:
[33m
[40m 85 
[39;49m
[37m
[40m  
[0;1m
[35m
[40mVoltage:
[37m
[40m 770 mV 
[39;49m
[37m
[40m  
[0;1m
[35m
[40mClock:
[37m
[40m 1000 MHz
[10d
[39;49m
[37m
[40m-
[198b-
[50;1HTotal Devices: 1
[50;190HPage: 1 / 
[?7l1
[?7h
[39;49m
[37m
[40m
[2J[DX-TOP]  (q) Quit   (n) Next Page   (p) Prev Page   (h) Help
[2dSat Jul 11 06:30:59 2026
[3dDX-RT: v3.4.0     NPU Device driver: v2.5.1     DX-TOP: v1.1.0
[4d-
[198b-
[5;3H
[0;1m
[36m
[40mDevice :
[37m
[40m0
[18G
[0;1m
[36m
[40mVariant:
[37m
[40m    M1
[38G
[0;1m
[36m
[40mPCIe Bus Number:
[37m
[40m  01:00:00  
[39;49m
[37m
[40m  
[0;1m
[36m
[40mFirmware:
[37m
[40m  v2.7.1
[6;3H
[0;1m
[36m
[40mNPU Memory:
[39;49m
[37m
[40m  
[34m
[40m[|
[19X
[6;37H]
[39;49m
[37m
[40m 
[34m
[40m177.90 MiB / 1.92 GiB (9.04%) 
[7;5H
[0;1m
[35m
[40mCore :
[37m
[40m0 
[39;49m
[37m
[40m  
[0;1m
[35m
[40mUtil:
[37m
[40m  46.0% 
[39;49m
[37m
[40m  
[0;1m
[35m
[40mTemp:
[33m
[40m 84 
[39;49m
[37m
[40m  
[0;1m
[35m
[40mVoltage:
[37m
[40m 775 mV 
[39;49m
[37m
[40m  
[0;1m
[35m
[40mClock:
[37m
[40m 1000 MHz
[8;5H
[0;1m
[35m
[40mCore :
[37m
[40m1 
[39;49m
[37m
[40m  
[0;1m
[35m
[40mUtil:
[37m
[40m  31.2% 
[39;49m
[37m
[40m  
[0;1m
[35m
[40mTemp:
[33m
[40m 85 
[39;49m
[37m
[40m  
[0;1m
[35m
[40mVoltage:
[37m
[40m 775 mV 
[39;49m
[37m
[40m  
[0;1m
[35m
[40mClock:
[37m
[40m 1000 MHz
[9;5H
[0;1m
[35m
[40mCore :
[37m
[40m2 
[39;49m
[37m
[40m  
[0;1m
[35m
[40mUtil:
[37m
[40m   9.9% 
[39;49m
[37m
[40m  
[0;1m
[35m
[40mTemp:
[33m
[40m 85 
[39;49m
[37m
[40m  
[0;1m
[35m
[40mVoltage:
[37m
[40m 775 mV 
[39;49m
[37m
[40m  
[0;1m
[35m
[40mClock:
[37m
[40m 1000 MHz
[10d
[39;49m
[37m
[40m-
[198b-
[50;1HTotal Devices: 1
[50;190HPage: 1 / 
[?7l1
[?7h
[39;49m
[37m
[40m
[2J[DX-TOP]  (q) Quit   (n) Next Page   (p) Prev Page   (h) Help
[2dSat Jul 11 06:31:01 2026
[3dDX-RT: v3.4.0     NPU Device driver: v2.5.1     DX-TOP: v1.1.0
[4d-
[198b-
[5;3H
[0;1m
[36m
[40mDevice :
[37m
[40m0
[18G
[0;1m
[36m
[40mVariant:
[37m
[40m    M1
[38G
[0;1m
[36m
[40mPCIe Bus Number:
[37m
[40m  01:00:00  
[39;49m
[37m
[40m  
[0;1m
[36m
[40mFirmware:
[37m
[40m  v2.7.1
[6;3H
[0;1m
[36m
[40mNPU Memory:
[39;49m
[37m
[40m  
[34m
[40m[|
[19X
[6;37H]
[39;49m
[37m
[40m 
[34m
[40m177.90 MiB / 1.92 GiB (9.04%) 
[7;5H
[0;1m
[35m
[40mCore :
[37m
[40m0 
[39;49m
[37m
[40m  
[0;1m
[35m
[40mUtil:
[37m
[40m  48.8% 
[39;49m
[37m
[40m  
[0;1m
[35m
[40mTemp:
[33m
[40m 84 
[39;49m
[37m
[40m  
[0;1m
[35m
[40mVoltage:
[37m
[40m 775 mV 
[39;49m
[37m
[40m  
[0;1m
[35m
[40mClock:
[37m
[40m 1000 MHz
[8;5H
[0;1m
[35m
[40mCore :
[37m
[40m1 
[39;49m
[37m
[40m  
[0;1m
[35m
[40mUtil:
[37m
[40m  31.2% 
[39;49m
[37m
[40m  
[0;1m
[35m
[40mTemp:
[33m
[40m 85 
[39;49m
[37m
[40m  
[0;1m
[35m
[40mVoltage:
[37m
[40m 775 mV 
[39;49m
[37m
[40m  
[0;1m
[35m
[40mClock:
[37m
[40m 1000 MHz
[9;5H
[0;1m
[35m
[40mCore :
[37m
[40m2 
[39;49m
[37m
[40m  
[0;1m
[35m
[40mUtil:
[37m
[40m   7.3% 
[39;49m
[37m
[40m  
[0;1m
[35m
[40mTemp:
[33m
[40m 85 
[39;49m
[37m
[40m  
[0;1m
[35m
[40mVoltage:
[37m
[40m 775 mV 
[39;49m
[37m
[40m  
[0;1m
[35m
[40mClock:
[37m
[40m 1000 MHz
[10d
[39;49m
[37m
[40m-
[198b-
[50;1HTotal Devices: 1
[50;190HPage: 1 / 
[?7l1
[?7h
[39;49m
[37m
[40m
[2J[DX-TOP]  (q) Quit   (n) Next Page   (p) Prev Page   (h) Help
[2dSat Jul 11 06:31:03 2026
[3dDX-RT: v3.4.0     NPU Device driver: v2.5.1     DX-TOP: v1.1.0
[4d-
[198b-
[5;3H
[0;1m
[36m
[40mDevice :
[37m
[40m0
[18G
[0;1m
[36m
[40mVariant:
[37m
[40m    M1
[38G
[0;1m
[36m
[40mPCIe Bus Number:
[37m
[40m  01:00:00  
[39;49m
[37m
[40m  
[0;1m
[36m
[40mFirmware:
[37m
[40m  v2.7.1
[6;3H
[0;1m
[36m
[40mNPU Memory:
[39;49m
[37m
[40m  
[34m
[40m[|
[19X
[6;37H]
[39;49m
[37m
[40m 
[34m
[40m177.90 MiB / 1.92 GiB (9.04%) 
[7;5H
[0;1m
[35m
[40mCore :
[37m
[40m0 
[39;49m
[37m
[40m  
[0;1m
[35m
[40mUtil:
[37m
[40m  50.6% 
[39;49m
[37m
[40m  
[0;1m
[35m
[40mTemp:
[33m
[40m 84 
[39;49m
[37m
[40m  
[0;1m
[35m
[40mVoltage:
[37m
[40m 770 mV 
[39;49m
[37m
[40m  
[0;1m
[35m
[40mClock:
[37m
[40m 1000 MHz
[8;5H
[0;1m
[35m
[40mCore :
[37m
[40m1 
[39;49m
[37m
[40m  
[0;1m
[35m
[40mUtil:
[37m
[40m  27.2% 
[39;49m
[37m
[40m  
[0;1m
[35m
[40mTemp:
[33m
[40m 85 
[39;49m
[37m
[40m  
[0;1m
[35m
[40mVoltage:
[37m
[40m 770 mV 
[39;49m
[37m
[40m  
[0;1m
[35m
[40mClock:
[37m
[40m 1000 MHz
[9;5H
[0;1m
[35m
[40mCore :
[37m
[40m2 
[39;49m
[37m
[40m  
[0;1m
[35m
[40mUtil:
[37m
[40m   2.4% 
[39;49m
[37m
[40m  
[0;1m
[35m
[40mTemp:
[33m
[40m 85 
[39;49m
[37m
[40m  
[0;1m
[35m
[40mVoltage:
[37m
[40m 770 mV 
[39;49m
[37m
[40m  
[0;1m
[35m
[40mClock:
[37m
[40m 1000 MHz
[10d
[39;49m
[37m
[40m-
[198b-
[50;1HTotal Devices: 1
[50;190HPage: 1 / 
[?7l1
[?7h
[39;49m
[37m
[40m
[2J[DX-TOP]  (q) Quit   (n) Next Page   (p) Prev Page   (h) Help
[2dSat Jul 11 06:31:05 2026
[3dDX-RT: v3.4.0     NPU Device driver: v2.5.1     DX-TOP: v1.1.0
[4d-
[198b-
[5;3H
[0;1m
[36m
[40mDevice :
[37m
[40m0
[18G
[0;1m
[36m
[40mVariant:
[37m
[40m    M1
[38G
[0;1m
[36m
[40mPCIe Bus Number:
[37m
[40m  01:00:00  
[39;49m
[37m
[40m  
[0;1m
[36m
[40mFirmware:
[37m
[40m  v2.7.1
[6;3H
[0;1m
[36m
[40mNPU Memory:
[39;49m
[37m
[40m  
[34m
[40m[|
[19X
[6;37H]
[39;49m
[37m
[40m 
[34m
[40m177.90 MiB / 1.92 GiB (9.04%) 
[7;5H
[0;1m
[35m
[40mCore :
[37m
[40m0 
[39;49m
[37m
[40m  
[0;1m
[35m
[40mUtil:
[37m
[40m  50.7% 
[39;49m
[37m
[40m  
[0;1m
[35m
[40mTemp:
[33m
[40m 84 
[39;49m
[37m
[40m  
[0;1m
[35m
[40mVoltage:
[37m
[40m 770 mV 
[39;49m
[37m
[40m  
[0;1m
[35m
[40mClock:
[37m
[40m 1000 MHz
[8;5H
[0;1m
[35m
[40mCore :
[37m
[40m1 
[39;49m
[37m
[40m  
[0;1m
[35m
[40mUtil:
[37m
[40m  33.3% 
[39;49m
[37m
[40m  
[0;1m
[35m
[40mTemp:
[33m
[40m 85 
[39;49m
[37m
[40m  
[0;1m
[35m
[40mVoltage:
[37m
[40m 770 mV 
[39;49m
[37m
[40m  
[0;1m
[35m
[40mClock:
[37m
[40m 1000 MHz
[9;5H
[0;1m
[35m
[40mCore :
[37m
[40m2 
[39;49m
[37m
[40m  
[0;1m
[35m
[40mUtil:
[37m
[40m   7.6% 
[39;49m
[37m
[40m  
[0;1m
[35m
[40mTemp:
[33m
[40m 85 
[39;49m
[37m
[40m  
[0;1m
[35m
[40mVoltage:
[37m
[40m 770 mV 
[39;49m
[37m
[40m  
[0;1m
[35m
[40mClock:
[37m
[40m 1000 MHz
[10d
[39;49m
[37m
[40m-
[198b-
[50;1HTotal Devices: 1
[50;190HPage: 1 / 
[?7l1
[?7h
[39;49m
[37m
[40m
[2J[DX-TOP]  (q) Quit   (n) Next Page   (p) Prev Page   (h) Help
[2dSat Jul 11 06:31:07 2026
[3dDX-RT: v3.4.0     NPU Device driver: v2.5.1     DX-TOP: v1.1.0
[4d-
[198b-
[5;3H
[0;1m
[36m
[40mDevice :
[37m
[40m0
[18G
[0;1m
[36m
[40mVariant:
[37m
[40m    M1
[38G
[0;1m
[36m
[40mPCIe Bus Number:
[37m
[40m  01:00:00  
[39;49m
[37m
[40m  
[0;1m
[36m
[40mFirmware:
[37m
[40m  v2.7.1
[6;3H
[0;1m
[36m
[40mNPU Memory:
[39;49m
[37m
[40m  
[34m
[40m[|
[19X
[6;37H]
[39;49m
[37m
[40m 
[34m
[40m177.90 MiB / 1.92 GiB (9.04%) 
[7;5H
[0;1m
[35m
[40mCore :
[37m
[40m0 
[39;49m
[37m
[40m  
[0;1m
[35m
[40mUtil:
[37m
[40m  52.7% 
[39;49m
[37m
[40m  
[0;1m
[35m
[40mTemp:
[33m
[40m 84 
[39;49m
[37m
[40m  
[0;1m
[35m
[40mVoltage:
[37m
[40m 770 mV 
[39;49m
[37m
[40m  
[0;1m
[35m
[40mClock:
[37m
[40m 1000 MHz
[8;5H
[0;1m
[35m
[40mCore :
[37m
[40m1 
[39;49m
[37m
[40m  
[0;1m
[35m
[40mUtil:
[37m
[40m  21.2% 
[39;49m
[37m
[40m  
[0;1m
[35m
[40mTemp:
[33m
[40m 85 
[39;49m
[37m
[40m  
[0;1m
[35m
[40mVoltage:
[37m
[40m 770 mV 
[39;49m
[37m
[40m  
[0;1m
[35m
[40mClock:
[37m
[40m 1000 MHz
[9;5H
[0;1m
[35m
[40mCore :
[37m
[40m2 
[39;49m
[37m
[40m  
[0;1m
[35m
[40mUtil:
[37m
[40m   9.9% 
[39;49m
[37m
[40m  
[0;1m
[35m
[40mTemp:
[33m
[40m 85 
[39;49m
[37m
[40m  
[0;1m
[35m
[40mVoltage:
[37m
[40m 770 mV 
[39;49m
[37m
[40m  
[0;1m
[35m
[40mClock:
[37m
[40m 1000 MHz
[10d
[39;49m
[37m
[40m-
[198b-
[50;1HTotal Devices: 1
[50;190HPage: 1 / 
[?7l1
[?7h
[39;49m
[37m
[40m
[2J[DX-TOP]  (q) Quit   (n) Next Page   (p) Prev Page   (h) Help
[2dSat Jul 11 06:31:09 2026
[3dDX-RT: v3.4.0     NPU Device driver: v2.5.1     DX-TOP: v1.1.0
[4d-
[198b-
[5;3H
[0;1m
[36m
[40mDevice :
[37m
[40m0
[18G
[0;1m
[36m
[40mVariant:
[37m
[40m    M1
[38G
[0;1m
[36m
[40mPCIe Bus Number:
[37m
[40m  01:00:00  
[39;49m
[37m
[40m  
[0;1m
[36m
[40mFirmware:
[37m
[40m  v2.7.1
[6;3H
[0;1m
[36m
[40mNPU Memory:
[39;49m
[37m
[40m  
[34m
[40m[|
[19X
[6;37H]
[39;49m
[37m
[40m 
[34m
[40m177.90 MiB / 1.92 GiB (9.04%) 
[7;5H
[0;1m
[35m
[40mCore :
[37m
[40m0 
[39;49m
[37m
[40m  
[0;1m
[35m
[40mUtil:
[37m
[40m  51.4% 
[39;49m
[37m
[40m  
[0;1m
[35m
[40mTemp:
[33m
[40m 84 
[39;49m
[37m
[40m  
[0;1m
[35m
[40mVoltage:
[37m
[40m 770 mV 
[39;49m
[37m
[40m  
[0;1m
[35m
[40mClock:
[37m
[40m 1000 MHz
[8;5H
[0;1m
[35m
[40mCore :
[37m
[40m1 
[39;49m
[37m
[40m  
[0;1m
[35m
[40mUtil:
[37m
[40m  30.5% 
[39;49m
[37m
[40m  
[0;1m
[35m
[40mTemp:
[33m
[40m 85 
[39;49m
[37m
[40m  
[0;1m
[35m
[40mVoltage:
[37m
[40m 770 mV 
[39;49m
[37m
[40m  
[0;1m
[35m
[40mClock:
[37m
[40m 1000 MHz
[9;5H
[0;1m
[35m
[40mCore :
[37m
[40m2 
[39;49m
[37m
[40m  
[0;1m
[35m
[40mUtil:
[37m
[40m   5.2% 
[39;49m
[37m
[40m  
[0;1m
[35m
[40mTemp:
[33m
[40m 85 
[39;49m
[37m
[40m  
[0;1m
[35m
[40mVoltage:
[37m
[40m 770 mV 
[39;49m
[37m
[40m  
[0;1m
[35m
[40mClock:
[37m
[40m 1000 MHz
[10d
[39;49m
[37m
[40m-
[198b-
[50;1HTotal Devices: 1
[50;190HPage: 1 / 
[?7l1
[?7h
Script done on 2026-07-11 06:31:11+09:00 [COMMAND_EXIT_CODE="0"]
