Script started on 2026-07-11 00:04:15+09:00 [COMMAND="stty rows 50 cols 200 2>/dev/null; exec dxtop" TERM="xterm-256color" TTY="/dev/pts/0" COLUMNS="-1" LINES="-1"]
[?1049h
[22;0;0t
[1;50r
[?7h
[?1h
[?25l
[39;49m
[39;49m
[37m
[40m
[2J[DX-TOP]  (q) Quit   (n) Next Page   (p) Prev Page   (h) Help
[2dSat Jul 11 00:04:15 2026
[3dDX-RT: v3.4.0     NPU Device driver: v2.5.1     DX-TOP: v1.1.0
[4d-
[198b-
[5;3H
[0;1m
[36m
[40mDevice :
[37m
[40m0
[18G
[0;1m
[36m
[40mVariant:
[37m
[40m    M1
[38G
[0;1m
[36m
[40mPCIe Bus Number:
[37m
[40m  01:00:00  
[39;49m
[37m
[40m  
[0;1m
[36m
[40mFirmware:
[37m
[40m  v2.7.1
[6;3H
[0;1m
[36m
[40mNPU Memory:
[39;49m
[37m
[40m  
[34m
[40m[
[20X
[6;37H]
[39;49m
[37m
[40m 
[34m
[40m4.00 KiB / 1.92 GiB (0.00%)   
[7;5H
[0;1m
[35m
[40mCore :
[37m
[40m0 
[39;49m
[37m
[40m  
[0;1m
[35m
[40mUtil:
[37m
[40m   0.0% 
[39;49m
[37m
[40m  
[0;1m
[35m
[40mTemp:
[33m
[40m 73 
[39;49m
[37m
[40m  
[0;1m
[35m
[40mVoltage:
[37m
[40m 750 mV 
[39;49m
[37m
[40m  
[0;1m
[35m
[40mClock:
[37m
[40m 1000 MHz
[8;5H
[0;1m
[35m
[40mCore :
[37m
[40m1 
[39;49m
[37m
[40m  
[0;1m
[35m
[40mUtil:
[37m
[40m   0.0% 
[39;49m
[37m
[40m  
[0;1m
[35m
[40mTemp:
[33m
[40m 73 
[39;49m
[37m
[40m  
[0;1m
[35m
[40mVoltage:
[37m
[40m 750 mV 
[39;49m
[37m
[40m  
[0;1m
[35m
[40mClock:
[37m
[40m 1000 MHz
[9;5H
[0;1m
[35m
[40mCore :
[37m
[40m2 
[39;49m
[37m
[40m  
[0;1m
[35m
[40mUtil:
[37m
[40m   0.0% 
[39;49m
[37m
[40m  
[0;1m
[35m
[40mTemp:
[33m
[40m 73 
[39;49m
[37m
[40m  
[0;1m
[35m
[40mVoltage:
[37m
[40m 750 mV 
[39;49m
[37m
[40m  
[0;1m
[35m
[40mClock:
[37m
[40m 1000 MHz
[10d
[39;49m
[37m
[40m-
[198b-
[50;1HTotal Devices: 1
[50;190HPage: 1 / 
[?7l1
[?7h
[39;49m
[37m
[40m
[2J[DX-TOP]  (q) Quit   (n) Next Page   (p) Prev Page   (h) Help
[2dSat Jul 11 00:04:17 2026
[3dDX-RT: v3.4.0     NPU Device driver: v2.5.1     DX-TOP: v1.1.0
[4d-
[198b-
[5;3H
[0;1m
[36m
[40mDevice :
[37m
[40m0
[18G
[0;1m
[36m
[40mVariant:
[37m
[40m    M1
[38G
[0;1m
[36m
[40mPCIe Bus Number:
[37m
[40m  01:00:00  
[39;49m
[37m
[40m  
[0;1m
[36m
[40mFirmware:
[37m
[40m  v2.7.1
[6;3H
[0;1m
[36m
[40mNPU Memory:
[39;49m
[37m
[40m  
[34m
[40m[|
[19X
[6;37H]
[39;49m
[37m
[40m 
[34m
[40m119.81 MiB / 1.92 GiB (6.09%) 
[7;5H
[0;1m
[35m
[40mCore :
[37m
[40m0 
[39;49m
[37m
[40m  
[0;1m
[35m
[40mUtil:
[37m
[40m  18.3% 
[39;49m
[37m
[40m  
[0;1m
[35m
[40mTemp:
[33m
[40m 73 
[39;49m
[37m
[40m  
[0;1m
[35m
[40mVoltage:
[37m
[40m 760 mV 
[39;49m
[37m
[40m  
[0;1m
[35m
[40mClock:
[37m
[40m 1000 MHz
[8;5H
[0;1m
[35m
[40mCore :
[37m
[40m1 
[39;49m
[37m
[40m  
[0;1m
[35m
[40mUtil:
[37m
[40m   9.2% 
[39;49m
[37m
[40m  
[0;1m
[35m
[40mTemp:
[33m
[40m 74 
[39;49m
[37m
[40m  
[0;1m
[35m
[40mVoltage:
[37m
[40m 760 mV 
[39;49m
[37m
[40m  
[0;1m
[35m
[40mClock:
[37m
[40m 1000 MHz
[9;5H
[0;1m
[35m
[40mCore :
[37m
[40m2 
[39;49m
[37m
[40m  
[0;1m
[35m
[40mUtil:
[37m
[40m   6.1% 
[39;49m
[37m
[40m  
[0;1m
[35m
[40mTemp:
[33m
[40m 74 
[39;49m
[37m
[40m  
[0;1m
[35m
[40mVoltage:
[37m
[40m 760 mV 
[39;49m
[37m
[40m  
[0;1m
[35m
[40mClock:
[37m
[40m 1000 MHz
[10d
[39;49m
[37m
[40m-
[198b-
[50;1HTotal Devices: 1
[50;190HPage: 1 / 
[?7l1
[?7h
[39;49m
[37m
[40m
[2J[DX-TOP]  (q) Quit   (n) Next Page   (p) Prev Page   (h) Help
[2dSat Jul 11 00:04:19 2026
[3dDX-RT: v3.4.0     NPU Device driver: v2.5.1     DX-TOP: v1.1.0
[4d-
[198b-
[5;3H
[0;1m
[36m
[40mDevice :
[37m
[40m0
[18G
[0;1m
[36m
[40mVariant:
[37m
[40m    M1
[38G
[0;1m
[36m
[40mPCIe Bus Number:
[37m
[40m  01:00:00  
[39;49m
[37m
[40m  
[0;1m
[36m
[40mFirmware:
[37m
[40m  v2.7.1
[6;3H
[0;1m
[36m
[40mNPU Memory:
[39;49m
[37m
[40m  
[34m
[40m[|
[19X
[6;37H]
[39;49m
[37m
[40m 
[34m
[40m119.81 MiB / 1.92 GiB (6.09%) 
[7;5H
[0;1m
[35m
[40mCore :
[37m
[40m0 
[39;49m
[37m
[40m  
[0;1m
[35m
[40mUtil:
[37m
[40m  44.5% 
[39;49m
[37m
[40m  
[0;1m
[35m
[40mTemp:
[33m
[40m 74 
[39;49m
[37m
[40m  
[0;1m
[35m
[40mVoltage:
[37m
[40m 760 mV 
[39;49m
[37m
[40m  
[0;1m
[35m
[40mClock:
[37m
[40m 1000 MHz
[8;5H
[0;1m
[35m
[40mCore :
[37m
[40m1 
[39;49m
[37m
[40m  
[0;1m
[35m
[40mUtil:
[37m
[40m  24.2% 
[39;49m
[37m
[40m  
[0;1m
[35m
[40mTemp:
[33m
[40m 75 
[39;49m
[37m
[40m  
[0;1m
[35m
[40mVoltage:
[37m
[40m 760 mV 
[39;49m
[37m
[40m  
[0;1m
[35m
[40mClock:
[37m
[40m 1000 MHz
[9;5H
[0;1m
[35m
[40mCore :
[37m
[40m2 
[39;49m
[37m
[40m  
[0;1m
[35m
[40mUtil:
[37m
[40m  10.3% 
[39;49m
[37m
[40m  
[0;1m
[35m
[40mTemp:
[33m
[40m 75 
[39;49m
[37m
[40m  
[0;1m
[35m
[40mVoltage:
[37m
[40m 760 mV 
[39;49m
[37m
[40m  
[0;1m
[35m
[40mClock:
[37m
[40m 1000 MHz
[10d
[39;49m
[37m
[40m-
[198b-
[50;1HTotal Devices: 1
[50;190HPage: 1 / 
[?7l1
[?7h
[39;49m
[37m
[40m
[2J[DX-TOP]  (q) Quit   (n) Next Page   (p) Prev Page   (h) Help
[2dSat Jul 11 00:04:21 2026
[3dDX-RT: v3.4.0     NPU Device driver: v2.5.1     DX-TOP: v1.1.0
[4d-
[198b-
[5;3H
[0;1m
[36m
[40mDevice :
[37m
[40m0
[18G
[0;1m
[36m
[40mVariant:
[37m
[40m    M1
[38G
[0;1m
[36m
[40mPCIe Bus Number:
[37m
[40m  01:00:00  
[39;49m
[37m
[40m  
[0;1m
[36m
[40mFirmware:
[37m
[40m  v2.7.1
[6;3H
[0;1m
[36m
[40mNPU Memory:
[39;49m
[37m
[40m  
[34m
[40m[|
[19X
[6;37H]
[39;49m
[37m
[40m 
[34m
[40m119.81 MiB / 1.92 GiB (6.09%) 
[7;5H
[0;1m
[35m
[40mCore :
[37m
[40m0 
[39;49m
[37m
[40m  
[0;1m
[35m
[40mUtil:
[37m
[40m  50.5% 
[39;49m
[37m
[40m  
[0;1m
[35m
[40mTemp:
[33m
[40m 74 
[39;49m
[37m
[40m  
[0;1m
[35m
[40mVoltage:
[37m
[40m 755 mV 
[39;49m
[37m
[40m  
[0;1m
[35m
[40mClock:
[37m
[40m 1000 MHz
[8;5H
[0;1m
[35m
[40mCore :
[37m
[40m1 
[39;49m
[37m
[40m  
[0;1m
[35m
[40mUtil:
[37m
[40m  20.2% 
[39;49m
[37m
[40m  
[0;1m
[35m
[40mTemp:
[33m
[40m 75 
[39;49m
[37m
[40m  
[0;1m
[35m
[40mVoltage:
[37m
[40m 755 mV 
[39;49m
[37m
[40m  
[0;1m
[35m
[40mClock:
[37m
[40m 1000 MHz
[9;5H
[0;1m
[35m
[40mCore :
[37m
[40m2 
[39;49m
[37m
[40m  
[0;1m
[35m
[40mUtil:
[37m
[40m   8.1% 
[39;49m
[37m
[40m  
[0;1m
[35m
[40mTemp:
[33m
[40m 75 
[39;49m
[37m
[40m  
[0;1m
[35m
[40mVoltage:
[37m
[40m 755 mV 
[39;49m
[37m
[40m  
[0;1m
[35m
[40mClock:
[37m
[40m 1000 MHz
[10d
[39;49m
[37m
[40m-
[198b-
[50;1HTotal Devices: 1
[50;190HPage: 1 / 
[?7l1
[?7h
[39;49m
[37m
[40m
[2J[DX-TOP]  (q) Quit   (n) Next Page   (p) Prev Page   (h) Help
[2dSat Jul 11 00:04:23 2026
[3dDX-RT: v3.4.0     NPU Device driver: v2.5.1     DX-TOP: v1.1.0
[4d-
[198b-
[5;3H
[0;1m
[36m
[40mDevice :
[37m
[40m0
[18G
[0;1m
[36m
[40mVariant:
[37m
[40m    M1
[38G
[0;1m
[36m
[40mPCIe Bus Number:
[37m
[40m  01:00:00  
[39;49m
[37m
[40m  
[0;1m
[36m
[40mFirmware:
[37m
[40m  v2.7.1
[6;3H
[0;1m
[36m
[40mNPU Memory:
[39;49m
[37m
[40m  
[34m
[40m[|
[19X
[6;37H]
[39;49m
[37m
[40m 
[34m
[40m119.81 MiB / 1.92 GiB (6.09%) 
[7;5H
[0;1m
[35m
[40mCore :
[37m
[40m0 
[39;49m
[37m
[40m  
[0;1m
[35m
[40mUtil:
[37m
[40m  40.8% 
[39;49m
[37m
[40m  
[0;1m
[35m
[40mTemp:
[33m
[40m 74 
[39;49m
[37m
[40m  
[0;1m
[35m
[40mVoltage:
[37m
[40m 760 mV 
[39;49m
[37m
[40m  
[0;1m
[35m
[40mClock:
[37m
[40m 1000 MHz
[8;5H
[0;1m
[35m
[40mCore :
[37m
[40m1 
[39;49m
[37m
[40m  
[0;1m
[35m
[40mUtil:
[37m
[40m  26.6% 
[39;49m
[37m
[40m  
[0;1m
[35m
[40mTemp:
[33m
[40m 74 
[39;49m
[37m
[40m  
[0;1m
[35m
[40mVoltage:
[37m
[40m 760 mV 
[39;49m
[37m
[40m  
[0;1m
[35m
[40mClock:
[37m
[40m 1000 MHz
[9;5H
[0;1m
[35m
[40mCore :
[37m
[40m2 
[39;49m
[37m
[40m  
[0;1m
[35m
[40mUtil:
[37m
[40m  10.3% 
[39;49m
[37m
[40m  
[0;1m
[35m
[40mTemp:
[33m
[40m 75 
[39;49m
[37m
[40m  
[0;1m
[35m
[40mVoltage:
[37m
[40m 760 mV 
[39;49m
[37m
[40m  
[0;1m
[35m
[40mClock:
[37m
[40m 1000 MHz
[10d
[39;49m
[37m
[40m-
[198b-
[50;1HTotal Devices: 1
[50;190HPage: 1 / 
[?7l1
[?7h
[39;49m
[37m
[40m
[2J[DX-TOP]  (q) Quit   (n) Next Page   (p) Prev Page   (h) Help
[2dSat Jul 11 00:04:25 2026
[3dDX-RT: v3.4.0     NPU Device driver: v2.5.1     DX-TOP: v1.1.0
[4d-
[198b-
[5;3H
[0;1m
[36m
[40mDevice :
[37m
[40m0
[18G
[0;1m
[36m
[40mVariant:
[37m
[40m    M1
[38G
[0;1m
[36m
[40mPCIe Bus Number:
[37m
[40m  01:00:00  
[39;49m
[37m
[40m  
[0;1m
[36m
[40mFirmware:
[37m
[40m  v2.7.1
[6;3H
[0;1m
[36m
[40mNPU Memory:
[39;49m
[37m
[40m  
[34m
[40m[|
[19X
[6;37H]
[39;49m
[37m
[40m 
[34m
[40m119.81 MiB / 1.92 GiB (6.09%) 
[7;5H
[0;1m
[35m
[40mCore :
[37m
[40m0 
[39;49m
[37m
[40m  
[0;1m
[35m
[40mUtil:
[37m
[40m  42.0% 
[39;49m
[37m
[40m  
[0;1m
[35m
[40mTemp:
[33m
[40m 74 
[39;49m
[37m
[40m  
[0;1m
[35m
[40mVoltage:
[37m
[40m 760 mV 
[39;49m
[37m
[40m  
[0;1m
[35m
[40mClock:
[37m
[40m 1000 MHz
[8;5H
[0;1m
[35m
[40mCore :
[37m
[40m1 
[39;49m
[37m
[40m  
[0;1m
[35m
[40mUtil:
[37m
[40m  26.3% 
[39;49m
[37m
[40m  
[0;1m
[35m
[40mTemp:
[33m
[40m 75 
[39;49m
[37m
[40m  
[0;1m
[35m
[40mVoltage:
[37m
[40m 760 mV 
[39;49m
[37m
[40m  
[0;1m
[35m
[40mClock:
[37m
[40m 1000 MHz
[9;5H
[0;1m
[35m
[40mCore :
[37m
[40m2 
[39;49m
[37m
[40m  
[0;1m
[35m
[40mUtil:
[37m
[40m   8.6% 
[39;49m
[37m
[40m  
[0;1m
[35m
[40mTemp:
[33m
[40m 75 
[39;49m
[37m
[40m  
[0;1m
[35m
[40mVoltage:
[37m
[40m 760 mV 
[39;49m
[37m
[40m  
[0;1m
[35m
[40mClock:
[37m
[40m 1000 MHz
[10d
[39;49m
[37m
[40m-
[198b-
[50;1HTotal Devices: 1
[50;190HPage: 1 / 
[?7l1
[?7h
[39;49m
[37m
[40m
[2J[DX-TOP]  (q) Quit   (n) Next Page   (p) Prev Page   (h) Help
[2dSat Jul 11 00:04:27 2026
[3dDX-RT: v3.4.0     NPU Device driver: v2.5.1     DX-TOP: v1.1.0
[4d-
[198b-
[5;3H
[0;1m
[36m
[40mDevice :
[37m
[40m0
[18G
[0;1m
[36m
[40mVariant:
[37m
[40m    M1
[38G
[0;1m
[36m
[40mPCIe Bus Number:
[37m
[40m  01:00:00  
[39;49m
[37m
[40m  
[0;1m
[36m
[40mFirmware:
[37m
[40m  v2.7.1
[6;3H
[0;1m
[36m
[40mNPU Memory:
[39;49m
[37m
[40m  
[34m
[40m[|
[19X
[6;37H]
[39;49m
[37m
[40m 
[34m
[40m119.81 MiB / 1.92 GiB (6.09%) 
[7;5H
[0;1m
[35m
[40mCore :
[37m
[40m0 
[39;49m
[37m
[40m  
[0;1m
[35m
[40mUtil:
[37m
[40m  43.9% 
[39;49m
[37m
[40m  
[0;1m
[35m
[40mTemp:
[33m
[40m 75 
[39;49m
[37m
[40m  
[0;1m
[35m
[40mVoltage:
[37m
[40m 755 mV 
[39;49m
[37m
[40m  
[0;1m
[35m
[40mClock:
[37m
[40m 1000 MHz
[8;5H
[0;1m
[35m
[40mCore :
[37m
[40m1 
[39;49m
[37m
[40m  
[0;1m
[35m
[40mUtil:
[37m
[40m  24.6% 
[39;49m
[37m
[40m  
[0;1m
[35m
[40mTemp:
[33m
[40m 75 
[39;49m
[37m
[40m  
[0;1m
[35m
[40mVoltage:
[37m
[40m 755 mV 
[39;49m
[37m
[40m  
[0;1m
[35m
[40mClock:
[37m
[40m 1000 MHz
[9;5H
[0;1m
[35m
[40mCore :
[37m
[40m2 
[39;49m
[37m
[40m  
[0;1m
[35m
[40mUtil:
[37m
[40m   8.1% 
[39;49m
[37m
[40m  
[0;1m
[35m
[40mTemp:
[33m
[40m 75 
[39;49m
[37m
[40m  
[0;1m
[35m
[40mVoltage:
[37m
[40m 755 mV 
[39;49m
[37m
[40m  
[0;1m
[35m
[40mClock:
[37m
[40m 1000 MHz
[10d
[39;49m
[37m
[40m-
[198b-
[50;1HTotal Devices: 1
[50;190HPage: 1 / 
[?7l1
[?7h
[39;49m
[37m
[40m
[2J[DX-TOP]  (q) Quit   (n) Next Page   (p) Prev Page   (h) Help
[2dSat Jul 11 00:04:29 2026
[3dDX-RT: v3.4.0     NPU Device driver: v2.5.1     DX-TOP: v1.1.0
[4d-
[198b-
[5;3H
[0;1m
[36m
[40mDevice :
[37m
[40m0
[18G
[0;1m
[36m
[40mVariant:
[37m
[40m    M1
[38G
[0;1m
[36m
[40mPCIe Bus Number:
[37m
[40m  01:00:00  
[39;49m
[37m
[40m  
[0;1m
[36m
[40mFirmware:
[37m
[40m  v2.7.1
[6;3H
[0;1m
[36m
[40mNPU Memory:
[39;49m
[37m
[40m  
[34m
[40m[|
[19X
[6;37H]
[39;49m
[37m
[40m 
[34m
[40m119.81 MiB / 1.92 GiB (6.09%) 
[7;5H
[0;1m
[35m
[40mCore :
[37m
[40m0 
[39;49m
[37m
[40m  
[0;1m
[35m
[40mUtil:
[37m
[40m  43.7% 
[39;49m
[37m
[40m  
[0;1m
[35m
[40mTemp:
[33m
[40m 74 
[39;49m
[37m
[40m  
[0;1m
[35m
[40mVoltage:
[37m
[40m 760 mV 
[39;49m
[37m
[40m  
[0;1m
[35m
[40mClock:
[37m
[40m 1000 MHz
[8;5H
[0;1m
[35m
[40mCore :
[37m
[40m1 
[39;49m
[37m
[40m  
[0;1m
[35m
[40mUtil:
[37m
[40m  28.7% 
[39;49m
[37m
[40m  
[0;1m
[35m
[40mTemp:
[33m
[40m 74 
[39;49m
[37m
[40m  
[0;1m
[35m
[40mVoltage:
[37m
[40m 760 mV 
[39;49m
[37m
[40m  
[0;1m
[35m
[40mClock:
[37m
[40m 1000 MHz
[9;5H
[0;1m
[35m
[40mCore :
[37m
[40m2 
[39;49m
[37m
[40m  
[0;1m
[35m
[40mUtil:
[37m
[40m   6.1% 
[39;49m
[37m
[40m  
[0;1m
[35m
[40mTemp:
[33m
[40m 75 
[39;49m
[37m
[40m  
[0;1m
[35m
[40mVoltage:
[37m
[40m 760 mV 
[39;49m
[37m
[40m  
[0;1m
[35m
[40mClock:
[37m
[40m 1000 MHz
[10d
[39;49m
[37m
[40m-
[198b-
[50;1HTotal Devices: 1
[50;190HPage: 1 / 
[?7l1
[?7h
[39;49m
[37m
[40m
[2J[DX-TOP]  (q) Quit   (n) Next Page   (p) Prev Page   (h) Help
[2dSat Jul 11 00:04:31 2026
[3dDX-RT: v3.4.0     NPU Device driver: v2.5.1     DX-TOP: v1.1.0
[4d-
[198b-
[5;3H
[0;1m
[36m
[40mDevice :
[37m
[40m0
[18G
[0;1m
[36m
[40mVariant:
[37m
[40m    M1
[38G
[0;1m
[36m
[40mPCIe Bus Number:
[37m
[40m  01:00:00  
[39;49m
[37m
[40m  
[0;1m
[36m
[40mFirmware:
[37m
[40m  v2.7.1
[6;3H
[0;1m
[36m
[40mNPU Memory:
[39;49m
[37m
[40m  
[34m
[40m[|
[19X
[6;37H]
[39;49m
[37m
[40m 
[34m
[40m119.81 MiB / 1.92 GiB (6.09%) 
[7;5H
[0;1m
[35m
[40mCore :
[37m
[40m0 
[39;49m
[37m
[40m  
[0;1m
[35m
[40mUtil:
[37m
[40m  40.8% 
[39;49m
[37m
[40m  
[0;1m
[35m
[40mTemp:
[33m
[40m 74 
[39;49m
[37m
[40m  
[0;1m
[35m
[40mVoltage:
[37m
[40m 765 mV 
[39;49m
[37m
[40m  
[0;1m
[35m
[40mClock:
[37m
[40m 1000 MHz
[8;5H
[0;1m
[35m
[40mCore :
[37m
[40m1 
[39;49m
[37m
[40m  
[0;1m
[35m
[40mUtil:
[37m
[40m  27.3% 
[39;49m
[37m
[40m  
[0;1m
[35m
[40mTemp:
[33m
[40m 75 
[39;49m
[37m
[40m  
[0;1m
[35m
[40mVoltage:
[37m
[40m 765 mV 
[39;49m
[37m
[40m  
[0;1m
[35m
[40mClock:
[37m
[40m 1000 MHz
[9;5H
[0;1m
[35m
[40mCore :
[37m
[40m2 
[39;49m
[37m
[40m  
[0;1m
[35m
[40mUtil:
[37m
[40m  12.7% 
[39;49m
[37m
[40m  
[0;1m
[35m
[40mTemp:
[33m
[40m 75 
[39;49m
[37m
[40m  
[0;1m
[35m
[40mVoltage:
[37m
[40m 765 mV 
[39;49m
[37m
[40m  
[0;1m
[35m
[40mClock:
[37m
[40m 1000 MHz
[10d
[39;49m
[37m
[40m-
[198b-
[50;1HTotal Devices: 1
[50;190HPage: 1 / 
[?7l1
[?7h
[39;49m
[37m
[40m
[2J[DX-TOP]  (q) Quit   (n) Next Page   (p) Prev Page   (h) Help
[2dSat Jul 11 00:04:33 2026
[3dDX-RT: v3.4.0     NPU Device driver: v2.5.1     DX-TOP: v1.1.0
[4d-
[198b-
[5;3H
[0;1m
[36m
[40mDevice :
[37m
[40m0
[18G
[0;1m
[36m
[40mVariant:
[37m
[40m    M1
[38G
[0;1m
[36m
[40mPCIe Bus Number:
[37m
[40m  01:00:00  
[39;49m
[37m
[40m  
[0;1m
[36m
[40mFirmware:
[37m
[40m  v2.7.1
[6;3H
[0;1m
[36m
[40mNPU Memory:
[39;49m
[37m
[40m  
[34m
[40m[|
[19X
[6;37H]
[39;49m
[37m
[40m 
[34m
[40m119.81 MiB / 1.92 GiB (6.09%) 
[7;5H
[0;1m
[35m
[40mCore :
[37m
[40m0 
[39;49m
[37m
[40m  
[0;1m
[35m
[40mUtil:
[37m
[40m  45.8% 
[39;49m
[37m
[40m  
[0;1m
[35m
[40mTemp:
[33m
[40m 75 
[39;49m
[37m
[40m  
[0;1m
[35m
[40mVoltage:
[37m
[40m 760 mV 
[39;49m
[37m
[40m  
[0;1m
[35m
[40mClock:
[37m
[40m 1000 MHz
[8;5H
[0;1m
[35m
[40mCore :
[37m
[40m1 
[39;49m
[37m
[40m  
[0;1m
[35m
[40mUtil:
[37m
[40m  21.6% 
[39;49m
[37m
[40m  
[0;1m
[35m
[40mTemp:
[33m
[40m 75 
[39;49m
[37m
[40m  
[0;1m
[35m
[40mVoltage:
[37m
[40m 760 mV 
[39;49m
[37m
[40m  
[0;1m
[35m
[40mClock:
[37m
[40m 1000 MHz
[9;5H
[0;1m
[35m
[40mCore :
[37m
[40m2 
[39;49m
[37m
[40m  
[0;1m
[35m
[40mUtil:
[37m
[40m   5.7% 
[39;49m
[37m
[40m  
[0;1m
[35m
[40mTemp:
[33m
[40m 75 
[39;49m
[37m
[40m  
[0;1m
[35m
[40mVoltage:
[37m
[40m 760 mV 
[39;49m
[37m
[40m  
[0;1m
[35m
[40mClock:
[37m
[40m 1000 MHz
[10d
[39;49m
[37m
[40m-
[198b-
[50;1HTotal Devices: 1
[50;190HPage: 1 / 
[?7l1
[?7h
[39;49m
[37m
[40m
[2J[DX-TOP]  (q) Quit   (n) Next Page   (p) Prev Page   (h) Help
[2dSat Jul 11 00:04:35 2026
[3dDX-RT: v3.4.0     NPU Device driver: v2.5.1     DX-TOP: v1.1.0
[4d-
[198b-
[5;3H
[0;1m
[36m
[40mDevice :
[37m
[40m0
[18G
[0;1m
[36m
[40mVariant:
[37m
[40m    M1
[38G
[0;1m
[36m
[40mPCIe Bus Number:
[37m
[40m  01:00:00  
[39;49m
[37m
[40m  
[0;1m
[36m
[40mFirmware:
[37m
[40m  v2.7.1
[6;3H
[0;1m
[36m
[40mNPU Memory:
[39;49m
[37m
[40m  
[34m
[40m[|
[19X
[6;37H]
[39;49m
[37m
[40m 
[34m
[40m119.81 MiB / 1.92 GiB (6.09%) 
[7;5H
[0;1m
[35m
[40mCore :
[37m
[40m0 
[39;49m
[37m
[40m  
[0;1m
[35m
[40mUtil:
[37m
[40m  38.9% 
[39;49m
[37m
[40m  
[0;1m
[35m
[40mTemp:
[33m
[40m 74 
[39;49m
[37m
[40m  
[0;1m
[35m
[40mVoltage:
[37m
[40m 760 mV 
[39;49m
[37m
[40m  
[0;1m
[35m
[40mClock:
[37m
[40m 1000 MHz
[8;5H
[0;1m
[35m
[40mCore :
[37m
[40m1 
[39;49m
[37m
[40m  
[0;1m
[35m
[40mUtil:
[37m
[40m  27.2% 
[39;49m
[37m
[40m  
[0;1m
[35m
[40mTemp:
[33m
[40m 75 
[39;49m
[37m
[40m  
[0;1m
[35m
[40mVoltage:
[37m
[40m 760 mV 
[39;49m
[37m
[40m  
[0;1m
[35m
[40mClock:
[37m
[40m 1000 MHz
[9;5H
[0;1m
[35m
[40mCore :
[37m
[40m2 
[39;49m
[37m
[40m  
[0;1m
[35m
[40mUtil:
[37m
[40m   8.4% 
[39;49m
[37m
[40m  
[0;1m
[35m
[40mTemp:
[33m
[40m 75 
[39;49m
[37m
[40m  
[0;1m
[35m
[40mVoltage:
[37m
[40m 760 mV 
[39;49m
[37m
[40m  
[0;1m
[35m
[40mClock:
[37m
[40m 1000 MHz
[10d
[39;49m
[37m
[40m-
[198b-
[50;1HTotal Devices: 1
[50;190HPage: 1 / 
[?7l1
[?7h
[39;49m
[37m
[40m
[2J[DX-TOP]  (q) Quit   (n) Next Page   (p) Prev Page   (h) Help
[2dSat Jul 11 00:04:37 2026
[3dDX-RT: v3.4.0     NPU Device driver: v2.5.1     DX-TOP: v1.1.0
[4d-
[198b-
[5;3H
[0;1m
[36m
[40mDevice :
[37m
[40m0
[18G
[0;1m
[36m
[40mVariant:
[37m
[40m    M1
[38G
[0;1m
[36m
[40mPCIe Bus Number:
[37m
[40m  01:00:00  
[39;49m
[37m
[40m  
[0;1m
[36m
[40mFirmware:
[37m
[40m  v2.7.1
[6;3H
[0;1m
[36m
[40mNPU Memory:
[39;49m
[37m
[40m  
[34m
[40m[|
[19X
[6;37H]
[39;49m
[37m
[40m 
[34m
[40m119.81 MiB / 1.92 GiB (6.09%) 
[7;5H
[0;1m
[35m
[40mCore :
[37m
[40m0 
[39;49m
[37m
[40m  
[0;1m
[35m
[40mUtil:
[37m
[40m  45.0% 
[39;49m
[37m
[40m  
[0;1m
[35m
[40mTemp:
[33m
[40m 74 
[39;49m
[37m
[40m  
[0;1m
[35m
[40mVoltage:
[37m
[40m 755 mV 
[39;49m
[37m
[40m  
[0;1m
[35m
[40mClock:
[37m
[40m 1000 MHz
[8;5H
[0;1m
[35m
[40mCore :
[37m
[40m1 
[39;49m
[37m
[40m  
[0;1m
[35m
[40mUtil:
[37m
[40m  24.5% 
[39;49m
[37m
[40m  
[0;1m
[35m
[40mTemp:
[33m
[40m 75 
[39;49m
[37m
[40m  
[0;1m
[35m
[40mVoltage:
[37m
[40m 755 mV 
[39;49m
[37m
[40m  
[0;1m
[35m
[40mClock:
[37m
[40m 1000 MHz
[9;5H
[0;1m
[35m
[40mCore :
[37m
[40m2 
[39;49m
[37m
[40m  
[0;1m
[35m
[40mUtil:
[37m
[40m   7.4% 
[39;49m
[37m
[40m  
[0;1m
[35m
[40mTemp:
[33m
[40m 75 
[39;49m
[37m
[40m  
[0;1m
[35m
[40mVoltage:
[37m
[40m 755 mV 
[39;49m
[37m
[40m  
[0;1m
[35m
[40mClock:
[37m
[40m 1000 MHz
[10d
[39;49m
[37m
[40m-
[198b-
[50;1HTotal Devices: 1
[50;190HPage: 1 / 
[?7l1
[?7h
[39;49m
[37m
[40m
[2J[DX-TOP]  (q) Quit   (n) Next Page   (p) Prev Page   (h) Help
[2dSat Jul 11 00:04:39 2026
[3dDX-RT: v3.4.0     NPU Device driver: v2.5.1     DX-TOP: v1.1.0
[4d-
[198b-
[5;3H
[0;1m
[36m
[40mDevice :
[37m
[40m0
[18G
[0;1m
[36m
[40mVariant:
[37m
[40m    M1
[38G
[0;1m
[36m
[40mPCIe Bus Number:
[37m
[40m  01:00:00  
[39;49m
[37m
[40m  
[0;1m
[36m
[40mFirmware:
[37m
[40m  v2.7.1
[6;3H
[0;1m
[36m
[40mNPU Memory:
[39;49m
[37m
[40m  
[34m
[40m[|
[19X
[6;37H]
[39;49m
[37m
[40m 
[34m
[40m119.81 MiB / 1.92 GiB (6.09%) 
[7;5H
[0;1m
[35m
[40mCore :
[37m
[40m0 
[39;49m
[37m
[40m  
[0;1m
[35m
[40mUtil:
[37m
[40m  41.6% 
[39;49m
[37m
[40m  
[0;1m
[35m
[40mTemp:
[33m
[40m 74 
[39;49m
[37m
[40m  
[0;1m
[35m
[40mVoltage:
[37m
[40m 755 mV 
[39;49m
[37m
[40m  
[0;1m
[35m
[40mClock:
[37m
[40m 1000 MHz
[8;5H
[0;1m
[35m
[40mCore :
[37m
[40m1 
[39;49m
[37m
[40m  
[0;1m
[35m
[40mUtil:
[37m
[40m  26.9% 
[39;49m
[37m
[40m  
[0;1m
[35m
[40mTemp:
[33m
[40m 75 
[39;49m
[37m
[40m  
[0;1m
[35m
[40mVoltage:
[37m
[40m 755 mV 
[39;49m
[37m
[40m  
[0;1m
[35m
[40mClock:
[37m
[40m 1000 MHz
[9;5H
[0;1m
[35m
[40mCore :
[37m
[40m2 
[39;49m
[37m
[40m  
[0;1m
[35m
[40mUtil:
[37m
[40m   7.2% 
[39;49m
[37m
[40m  
[0;1m
[35m
[40mTemp:
[33m
[40m 75 
[39;49m
[37m
[40m  
[0;1m
[35m
[40mVoltage:
[37m
[40m 755 mV 
[39;49m
[37m
[40m  
[0;1m
[35m
[40mClock:
[37m
[40m 1000 MHz
[10d
[39;49m
[37m
[40m-
[198b-
[50;1HTotal Devices: 1
[50;190HPage: 1 / 
[?7l1
[?7h
[39;49m
[37m
[40m
[2J[DX-TOP]  (q) Quit   (n) Next Page   (p) Prev Page   (h) Help
[2dSat Jul 11 00:04:41 2026
[3dDX-RT: v3.4.0     NPU Device driver: v2.5.1     DX-TOP: v1.1.0
[4d-
[198b-
[5;3H
[0;1m
[36m
[40mDevice :
[37m
[40m0
[18G
[0;1m
[36m
[40mVariant:
[37m
[40m    M1
[38G
[0;1m
[36m
[40mPCIe Bus Number:
[37m
[40m  01:00:00  
[39;49m
[37m
[40m  
[0;1m
[36m
[40mFirmware:
[37m
[40m  v2.7.1
[6;3H
[0;1m
[36m
[40mNPU Memory:
[39;49m
[37m
[40m  
[34m
[40m[|
[19X
[6;37H]
[39;49m
[37m
[40m 
[34m
[40m119.81 MiB / 1.92 GiB (6.09%) 
[7;5H
[0;1m
[35m
[40mCore :
[37m
[40m0 
[39;49m
[37m
[40m  
[0;1m
[35m
[40mUtil:
[37m
[40m  38.3% 
[39;49m
[37m
[40m  
[0;1m
[35m
[40mTemp:
[33m
[40m 74 
[39;49m
[37m
[40m  
[0;1m
[35m
[40mVoltage:
[37m
[40m 750 mV 
[39;49m
[37m
[40m  
[0;1m
[35m
[40mClock:
[37m
[40m 1000 MHz
[8;5H
[0;1m
[35m
[40mCore :
[37m
[40m1 
[39;49m
[37m
[40m  
[0;1m
[35m
[40mUtil:
[37m
[40m  27.2% 
[39;49m
[37m
[40m  
[0;1m
[35m
[40mTemp:
[33m
[40m 75 
[39;49m
[37m
[40m  
[0;1m
[35m
[40mVoltage:
[37m
[40m 750 mV 
[39;49m
[37m
[40m  
[0;1m
[35m
[40mClock:
[37m
[40m 1000 MHz
[9;5H
[0;1m
[35m
[40mCore :
[37m
[40m2 
[39;49m
[37m
[40m  
[0;1m
[35m
[40mUtil:
[37m
[40m  10.0% 
[39;49m
[37m
[40m  
[0;1m
[35m
[40mTemp:
[33m
[40m 75 
[39;49m
[37m
[40m  
[0;1m
[35m
[40mVoltage:
[37m
[40m 750 mV 
[39;49m
[37m
[40m  
[0;1m
[35m
[40mClock:
[37m
[40m 1000 MHz
[10d
[39;49m
[37m
[40m-
[198b-
[50;1HTotal Devices: 1
[50;190HPage: 1 / 
[?7l1
[?7h
[39;49m
[37m
[40m
[2J[DX-TOP]  (q) Quit   (n) Next Page   (p) Prev Page   (h) Help
[2dSat Jul 11 00:04:43 2026
[3dDX-RT: v3.4.0     NPU Device driver: v2.5.1     DX-TOP: v1.1.0
[4d-
[198b-
[5;3H
[0;1m
[36m
[40mDevice :
[37m
[40m0
[18G
[0;1m
[36m
[40mVariant:
[37m
[40m    M1
[38G
[0;1m
[36m
[40mPCIe Bus Number:
[37m
[40m  01:00:00  
[39;49m
[37m
[40m  
[0;1m
[36m
[40mFirmware:
[37m
[40m  v2.7.1
[6;3H
[0;1m
[36m
[40mNPU Memory:
[39;49m
[37m
[40m  
[34m
[40m[|
[19X
[6;37H]
[39;49m
[37m
[40m 
[34m
[40m119.81 MiB / 1.92 GiB (6.09%) 
[7;5H
[0;1m
[35m
[40mCore :
[37m
[40m0 
[39;49m
[37m
[40m  
[0;1m
[35m
[40mUtil:
[37m
[40m  38.2% 
[39;49m
[37m
[40m  
[0;1m
[35m
[40mTemp:
[33m
[40m 74 
[39;49m
[37m
[40m  
[0;1m
[35m
[40mVoltage:
[37m
[40m 760 mV 
[39;49m
[37m
[40m  
[0;1m
[35m
[40mClock:
[37m
[40m 1000 MHz
[8;5H
[0;1m
[35m
[40mCore :
[37m
[40m1 
[39;49m
[37m
[40m  
[0;1m
[35m
[40mUtil:
[37m
[40m  30.7% 
[39;49m
[37m
[40m  
[0;1m
[35m
[40mTemp:
[33m
[40m 75 
[39;49m
[37m
[40m  
[0;1m
[35m
[40mVoltage:
[37m
[40m 760 mV 
[39;49m
[37m
[40m  
[0;1m
[35m
[40mClock:
[37m
[40m 1000 MHz
[9;5H
[0;1m
[35m
[40mCore :
[37m
[40m2 
[39;49m
[37m
[40m  
[0;1m
[35m
[40mUtil:
[37m
[40m  10.6% 
[39;49m
[37m
[40m  
[0;1m
[35m
[40mTemp:
[33m
[40m 75 
[39;49m
[37m
[40m  
[0;1m
[35m
[40mVoltage:
[37m
[40m 760 mV 
[39;49m
[37m
[40m  
[0;1m
[35m
[40mClock:
[37m
[40m 1000 MHz
[10d
[39;49m
[37m
[40m-
[198b-
[50;1HTotal Devices: 1
[50;190HPage: 1 / 
[?7l1
[?7h
[39;49m
[37m
[40m
[2J[DX-TOP]  (q) Quit   (n) Next Page   (p) Prev Page   (h) Help
[2dSat Jul 11 00:04:45 2026
[3dDX-RT: v3.4.0     NPU Device driver: v2.5.1     DX-TOP: v1.1.0
[4d-
[198b-
[5;3H
[0;1m
[36m
[40mDevice :
[37m
[40m0
[18G
[0;1m
[36m
[40mVariant:
[37m
[40m    M1
[38G
[0;1m
[36m
[40mPCIe Bus Number:
[37m
[40m  01:00:00  
[39;49m
[37m
[40m  
[0;1m
[36m
[40mFirmware:
[37m
[40m  v2.7.1
[6;3H
[0;1m
[36m
[40mNPU Memory:
[39;49m
[37m
[40m  
[34m
[40m[|
[19X
[6;37H]
[39;49m
[37m
[40m 
[34m
[40m119.81 MiB / 1.92 GiB (6.09%) 
[7;5H
[0;1m
[35m
[40mCore :
[37m
[40m0 
[39;49m
[37m
[40m  
[0;1m
[35m
[40mUtil:
[37m
[40m  46.2% 
[39;49m
[37m
[40m  
[0;1m
[35m
[40mTemp:
[33m
[40m 75 
[39;49m
[37m
[40m  
[0;1m
[35m
[40mVoltage:
[37m
[40m 755 mV 
[39;49m
[37m
[40m  
[0;1m
[35m
[40mClock:
[37m
[40m 1000 MHz
[8;5H
[0;1m
[35m
[40mCore :
[37m
[40m1 
[39;49m
[37m
[40m  
[0;1m
[35m
[40mUtil:
[37m
[40m  24.8% 
[39;49m
[37m
[40m  
[0;1m
[35m
[40mTemp:
[33m
[40m 75 
[39;49m
[37m
[40m  
[0;1m
[35m
[40mVoltage:
[37m
[40m 755 mV 
[39;49m
[37m
[40m  
[0;1m
[35m
[40mClock:
[37m
[40m 1000 MHz
[9;5H
[0;1m
[35m
[40mCore :
[37m
[40m2 
[39;49m
[37m
[40m  
[0;1m
[35m
[40mUtil:
[37m
[40m   7.1% 
[39;49m
[37m
[40m  
[0;1m
[35m
[40mTemp:
[33m
[40m 75 
[39;49m
[37m
[40m  
[0;1m
[35m
[40mVoltage:
[37m
[40m 755 mV 
[39;49m
[37m
[40m  
[0;1m
[35m
[40mClock:
[37m
[40m 1000 MHz
[10d
[39;49m
[37m
[40m-
[198b-
[50;1HTotal Devices: 1
[50;190HPage: 1 / 
[?7l1
[?7h
[39;49m
[37m
[40m
[2J[DX-TOP]  (q) Quit   (n) Next Page   (p) Prev Page   (h) Help
[2dSat Jul 11 00:04:47 2026
[3dDX-RT: v3.4.0     NPU Device driver: v2.5.1     DX-TOP: v1.1.0
[4d-
[198b-
[5;3H
[0;1m
[36m
[40mDevice :
[37m
[40m0
[18G
[0;1m
[36m
[40mVariant:
[37m
[40m    M1
[38G
[0;1m
[36m
[40mPCIe Bus Number:
[37m
[40m  01:00:00  
[39;49m
[37m
[40m  
[0;1m
[36m
[40mFirmware:
[37m
[40m  v2.7.1
[6;3H
[0;1m
[36m
[40mNPU Memory:
[39;49m
[37m
[40m  
[34m
[40m[|
[19X
[6;37H]
[39;49m
[37m
[40m 
[34m
[40m119.81 MiB / 1.92 GiB (6.09%) 
[7;5H
[0;1m
[35m
[40mCore :
[37m
[40m0 
[39;49m
[37m
[40m  
[0;1m
[35m
[40mUtil:
[37m
[40m  40.2% 
[39;49m
[37m
[40m  
[0;1m
[35m
[40mTemp:
[33m
[40m 75 
[39;49m
[37m
[40m  
[0;1m
[35m
[40mVoltage:
[37m
[40m 755 mV 
[39;49m
[37m
[40m  
[0;1m
[35m
[40mClock:
[37m
[40m 1000 MHz
[8;5H
[0;1m
[35m
[40mCore :
[37m
[40m1 
[39;49m
[37m
[40m  
[0;1m
[35m
[40mUtil:
[37m
[40m  24.4% 
[39;49m
[37m
[40m  
[0;1m
[35m
[40mTemp:
[33m
[40m 75 
[39;49m
[37m
[40m  
[0;1m
[35m
[40mVoltage:
[37m
[40m 755 mV 
[39;49m
[37m
[40m  
[0;1m
[35m
[40mClock:
[37m
[40m 1000 MHz
[9;5H
[0;1m
[35m
[40mCore :
[37m
[40m2 
[39;49m
[37m
[40m  
[0;1m
[35m
[40mUtil:
[37m
[40m  10.3% 
[39;49m
[37m
[40m  
[0;1m
[35m
[40mTemp:
[33m
[40m 75 
[39;49m
[37m
[40m  
[0;1m
[35m
[40mVoltage:
[37m
[40m 755 mV 
[39;49m
[37m
[40m  
[0;1m
[35m
[40mClock:
[37m
[40m 1000 MHz
[10d
[39;49m
[37m
[40m-
[198b-
[50;1HTotal Devices: 1
[50;190HPage: 1 / 
[?7l1
[?7h
[39;49m
[37m
[40m
[2J[DX-TOP]  (q) Quit   (n) Next Page   (p) Prev Page   (h) Help
[2dSat Jul 11 00:04:49 2026
[3dDX-RT: v3.4.0     NPU Device driver: v2.5.1     DX-TOP: v1.1.0
[4d-
[198b-
[5;3H
[0;1m
[36m
[40mDevice :
[37m
[40m0
[18G
[0;1m
[36m
[40mVariant:
[37m
[40m    M1
[38G
[0;1m
[36m
[40mPCIe Bus Number:
[37m
[40m  01:00:00  
[39;49m
[37m
[40m  
[0;1m
[36m
[40mFirmware:
[37m
[40m  v2.7.1
[6;3H
[0;1m
[36m
[40mNPU Memory:
[39;49m
[37m
[40m  
[34m
[40m[|
[19X
[6;37H]
[39;49m
[37m
[40m 
[34m
[40m119.81 MiB / 1.92 GiB (6.09%) 
[7;5H
[0;1m
[35m
[40mCore :
[37m
[40m0 
[39;49m
[37m
[40m  
[0;1m
[35m
[40mUtil:
[37m
[40m  46.2% 
[39;49m
[37m
[40m  
[0;1m
[35m
[40mTemp:
[33m
[40m 75 
[39;49m
[37m
[40m  
[0;1m
[35m
[40mVoltage:
[37m
[40m 760 mV 
[39;49m
[37m
[40m  
[0;1m
[35m
[40mClock:
[37m
[40m 1000 MHz
[8;5H
[0;1m
[35m
[40mCore :
[37m
[40m1 
[39;49m
[37m
[40m  
[0;1m
[35m
[40mUtil:
[37m
[40m  24.5% 
[39;49m
[37m
[40m  
[0;1m
[35m
[40mTemp:
[33m
[40m 75 
[39;49m
[37m
[40m  
[0;1m
[35m
[40mVoltage:
[37m
[40m 760 mV 
[39;49m
[37m
[40m  
[0;1m
[35m
[40mClock:
[37m
[40m 1000 MHz
[9;5H
[0;1m
[35m
[40mCore :
[37m
[40m2 
[39;49m
[37m
[40m  
[0;1m
[35m
[40mUtil:
[37m
[40m   3.1% 
[39;49m
[37m
[40m  
[0;1m
[35m
[40mTemp:
[33m
[40m 75 
[39;49m
[37m
[40m  
[0;1m
[35m
[40mVoltage:
[37m
[40m 760 mV 
[39;49m
[37m
[40m  
[0;1m
[35m
[40mClock:
[37m
[40m 1000 MHz
[10d
[39;49m
[37m
[40m-
[198b-
[50;1HTotal Devices: 1
[50;190HPage: 1 / 
[?7l1
[?7h
[39;49m
[37m
[40m
[2J[DX-TOP]  (q) Quit   (n) Next Page   (p) Prev Page   (h) Help
[2dSat Jul 11 00:04:51 2026
[3dDX-RT: v3.4.0     NPU Device driver: v2.5.1     DX-TOP: v1.1.0
[4d-
[198b-
[5;3H
[0;1m
[36m
[40mDevice :
[37m
[40m0
[18G
[0;1m
[36m
[40mVariant:
[37m
[40m    M1
[38G
[0;1m
[36m
[40mPCIe Bus Number:
[37m
[40m  01:00:00  
[39;49m
[37m
[40m  
[0;1m
[36m
[40mFirmware:
[37m
[40m  v2.7.1
[6;3H
[0;1m
[36m
[40mNPU Memory:
[39;49m
[37m
[40m  
[34m
[40m[|
[19X
[6;37H]
[39;49m
[37m
[40m 
[34m
[40m119.81 MiB / 1.92 GiB (6.09%) 
[7;5H
[0;1m
[35m
[40mCore :
[37m
[40m0 
[39;49m
[37m
[40m  
[0;1m
[35m
[40mUtil:
[37m
[40m  43.4% 
[39;49m
[37m
[40m  
[0;1m
[35m
[40mTemp:
[33m
[40m 75 
[39;49m
[37m
[40m  
[0;1m
[35m
[40mVoltage:
[37m
[40m 755 mV 
[39;49m
[37m
[40m  
[0;1m
[35m
[40mClock:
[37m
[40m 1000 MHz
[8;5H
[0;1m
[35m
[40mCore :
[37m
[40m1 
[39;49m
[37m
[40m  
[0;1m
[35m
[40mUtil:
[37m
[40m  22.5% 
[39;49m
[37m
[40m  
[0;1m
[35m
[40mTemp:
[33m
[40m 75 
[39;49m
[37m
[40m  
[0;1m
[35m
[40mVoltage:
[37m
[40m 755 mV 
[39;49m
[37m
[40m  
[0;1m
[35m
[40mClock:
[37m
[40m 1000 MHz
[9;5H
[0;1m
[35m
[40mCore :
[37m
[40m2 
[39;49m
[37m
[40m  
[0;1m
[35m
[40mUtil:
[37m
[40m   6.4% 
[39;49m
[37m
[40m  
[0;1m
[35m
[40mTemp:
[33m
[40m 75 
[39;49m
[37m
[40m  
[0;1m
[35m
[40mVoltage:
[37m
[40m 755 mV 
[39;49m
[37m
[40m  
[0;1m
[35m
[40mClock:
[37m
[40m 1000 MHz
[10d
[39;49m
[37m
[40m-
[198b-
[50;1HTotal Devices: 1
[50;190HPage: 1 / 
[?7l1
[?7h
[39;49m
[37m
[40m
[2J[DX-TOP]  (q) Quit   (n) Next Page   (p) Prev Page   (h) Help
[2dSat Jul 11 00:04:53 2026
[3dDX-RT: v3.4.0     NPU Device driver: v2.5.1     DX-TOP: v1.1.0
[4d-
[198b-
[5;3H
[0;1m
[36m
[40mDevice :
[37m
[40m0
[18G
[0;1m
[36m
[40mVariant:
[37m
[40m    M1
[38G
[0;1m
[36m
[40mPCIe Bus Number:
[37m
[40m  01:00:00  
[39;49m
[37m
[40m  
[0;1m
[36m
[40mFirmware:
[37m
[40m  v2.7.1
[6;3H
[0;1m
[36m
[40mNPU Memory:
[39;49m
[37m
[40m  
[34m
[40m[|
[19X
[6;37H]
[39;49m
[37m
[40m 
[34m
[40m119.81 MiB / 1.92 GiB (6.09%) 
[7;5H
[0;1m
[35m
[40mCore :
[37m
[40m0 
[39;49m
[37m
[40m  
[0;1m
[35m
[40mUtil:
[37m
[40m  44.9% 
[39;49m
[37m
[40m  
[0;1m
[35m
[40mTemp:
[33m
[40m 75 
[39;49m
[37m
[40m  
[0;1m
[35m
[40mVoltage:
[37m
[40m 755 mV 
[39;49m
[37m
[40m  
[0;1m
[35m
[40mClock:
[37m
[40m 1000 MHz
[8;5H
[0;1m
[35m
[40mCore :
[37m
[40m1 
[39;49m
[37m
[40m  
[0;1m
[35m
[40mUtil:
[37m
[40m  24.2% 
[39;49m
[37m
[40m  
[0;1m
[35m
[40mTemp:
[33m
[40m 75 
[39;49m
[37m
[40m  
[0;1m
[35m
[40mVoltage:
[37m
[40m 755 mV 
[39;49m
[37m
[40m  
[0;1m
[35m
[40mClock:
[37m
[40m 1000 MHz
[9;5H
[0;1m
[35m
[40mCore :
[37m
[40m2 
[39;49m
[37m
[40m  
[0;1m
[35m
[40mUtil:
[37m
[40m   5.8% 
[39;49m
[37m
[40m  
[0;1m
[35m
[40mTemp:
[33m
[40m 75 
[39;49m
[37m
[40m  
[0;1m
[35m
[40mVoltage:
[37m
[40m 755 mV 
[39;49m
[37m
[40m  
[0;1m
[35m
[40mClock:
[37m
[40m 1000 MHz
[10d
[39;49m
[37m
[40m-
[198b-
[50;1HTotal Devices: 1
[50;190HPage: 1 / 
[?7l1
[?7h
[39;49m
[37m
[40m
[2J[DX-TOP]  (q) Quit   (n) Next Page   (p) Prev Page   (h) Help
[2dSat Jul 11 00:04:55 2026
[3dDX-RT: v3.4.0     NPU Device driver: v2.5.1     DX-TOP: v1.1.0
[4d-
[198b-
[5;3H
[0;1m
[36m
[40mDevice :
[37m
[40m0
[18G
[0;1m
[36m
[40mVariant:
[37m
[40m    M1
[38G
[0;1m
[36m
[40mPCIe Bus Number:
[37m
[40m  01:00:00  
[39;49m
[37m
[40m  
[0;1m
[36m
[40mFirmware:
[37m
[40m  v2.7.1
[6;3H
[0;1m
[36m
[40mNPU Memory:
[39;49m
[37m
[40m  
[34m
[40m[|
[19X
[6;37H]
[39;49m
[37m
[40m 
[34m
[40m119.81 MiB / 1.92 GiB (6.09%) 
[7;5H
[0;1m
[35m
[40mCore :
[37m
[40m0 
[39;49m
[37m
[40m  
[0;1m
[35m
[40mUtil:
[37m
[40m  45.0% 
[39;49m
[37m
[40m  
[0;1m
[35m
[40mTemp:
[33m
[40m 74 
[39;49m
[37m
[40m  
[0;1m
[35m
[40mVoltage:
[37m
[40m 755 mV 
[39;49m
[37m
[40m  
[0;1m
[35m
[40mClock:
[37m
[40m 1000 MHz
[8;5H
[0;1m
[35m
[40mCore :
[37m
[40m1 
[39;49m
[37m
[40m  
[0;1m
[35m
[40mUtil:
[37m
[40m  20.8% 
[39;49m
[37m
[40m  
[0;1m
[35m
[40mTemp:
[33m
[40m 75 
[39;49m
[37m
[40m  
[0;1m
[35m
[40mVoltage:
[37m
[40m 755 mV 
[39;49m
[37m
[40m  
[0;1m
[35m
[40mClock:
[37m
[40m 1000 MHz
[9;5H
[0;1m
[35m
[40mCore :
[37m
[40m2 
[39;49m
[37m
[40m  
[0;1m
[35m
[40mUtil:
[37m
[40m   9.4% 
[39;49m
[37m
[40m  
[0;1m
[35m
[40mTemp:
[33m
[40m 76 
[39;49m
[37m
[40m  
[0;1m
[35m
[40mVoltage:
[37m
[40m 755 mV 
[39;49m
[37m
[40m  
[0;1m
[35m
[40mClock:
[37m
[40m 1000 MHz
[10d
[39;49m
[37m
[40m-
[198b-
[50;1HTotal Devices: 1
[50;190HPage: 1 / 
[?7l1
[?7h
[39;49m
[37m
[40m
[2J[DX-TOP]  (q) Quit   (n) Next Page   (p) Prev Page   (h) Help
[2dSat Jul 11 00:04:57 2026
[3dDX-RT: v3.4.0     NPU Device driver: v2.5.1     DX-TOP: v1.1.0
[4d-
[198b-
[5;3H
[0;1m
[36m
[40mDevice :
[37m
[40m0
[18G
[0;1m
[36m
[40mVariant:
[37m
[40m    M1
[38G
[0;1m
[36m
[40mPCIe Bus Number:
[37m
[40m  01:00:00  
[39;49m
[37m
[40m  
[0;1m
[36m
[40mFirmware:
[37m
[40m  v2.7.1
[6;3H
[0;1m
[36m
[40mNPU Memory:
[39;49m
[37m
[40m  
[34m
[40m[|
[19X
[6;37H]
[39;49m
[37m
[40m 
[34m
[40m119.81 MiB / 1.92 GiB (6.09%) 
[7;5H
[0;1m
[35m
[40mCore :
[37m
[40m0 
[39;49m
[37m
[40m  
[0;1m
[35m
[40mUtil:
[37m
[40m  42.9% 
[39;49m
[37m
[40m  
[0;1m
[35m
[40mTemp:
[33m
[40m 75 
[39;49m
[37m
[40m  
[0;1m
[35m
[40mVoltage:
[37m
[40m 760 mV 
[39;49m
[37m
[40m  
[0;1m
[35m
[40mClock:
[37m
[40m 1000 MHz
[8;5H
[0;1m
[35m
[40mCore :
[37m
[40m1 
[39;49m
[37m
[40m  
[0;1m
[35m
[40mUtil:
[37m
[40m  26.6% 
[39;49m
[37m
[40m  
[0;1m
[35m
[40mTemp:
[33m
[40m 75 
[39;49m
[37m
[40m  
[0;1m
[35m
[40mVoltage:
[37m
[40m 760 mV 
[39;49m
[37m
[40m  
[0;1m
[35m
[40mClock:
[37m
[40m 1000 MHz
[9;5H
[0;1m
[35m
[40mCore :
[37m
[40m2 
[39;49m
[37m
[40m  
[0;1m
[35m
[40mUtil:
[37m
[40m   9.7% 
[39;49m
[37m
[40m  
[0;1m
[35m
[40mTemp:
[33m
[40m 75 
[39;49m
[37m
[40m  
[0;1m
[35m
[40mVoltage:
[37m
[40m 760 mV 
[39;49m
[37m
[40m  
[0;1m
[35m
[40mClock:
[37m
[40m 1000 MHz
[10d
[39;49m
[37m
[40m-
[198b-
[50;1HTotal Devices: 1
[50;190HPage: 1 / 
[?7l1
[?7h
[39;49m
[37m
[40m
[2J[DX-TOP]  (q) Quit   (n) Next Page   (p) Prev Page   (h) Help
[2dSat Jul 11 00:04:59 2026
[3dDX-RT: v3.4.0     NPU Device driver: v2.5.1     DX-TOP: v1.1.0
[4d-
[198b-
[5;3H
[0;1m
[36m
[40mDevice :
[37m
[40m0
[18G
[0;1m
[36m
[40mVariant:
[37m
[40m    M1
[38G
[0;1m
[36m
[40mPCIe Bus Number:
[37m
[40m  01:00:00  
[39;49m
[37m
[40m  
[0;1m
[36m
[40mFirmware:
[37m
[40m  v2.7.1
[6;3H
[0;1m
[36m
[40mNPU Memory:
[39;49m
[37m
[40m  
[34m
[40m[|
[19X
[6;37H]
[39;49m
[37m
[40m 
[34m
[40m119.81 MiB / 1.92 GiB (6.09%) 
[7;5H
[0;1m
[35m
[40mCore :
[37m
[40m0 
[39;49m
[37m
[40m  
[0;1m
[35m
[40mUtil:
[37m
[40m  42.3% 
[39;49m
[37m
[40m  
[0;1m
[35m
[40mTemp:
[33m
[40m 75 
[39;49m
[37m
[40m  
[0;1m
[35m
[40mVoltage:
[37m
[40m 760 mV 
[39;49m
[37m
[40m  
[0;1m
[35m
[40mClock:
[37m
[40m 1000 MHz
[8;5H
[0;1m
[35m
[40mCore :
[37m
[40m1 
[39;49m
[37m
[40m  
[0;1m
[35m
[40mUtil:
[37m
[40m  24.8% 
[39;49m
[37m
[40m  
[0;1m
[35m
[40mTemp:
[33m
[40m 75 
[39;49m
[37m
[40m  
[0;1m
[35m
[40mVoltage:
[37m
[40m 760 mV 
[39;49m
[37m
[40m  
[0;1m
[35m
[40mClock:
[37m
[40m 1000 MHz
[9;5H
[0;1m
[35m
[40mCore :
[37m
[40m2 
[39;49m
[37m
[40m  
[0;1m
[35m
[40mUtil:
[37m
[40m   7.0% 
[39;49m
[37m
[40m  
[0;1m
[35m
[40mTemp:
[33m
[40m 75 
[39;49m
[37m
[40m  
[0;1m
[35m
[40mVoltage:
[37m
[40m 760 mV 
[39;49m
[37m
[40m  
[0;1m
[35m
[40mClock:
[37m
[40m 1000 MHz
[10d
[39;49m
[37m
[40m-
[198b-
[50;1HTotal Devices: 1
[50;190HPage: 1 / 
[?7l1
[?7h
[39;49m
[37m
[40m
[2J[DX-TOP]  (q) Quit   (n) Next Page   (p) Prev Page   (h) Help
[2dSat Jul 11 00:05:01 2026
[3dDX-RT: v3.4.0     NPU Device driver: v2.5.1     DX-TOP: v1.1.0
[4d-
[198b-
[5;3H
[0;1m
[36m
[40mDevice :
[37m
[40m0
[18G
[0;1m
[36m
[40mVariant:
[37m
[40m    M1
[38G
[0;1m
[36m
[40mPCIe Bus Number:
[37m
[40m  01:00:00  
[39;49m
[37m
[40m  
[0;1m
[36m
[40mFirmware:
[37m
[40m  v2.7.1
[6;3H
[0;1m
[36m
[40mNPU Memory:
[39;49m
[37m
[40m  
[34m
[40m[|
[19X
[6;37H]
[39;49m
[37m
[40m 
[34m
[40m119.81 MiB / 1.92 GiB (6.09%) 
[7;5H
[0;1m
[35m
[40mCore :
[37m
[40m0 
[39;49m
[37m
[40m  
[0;1m
[35m
[40mUtil:
[37m
[40m  43.0% 
[39;49m
[37m
[40m  
[0;1m
[35m
[40mTemp:
[33m
[40m 75 
[39;49m
[37m
[40m  
[0;1m
[35m
[40mVoltage:
[37m
[40m 760 mV 
[39;49m
[37m
[40m  
[0;1m
[35m
[40mClock:
[37m
[40m 1000 MHz
[8;5H
[0;1m
[35m
[40mCore :
[37m
[40m1 
[39;49m
[37m
[40m  
[0;1m
[35m
[40mUtil:
[37m
[40m  23.6% 
[39;49m
[37m
[40m  
[0;1m
[35m
[40mTemp:
[33m
[40m 75 
[39;49m
[37m
[40m  
[0;1m
[35m
[40mVoltage:
[37m
[40m 760 mV 
[39;49m
[37m
[40m  
[0;1m
[35m
[40mClock:
[37m
[40m 1000 MHz
[9;5H
[0;1m
[35m
[40mCore :
[37m
[40m2 
[39;49m
[37m
[40m  
[0;1m
[35m
[40mUtil:
[37m
[40m   5.0% 
[39;49m
[37m
[40m  
[0;1m
[35m
[40mTemp:
[33m
[40m 75 
[39;49m
[37m
[40m  
[0;1m
[35m
[40mVoltage:
[37m
[40m 760 mV 
[39;49m
[37m
[40m  
[0;1m
[35m
[40mClock:
[37m
[40m 1000 MHz
[10d
[39;49m
[37m
[40m-
[198b-
[50;1HTotal Devices: 1
[50;190HPage: 1 / 
[?7l1
[?7h
[39;49m
[37m
[40m
[2J[DX-TOP]  (q) Quit   (n) Next Page   (p) Prev Page   (h) Help
[2dSat Jul 11 00:05:03 2026
[3dDX-RT: v3.4.0     NPU Device driver: v2.5.1     DX-TOP: v1.1.0
[4d-
[198b-
[5;3H
[0;1m
[36m
[40mDevice :
[37m
[40m0
[18G
[0;1m
[36m
[40mVariant:
[37m
[40m    M1
[38G
[0;1m
[36m
[40mPCIe Bus Number:
[37m
[40m  01:00:00  
[39;49m
[37m
[40m  
[0;1m
[36m
[40mFirmware:
[37m
[40m  v2.7.1
[6;3H
[0;1m
[36m
[40mNPU Memory:
[39;49m
[37m
[40m  
[34m
[40m[|
[19X
[6;37H]
[39;49m
[37m
[40m 
[34m
[40m119.81 MiB / 1.92 GiB (6.09%) 
[7;5H
[0;1m
[35m
[40mCore :
[37m
[40m0 
[39;49m
[37m
[40m  
[0;1m
[35m
[40mUtil:
[37m
[40m  39.9% 
[39;49m
[37m
[40m  
[0;1m
[35m
[40mTemp:
[33m
[40m 75 
[39;49m
[37m
[40m  
[0;1m
[35m
[40mVoltage:
[37m
[40m 765 mV 
[39;49m
[37m
[40m  
[0;1m
[35m
[40mClock:
[37m
[40m 1000 MHz
[8;5H
[0;1m
[35m
[40mCore :
[37m
[40m1 
[39;49m
[37m
[40m  
[0;1m
[35m
[40mUtil:
[37m
[40m  26.2% 
[39;49m
[37m
[40m  
[0;1m
[35m
[40mTemp:
[33m
[40m 75 
[39;49m
[37m
[40m  
[0;1m
[35m
[40mVoltage:
[37m
[40m 765 mV 
[39;49m
[37m
[40m  
[0;1m
[35m
[40mClock:
[37m
[40m 1000 MHz
[9;5H
[0;1m
[35m
[40mCore :
[37m
[40m2 
[39;49m
[37m
[40m  
[0;1m
[35m
[40mUtil:
[37m
[40m   9.5% 
[39;49m
[37m
[40m  
[0;1m
[35m
[40mTemp:
[33m
[40m 76 
[39;49m
[37m
[40m  
[0;1m
[35m
[40mVoltage:
[37m
[40m 765 mV 
[39;49m
[37m
[40m  
[0;1m
[35m
[40mClock:
[37m
[40m 1000 MHz
[10d
[39;49m
[37m
[40m-
[198b-
[50;1HTotal Devices: 1
[50;190HPage: 1 / 
[?7l1
[?7h
[39;49m
[37m
[40m
[2J[DX-TOP]  (q) Quit   (n) Next Page   (p) Prev Page   (h) Help
[2dSat Jul 11 00:05:05 2026
[3dDX-RT: v3.4.0     NPU Device driver: v2.5.1     DX-TOP: v1.1.0
[4d-
[198b-
[5;3H
[0;1m
[36m
[40mDevice :
[37m
[40m0
[18G
[0;1m
[36m
[40mVariant:
[37m
[40m    M1
[38G
[0;1m
[36m
[40mPCIe Bus Number:
[37m
[40m  01:00:00  
[39;49m
[37m
[40m  
[0;1m
[36m
[40mFirmware:
[37m
[40m  v2.7.1
[6;3H
[0;1m
[36m
[40mNPU Memory:
[39;49m
[37m
[40m  
[34m
[40m[|
[19X
[6;37H]
[39;49m
[37m
[40m 
[34m
[40m119.81 MiB / 1.92 GiB (6.09%) 
[7;5H
[0;1m
[35m
[40mCore :
[37m
[40m0 
[39;49m
[37m
[40m  
[0;1m
[35m
[40mUtil:
[37m
[40m  41.8% 
[39;49m
[37m
[40m  
[0;1m
[35m
[40mTemp:
[33m
[40m 75 
[39;49m
[37m
[40m  
[0;1m
[35m
[40mVoltage:
[37m
[40m 760 mV 
[39;49m
[37m
[40m  
[0;1m
[35m
[40mClock:
[37m
[40m 1000 MHz
[8;5H
[0;1m
[35m
[40mCore :
[37m
[40m1 
[39;49m
[37m
[40m  
[0;1m
[35m
[40mUtil:
[37m
[40m  27.7% 
[39;49m
[37m
[40m  
[0;1m
[35m
[40mTemp:
[33m
[40m 75 
[39;49m
[37m
[40m  
[0;1m
[35m
[40mVoltage:
[37m
[40m 760 mV 
[39;49m
[37m
[40m  
[0;1m
[35m
[40mClock:
[37m
[40m 1000 MHz
[9;5H
[0;1m
[35m
[40mCore :
[37m
[40m2 
[39;49m
[37m
[40m  
[0;1m
[35m
[40mUtil:
[37m
[40m   6.4% 
[39;49m
[37m
[40m  
[0;1m
[35m
[40mTemp:
[33m
[40m 76 
[39;49m
[37m
[40m  
[0;1m
[35m
[40mVoltage:
[37m
[40m 760 mV 
[39;49m
[37m
[40m  
[0;1m
[35m
[40mClock:
[37m
[40m 1000 MHz
[10d
[39;49m
[37m
[40m-
[198b-
[50;1HTotal Devices: 1
[50;190HPage: 1 / 
[?7l1
[?7h
[39;49m
[37m
[40m
[2J[DX-TOP]  (q) Quit   (n) Next Page   (p) Prev Page   (h) Help
[2dSat Jul 11 00:05:07 2026
[3dDX-RT: v3.4.0     NPU Device driver: v2.5.1     DX-TOP: v1.1.0
[4d-
[198b-
[5;3H
[0;1m
[36m
[40mDevice :
[37m
[40m0
[18G
[0;1m
[36m
[40mVariant:
[37m
[40m    M1
[38G
[0;1m
[36m
[40mPCIe Bus Number:
[37m
[40m  01:00:00  
[39;49m
[37m
[40m  
[0;1m
[36m
[40mFirmware:
[37m
[40m  v2.7.1
[6;3H
[0;1m
[36m
[40mNPU Memory:
[39;49m
[37m
[40m  
[34m
[40m[|
[19X
[6;37H]
[39;49m
[37m
[40m 
[34m
[40m119.81 MiB / 1.92 GiB (6.09%) 
[7;5H
[0;1m
[35m
[40mCore :
[37m
[40m0 
[39;49m
[37m
[40m  
[0;1m
[35m
[40mUtil:
[37m
[40m  42.3% 
[39;49m
[37m
[40m  
[0;1m
[35m
[40mTemp:
[33m
[40m 75 
[39;49m
[37m
[40m  
[0;1m
[35m
[40mVoltage:
[37m
[40m 760 mV 
[39;49m
[37m
[40m  
[0;1m
[35m
[40mClock:
[37m
[40m 1000 MHz
[8;5H
[0;1m
[35m
[40mCore :
[37m
[40m1 
[39;49m
[37m
[40m  
[0;1m
[35m
[40mUtil:
[37m
[40m  28.6% 
[39;49m
[37m
[40m  
[0;1m
[35m
[40mTemp:
[33m
[40m 75 
[39;49m
[37m
[40m  
[0;1m
[35m
[40mVoltage:
[37m
[40m 760 mV 
[39;49m
[37m
[40m  
[0;1m
[35m
[40mClock:
[37m
[40m 1000 MHz
[9;5H
[0;1m
[35m
[40mCore :
[37m
[40m2 
[39;49m
[37m
[40m  
[0;1m
[35m
[40mUtil:
[37m
[40m   7.2% 
[39;49m
[37m
[40m  
[0;1m
[35m
[40mTemp:
[33m
[40m 75 
[39;49m
[37m
[40m  
[0;1m
[35m
[40mVoltage:
[37m
[40m 760 mV 
[39;49m
[37m
[40m  
[0;1m
[35m
[40mClock:
[37m
[40m 1000 MHz
[10d
[39;49m
[37m
[40m-
[198b-
[50;1HTotal Devices: 1
[50;190HPage: 1 / 
[?7l1
[?7h
[39;49m
[37m
[40m
[2J[DX-TOP]  (q) Quit   (n) Next Page   (p) Prev Page   (h) Help
[2dSat Jul 11 00:05:09 2026
[3dDX-RT: v3.4.0     NPU Device driver: v2.5.1     DX-TOP: v1.1.0
[4d-
[198b-
[5;3H
[0;1m
[36m
[40mDevice :
[37m
[40m0
[18G
[0;1m
[36m
[40mVariant:
[37m
[40m    M1
[38G
[0;1m
[36m
[40mPCIe Bus Number:
[37m
[40m  01:00:00  
[39;49m
[37m
[40m  
[0;1m
[36m
[40mFirmware:
[37m
[40m  v2.7.1
[6;3H
[0;1m
[36m
[40mNPU Memory:
[39;49m
[37m
[40m  
[34m
[40m[|
[19X
[6;37H]
[39;49m
[37m
[40m 
[34m
[40m119.81 MiB / 1.92 GiB (6.09%) 
[7;5H
[0;1m
[35m
[40mCore :
[37m
[40m0 
[39;49m
[37m
[40m  
[0;1m
[35m
[40mUtil:
[37m
[40m  46.4% 
[39;49m
[37m
[40m  
[0;1m
[35m
[40mTemp:
[33m
[40m 75 
[39;49m
[37m
[40m  
[0;1m
[35m
[40mVoltage:
[37m
[40m 765 mV 
[39;49m
[37m
[40m  
[0;1m
[35m
[40mClock:
[37m
[40m 1000 MHz
[8;5H
[0;1m
[35m
[40mCore :
[37m
[40m1 
[39;49m
[37m
[40m  
[0;1m
[35m
[40mUtil:
[37m
[40m  20.3% 
[39;49m
[37m
[40m  
[0;1m
[35m
[40mTemp:
[33m
[40m 75 
[39;49m
[37m
[40m  
[0;1m
[35m
[40mVoltage:
[37m
[40m 765 mV 
[39;49m
[37m
[40m  
[0;1m
[35m
[40mClock:
[37m
[40m 1000 MHz
[9;5H
[0;1m
[35m
[40mCore :
[37m
[40m2 
[39;49m
[37m
[40m  
[0;1m
[35m
[40mUtil:
[37m
[40m   5.7% 
[39;49m
[37m
[40m  
[0;1m
[35m
[40mTemp:
[33m
[40m 76 
[39;49m
[37m
[40m  
[0;1m
[35m
[40mVoltage:
[37m
[40m 765 mV 
[39;49m
[37m
[40m  
[0;1m
[35m
[40mClock:
[37m
[40m 1000 MHz
[10d
[39;49m
[37m
[40m-
[198b-
[50;1HTotal Devices: 1
[50;190HPage: 1 / 
[?7l1
[?7h
[39;49m
[37m
[40m
[2J[DX-TOP]  (q) Quit   (n) Next Page   (p) Prev Page   (h) Help
[2dSat Jul 11 00:05:11 2026
[3dDX-RT: v3.4.0     NPU Device driver: v2.5.1     DX-TOP: v1.1.0
[4d-
[198b-
[5;3H
[0;1m
[36m
[40mDevice :
[37m
[40m0
[18G
[0;1m
[36m
[40mVariant:
[37m
[40m    M1
[38G
[0;1m
[36m
[40mPCIe Bus Number:
[37m
[40m  01:00:00  
[39;49m
[37m
[40m  
[0;1m
[36m
[40mFirmware:
[37m
[40m  v2.7.1
[6;3H
[0;1m
[36m
[40mNPU Memory:
[39;49m
[37m
[40m  
[34m
[40m[|
[19X
[6;37H]
[39;49m
[37m
[40m 
[34m
[40m119.81 MiB / 1.92 GiB (6.09%) 
[7;5H
[0;1m
[35m
[40mCore :
[37m
[40m0 
[39;49m
[37m
[40m  
[0;1m
[35m
[40mUtil:
[37m
[40m  44.4% 
[39;49m
[37m
[40m  
[0;1m
[35m
[40mTemp:
[33m
[40m 75 
[39;49m
[37m
[40m  
[0;1m
[35m
[40mVoltage:
[37m
[40m 760 mV 
[39;49m
[37m
[40m  
[0;1m
[35m
[40mClock:
[37m
[40m 1000 MHz
[8;5H
[0;1m
[35m
[40mCore :
[37m
[40m1 
[39;49m
[37m
[40m  
[0;1m
[35m
[40mUtil:
[37m
[40m  22.6% 
[39;49m
[37m
[40m  
[0;1m
[35m
[40mTemp:
[33m
[40m 75 
[39;49m
[37m
[40m  
[0;1m
[35m
[40mVoltage:
[37m
[40m 760 mV 
[39;49m
[37m
[40m  
[0;1m
[35m
[40mClock:
[37m
[40m 1000 MHz
[9;5H
[0;1m
[35m
[40mCore :
[37m
[40m2 
[39;49m
[37m
[40m  
[0;1m
[35m
[40mUtil:
[37m
[40m   9.8% 
[39;49m
[37m
[40m  
[0;1m
[35m
[40mTemp:
[33m
[40m 76 
[39;49m
[37m
[40m  
[0;1m
[35m
[40mVoltage:
[37m
[40m 760 mV 
[39;49m
[37m
[40m  
[0;1m
[35m
[40mClock:
[37m
[40m 1000 MHz
[10d
[39;49m
[37m
[40m-
[198b-
[50;1HTotal Devices: 1
[50;190HPage: 1 / 
[?7l1
[?7h
[39;49m
[37m
[40m
[2J[DX-TOP]  (q) Quit   (n) Next Page   (p) Prev Page   (h) Help
[2dSat Jul 11 00:05:13 2026
[3dDX-RT: v3.4.0     NPU Device driver: v2.5.1     DX-TOP: v1.1.0
[4d-
[198b-
[5;3H
[0;1m
[36m
[40mDevice :
[37m
[40m0
[18G
[0;1m
[36m
[40mVariant:
[37m
[40m    M1
[38G
[0;1m
[36m
[40mPCIe Bus Number:
[37m
[40m  01:00:00  
[39;49m
[37m
[40m  
[0;1m
[36m
[40mFirmware:
[37m
[40m  v2.7.1
[6;3H
[0;1m
[36m
[40mNPU Memory:
[39;49m
[37m
[40m  
[34m
[40m[|
[19X
[6;37H]
[39;49m
[37m
[40m 
[34m
[40m119.81 MiB / 1.92 GiB (6.09%) 
[7;5H
[0;1m
[35m
[40mCore :
[37m
[40m0 
[39;49m
[37m
[40m  
[0;1m
[35m
[40mUtil:
[37m
[40m  42.7% 
[39;49m
[37m
[40m  
[0;1m
[35m
[40mTemp:
[33m
[40m 75 
[39;49m
[37m
[40m  
[0;1m
[35m
[40mVoltage:
[37m
[40m 755 mV 
[39;49m
[37m
[40m  
[0;1m
[35m
[40mClock:
[37m
[40m 1000 MHz
[8;5H
[0;1m
[35m
[40mCore :
[37m
[40m1 
[39;49m
[37m
[40m  
[0;1m
[35m
[40mUtil:
[37m
[40m  28.1% 
[39;49m
[37m
[40m  
[0;1m
[35m
[40mTemp:
[33m
[40m 75 
[39;49m
[37m
[40m  
[0;1m
[35m
[40mVoltage:
[37m
[40m 755 mV 
[39;49m
[37m
[40m  
[0;1m
[35m
[40mClock:
[37m
[40m 1000 MHz
[9;5H
[0;1m
[35m
[40mCore :
[37m
[40m2 
[39;49m
[37m
[40m  
[0;1m
[35m
[40mUtil:
[37m
[40m   6.6% 
[39;49m
[37m
[40m  
[0;1m
[35m
[40mTemp:
[33m
[40m 75 
[39;49m
[37m
[40m  
[0;1m
[35m
[40mVoltage:
[37m
[40m 755 mV 
[39;49m
[37m
[40m  
[0;1m
[35m
[40mClock:
[37m
[40m 1000 MHz
[10d
[39;49m
[37m
[40m-
[198b-
[50;1HTotal Devices: 1
[50;190HPage: 1 / 
[?7l1
[?7h
[39;49m
[37m
[40m
[2J[DX-TOP]  (q) Quit   (n) Next Page   (p) Prev Page   (h) Help
[2dSat Jul 11 00:05:15 2026
[3dDX-RT: v3.4.0     NPU Device driver: v2.5.1     DX-TOP: v1.1.0
[4d-
[198b-
[5;3H
[0;1m
[36m
[40mDevice :
[37m
[40m0
[18G
[0;1m
[36m
[40mVariant:
[37m
[40m    M1
[38G
[0;1m
[36m
[40mPCIe Bus Number:
[37m
[40m  01:00:00  
[39;49m
[37m
[40m  
[0;1m
[36m
[40mFirmware:
[37m
[40m  v2.7.1
[6;3H
[0;1m
[36m
[40mNPU Memory:
[39;49m
[37m
[40m  
[34m
[40m[|
[19X
[6;37H]
[39;49m
[37m
[40m 
[34m
[40m119.81 MiB / 1.92 GiB (6.09%) 
[7;5H
[0;1m
[35m
[40mCore :
[37m
[40m0 
[39;49m
[37m
[40m  
[0;1m
[35m
[40mUtil:
[37m
[40m  48.9% 
[39;49m
[37m
[40m  
[0;1m
[35m
[40mTemp:
[33m
[40m 75 
[39;49m
[37m
[40m  
[0;1m
[35m
[40mVoltage:
[37m
[40m 755 mV 
[39;49m
[37m
[40m  
[0;1m
[35m
[40mClock:
[37m
[40m 1000 MHz
[8;5H
[0;1m
[35m
[40mCore :
[37m
[40m1 
[39;49m
[37m
[40m  
[0;1m
[35m
[40mUtil:
[37m
[40m  19.4% 
[39;49m
[37m
[40m  
[0;1m
[35m
[40mTemp:
[33m
[40m 75 
[39;49m
[37m
[40m  
[0;1m
[35m
[40mVoltage:
[37m
[40m 755 mV 
[39;49m
[37m
[40m  
[0;1m
[35m
[40mClock:
[37m
[40m 1000 MHz
[9;5H
[0;1m
[35m
[40mCore :
[37m
[40m2 
[39;49m
[37m
[40m  
[0;1m
[35m
[40mUtil:
[37m
[40m   5.8% 
[39;49m
[37m
[40m  
[0;1m
[35m
[40mTemp:
[33m
[40m 76 
[39;49m
[37m
[40m  
[0;1m
[35m
[40mVoltage:
[37m
[40m 755 mV 
[39;49m
[37m
[40m  
[0;1m
[35m
[40mClock:
[37m
[40m 1000 MHz
[10d
[39;49m
[37m
[40m-
[198b-
[50;1HTotal Devices: 1
[50;190HPage: 1 / 
[?7l1
[?7h
[39;49m
[37m
[40m
[2J[DX-TOP]  (q) Quit   (n) Next Page   (p) Prev Page   (h) Help
[2dSat Jul 11 00:05:17 2026
[3dDX-RT: v3.4.0     NPU Device driver: v2.5.1     DX-TOP: v1.1.0
[4d-
[198b-
[5;3H
[0;1m
[36m
[40mDevice :
[37m
[40m0
[18G
[0;1m
[36m
[40mVariant:
[37m
[40m    M1
[38G
[0;1m
[36m
[40mPCIe Bus Number:
[37m
[40m  01:00:00  
[39;49m
[37m
[40m  
[0;1m
[36m
[40mFirmware:
[37m
[40m  v2.7.1
[6;3H
[0;1m
[36m
[40mNPU Memory:
[39;49m
[37m
[40m  
[34m
[40m[|
[19X
[6;37H]
[39;49m
[37m
[40m 
[34m
[40m119.81 MiB / 1.92 GiB (6.09%) 
[7;5H
[0;1m
[35m
[40mCore :
[37m
[40m0 
[39;49m
[37m
[40m  
[0;1m
[35m
[40mUtil:
[37m
[40m  46.7% 
[39;49m
[37m
[40m  
[0;1m
[35m
[40mTemp:
[33m
[40m 75 
[39;49m
[37m
[40m  
[0;1m
[35m
[40mVoltage:
[37m
[40m 760 mV 
[39;49m
[37m
[40m  
[0;1m
[35m
[40mClock:
[37m
[40m 1000 MHz
[8;5H
[0;1m
[35m
[40mCore :
[37m
[40m1 
[39;49m
[37m
[40m  
[0;1m
[35m
[40mUtil:
[37m
[40m  24.1% 
[39;49m
[37m
[40m  
[0;1m
[35m
[40mTemp:
[33m
[40m 75 
[39;49m
[37m
[40m  
[0;1m
[35m
[40mVoltage:
[37m
[40m 760 mV 
[39;49m
[37m
[40m  
[0;1m
[35m
[40mClock:
[37m
[40m 1000 MHz
[9;5H
[0;1m
[35m
[40mCore :
[37m
[40m2 
[39;49m
[37m
[40m  
[0;1m
[35m
[40mUtil:
[37m
[40m   2.2% 
[39;49m
[37m
[40m  
[0;1m
[35m
[40mTemp:
[33m
[40m 76 
[39;49m
[37m
[40m  
[0;1m
[35m
[40mVoltage:
[37m
[40m 760 mV 
[39;49m
[37m
[40m  
[0;1m
[35m
[40mClock:
[37m
[40m 1000 MHz
[10d
[39;49m
[37m
[40m-
[198b-
[50;1HTotal Devices: 1
[50;190HPage: 1 / 
[?7l1
[?7h
[39;49m
[37m
[40m
[2J[DX-TOP]  (q) Quit   (n) Next Page   (p) Prev Page   (h) Help
[2dSat Jul 11 00:05:19 2026
[3dDX-RT: v3.4.0     NPU Device driver: v2.5.1     DX-TOP: v1.1.0
[4d-
[198b-
[5;3H
[0;1m
[36m
[40mDevice :
[37m
[40m0
[18G
[0;1m
[36m
[40mVariant:
[37m
[40m    M1
[38G
[0;1m
[36m
[40mPCIe Bus Number:
[37m
[40m  01:00:00  
[39;49m
[37m
[40m  
[0;1m
[36m
[40mFirmware:
[37m
[40m  v2.7.1
[6;3H
[0;1m
[36m
[40mNPU Memory:
[39;49m
[37m
[40m  
[34m
[40m[|
[19X
[6;37H]
[39;49m
[37m
[40m 
[34m
[40m119.81 MiB / 1.92 GiB (6.09%) 
[7;5H
[0;1m
[35m
[40mCore :
[37m
[40m0 
[39;49m
[37m
[40m  
[0;1m
[35m
[40mUtil:
[37m
[40m  44.4% 
[39;49m
[37m
[40m  
[0;1m
[35m
[40mTemp:
[33m
[40m 75 
[39;49m
[37m
[40m  
[0;1m
[35m
[40mVoltage:
[37m
[40m 760 mV 
[39;49m
[37m
[40m  
[0;1m
[35m
[40mClock:
[37m
[40m 1000 MHz
[8;5H
[0;1m
[35m
[40mCore :
[37m
[40m1 
[39;49m
[37m
[40m  
[0;1m
[35m
[40mUtil:
[37m
[40m  24.0% 
[39;49m
[37m
[40m  
[0;1m
[35m
[40mTemp:
[33m
[40m 75 
[39;49m
[37m
[40m  
[0;1m
[35m
[40mVoltage:
[37m
[40m 760 mV 
[39;49m
[37m
[40m  
[0;1m
[35m
[40mClock:
[37m
[40m 1000 MHz
[9;5H
[0;1m
[35m
[40mCore :
[37m
[40m2 
[39;49m
[37m
[40m  
[0;1m
[35m
[40mUtil:
[37m
[40m   5.6% 
[39;49m
[37m
[40m  
[0;1m
[35m
[40mTemp:
[33m
[40m 76 
[39;49m
[37m
[40m  
[0;1m
[35m
[40mVoltage:
[37m
[40m 760 mV 
[39;49m
[37m
[40m  
[0;1m
[35m
[40mClock:
[37m
[40m 1000 MHz
[10d
[39;49m
[37m
[40m-
[198b-
[50;1HTotal Devices: 1
[50;190HPage: 1 / 
[?7l1
[?7h
[39;49m
[37m
[40m
[2J[DX-TOP]  (q) Quit   (n) Next Page   (p) Prev Page   (h) Help
[2dSat Jul 11 00:05:21 2026
[3dDX-RT: v3.4.0     NPU Device driver: v2.5.1     DX-TOP: v1.1.0
[4d-
[198b-
[5;3H
[0;1m
[36m
[40mDevice :
[37m
[40m0
[18G
[0;1m
[36m
[40mVariant:
[37m
[40m    M1
[38G
[0;1m
[36m
[40mPCIe Bus Number:
[37m
[40m  01:00:00  
[39;49m
[37m
[40m  
[0;1m
[36m
[40mFirmware:
[37m
[40m  v2.7.1
[6;3H
[0;1m
[36m
[40mNPU Memory:
[39;49m
[37m
[40m  
[34m
[40m[|
[19X
[6;37H]
[39;49m
[37m
[40m 
[34m
[40m119.81 MiB / 1.92 GiB (6.09%) 
[7;5H
[0;1m
[35m
[40mCore :
[37m
[40m0 
[39;49m
[37m
[40m  
[0;1m
[35m
[40mUtil:
[37m
[40m  45.0% 
[39;49m
[37m
[40m  
[0;1m
[35m
[40mTemp:
[33m
[40m 75 
[39;49m
[37m
[40m  
[0;1m
[35m
[40mVoltage:
[37m
[40m 760 mV 
[39;49m
[37m
[40m  
[0;1m
[35m
[40mClock:
[37m
[40m 1000 MHz
[8;5H
[0;1m
[35m
[40mCore :
[37m
[40m1 
[39;49m
[37m
[40m  
[0;1m
[35m
[40mUtil:
[37m
[40m  25.5% 
[39;49m
[37m
[40m  
[0;1m
[35m
[40mTemp:
[33m
[40m 75 
[39;49m
[37m
[40m  
[0;1m
[35m
[40mVoltage:
[37m
[40m 760 mV 
[39;49m
[37m
[40m  
[0;1m
[35m
[40mClock:
[37m
[40m 1000 MHz
[9;5H
[0;1m
[35m
[40mCore :
[37m
[40m2 
[39;49m
[37m
[40m  
[0;1m
[35m
[40mUtil:
[37m
[40m   2.2% 
[39;49m
[37m
[40m  
[0;1m
[35m
[40mTemp:
[33m
[40m 76 
[39;49m
[37m
[40m  
[0;1m
[35m
[40mVoltage:
[37m
[40m 760 mV 
[39;49m
[37m
[40m  
[0;1m
[35m
[40mClock:
[37m
[40m 1000 MHz
[10d
[39;49m
[37m
[40m-
[198b-
[50;1HTotal Devices: 1
[50;190HPage: 1 / 
[?7l1
[?7h
[39;49m
[37m
[40m
[2J[DX-TOP]  (q) Quit   (n) Next Page   (p) Prev Page   (h) Help
[2dSat Jul 11 00:05:23 2026
[3dDX-RT: v3.4.0     NPU Device driver: v2.5.1     DX-TOP: v1.1.0
[4d-
[198b-
[5;3H
[0;1m
[36m
[40mDevice :
[37m
[40m0
[18G
[0;1m
[36m
[40mVariant:
[37m
[40m    M1
[38G
[0;1m
[36m
[40mPCIe Bus Number:
[37m
[40m  01:00:00  
[39;49m
[37m
[40m  
[0;1m
[36m
[40mFirmware:
[37m
[40m  v2.7.1
[6;3H
[0;1m
[36m
[40mNPU Memory:
[39;49m
[37m
[40m  
[34m
[40m[|
[19X
[6;37H]
[39;49m
[37m
[40m 
[34m
[40m119.81 MiB / 1.92 GiB (6.09%) 
[7;5H
[0;1m
[35m
[40mCore :
[37m
[40m0 
[39;49m
[37m
[40m  
[0;1m
[35m
[40mUtil:
[37m
[40m  39.2% 
[39;49m
[37m
[40m  
[0;1m
[35m
[40mTemp:
[33m
[40m 75 
[39;49m
[37m
[40m  
[0;1m
[35m
[40mVoltage:
[37m
[40m 755 mV 
[39;49m
[37m
[40m  
[0;1m
[35m
[40mClock:
[37m
[40m 1000 MHz
[8;5H
[0;1m
[35m
[40mCore :
[37m
[40m1 
[39;49m
[37m
[40m  
[0;1m
[35m
[40mUtil:
[37m
[40m  29.1% 
[39;49m
[37m
[40m  
[0;1m
[35m
[40mTemp:
[33m
[40m 75 
[39;49m
[37m
[40m  
[0;1m
[35m
[40mVoltage:
[37m
[40m 755 mV 
[39;49m
[37m
[40m  
[0;1m
[35m
[40mClock:
[37m
[40m 1000 MHz
[9;5H
[0;1m
[35m
[40mCore :
[37m
[40m2 
[39;49m
[37m
[40m  
[0;1m
[35m
[40mUtil:
[37m
[40m   8.5% 
[39;49m
[37m
[40m  
[0;1m
[35m
[40mTemp:
[33m
[40m 76 
[39;49m
[37m
[40m  
[0;1m
[35m
[40mVoltage:
[37m
[40m 755 mV 
[39;49m
[37m
[40m  
[0;1m
[35m
[40mClock:
[37m
[40m 1000 MHz
[10d
[39;49m
[37m
[40m-
[198b-
[50;1HTotal Devices: 1
[50;190HPage: 1 / 
[?7l1
[?7h
[39;49m
[37m
[40m
[2J[DX-TOP]  (q) Quit   (n) Next Page   (p) Prev Page   (h) Help
[2dSat Jul 11 00:05:25 2026
[3dDX-RT: v3.4.0     NPU Device driver: v2.5.1     DX-TOP: v1.1.0
[4d-
[198b-
[5;3H
[0;1m
[36m
[40mDevice :
[37m
[40m0
[18G
[0;1m
[36m
[40mVariant:
[37m
[40m    M1
[38G
[0;1m
[36m
[40mPCIe Bus Number:
[37m
[40m  01:00:00  
[39;49m
[37m
[40m  
[0;1m
[36m
[40mFirmware:
[37m
[40m  v2.7.1
[6;3H
[0;1m
[36m
[40mNPU Memory:
[39;49m
[37m
[40m  
[34m
[40m[|
[19X
[6;37H]
[39;49m
[37m
[40m 
[34m
[40m119.81 MiB / 1.92 GiB (6.09%) 
[7;5H
[0;1m
[35m
[40mCore :
[37m
[40m0 
[39;49m
[37m
[40m  
[0;1m
[35m
[40mUtil:
[37m
[40m  47.1% 
[39;49m
[37m
[40m  
[0;1m
[35m
[40mTemp:
[33m
[40m 76 
[39;49m
[37m
[40m  
[0;1m
[35m
[40mVoltage:
[37m
[40m 755 mV 
[39;49m
[37m
[40m  
[0;1m
[35m
[40mClock:
[37m
[40m 1000 MHz
[8;5H
[0;1m
[35m
[40mCore :
[37m
[40m1 
[39;49m
[37m
[40m  
[0;1m
[35m
[40mUtil:
[37m
[40m  22.8% 
[39;49m
[37m
[40m  
[0;1m
[35m
[40mTemp:
[33m
[40m 76 
[39;49m
[37m
[40m  
[0;1m
[35m
[40mVoltage:
[37m
[40m 755 mV 
[39;49m
[37m
[40m  
[0;1m
[35m
[40mClock:
[37m
[40m 1000 MHz
[9;5H
[0;1m
[35m
[40mCore :
[37m
[40m2 
[39;49m
[37m
[40m  
[0;1m
[35m
[40mUtil:
[37m
[40m   3.5% 
[39;49m
[37m
[40m  
[0;1m
[35m
[40mTemp:
[33m
[40m 76 
[39;49m
[37m
[40m  
[0;1m
[35m
[40mVoltage:
[37m
[40m 755 mV 
[39;49m
[37m
[40m  
[0;1m
[35m
[40mClock:
[37m
[40m 1000 MHz
[10d
[39;49m
[37m
[40m-
[198b-
[50;1HTotal Devices: 1
[50;190HPage: 1 / 
[?7l1
[?7h
[39;49m
[37m
[40m
[2J[DX-TOP]  (q) Quit   (n) Next Page   (p) Prev Page   (h) Help
[2dSat Jul 11 00:05:27 2026
[3dDX-RT: v3.4.0     NPU Device driver: v2.5.1     DX-TOP: v1.1.0
[4d-
[198b-
[5;3H
[0;1m
[36m
[40mDevice :
[37m
[40m0
[18G
[0;1m
[36m
[40mVariant:
[37m
[40m    M1
[38G
[0;1m
[36m
[40mPCIe Bus Number:
[37m
[40m  01:00:00  
[39;49m
[37m
[40m  
[0;1m
[36m
[40mFirmware:
[37m
[40m  v2.7.1
[6;3H
[0;1m
[36m
[40mNPU Memory:
[39;49m
[37m
[40m  
[34m
[40m[|
[19X
[6;37H]
[39;49m
[37m
[40m 
[34m
[40m119.81 MiB / 1.92 GiB (6.09%) 
[7;5H
[0;1m
[35m
[40mCore :
[37m
[40m0 
[39;49m
[37m
[40m  
[0;1m
[35m
[40mUtil:
[37m
[40m  45.1% 
[39;49m
[37m
[40m  
[0;1m
[35m
[40mTemp:
[33m
[40m 75 
[39;49m
[37m
[40m  
[0;1m
[35m
[40mVoltage:
[37m
[40m 760 mV 
[39;49m
[37m
[40m  
[0;1m
[35m
[40mClock:
[37m
[40m 1000 MHz
[8;5H
[0;1m
[35m
[40mCore :
[37m
[40m1 
[39;49m
[37m
[40m  
[0;1m
[35m
[40mUtil:
[37m
[40m  24.3% 
[39;49m
[37m
[40m  
[0;1m
[35m
[40mTemp:
[33m
[40m 76 
[39;49m
[37m
[40m  
[0;1m
[35m
[40mVoltage:
[37m
[40m 760 mV 
[39;49m
[37m
[40m  
[0;1m
[35m
[40mClock:
[37m
[40m 1000 MHz
[9;5H
[0;1m
[35m
[40mCore :
[37m
[40m2 
[39;49m
[37m
[40m  
[0;1m
[35m
[40mUtil:
[37m
[40m   7.0% 
[39;49m
[37m
[40m  
[0;1m
[35m
[40mTemp:
[33m
[40m 76 
[39;49m
[37m
[40m  
[0;1m
[35m
[40mVoltage:
[37m
[40m 760 mV 
[39;49m
[37m
[40m  
[0;1m
[35m
[40mClock:
[37m
[40m 1000 MHz
[10d
[39;49m
[37m
[40m-
[198b-
[50;1HTotal Devices: 1
[50;190HPage: 1 / 
[?7l1
[?7h
[39;49m
[37m
[40m
[2J[DX-TOP]  (q) Quit   (n) Next Page   (p) Prev Page   (h) Help
[2dSat Jul 11 00:05:29 2026
[3dDX-RT: v3.4.0     NPU Device driver: v2.5.1     DX-TOP: v1.1.0
[4d-
[198b-
[5;3H
[0;1m
[36m
[40mDevice :
[37m
[40m0
[18G
[0;1m
[36m
[40mVariant:
[37m
[40m    M1
[38G
[0;1m
[36m
[40mPCIe Bus Number:
[37m
[40m  01:00:00  
[39;49m
[37m
[40m  
[0;1m
[36m
[40mFirmware:
[37m
[40m  v2.7.1
[6;3H
[0;1m
[36m
[40mNPU Memory:
[39;49m
[37m
[40m  
[34m
[40m[|
[19X
[6;37H]
[39;49m
[37m
[40m 
[34m
[40m119.81 MiB / 1.92 GiB (6.09%) 
[7;5H
[0;1m
[35m
[40mCore :
[37m
[40m0 
[39;49m
[37m
[40m  
[0;1m
[35m
[40mUtil:
[37m
[40m  42.8% 
[39;49m
[37m
[40m  
[0;1m
[35m
[40mTemp:
[33m
[40m 75 
[39;49m
[37m
[40m  
[0;1m
[35m
[40mVoltage:
[37m
[40m 755 mV 
[39;49m
[37m
[40m  
[0;1m
[35m
[40mClock:
[37m
[40m 1000 MHz
[8;5H
[0;1m
[35m
[40mCore :
[37m
[40m1 
[39;49m
[37m
[40m  
[0;1m
[35m
[40mUtil:
[37m
[40m  24.1% 
[39;49m
[37m
[40m  
[0;1m
[35m
[40mTemp:
[33m
[40m 75 
[39;49m
[37m
[40m  
[0;1m
[35m
[40mVoltage:
[37m
[40m 755 mV 
[39;49m
[37m
[40m  
[0;1m
[35m
[40mClock:
[37m
[40m 1000 MHz
[9;5H
[0;1m
[35m
[40mCore :
[37m
[40m2 
[39;49m
[37m
[40m  
[0;1m
[35m
[40mUtil:
[37m
[40m   6.5% 
[39;49m
[37m
[40m  
[0;1m
[35m
[40mTemp:
[33m
[40m 76 
[39;49m
[37m
[40m  
[0;1m
[35m
[40mVoltage:
[37m
[40m 755 mV 
[39;49m
[37m
[40m  
[0;1m
[35m
[40mClock:
[37m
[40m 1000 MHz
[10d
[39;49m
[37m
[40m-
[198b-
[50;1HTotal Devices: 1
[50;190HPage: 1 / 
[?7l1
[?7h
[39;49m
[37m
[40m
[2J[DX-TOP]  (q) Quit   (n) Next Page   (p) Prev Page   (h) Help
[2dSat Jul 11 00:05:31 2026
[3dDX-RT: v3.4.0     NPU Device driver: v2.5.1     DX-TOP: v1.1.0
[4d-
[198b-
[5;3H
[0;1m
[36m
[40mDevice :
[37m
[40m0
[18G
[0;1m
[36m
[40mVariant:
[37m
[40m    M1
[38G
[0;1m
[36m
[40mPCIe Bus Number:
[37m
[40m  01:00:00  
[39;49m
[37m
[40m  
[0;1m
[36m
[40mFirmware:
[37m
[40m  v2.7.1
[6;3H
[0;1m
[36m
[40mNPU Memory:
[39;49m
[37m
[40m  
[34m
[40m[|
[19X
[6;37H]
[39;49m
[37m
[40m 
[34m
[40m119.81 MiB / 1.92 GiB (6.09%) 
[7;5H
[0;1m
[35m
[40mCore :
[37m
[40m0 
[39;49m
[37m
[40m  
[0;1m
[35m
[40mUtil:
[37m
[40m  41.1% 
[39;49m
[37m
[40m  
[0;1m
[35m
[40mTemp:
[33m
[40m 75 
[39;49m
[37m
[40m  
[0;1m
[35m
[40mVoltage:
[37m
[40m 755 mV 
[39;49m
[37m
[40m  
[0;1m
[35m
[40mClock:
[37m
[40m 1000 MHz
[8;5H
[0;1m
[35m
[40mCore :
[37m
[40m1 
[39;49m
[37m
[40m  
[0;1m
[35m
[40mUtil:
[37m
[40m  26.5% 
[39;49m
[37m
[40m  
[0;1m
[35m
[40mTemp:
[33m
[40m 75 
[39;49m
[37m
[40m  
[0;1m
[35m
[40mVoltage:
[37m
[40m 755 mV 
[39;49m
[37m
[40m  
[0;1m
[35m
[40mClock:
[37m
[40m 1000 MHz
[9;5H
[0;1m
[35m
[40mCore :
[37m
[40m2 
[39;49m
[37m
[40m  
[0;1m
[35m
[40mUtil:
[37m
[40m   8.3% 
[39;49m
[37m
[40m  
[0;1m
[35m
[40mTemp:
[33m
[40m 76 
[39;49m
[37m
[40m  
[0;1m
[35m
[40mVoltage:
[37m
[40m 755 mV 
[39;49m
[37m
[40m  
[0;1m
[35m
[40mClock:
[37m
[40m 1000 MHz
[10d
[39;49m
[37m
[40m-
[198b-
[50;1HTotal Devices: 1
[50;190HPage: 1 / 
[?7l1
[?7h
[39;49m
[37m
[40m
[2J[DX-TOP]  (q) Quit   (n) Next Page   (p) Prev Page   (h) Help
[2dSat Jul 11 00:05:33 2026
[3dDX-RT: v3.4.0     NPU Device driver: v2.5.1     DX-TOP: v1.1.0
[4d-
[198b-
[5;3H
[0;1m
[36m
[40mDevice :
[37m
[40m0
[18G
[0;1m
[36m
[40mVariant:
[37m
[40m    M1
[38G
[0;1m
[36m
[40mPCIe Bus Number:
[37m
[40m  01:00:00  
[39;49m
[37m
[40m  
[0;1m
[36m
[40mFirmware:
[37m
[40m  v2.7.1
[6;3H
[0;1m
[36m
[40mNPU Memory:
[39;49m
[37m
[40m  
[34m
[40m[|
[19X
[6;37H]
[39;49m
[37m
[40m 
[34m
[40m119.81 MiB / 1.92 GiB (6.09%) 
[7;5H
[0;1m
[35m
[40mCore :
[37m
[40m0 
[39;49m
[37m
[40m  
[0;1m
[35m
[40mUtil:
[37m
[40m  42.1% 
[39;49m
[37m
[40m  
[0;1m
[35m
[40mTemp:
[33m
[40m 75 
[39;49m
[37m
[40m  
[0;1m
[35m
[40mVoltage:
[37m
[40m 760 mV 
[39;49m
[37m
[40m  
[0;1m
[35m
[40mClock:
[37m
[40m 1000 MHz
[8;5H
[0;1m
[35m
[40mCore :
[37m
[40m1 
[39;49m
[37m
[40m  
[0;1m
[35m
[40mUtil:
[37m
[40m  24.5% 
[39;49m
[37m
[40m  
[0;1m
[35m
[40mTemp:
[33m
[40m 76 
[39;49m
[37m
[40m  
[0;1m
[35m
[40mVoltage:
[37m
[40m 760 mV 
[39;49m
[37m
[40m  
[0;1m
[35m
[40mClock:
[37m
[40m 1000 MHz
[9;5H
[0;1m
[35m
[40mCore :
[37m
[40m2 
[39;49m
[37m
[40m  
[0;1m
[35m
[40mUtil:
[37m
[40m   7.2% 
[39;49m
[37m
[40m  
[0;1m
[35m
[40mTemp:
[33m
[40m 76 
[39;49m
[37m
[40m  
[0;1m
[35m
[40mVoltage:
[37m
[40m 760 mV 
[39;49m
[37m
[40m  
[0;1m
[35m
[40mClock:
[37m
[40m 1000 MHz
[10d
[39;49m
[37m
[40m-
[198b-
[50;1HTotal Devices: 1
[50;190HPage: 1 / 
[?7l1
[?7h
[39;49m
[37m
[40m
[2J[DX-TOP]  (q) Quit   (n) Next Page   (p) Prev Page   (h) Help
[2dSat Jul 11 00:05:35 2026
[3dDX-RT: v3.4.0     NPU Device driver: v2.5.1     DX-TOP: v1.1.0
[4d-
[198b-
[5;3H
[0;1m
[36m
[40mDevice :
[37m
[40m0
[18G
[0;1m
[36m
[40mVariant:
[37m
[40m    M1
[38G
[0;1m
[36m
[40mPCIe Bus Number:
[37m
[40m  01:00:00  
[39;49m
[37m
[40m  
[0;1m
[36m
[40mFirmware:
[37m
[40m  v2.7.1
[6;3H
[0;1m
[36m
[40mNPU Memory:
[39;49m
[37m
[40m  
[34m
[40m[|
[19X
[6;37H]
[39;49m
[37m
[40m 
[34m
[40m119.81 MiB / 1.92 GiB (6.09%) 
[7;5H
[0;1m
[35m
[40mCore :
[37m
[40m0 
[39;49m
[37m
[40m  
[0;1m
[35m
[40mUtil:
[37m
[40m  45.6% 
[39;49m
[37m
[40m  
[0;1m
[35m
[40mTemp:
[33m
[40m 75 
[39;49m
[37m
[40m  
[0;1m
[35m
[40mVoltage:
[37m
[40m 755 mV 
[39;49m
[37m
[40m  
[0;1m
[35m
[40mClock:
[37m
[40m 1000 MHz
[8;5H
[0;1m
[35m
[40mCore :
[37m
[40m1 
[39;49m
[37m
[40m  
[0;1m
[35m
[40mUtil:
[37m
[40m  20.5% 
[39;49m
[37m
[40m  
[0;1m
[35m
[40mTemp:
[33m
[40m 75 
[39;49m
[37m
[40m  
[0;1m
[35m
[40mVoltage:
[37m
[40m 755 mV 
[39;49m
[37m
[40m  
[0;1m
[35m
[40mClock:
[37m
[40m 1000 MHz
[9;5H
[0;1m
[35m
[40mCore :
[37m
[40m2 
[39;49m
[37m
[40m  
[0;1m
[35m
[40mUtil:
[37m
[40m   7.1% 
[39;49m
[37m
[40m  
[0;1m
[35m
[40mTemp:
[33m
[40m 76 
[39;49m
[37m
[40m  
[0;1m
[35m
[40mVoltage:
[37m
[40m 755 mV 
[39;49m
[37m
[40m  
[0;1m
[35m
[40mClock:
[37m
[40m 1000 MHz
[10d
[39;49m
[37m
[40m-
[198b-
[50;1HTotal Devices: 1
[50;190HPage: 1 / 
[?7l1
[?7h
[39;49m
[37m
[40m
[2J[DX-TOP]  (q) Quit   (n) Next Page   (p) Prev Page   (h) Help
[2dSat Jul 11 00:05:38 2026
[3dDX-RT: v3.4.0     NPU Device driver: v2.5.1     DX-TOP: v1.1.0
[4d-
[198b-
[5;3H
[0;1m
[36m
[40mDevice :
[37m
[40m0
[18G
[0;1m
[36m
[40mVariant:
[37m
[40m    M1
[38G
[0;1m
[36m
[40mPCIe Bus Number:
[37m
[40m  01:00:00  
[39;49m
[37m
[40m  
[0;1m
[36m
[40mFirmware:
[37m
[40m  v2.7.1
[6;3H
[0;1m
[36m
[40mNPU Memory:
[39;49m
[37m
[40m  
[34m
[40m[|
[19X
[6;37H]
[39;49m
[37m
[40m 
[34m
[40m119.81 MiB / 1.92 GiB (6.09%) 
[7;5H
[0;1m
[35m
[40mCore :
[37m
[40m0 
[39;49m
[37m
[40m  
[0;1m
[35m
[40mUtil:
[37m
[40m  40.4% 
[39;49m
[37m
[40m  
[0;1m
[35m
[40mTemp:
[33m
[40m 75 
[39;49m
[37m
[40m  
[0;1m
[35m
[40mVoltage:
[37m
[40m 750 mV 
[39;49m
[37m
[40m  
[0;1m
[35m
[40mClock:
[37m
[40m 1000 MHz
[8;5H
[0;1m
[35m
[40mCore :
[37m
[40m1 
[39;49m
[37m
[40m  
[0;1m
[35m
[40mUtil:
[37m
[40m  24.6% 
[39;49m
[37m
[40m  
[0;1m
[35m
[40mTemp:
[33m
[40m 75 
[39;49m
[37m
[40m  
[0;1m
[35m
[40mVoltage:
[37m
[40m 750 mV 
[39;49m
[37m
[40m  
[0;1m
[35m
[40mClock:
[37m
[40m 1000 MHz
[9;5H
[0;1m
[35m
[40mCore :
[37m
[40m2 
[39;49m
[37m
[40m  
[0;1m
[35m
[40mUtil:
[37m
[40m  10.3% 
[39;49m
[37m
[40m  
[0;1m
[35m
[40mTemp:
[33m
[40m 76 
[39;49m
[37m
[40m  
[0;1m
[35m
[40mVoltage:
[37m
[40m 750 mV 
[39;49m
[37m
[40m  
[0;1m
[35m
[40mClock:
[37m
[40m 1000 MHz
[10d
[39;49m
[37m
[40m-
[198b-
[50;1HTotal Devices: 1
[50;190HPage: 1 / 
[?7l1
[?7h
[39;49m
[37m
[40m
[2J[DX-TOP]  (q) Quit   (n) Next Page   (p) Prev Page   (h) Help
[2dSat Jul 11 00:05:40 2026
[3dDX-RT: v3.4.0     NPU Device driver: v2.5.1     DX-TOP: v1.1.0
[4d-
[198b-
[5;3H
[0;1m
[36m
[40mDevice :
[37m
[40m0
[18G
[0;1m
[36m
[40mVariant:
[37m
[40m    M1
[38G
[0;1m
[36m
[40mPCIe Bus Number:
[37m
[40m  01:00:00  
[39;49m
[37m
[40m  
[0;1m
[36m
[40mFirmware:
[37m
[40m  v2.7.1
[6;3H
[0;1m
[36m
[40mNPU Memory:
[39;49m
[37m
[40m  
[34m
[40m[|
[19X
[6;37H]
[39;49m
[37m
[40m 
[34m
[40m119.81 MiB / 1.92 GiB (6.09%) 
[7;5H
[0;1m
[35m
[40mCore :
[37m
[40m0 
[39;49m
[37m
[40m  
[0;1m
[35m
[40mUtil:
[37m
[40m  45.6% 
[39;49m
[37m
[40m  
[0;1m
[35m
[40mTemp:
[33m
[40m 75 
[39;49m
[37m
[40m  
[0;1m
[35m
[40mVoltage:
[37m
[40m 765 mV 
[39;49m
[37m
[40m  
[0;1m
[35m
[40mClock:
[37m
[40m 1000 MHz
[8;5H
[0;1m
[35m
[40mCore :
[37m
[40m1 
[39;49m
[37m
[40m  
[0;1m
[35m
[40mUtil:
[37m
[40m  26.0% 
[39;49m
[37m
[40m  
[0;1m
[35m
[40mTemp:
[33m
[40m 75 
[39;49m
[37m
[40m  
[0;1m
[35m
[40mVoltage:
[37m
[40m 765 mV 
[39;49m
[37m
[40m  
[0;1m
[35m
[40mClock:
[37m
[40m 1000 MHz
[9;5H
[0;1m
[35m
[40mCore :
[37m
[40m2 
[39;49m
[37m
[40m  
[0;1m
[35m
[40mUtil:
[37m
[40m   3.7% 
[39;49m
[37m
[40m  
[0;1m
[35m
[40mTemp:
[33m
[40m 76 
[39;49m
[37m
[40m  
[0;1m
[35m
[40mVoltage:
[37m
[40m 765 mV 
[39;49m
[37m
[40m  
[0;1m
[35m
[40mClock:
[37m
[40m 1000 MHz
[10d
[39;49m
[37m
[40m-
[198b-
[50;1HTotal Devices: 1
[50;190HPage: 1 / 
[?7l1
[?7h
[39;49m
[37m
[40m
[2J[DX-TOP]  (q) Quit   (n) Next Page   (p) Prev Page   (h) Help
[2dSat Jul 11 00:05:42 2026
[3dDX-RT: v3.4.0     NPU Device driver: v2.5.1     DX-TOP: v1.1.0
[4d-
[198b-
[5;3H
[0;1m
[36m
[40mDevice :
[37m
[40m0
[18G
[0;1m
[36m
[40mVariant:
[37m
[40m    M1
[38G
[0;1m
[36m
[40mPCIe Bus Number:
[37m
[40m  01:00:00  
[39;49m
[37m
[40m  
[0;1m
[36m
[40mFirmware:
[37m
[40m  v2.7.1
[6;3H
[0;1m
[36m
[40mNPU Memory:
[39;49m
[37m
[40m  
[34m
[40m[|
[19X
[6;37H]
[39;49m
[37m
[40m 
[34m
[40m119.81 MiB / 1.92 GiB (6.09%) 
[7;5H
[0;1m
[35m
[40mCore :
[37m
[40m0 
[39;49m
[37m
[40m  
[0;1m
[35m
[40mUtil:
[37m
[40m  45.1% 
[39;49m
[37m
[40m  
[0;1m
[35m
[40mTemp:
[33m
[40m 75 
[39;49m
[37m
[40m  
[0;1m
[35m
[40mVoltage:
[37m
[40m 760 mV 
[39;49m
[37m
[40m  
[0;1m
[35m
[40mClock:
[37m
[40m 1000 MHz
[8;5H
[0;1m
[35m
[40mCore :
[37m
[40m1 
[39;49m
[37m
[40m  
[0;1m
[35m
[40mUtil:
[37m
[40m  28.2% 
[39;49m
[37m
[40m  
[0;1m
[35m
[40mTemp:
[33m
[40m 75 
[39;49m
[37m
[40m  
[0;1m
[35m
[40mVoltage:
[37m
[40m 760 mV 
[39;49m
[37m
[40m  
[0;1m
[35m
[40mClock:
[37m
[40m 1000 MHz
[9;5H
[0;1m
[35m
[40mCore :
[37m
[40m2 
[39;49m
[37m
[40m  
[0;1m
[35m
[40mUtil:
[37m
[40m   5.6% 
[39;49m
[37m
[40m  
[0;1m
[35m
[40mTemp:
[33m
[40m 76 
[39;49m
[37m
[40m  
[0;1m
[35m
[40mVoltage:
[37m
[40m 760 mV 
[39;49m
[37m
[40m  
[0;1m
[35m
[40mClock:
[37m
[40m 1000 MHz
[10d
[39;49m
[37m
[40m-
[198b-
[50;1HTotal Devices: 1
[50;190HPage: 1 / 
[?7l1
[?7h
[39;49m
[37m
[40m
[2J[DX-TOP]  (q) Quit   (n) Next Page   (p) Prev Page   (h) Help
[2dSat Jul 11 00:05:44 2026
[3dDX-RT: v3.4.0     NPU Device driver: v2.5.1     DX-TOP: v1.1.0
[4d-
[198b-
[5;3H
[0;1m
[36m
[40mDevice :
[37m
[40m0
[18G
[0;1m
[36m
[40mVariant:
[37m
[40m    M1
[38G
[0;1m
[36m
[40mPCIe Bus Number:
[37m
[40m  01:00:00  
[39;49m
[37m
[40m  
[0;1m
[36m
[40mFirmware:
[37m
[40m  v2.7.1
[6;3H
[0;1m
[36m
[40mNPU Memory:
[39;49m
[37m
[40m  
[34m
[40m[|
[19X
[6;37H]
[39;49m
[37m
[40m 
[34m
[40m119.81 MiB / 1.92 GiB (6.09%) 
[7;5H
[0;1m
[35m
[40mCore :
[37m
[40m0 
[39;49m
[37m
[40m  
[0;1m
[35m
[40mUtil:
[37m
[40m  41.5% 
[39;49m
[37m
[40m  
[0;1m
[35m
[40mTemp:
[33m
[40m 75 
[39;49m
[37m
[40m  
[0;1m
[35m
[40mVoltage:
[37m
[40m 760 mV 
[39;49m
[37m
[40m  
[0;1m
[35m
[40mClock:
[37m
[40m 1000 MHz
[8;5H
[0;1m
[35m
[40mCore :
[37m
[40m1 
[39;49m
[37m
[40m  
[0;1m
[35m
[40mUtil:
[37m
[40m  27.7% 
[39;49m
[37m
[40m  
[0;1m
[35m
[40mTemp:
[33m
[40m 75 
[39;49m
[37m
[40m  
[0;1m
[35m
[40mVoltage:
[37m
[40m 760 mV 
[39;49m
[37m
[40m  
[0;1m
[35m
[40mClock:
[37m
[40m 1000 MHz
[9;5H
[0;1m
[35m
[40mCore :
[37m
[40m2 
[39;49m
[37m
[40m  
[0;1m
[35m
[40mUtil:
[37m
[40m   8.0% 
[39;49m
[37m
[40m  
[0;1m
[35m
[40mTemp:
[33m
[40m 76 
[39;49m
[37m
[40m  
[0;1m
[35m
[40mVoltage:
[37m
[40m 760 mV 
[39;49m
[37m
[40m  
[0;1m
[35m
[40mClock:
[37m
[40m 1000 MHz
[10d
[39;49m
[37m
[40m-
[198b-
[50;1HTotal Devices: 1
[50;190HPage: 1 / 
[?7l1
[?7h
[39;49m
[37m
[40m
[2J[DX-TOP]  (q) Quit   (n) Next Page   (p) Prev Page   (h) Help
[2dSat Jul 11 00:05:46 2026
[3dDX-RT: v3.4.0     NPU Device driver: v2.5.1     DX-TOP: v1.1.0
[4d-
[198b-
[5;3H
[0;1m
[36m
[40mDevice :
[37m
[40m0
[18G
[0;1m
[36m
[40mVariant:
[37m
[40m    M1
[38G
[0;1m
[36m
[40mPCIe Bus Number:
[37m
[40m  01:00:00  
[39;49m
[37m
[40m  
[0;1m
[36m
[40mFirmware:
[37m
[40m  v2.7.1
[6;3H
[0;1m
[36m
[40mNPU Memory:
[39;49m
[37m
[40m  
[34m
[40m[|
[19X
[6;37H]
[39;49m
[37m
[40m 
[34m
[40m119.81 MiB / 1.92 GiB (6.09%) 
[7;5H
[0;1m
[35m
[40mCore :
[37m
[40m0 
[39;49m
[37m
[40m  
[0;1m
[35m
[40mUtil:
[37m
[40m  47.6% 
[39;49m
[37m
[40m  
[0;1m
[35m
[40mTemp:
[33m
[40m 75 
[39;49m
[37m
[40m  
[0;1m
[35m
[40mVoltage:
[37m
[40m 755 mV 
[39;49m
[37m
[40m  
[0;1m
[35m
[40mClock:
[37m
[40m 1000 MHz
[8;5H
[0;1m
[35m
[40mCore :
[37m
[40m1 
[39;49m
[37m
[40m  
[0;1m
[35m
[40mUtil:
[37m
[40m  18.8% 
[39;49m
[37m
[40m  
[0;1m
[35m
[40mTemp:
[33m
[40m 75 
[39;49m
[37m
[40m  
[0;1m
[35m
[40mVoltage:
[37m
[40m 755 mV 
[39;49m
[37m
[40m  
[0;1m
[35m
[40mClock:
[37m
[40m 1000 MHz
[9;5H
[0;1m
[35m
[40mCore :
[37m
[40m2 
[39;49m
[37m
[40m  
[0;1m
[35m
[40mUtil:
[37m
[40m   6.4% 
[39;49m
[37m
[40m  
[0;1m
[35m
[40mTemp:
[33m
[40m 76 
[39;49m
[37m
[40m  
[0;1m
[35m
[40mVoltage:
[37m
[40m 755 mV 
[39;49m
[37m
[40m  
[0;1m
[35m
[40mClock:
[37m
[40m 1000 MHz
[10d
[39;49m
[37m
[40m-
[198b-
[50;1HTotal Devices: 1
[50;190HPage: 1 / 
[?7l1
[?7h
[39;49m
[37m
[40m
[2J[DX-TOP]  (q) Quit   (n) Next Page   (p) Prev Page   (h) Help
[2dSat Jul 11 00:05:48 2026
[3dDX-RT: v3.4.0     NPU Device driver: v2.5.1     DX-TOP: v1.1.0
[4d-
[198b-
[5;3H
[0;1m
[36m
[40mDevice :
[37m
[40m0
[18G
[0;1m
[36m
[40mVariant:
[37m
[40m    M1
[38G
[0;1m
[36m
[40mPCIe Bus Number:
[37m
[40m  01:00:00  
[39;49m
[37m
[40m  
[0;1m
[36m
[40mFirmware:
[37m
[40m  v2.7.1
[6;3H
[0;1m
[36m
[40mNPU Memory:
[39;49m
[37m
[40m  
[34m
[40m[|
[19X
[6;37H]
[39;49m
[37m
[40m 
[34m
[40m119.81 MiB / 1.92 GiB (6.09%) 
[7;5H
[0;1m
[35m
[40mCore :
[37m
[40m0 
[39;49m
[37m
[40m  
[0;1m
[35m
[40mUtil:
[37m
[40m  41.3% 
[39;49m
[37m
[40m  
[0;1m
[35m
[40mTemp:
[33m
[40m 75 
[39;49m
[37m
[40m  
[0;1m
[35m
[40mVoltage:
[37m
[40m 750 mV 
[39;49m
[37m
[40m  
[0;1m
[35m
[40mClock:
[37m
[40m 1000 MHz
[8;5H
[0;1m
[35m
[40mCore :
[37m
[40m1 
[39;49m
[37m
[40m  
[0;1m
[35m
[40mUtil:
[37m
[40m  25.6% 
[39;49m
[37m
[40m  
[0;1m
[35m
[40mTemp:
[33m
[40m 75 
[39;49m
[37m
[40m  
[0;1m
[35m
[40mVoltage:
[37m
[40m 750 mV 
[39;49m
[37m
[40m  
[0;1m
[35m
[40mClock:
[37m
[40m 1000 MHz
[9;5H
[0;1m
[35m
[40mCore :
[37m
[40m2 
[39;49m
[37m
[40m  
[0;1m
[35m
[40mUtil:
[37m
[40m  10.2% 
[39;49m
[37m
[40m  
[0;1m
[35m
[40mTemp:
[33m
[40m 76 
[39;49m
[37m
[40m  
[0;1m
[35m
[40mVoltage:
[37m
[40m 750 mV 
[39;49m
[37m
[40m  
[0;1m
[35m
[40mClock:
[37m
[40m 1000 MHz
[10d
[39;49m
[37m
[40m-
[198b-
[50;1HTotal Devices: 1
[50;190HPage: 1 / 
[?7l1
[?7h
[39;49m
[37m
[40m
[2J[DX-TOP]  (q) Quit   (n) Next Page   (p) Prev Page   (h) Help
[2dSat Jul 11 00:05:50 2026
[3dDX-RT: v3.4.0     NPU Device driver: v2.5.1     DX-TOP: v1.1.0
[4d-
[198b-
[5;3H
[0;1m
[36m
[40mDevice :
[37m
[40m0
[18G
[0;1m
[36m
[40mVariant:
[37m
[40m    M1
[38G
[0;1m
[36m
[40mPCIe Bus Number:
[37m
[40m  01:00:00  
[39;49m
[37m
[40m  
[0;1m
[36m
[40mFirmware:
[37m
[40m  v2.7.1
[6;3H
[0;1m
[36m
[40mNPU Memory:
[39;49m
[37m
[40m  
[34m
[40m[|
[19X
[6;37H]
[39;49m
[37m
[40m 
[34m
[40m119.81 MiB / 1.92 GiB (6.09%) 
[7;5H
[0;1m
[35m
[40mCore :
[37m
[40m0 
[39;49m
[37m
[40m  
[0;1m
[35m
[40mUtil:
[37m
[40m  45.2% 
[39;49m
[37m
[40m  
[0;1m
[35m
[40mTemp:
[33m
[40m 75 
[39;49m
[37m
[40m  
[0;1m
[35m
[40mVoltage:
[37m
[40m 765 mV 
[39;49m
[37m
[40m  
[0;1m
[35m
[40mClock:
[37m
[40m 1000 MHz
[8;5H
[0;1m
[35m
[40mCore :
[37m
[40m1 
[39;49m
[37m
[40m  
[0;1m
[35m
[40mUtil:
[37m
[40m  23.7% 
[39;49m
[37m
[40m  
[0;1m
[35m
[40mTemp:
[33m
[40m 75 
[39;49m
[37m
[40m  
[0;1m
[35m
[40mVoltage:
[37m
[40m 765 mV 
[39;49m
[37m
[40m  
[0;1m
[35m
[40mClock:
[37m
[40m 1000 MHz
[9;5H
[0;1m
[35m
[40mCore :
[37m
[40m2 
[39;49m
[37m
[40m  
[0;1m
[35m
[40mUtil:
[37m
[40m   8.4% 
[39;49m
[37m
[40m  
[0;1m
[35m
[40mTemp:
[33m
[40m 76 
[39;49m
[37m
[40m  
[0;1m
[35m
[40mVoltage:
[37m
[40m 765 mV 
[39;49m
[37m
[40m  
[0;1m
[35m
[40mClock:
[37m
[40m 1000 MHz
[10d
[39;49m
[37m
[40m-
[198b-
[50;1HTotal Devices: 1
[50;190HPage: 1 / 
[?7l1
[?7h
[39;49m
[37m
[40m
[2J[DX-TOP]  (q) Quit   (n) Next Page   (p) Prev Page   (h) Help
[2dSat Jul 11 00:05:52 2026
[3dDX-RT: v3.4.0     NPU Device driver: v2.5.1     DX-TOP: v1.1.0
[4d-
[198b-
[5;3H
[0;1m
[36m
[40mDevice :
[37m
[40m0
[18G
[0;1m
[36m
[40mVariant:
[37m
[40m    M1
[38G
[0;1m
[36m
[40mPCIe Bus Number:
[37m
[40m  01:00:00  
[39;49m
[37m
[40m  
[0;1m
[36m
[40mFirmware:
[37m
[40m  v2.7.1
[6;3H
[0;1m
[36m
[40mNPU Memory:
[39;49m
[37m
[40m  
[34m
[40m[|
[19X
[6;37H]
[39;49m
[37m
[40m 
[34m
[40m119.81 MiB / 1.92 GiB (6.09%) 
[7;5H
[0;1m
[35m
[40mCore :
[37m
[40m0 
[39;49m
[37m
[40m  
[0;1m
[35m
[40mUtil:
[37m
[40m  44.3% 
[39;49m
[37m
[40m  
[0;1m
[35m
[40mTemp:
[33m
[40m 75 
[39;49m
[37m
[40m  
[0;1m
[35m
[40mVoltage:
[37m
[40m 760 mV 
[39;49m
[37m
[40m  
[0;1m
[35m
[40mClock:
[37m
[40m 1000 MHz
[8;5H
[0;1m
[35m
[40mCore :
[37m
[40m1 
[39;49m
[37m
[40m  
[0;1m
[35m
[40mUtil:
[37m
[40m  23.2% 
[39;49m
[37m
[40m  
[0;1m
[35m
[40mTemp:
[33m
[40m 75 
[39;49m
[37m
[40m  
[0;1m
[35m
[40mVoltage:
[37m
[40m 760 mV 
[39;49m
[37m
[40m  
[0;1m
[35m
[40mClock:
[37m
[40m 1000 MHz
[9;5H
[0;1m
[35m
[40mCore :
[37m
[40m2 
[39;49m
[37m
[40m  
[0;1m
[35m
[40mUtil:
[37m
[40m   7.0% 
[39;49m
[37m
[40m  
[0;1m
[35m
[40mTemp:
[33m
[40m 76 
[39;49m
[37m
[40m  
[0;1m
[35m
[40mVoltage:
[37m
[40m 760 mV 
[39;49m
[37m
[40m  
[0;1m
[35m
[40mClock:
[37m
[40m 1000 MHz
[10d
[39;49m
[37m
[40m-
[198b-
[50;1HTotal Devices: 1
[50;190HPage: 1 / 
[?7l1
[?7h
[39;49m
[37m
[40m
[2J[DX-TOP]  (q) Quit   (n) Next Page   (p) Prev Page   (h) Help
[2dSat Jul 11 00:05:54 2026
[3dDX-RT: v3.4.0     NPU Device driver: v2.5.1     DX-TOP: v1.1.0
[4d-
[198b-
[5;3H
[0;1m
[36m
[40mDevice :
[37m
[40m0
[18G
[0;1m
[36m
[40mVariant:
[37m
[40m    M1
[38G
[0;1m
[36m
[40mPCIe Bus Number:
[37m
[40m  01:00:00  
[39;49m
[37m
[40m  
[0;1m
[36m
[40mFirmware:
[37m
[40m  v2.7.1
[6;3H
[0;1m
[36m
[40mNPU Memory:
[39;49m
[37m
[40m  
[34m
[40m[|
[19X
[6;37H]
[39;49m
[37m
[40m 
[34m
[40m119.81 MiB / 1.92 GiB (6.09%) 
[7;5H
[0;1m
[35m
[40mCore :
[37m
[40m0 
[39;49m
[37m
[40m  
[0;1m
[35m
[40mUtil:
[37m
[40m  46.4% 
[39;49m
[37m
[40m  
[0;1m
[35m
[40mTemp:
[33m
[40m 75 
[39;49m
[37m
[40m  
[0;1m
[35m
[40mVoltage:
[37m
[40m 760 mV 
[39;49m
[37m
[40m  
[0;1m
[35m
[40mClock:
[37m
[40m 1000 MHz
[8;5H
[0;1m
[35m
[40mCore :
[37m
[40m1 
[39;49m
[37m
[40m  
[0;1m
[35m
[40mUtil:
[37m
[40m  20.5% 
[39;49m
[37m
[40m  
[0;1m
[35m
[40mTemp:
[33m
[40m 75 
[39;49m
[37m
[40m  
[0;1m
[35m
[40mVoltage:
[37m
[40m 760 mV 
[39;49m
[37m
[40m  
[0;1m
[35m
[40mClock:
[37m
[40m 1000 MHz
[9;5H
[0;1m
[35m
[40mCore :
[37m
[40m2 
[39;49m
[37m
[40m  
[0;1m
[35m
[40mUtil:
[37m
[40m   7.1% 
[39;49m
[37m
[40m  
[0;1m
[35m
[40mTemp:
[33m
[40m 76 
[39;49m
[37m
[40m  
[0;1m
[35m
[40mVoltage:
[37m
[40m 760 mV 
[39;49m
[37m
[40m  
[0;1m
[35m
[40mClock:
[37m
[40m 1000 MHz
[10d
[39;49m
[37m
[40m-
[198b-
[50;1HTotal Devices: 1
[50;190HPage: 1 / 
[?7l1
[?7h
[39;49m
[37m
[40m
[2J[DX-TOP]  (q) Quit   (n) Next Page   (p) Prev Page   (h) Help
[2dSat Jul 11 00:05:56 2026
[3dDX-RT: v3.4.0     NPU Device driver: v2.5.1     DX-TOP: v1.1.0
[4d-
[198b-
[5;3H
[0;1m
[36m
[40mDevice :
[37m
[40m0
[18G
[0;1m
[36m
[40mVariant:
[37m
[40m    M1
[38G
[0;1m
[36m
[40mPCIe Bus Number:
[37m
[40m  01:00:00  
[39;49m
[37m
[40m  
[0;1m
[36m
[40mFirmware:
[37m
[40m  v2.7.1
[6;3H
[0;1m
[36m
[40mNPU Memory:
[39;49m
[37m
[40m  
[34m
[40m[|
[19X
[6;37H]
[39;49m
[37m
[40m 
[34m
[40m119.81 MiB / 1.92 GiB (6.09%) 
[7;5H
[0;1m
[35m
[40mCore :
[37m
[40m0 
[39;49m
[37m
[40m  
[0;1m
[35m
[40mUtil:
[37m
[40m  41.7% 
[39;49m
[37m
[40m  
[0;1m
[35m
[40mTemp:
[33m
[40m 75 
[39;49m
[37m
[40m  
[0;1m
[35m
[40mVoltage:
[37m
[40m 755 mV 
[39;49m
[37m
[40m  
[0;1m
[35m
[40mClock:
[37m
[40m 1000 MHz
[8;5H
[0;1m
[35m
[40mCore :
[37m
[40m1 
[39;49m
[37m
[40m  
[0;1m
[35m
[40mUtil:
[37m
[40m  25.2% 
[39;49m
[37m
[40m  
[0;1m
[35m
[40mTemp:
[33m
[40m 75 
[39;49m
[37m
[40m  
[0;1m
[35m
[40mVoltage:
[37m
[40m 755 mV 
[39;49m
[37m
[40m  
[0;1m
[35m
[40mClock:
[37m
[40m 1000 MHz
[9;5H
[0;1m
[35m
[40mCore :
[37m
[40m2 
[39;49m
[37m
[40m  
[0;1m
[35m
[40mUtil:
[37m
[40m   8.1% 
[39;49m
[37m
[40m  
[0;1m
[35m
[40mTemp:
[33m
[40m 76 
[39;49m
[37m
[40m  
[0;1m
[35m
[40mVoltage:
[37m
[40m 755 mV 
[39;49m
[37m
[40m  
[0;1m
[35m
[40mClock:
[37m
[40m 1000 MHz
[10d
[39;49m
[37m
[40m-
[198b-
[50;1HTotal Devices: 1
[50;190HPage: 1 / 
[?7l1
[?7h
[39;49m
[37m
[40m
[2J[DX-TOP]  (q) Quit   (n) Next Page   (p) Prev Page   (h) Help
[2dSat Jul 11 00:05:58 2026
[3dDX-RT: v3.4.0     NPU Device driver: v2.5.1     DX-TOP: v1.1.0
[4d-
[198b-
[5;3H
[0;1m
[36m
[40mDevice :
[37m
[40m0
[18G
[0;1m
[36m
[40mVariant:
[37m
[40m    M1
[38G
[0;1m
[36m
[40mPCIe Bus Number:
[37m
[40m  01:00:00  
[39;49m
[37m
[40m  
[0;1m
[36m
[40mFirmware:
[37m
[40m  v2.7.1
[6;3H
[0;1m
[36m
[40mNPU Memory:
[39;49m
[37m
[40m  
[34m
[40m[|
[19X
[6;37H]
[39;49m
[37m
[40m 
[34m
[40m119.81 MiB / 1.92 GiB (6.09%) 
[7;5H
[0;1m
[35m
[40mCore :
[37m
[40m0 
[39;49m
[37m
[40m  
[0;1m
[35m
[40mUtil:
[37m
[40m  39.7% 
[39;49m
[37m
[40m  
[0;1m
[35m
[40mTemp:
[33m
[40m 75 
[39;49m
[37m
[40m  
[0;1m
[35m
[40mVoltage:
[37m
[40m 760 mV 
[39;49m
[37m
[40m  
[0;1m
[35m
[40mClock:
[37m
[40m 1000 MHz
[8;5H
[0;1m
[35m
[40mCore :
[37m
[40m1 
[39;49m
[37m
[40m  
[0;1m
[35m
[40mUtil:
[37m
[40m  28.5% 
[39;49m
[37m
[40m  
[0;1m
[35m
[40mTemp:
[33m
[40m 75 
[39;49m
[37m
[40m  
[0;1m
[35m
[40mVoltage:
[37m
[40m 760 mV 
[39;49m
[37m
[40m  
[0;1m
[35m
[40mClock:
[37m
[40m 1000 MHz
[9;5H
[0;1m
[35m
[40mCore :
[37m
[40m2 
[39;49m
[37m
[40m  
[0;1m
[35m
[40mUtil:
[37m
[40m   8.9% 
[39;49m
[37m
[40m  
[0;1m
[35m
[40mTemp:
[33m
[40m 75 
[39;49m
[37m
[40m  
[0;1m
[35m
[40mVoltage:
[37m
[40m 760 mV 
[39;49m
[37m
[40m  
[0;1m
[35m
[40mClock:
[37m
[40m 1000 MHz
[10d
[39;49m
[37m
[40m-
[198b-
[50;1HTotal Devices: 1
[50;190HPage: 1 / 
[?7l1
[?7h
[39;49m
[37m
[40m
[2J[DX-TOP]  (q) Quit   (n) Next Page   (p) Prev Page   (h) Help
[2dSat Jul 11 00:06:00 2026
[3dDX-RT: v3.4.0     NPU Device driver: v2.5.1     DX-TOP: v1.1.0
[4d-
[198b-
[5;3H
[0;1m
[36m
[40mDevice :
[37m
[40m0
[18G
[0;1m
[36m
[40mVariant:
[37m
[40m    M1
[38G
[0;1m
[36m
[40mPCIe Bus Number:
[37m
[40m  01:00:00  
[39;49m
[37m
[40m  
[0;1m
[36m
[40mFirmware:
[37m
[40m  v2.7.1
[6;3H
[0;1m
[36m
[40mNPU Memory:
[39;49m
[37m
[40m  
[34m
[40m[|
[19X
[6;37H]
[39;49m
[37m
[40m 
[34m
[40m119.81 MiB / 1.92 GiB (6.09%) 
[7;5H
[0;1m
[35m
[40mCore :
[37m
[40m0 
[39;49m
[37m
[40m  
[0;1m
[35m
[40mUtil:
[37m
[40m  40.2% 
[39;49m
[37m
[40m  
[0;1m
[35m
[40mTemp:
[33m
[40m 75 
[39;49m
[37m
[40m  
[0;1m
[35m
[40mVoltage:
[37m
[40m 750 mV 
[39;49m
[37m
[40m  
[0;1m
[35m
[40mClock:
[37m
[40m 1000 MHz
[8;5H
[0;1m
[35m
[40mCore :
[37m
[40m1 
[39;49m
[37m
[40m  
[0;1m
[35m
[40mUtil:
[37m
[40m  25.9% 
[39;49m
[37m
[40m  
[0;1m
[35m
[40mTemp:
[33m
[40m 75 
[39;49m
[37m
[40m  
[0;1m
[35m
[40mVoltage:
[37m
[40m 750 mV 
[39;49m
[37m
[40m  
[0;1m
[35m
[40mClock:
[37m
[40m 1000 MHz
[9;5H
[0;1m
[35m
[40mCore :
[37m
[40m2 
[39;49m
[37m
[40m  
[0;1m
[35m
[40mUtil:
[37m
[40m  10.3% 
[39;49m
[37m
[40m  
[0;1m
[35m
[40mTemp:
[33m
[40m 76 
[39;49m
[37m
[40m  
[0;1m
[35m
[40mVoltage:
[37m
[40m 750 mV 
[39;49m
[37m
[40m  
[0;1m
[35m
[40mClock:
[37m
[40m 1000 MHz
[10d
[39;49m
[37m
[40m-
[198b-
[50;1HTotal Devices: 1
[50;190HPage: 1 / 
[?7l1
[?7h
[39;49m
[37m
[40m
[2J[DX-TOP]  (q) Quit   (n) Next Page   (p) Prev Page   (h) Help
[2dSat Jul 11 00:06:02 2026
[3dDX-RT: v3.4.0     NPU Device driver: v2.5.1     DX-TOP: v1.1.0
[4d-
[198b-
[5;3H
[0;1m
[36m
[40mDevice :
[37m
[40m0
[18G
[0;1m
[36m
[40mVariant:
[37m
[40m    M1
[38G
[0;1m
[36m
[40mPCIe Bus Number:
[37m
[40m  01:00:00  
[39;49m
[37m
[40m  
[0;1m
[36m
[40mFirmware:
[37m
[40m  v2.7.1
[6;3H
[0;1m
[36m
[40mNPU Memory:
[39;49m
[37m
[40m  
[34m
[40m[|
[19X
[6;37H]
[39;49m
[37m
[40m 
[34m
[40m119.81 MiB / 1.92 GiB (6.09%) 
[7;5H
[0;1m
[35m
[40mCore :
[37m
[40m0 
[39;49m
[37m
[40m  
[0;1m
[35m
[40mUtil:
[37m
[40m  45.7% 
[39;49m
[37m
[40m  
[0;1m
[35m
[40mTemp:
[33m
[40m 75 
[39;49m
[37m
[40m  
[0;1m
[35m
[40mVoltage:
[37m
[40m 750 mV 
[39;49m
[37m
[40m  
[0;1m
[35m
[40mClock:
[37m
[40m 1000 MHz
[8;5H
[0;1m
[35m
[40mCore :
[37m
[40m1 
[39;49m
[37m
[40m  
[0;1m
[35m
[40mUtil:
[37m
[40m  21.7% 
[39;49m
[37m
[40m  
[0;1m
[35m
[40mTemp:
[33m
[40m 75 
[39;49m
[37m
[40m  
[0;1m
[35m
[40mVoltage:
[37m
[40m 750 mV 
[39;49m
[37m
[40m  
[0;1m
[35m
[40mClock:
[37m
[40m 1000 MHz
[9;5H
[0;1m
[35m
[40mCore :
[37m
[40m2 
[39;49m
[37m
[40m  
[0;1m
[35m
[40mUtil:
[37m
[40m   6.2% 
[39;49m
[37m
[40m  
[0;1m
[35m
[40mTemp:
[33m
[40m 75 
[39;49m
[37m
[40m  
[0;1m
[35m
[40mVoltage:
[37m
[40m 750 mV 
[39;49m
[37m
[40m  
[0;1m
[35m
[40mClock:
[37m
[40m 1000 MHz
[10d
[39;49m
[37m
[40m-
[198b-
[50;1HTotal Devices: 1
[50;190HPage: 1 / 
[?7l1
[?7h
[39;49m
[37m
[40m
[2J[DX-TOP]  (q) Quit   (n) Next Page   (p) Prev Page   (h) Help
[2dSat Jul 11 00:06:04 2026
[3dDX-RT: v3.4.0     NPU Device driver: v2.5.1     DX-TOP: v1.1.0
[4d-
[198b-
[5;3H
[0;1m
[36m
[40mDevice :
[37m
[40m0
[18G
[0;1m
[36m
[40mVariant:
[37m
[40m    M1
[38G
[0;1m
[36m
[40mPCIe Bus Number:
[37m
[40m  01:00:00  
[39;49m
[37m
[40m  
[0;1m
[36m
[40mFirmware:
[37m
[40m  v2.7.1
[6;3H
[0;1m
[36m
[40mNPU Memory:
[39;49m
[37m
[40m  
[34m
[40m[|
[19X
[6;37H]
[39;49m
[37m
[40m 
[34m
[40m119.81 MiB / 1.92 GiB (6.09%) 
[7;5H
[0;1m
[35m
[40mCore :
[37m
[40m0 
[39;49m
[37m
[40m  
[0;1m
[35m
[40mUtil:
[37m
[40m  38.0% 
[39;49m
[37m
[40m  
[0;1m
[35m
[40mTemp:
[33m
[40m 75 
[39;49m
[37m
[40m  
[0;1m
[35m
[40mVoltage:
[37m
[40m 760 mV 
[39;49m
[37m
[40m  
[0;1m
[35m
[40mClock:
[37m
[40m 1000 MHz
[8;5H
[0;1m
[35m
[40mCore :
[37m
[40m1 
[39;49m
[37m
[40m  
[0;1m
[35m
[40mUtil:
[37m
[40m  27.9% 
[39;49m
[37m
[40m  
[0;1m
[35m
[40mTemp:
[33m
[40m 75 
[39;49m
[37m
[40m  
[0;1m
[35m
[40mVoltage:
[37m
[40m 760 mV 
[39;49m
[37m
[40m  
[0;1m
[35m
[40mClock:
[37m
[40m 1000 MHz
[9;5H
[0;1m
[35m
[40mCore :
[37m
[40m2 
[39;49m
[37m
[40m  
[0;1m
[35m
[40mUtil:
[37m
[40m  13.9% 
[39;49m
[37m
[40m  
[0;1m
[35m
[40mTemp:
[33m
[40m 76 
[39;49m
[37m
[40m  
[0;1m
[35m
[40mVoltage:
[37m
[40m 760 mV 
[39;49m
[37m
[40m  
[0;1m
[35m
[40mClock:
[37m
[40m 1000 MHz
[10d
[39;49m
[37m
[40m-
[198b-
[50;1HTotal Devices: 1
[50;190HPage: 1 / 
[?7l1
[?7h
[39;49m
[37m
[40m
[2J[DX-TOP]  (q) Quit   (n) Next Page   (p) Prev Page   (h) Help
[2dSat Jul 11 00:06:06 2026
[3dDX-RT: v3.4.0     NPU Device driver: v2.5.1     DX-TOP: v1.1.0
[4d-
[198b-
[5;3H
[0;1m
[36m
[40mDevice :
[37m
[40m0
[18G
[0;1m
[36m
[40mVariant:
[37m
[40m    M1
[38G
[0;1m
[36m
[40mPCIe Bus Number:
[37m
[40m  01:00:00  
[39;49m
[37m
[40m  
[0;1m
[36m
[40mFirmware:
[37m
[40m  v2.7.1
[6;3H
[0;1m
[36m
[40mNPU Memory:
[39;49m
[37m
[40m  
[34m
[40m[|
[19X
[6;37H]
[39;49m
[37m
[40m 
[34m
[40m119.81 MiB / 1.92 GiB (6.09%) 
[7;5H
[0;1m
[35m
[40mCore :
[37m
[40m0 
[39;49m
[37m
[40m  
[0;1m
[35m
[40mUtil:
[37m
[40m  42.8% 
[39;49m
[37m
[40m  
[0;1m
[35m
[40mTemp:
[33m
[40m 75 
[39;49m
[37m
[40m  
[0;1m
[35m
[40mVoltage:
[37m
[40m 760 mV 
[39;49m
[37m
[40m  
[0;1m
[35m
[40mClock:
[37m
[40m 1000 MHz
[8;5H
[0;1m
[35m
[40mCore :
[37m
[40m1 
[39;49m
[37m
[40m  
[0;1m
[35m
[40mUtil:
[37m
[40m  29.5% 
[39;49m
[37m
[40m  
[0;1m
[35m
[40mTemp:
[33m
[40m 76 
[39;49m
[37m
[40m  
[0;1m
[35m
[40mVoltage:
[37m
[40m 760 mV 
[39;49m
[37m
[40m  
[0;1m
[35m
[40mClock:
[37m
[40m 1000 MHz
[9;5H
[0;1m
[35m
[40mCore :
[37m
[40m2 
[39;49m
[37m
[40m  
[0;1m
[35m
[40mUtil:
[37m
[40m   2.2% 
[39;49m
[37m
[40m  
[0;1m
[35m
[40mTemp:
[33m
[40m 76 
[39;49m
[37m
[40m  
[0;1m
[35m
[40mVoltage:
[37m
[40m 760 mV 
[39;49m
[37m
[40m  
[0;1m
[35m
[40mClock:
[37m
[40m 1000 MHz
[10d
[39;49m
[37m
[40m-
[198b-
[50;1HTotal Devices: 1
[50;190HPage: 1 / 
[?7l1
[?7h
[39;49m
[37m
[40m
[2J[DX-TOP]  (q) Quit   (n) Next Page   (p) Prev Page   (h) Help
[2dSat Jul 11 00:06:08 2026
[3dDX-RT: v3.4.0     NPU Device driver: v2.5.1     DX-TOP: v1.1.0
[4d-
[198b-
[5;3H
[0;1m
[36m
[40mDevice :
[37m
[40m0
[18G
[0;1m
[36m
[40mVariant:
[37m
[40m    M1
[38G
[0;1m
[36m
[40mPCIe Bus Number:
[37m
[40m  01:00:00  
[39;49m
[37m
[40m  
[0;1m
[36m
[40mFirmware:
[37m
[40m  v2.7.1
[6;3H
[0;1m
[36m
[40mNPU Memory:
[39;49m
[37m
[40m  
[34m
[40m[|
[19X
[6;37H]
[39;49m
[37m
[40m 
[34m
[40m119.81 MiB / 1.92 GiB (6.09%) 
[7;5H
[0;1m
[35m
[40mCore :
[37m
[40m0 
[39;49m
[37m
[40m  
[0;1m
[35m
[40mUtil:
[37m
[40m  41.2% 
[39;49m
[37m
[40m  
[0;1m
[35m
[40mTemp:
[33m
[40m 75 
[39;49m
[37m
[40m  
[0;1m
[35m
[40mVoltage:
[37m
[40m 755 mV 
[39;49m
[37m
[40m  
[0;1m
[35m
[40mClock:
[37m
[40m 1000 MHz
[8;5H
[0;1m
[35m
[40mCore :
[37m
[40m1 
[39;49m
[37m
[40m  
[0;1m
[35m
[40mUtil:
[37m
[40m  26.7% 
[39;49m
[37m
[40m  
[0;1m
[35m
[40mTemp:
[33m
[40m 75 
[39;49m
[37m
[40m  
[0;1m
[35m
[40mVoltage:
[37m
[40m 755 mV 
[39;49m
[37m
[40m  
[0;1m
[35m
[40mClock:
[37m
[40m 1000 MHz
[9;5H
[0;1m
[35m
[40mCore :
[37m
[40m2 
[39;49m
[37m
[40m  
[0;1m
[35m
[40mUtil:
[37m
[40m   9.7% 
[39;49m
[37m
[40m  
[0;1m
[35m
[40mTemp:
[33m
[40m 76 
[39;49m
[37m
[40m  
[0;1m
[35m
[40mVoltage:
[37m
[40m 755 mV 
[39;49m
[37m
[40m  
[0;1m
[35m
[40mClock:
[37m
[40m 1000 MHz
[10d
[39;49m
[37m
[40m-
[198b-
[50;1HTotal Devices: 1
[50;190HPage: 1 / 
[?7l1
[?7h
[39;49m
[37m
[40m
[2J[DX-TOP]  (q) Quit   (n) Next Page   (p) Prev Page   (h) Help
[2dSat Jul 11 00:06:10 2026
[3dDX-RT: v3.4.0     NPU Device driver: v2.5.1     DX-TOP: v1.1.0
[4d-
[198b-
[5;3H
[0;1m
[36m
[40mDevice :
[37m
[40m0
[18G
[0;1m
[36m
[40mVariant:
[37m
[40m    M1
[38G
[0;1m
[36m
[40mPCIe Bus Number:
[37m
[40m  01:00:00  
[39;49m
[37m
[40m  
[0;1m
[36m
[40mFirmware:
[37m
[40m  v2.7.1
[6;3H
[0;1m
[36m
[40mNPU Memory:
[39;49m
[37m
[40m  
[34m
[40m[|
[19X
[6;37H]
[39;49m
[37m
[40m 
[34m
[40m119.81 MiB / 1.92 GiB (6.09%) 
[7;5H
[0;1m
[35m
[40mCore :
[37m
[40m0 
[39;49m
[37m
[40m  
[0;1m
[35m
[40mUtil:
[37m
[40m  37.3% 
[39;49m
[37m
[40m  
[0;1m
[35m
[40mTemp:
[33m
[40m 75 
[39;49m
[37m
[40m  
[0;1m
[35m
[40mVoltage:
[37m
[40m 760 mV 
[39;49m
[37m
[40m  
[0;1m
[35m
[40mClock:
[37m
[40m 1000 MHz
[8;5H
[0;1m
[35m
[40mCore :
[37m
[40m1 
[39;49m
[37m
[40m  
[0;1m
[35m
[40mUtil:
[37m
[40m  26.8% 
[39;49m
[37m
[40m  
[0;1m
[35m
[40mTemp:
[33m
[40m 75 
[39;49m
[37m
[40m  
[0;1m
[35m
[40mVoltage:
[37m
[40m 760 mV 
[39;49m
[37m
[40m  
[0;1m
[35m
[40mClock:
[37m
[40m 1000 MHz
[9;5H
[0;1m
[35m
[40mCore :
[37m
[40m2 
[39;49m
[37m
[40m  
[0;1m
[35m
[40mUtil:
[37m
[40m  13.1% 
[39;49m
[37m
[40m  
[0;1m
[35m
[40mTemp:
[33m
[40m 76 
[39;49m
[37m
[40m  
[0;1m
[35m
[40mVoltage:
[37m
[40m 760 mV 
[39;49m
[37m
[40m  
[0;1m
[35m
[40mClock:
[37m
[40m 1000 MHz
[10d
[39;49m
[37m
[40m-
[198b-
[50;1HTotal Devices: 1
[50;190HPage: 1 / 
[?7l1
[?7h
[39;49m
[37m
[40m
[2J[DX-TOP]  (q) Quit   (n) Next Page   (p) Prev Page   (h) Help
[2dSat Jul 11 00:06:12 2026
[3dDX-RT: v3.4.0     NPU Device driver: v2.5.1     DX-TOP: v1.1.0
[4d-
[198b-
[5;3H
[0;1m
[36m
[40mDevice :
[37m
[40m0
[18G
[0;1m
[36m
[40mVariant:
[37m
[40m    M1
[38G
[0;1m
[36m
[40mPCIe Bus Number:
[37m
[40m  01:00:00  
[39;49m
[37m
[40m  
[0;1m
[36m
[40mFirmware:
[37m
[40m  v2.7.1
[6;3H
[0;1m
[36m
[40mNPU Memory:
[39;49m
[37m
[40m  
[34m
[40m[|
[19X
[6;37H]
[39;49m
[37m
[40m 
[34m
[40m119.81 MiB / 1.92 GiB (6.09%) 
[7;5H
[0;1m
[35m
[40mCore :
[37m
[40m0 
[39;49m
[37m
[40m  
[0;1m
[35m
[40mUtil:
[37m
[40m  43.9% 
[39;49m
[37m
[40m  
[0;1m
[35m
[40mTemp:
[33m
[40m 75 
[39;49m
[37m
[40m  
[0;1m
[35m
[40mVoltage:
[37m
[40m 760 mV 
[39;49m
[37m
[40m  
[0;1m
[35m
[40mClock:
[37m
[40m 1000 MHz
[8;5H
[0;1m
[35m
[40mCore :
[37m
[40m1 
[39;49m
[37m
[40m  
[0;1m
[35m
[40mUtil:
[37m
[40m  24.3% 
[39;49m
[37m
[40m  
[0;1m
[35m
[40mTemp:
[33m
[40m 76 
[39;49m
[37m
[40m  
[0;1m
[35m
[40mVoltage:
[37m
[40m 760 mV 
[39;49m
[37m
[40m  
[0;1m
[35m
[40mClock:
[37m
[40m 1000 MHz
[9;5H
[0;1m
[35m
[40mCore :
[37m
[40m2 
[39;49m
[37m
[40m  
[0;1m
[35m
[40mUtil:
[37m
[40m   7.9% 
[39;49m
[37m
[40m  
[0;1m
[35m
[40mTemp:
[33m
[40m 76 
[39;49m
[37m
[40m  
[0;1m
[35m
[40mVoltage:
[37m
[40m 760 mV 
[39;49m
[37m
[40m  
[0;1m
[35m
[40mClock:
[37m
[40m 1000 MHz
[10d
[39;49m
[37m
[40m-
[198b-
[50;1HTotal Devices: 1
[50;190HPage: 1 / 
[?7l1
[?7h
[39;49m
[37m
[40m
[2J[DX-TOP]  (q) Quit   (n) Next Page   (p) Prev Page   (h) Help
[2dSat Jul 11 00:06:14 2026
[3dDX-RT: v3.4.0     NPU Device driver: v2.5.1     DX-TOP: v1.1.0
[4d-
[198b-
[5;3H
[0;1m
[36m
[40mDevice :
[37m
[40m0
[18G
[0;1m
[36m
[40mVariant:
[37m
[40m    M1
[38G
[0;1m
[36m
[40mPCIe Bus Number:
[37m
[40m  01:00:00  
[39;49m
[37m
[40m  
[0;1m
[36m
[40mFirmware:
[37m
[40m  v2.7.1
[6;3H
[0;1m
[36m
[40mNPU Memory:
[39;49m
[37m
[40m  
[34m
[40m[|
[19X
[6;37H]
[39;49m
[37m
[40m 
[34m
[40m119.81 MiB / 1.92 GiB (6.09%) 
[7;5H
[0;1m
[35m
[40mCore :
[37m
[40m0 
[39;49m
[37m
[40m  
[0;1m
[35m
[40mUtil:
[37m
[40m  41.9% 
[39;49m
[37m
[40m  
[0;1m
[35m
[40mTemp:
[33m
[40m 75 
[39;49m
[37m
[40m  
[0;1m
[35m
[40mVoltage:
[37m
[40m 760 mV 
[39;49m
[37m
[40m  
[0;1m
[35m
[40mClock:
[37m
[40m 1000 MHz
[8;5H
[0;1m
[35m
[40mCore :
[37m
[40m1 
[39;49m
[37m
[40m  
[0;1m
[35m
[40mUtil:
[37m
[40m  28.7% 
[39;49m
[37m
[40m  
[0;1m
[35m
[40mTemp:
[33m
[40m 75 
[39;49m
[37m
[40m  
[0;1m
[35m
[40mVoltage:
[37m
[40m 760 mV 
[39;49m
[37m
[40m  
[0;1m
[35m
[40mClock:
[37m
[40m 1000 MHz
[9;5H
[0;1m
[35m
[40mCore :
[37m
[40m2 
[39;49m
[37m
[40m  
[0;1m
[35m
[40mUtil:
[37m
[40m   6.4% 
[39;49m
[37m
[40m  
[0;1m
[35m
[40mTemp:
[33m
[40m 76 
[39;49m
[37m
[40m  
[0;1m
[35m
[40mVoltage:
[37m
[40m 760 mV 
[39;49m
[37m
[40m  
[0;1m
[35m
[40mClock:
[37m
[40m 1000 MHz
[10d
[39;49m
[37m
[40m-
[198b-
[50;1HTotal Devices: 1
[50;190HPage: 1 / 
[?7l1
[?7h
[39;49m
[37m
[40m
[2J[DX-TOP]  (q) Quit   (n) Next Page   (p) Prev Page   (h) Help
[2dSat Jul 11 00:06:16 2026
[3dDX-RT: v3.4.0     NPU Device driver: v2.5.1     DX-TOP: v1.1.0
[4d-
[198b-
[5;3H
[0;1m
[36m
[40mDevice :
[37m
[40m0
[18G
[0;1m
[36m
[40mVariant:
[37m
[40m    M1
[38G
[0;1m
[36m
[40mPCIe Bus Number:
[37m
[40m  01:00:00  
[39;49m
[37m
[40m  
[0;1m
[36m
[40mFirmware:
[37m
[40m  v2.7.1
[6;3H
[0;1m
[36m
[40mNPU Memory:
[39;49m
[37m
[40m  
[34m
[40m[|
[19X
[6;37H]
[39;49m
[37m
[40m 
[34m
[40m119.81 MiB / 1.92 GiB (6.09%) 
[7;5H
[0;1m
[35m
[40mCore :
[37m
[40m0 
[39;49m
[37m
[40m  
[0;1m
[35m
[40mUtil:
[37m
[40m  44.7% 
[39;49m
[37m
[40m  
[0;1m
[35m
[40mTemp:
[33m
[40m 75 
[39;49m
[37m
[40m  
[0;1m
[35m
[40mVoltage:
[37m
[40m 760 mV 
[39;49m
[37m
[40m  
[0;1m
[35m
[40mClock:
[37m
[40m 1000 MHz
[8;5H
[0;1m
[35m
[40mCore :
[37m
[40m1 
[39;49m
[37m
[40m  
[0;1m
[35m
[40mUtil:
[37m
[40m  25.9% 
[39;49m
[37m
[40m  
[0;1m
[35m
[40mTemp:
[33m
[40m 75 
[39;49m
[37m
[40m  
[0;1m
[35m
[40mVoltage:
[37m
[40m 760 mV 
[39;49m
[37m
[40m  
[0;1m
[35m
[40mClock:
[37m
[40m 1000 MHz
[9;5H
[0;1m
[35m
[40mCore :
[37m
[40m2 
[39;49m
[37m
[40m  
[0;1m
[35m
[40mUtil:
[37m
[40m   4.4% 
[39;49m
[37m
[40m  
[0;1m
[35m
[40mTemp:
[33m
[40m 76 
[39;49m
[37m
[40m  
[0;1m
[35m
[40mVoltage:
[37m
[40m 760 mV 
[39;49m
[37m
[40m  
[0;1m
[35m
[40mClock:
[37m
[40m 1000 MHz
[10d
[39;49m
[37m
[40m-
[198b-
[50;1HTotal Devices: 1
[50;190HPage: 1 / 
[?7l1
[?7h
[39;49m
[37m
[40m
[2J[DX-TOP]  (q) Quit   (n) Next Page   (p) Prev Page   (h) Help
[2dSat Jul 11 00:06:18 2026
[3dDX-RT: v3.4.0     NPU Device driver: v2.5.1     DX-TOP: v1.1.0
[4d-
[198b-
[5;3H
[0;1m
[36m
[40mDevice :
[37m
[40m0
[18G
[0;1m
[36m
[40mVariant:
[37m
[40m    M1
[38G
[0;1m
[36m
[40mPCIe Bus Number:
[37m
[40m  01:00:00  
[39;49m
[37m
[40m  
[0;1m
[36m
[40mFirmware:
[37m
[40m  v2.7.1
[6;3H
[0;1m
[36m
[40mNPU Memory:
[39;49m
[37m
[40m  
[34m
[40m[|
[19X
[6;37H]
[39;49m
[37m
[40m 
[34m
[40m119.81 MiB / 1.92 GiB (6.09%) 
[7;5H
[0;1m
[35m
[40mCore :
[37m
[40m0 
[39;49m
[37m
[40m  
[0;1m
[35m
[40mUtil:
[37m
[40m  45.2% 
[39;49m
[37m
[40m  
[0;1m
[35m
[40mTemp:
[33m
[40m 75 
[39;49m
[37m
[40m  
[0;1m
[35m
[40mVoltage:
[37m
[40m 755 mV 
[39;49m
[37m
[40m  
[0;1m
[35m
[40mClock:
[37m
[40m 1000 MHz
[8;5H
[0;1m
[35m
[40mCore :
[37m
[40m1 
[39;49m
[37m
[40m  
[0;1m
[35m
[40mUtil:
[37m
[40m  22.0% 
[39;49m
[37m
[40m  
[0;1m
[35m
[40mTemp:
[33m
[40m 75 
[39;49m
[37m
[40m  
[0;1m
[35m
[40mVoltage:
[37m
[40m 755 mV 
[39;49m
[37m
[40m  
[0;1m
[35m
[40mClock:
[37m
[40m 1000 MHz
[9;5H
[0;1m
[35m
[40mCore :
[37m
[40m2 
[39;49m
[37m
[40m  
[0;1m
[35m
[40mUtil:
[37m
[40m   7.7% 
[39;49m
[37m
[40m  
[0;1m
[35m
[40mTemp:
[33m
[40m 75 
[39;49m
[37m
[40m  
[0;1m
[35m
[40mVoltage:
[37m
[40m 755 mV 
[39;49m
[37m
[40m  
[0;1m
[35m
[40mClock:
[37m
[40m 1000 MHz
[10d
[39;49m
[37m
[40m-
[198b-
[50;1HTotal Devices: 1
[50;190HPage: 1 / 
[?7l1
[?7h
[39;49m
[37m
[40m
[2J[DX-TOP]  (q) Quit   (n) Next Page   (p) Prev Page   (h) Help
[2dSat Jul 11 00:06:20 2026
[3dDX-RT: v3.4.0     NPU Device driver: v2.5.1     DX-TOP: v1.1.0
[4d-
[198b-
[5;3H
[0;1m
[36m
[40mDevice :
[37m
[40m0
[18G
[0;1m
[36m
[40mVariant:
[37m
[40m    M1
[38G
[0;1m
[36m
[40mPCIe Bus Number:
[37m
[40m  01:00:00  
[39;49m
[37m
[40m  
[0;1m
[36m
[40mFirmware:
[37m
[40m  v2.7.1
[6;3H
[0;1m
[36m
[40mNPU Memory:
[39;49m
[37m
[40m  
[34m
[40m[|
[19X
[6;37H]
[39;49m
[37m
[40m 
[34m
[40m119.81 MiB / 1.92 GiB (6.09%) 
[7;5H
[0;1m
[35m
[40mCore :
[37m
[40m0 
[39;49m
[37m
[40m  
[0;1m
[35m
[40mUtil:
[37m
[40m  45.9% 
[39;49m
[37m
[40m  
[0;1m
[35m
[40mTemp:
[33m
[40m 75 
[39;49m
[37m
[40m  
[0;1m
[35m
[40mVoltage:
[37m
[40m 750 mV 
[39;49m
[37m
[40m  
[0;1m
[35m
[40mClock:
[37m
[40m 1000 MHz
[8;5H
[0;1m
[35m
[40mCore :
[37m
[40m1 
[39;49m
[37m
[40m  
[0;1m
[35m
[40mUtil:
[37m
[40m  23.4% 
[39;49m
[37m
[40m  
[0;1m
[35m
[40mTemp:
[33m
[40m 75 
[39;49m
[37m
[40m  
[0;1m
[35m
[40mVoltage:
[37m
[40m 750 mV 
[39;49m
[37m
[40m  
[0;1m
[35m
[40mClock:
[37m
[40m 1000 MHz
[9;5H
[0;1m
[35m
[40mCore :
[37m
[40m2 
[39;49m
[37m
[40m  
[0;1m
[35m
[40mUtil:
[37m
[40m   7.1% 
[39;49m
[37m
[40m  
[0;1m
[35m
[40mTemp:
[33m
[40m 76 
[39;49m
[37m
[40m  
[0;1m
[35m
[40mVoltage:
[37m
[40m 750 mV 
[39;49m
[37m
[40m  
[0;1m
[35m
[40mClock:
[37m
[40m 1000 MHz
[10d
[39;49m
[37m
[40m-
[198b-
[50;1HTotal Devices: 1
[50;190HPage: 1 / 
[?7l1
[?7h
[39;49m
[37m
[40m
[2J[DX-TOP]  (q) Quit   (n) Next Page   (p) Prev Page   (h) Help
[2dSat Jul 11 00:06:22 2026
[3dDX-RT: v3.4.0     NPU Device driver: v2.5.1     DX-TOP: v1.1.0
[4d-
[198b-
[5;3H
[0;1m
[36m
[40mDevice :
[37m
[40m0
[18G
[0;1m
[36m
[40mVariant:
[37m
[40m    M1
[38G
[0;1m
[36m
[40mPCIe Bus Number:
[37m
[40m  01:00:00  
[39;49m
[37m
[40m  
[0;1m
[36m
[40mFirmware:
[37m
[40m  v2.7.1
[6;3H
[0;1m
[36m
[40mNPU Memory:
[39;49m
[37m
[40m  
[34m
[40m[|
[19X
[6;37H]
[39;49m
[37m
[40m 
[34m
[40m119.81 MiB / 1.92 GiB (6.09%) 
[7;5H
[0;1m
[35m
[40mCore :
[37m
[40m0 
[39;49m
[37m
[40m  
[0;1m
[35m
[40mUtil:
[37m
[40m  44.7% 
[39;49m
[37m
[40m  
[0;1m
[35m
[40mTemp:
[33m
[40m 75 
[39;49m
[37m
[40m  
[0;1m
[35m
[40mVoltage:
[37m
[40m 765 mV 
[39;49m
[37m
[40m  
[0;1m
[35m
[40mClock:
[37m
[40m 1000 MHz
[8;5H
[0;1m
[35m
[40mCore :
[37m
[40m1 
[39;49m
[37m
[40m  
[0;1m
[35m
[40mUtil:
[37m
[40m  23.4% 
[39;49m
[37m
[40m  
[0;1m
[35m
[40mTemp:
[33m
[40m 76 
[39;49m
[37m
[40m  
[0;1m
[35m
[40mVoltage:
[37m
[40m 765 mV 
[39;49m
[37m
[40m  
[0;1m
[35m
[40mClock:
[37m
[40m 1000 MHz
[9;5H
[0;1m
[35m
[40mCore :
[37m
[40m2 
[39;49m
[37m
[40m  
[0;1m
[35m
[40mUtil:
[37m
[40m   8.8% 
[39;49m
[37m
[40m  
[0;1m
[35m
[40mTemp:
[33m
[40m 76 
[39;49m
[37m
[40m  
[0;1m
[35m
[40mVoltage:
[37m
[40m 765 mV 
[39;49m
[37m
[40m  
[0;1m
[35m
[40mClock:
[37m
[40m 1000 MHz
[10d
[39;49m
[37m
[40m-
[198b-
[50;1HTotal Devices: 1
[50;190HPage: 1 / 
[?7l1
[?7h
[39;49m
[37m
[40m
[2J[DX-TOP]  (q) Quit   (n) Next Page   (p) Prev Page   (h) Help
[2dSat Jul 11 00:06:24 2026
[3dDX-RT: v3.4.0     NPU Device driver: v2.5.1     DX-TOP: v1.1.0
[4d-
[198b-
[5;3H
[0;1m
[36m
[40mDevice :
[37m
[40m0
[18G
[0;1m
[36m
[40mVariant:
[37m
[40m    M1
[38G
[0;1m
[36m
[40mPCIe Bus Number:
[37m
[40m  01:00:00  
[39;49m
[37m
[40m  
[0;1m
[36m
[40mFirmware:
[37m
[40m  v2.7.1
[6;3H
[0;1m
[36m
[40mNPU Memory:
[39;49m
[37m
[40m  
[34m
[40m[|
[19X
[6;37H]
[39;49m
[37m
[40m 
[34m
[40m119.81 MiB / 1.92 GiB (6.09%) 
[7;5H
[0;1m
[35m
[40mCore :
[37m
[40m0 
[39;49m
[37m
[40m  
[0;1m
[35m
[40mUtil:
[37m
[40m  48.5% 
[39;49m
[37m
[40m  
[0;1m
[35m
[40mTemp:
[33m
[40m 75 
[39;49m
[37m
[40m  
[0;1m
[35m
[40mVoltage:
[37m
[40m 755 mV 
[39;49m
[37m
[40m  
[0;1m
[35m
[40mClock:
[37m
[40m 1000 MHz
[8;5H
[0;1m
[35m
[40mCore :
[37m
[40m1 
[39;49m
[37m
[40m  
[0;1m
[35m
[40mUtil:
[37m
[40m  20.6% 
[39;49m
[37m
[40m  
[0;1m
[35m
[40mTemp:
[33m
[40m 75 
[39;49m
[37m
[40m  
[0;1m
[35m
[40mVoltage:
[37m
[40m 755 mV 
[39;49m
[37m
[40m  
[0;1m
[35m
[40mClock:
[37m
[40m 1000 MHz
[9;5H
[0;1m
[35m
[40mCore :
[37m
[40m2 
[39;49m
[37m
[40m  
[0;1m
[35m
[40mUtil:
[37m
[40m   2.6% 
[39;49m
[37m
[40m  
[0;1m
[35m
[40mTemp:
[33m
[40m 76 
[39;49m
[37m
[40m  
[0;1m
[35m
[40mVoltage:
[37m
[40m 755 mV 
[39;49m
[37m
[40m  
[0;1m
[35m
[40mClock:
[37m
[40m 1000 MHz
[10d
[39;49m
[37m
[40m-
[198b-
[50;1HTotal Devices: 1
[50;190HPage: 1 / 
[?7l1
[?7h
[39;49m
[37m
[40m
[2J[DX-TOP]  (q) Quit   (n) Next Page   (p) Prev Page   (h) Help
[2dSat Jul 11 00:06:26 2026
[3dDX-RT: v3.4.0     NPU Device driver: v2.5.1     DX-TOP: v1.1.0
[4d-
[198b-
[5;3H
[0;1m
[36m
[40mDevice :
[37m
[40m0
[18G
[0;1m
[36m
[40mVariant:
[37m
[40m    M1
[38G
[0;1m
[36m
[40mPCIe Bus Number:
[37m
[40m  01:00:00  
[39;49m
[37m
[40m  
[0;1m
[36m
[40mFirmware:
[37m
[40m  v2.7.1
[6;3H
[0;1m
[36m
[40mNPU Memory:
[39;49m
[37m
[40m  
[34m
[40m[|
[19X
[6;37H]
[39;49m
[37m
[40m 
[34m
[40m119.81 MiB / 1.92 GiB (6.09%) 
[7;5H
[0;1m
[35m
[40mCore :
[37m
[40m0 
[39;49m
[37m
[40m  
[0;1m
[35m
[40mUtil:
[37m
[40m  46.0% 
[39;49m
[37m
[40m  
[0;1m
[35m
[40mTemp:
[33m
[40m 75 
[39;49m
[37m
[40m  
[0;1m
[35m
[40mVoltage:
[37m
[40m 760 mV 
[39;49m
[37m
[40m  
[0;1m
[35m
[40mClock:
[37m
[40m 1000 MHz
[8;5H
[0;1m
[35m
[40mCore :
[37m
[40m1 
[39;49m
[37m
[40m  
[0;1m
[35m
[40mUtil:
[37m
[40m  23.0% 
[39;49m
[37m
[40m  
[0;1m
[35m
[40mTemp:
[33m
[40m 75 
[39;49m
[37m
[40m  
[0;1m
[35m
[40mVoltage:
[37m
[40m 760 mV 
[39;49m
[37m
[40m  
[0;1m
[35m
[40mClock:
[37m
[40m 1000 MHz
[9;5H
[0;1m
[35m
[40mCore :
[37m
[40m2 
[39;49m
[37m
[40m  
[0;1m
[35m
[40mUtil:
[37m
[40m   4.7% 
[39;49m
[37m
[40m  
[0;1m
[35m
[40mTemp:
[33m
[40m 76 
[39;49m
[37m
[40m  
[0;1m
[35m
[40mVoltage:
[37m
[40m 760 mV 
[39;49m
[37m
[40m  
[0;1m
[35m
[40mClock:
[37m
[40m 1000 MHz
[10d
[39;49m
[37m
[40m-
[198b-
[50;1HTotal Devices: 1
[50;190HPage: 1 / 
[?7l1
[?7h
[39;49m
[37m
[40m
[2J[DX-TOP]  (q) Quit   (n) Next Page   (p) Prev Page   (h) Help
[2dSat Jul 11 00:06:28 2026
[3dDX-RT: v3.4.0     NPU Device driver: v2.5.1     DX-TOP: v1.1.0
[4d-
[198b-
[5;3H
[0;1m
[36m
[40mDevice :
[37m
[40m0
[18G
[0;1m
[36m
[40mVariant:
[37m
[40m    M1
[38G
[0;1m
[36m
[40mPCIe Bus Number:
[37m
[40m  01:00:00  
[39;49m
[37m
[40m  
[0;1m
[36m
[40mFirmware:
[37m
[40m  v2.7.1
[6;3H
[0;1m
[36m
[40mNPU Memory:
[39;49m
[37m
[40m  
[34m
[40m[|
[19X
[6;37H]
[39;49m
[37m
[40m 
[34m
[40m119.81 MiB / 1.92 GiB (6.09%) 
[7;5H
[0;1m
[35m
[40mCore :
[37m
[40m0 
[39;49m
[37m
[40m  
[0;1m
[35m
[40mUtil:
[37m
[40m  43.7% 
[39;49m
[37m
[40m  
[0;1m
[35m
[40mTemp:
[33m
[40m 75 
[39;49m
[37m
[40m  
[0;1m
[35m
[40mVoltage:
[37m
[40m 760 mV 
[39;49m
[37m
[40m  
[0;1m
[35m
[40mClock:
[37m
[40m 1000 MHz
[8;5H
[0;1m
[35m
[40mCore :
[37m
[40m1 
[39;49m
[37m
[40m  
[0;1m
[35m
[40mUtil:
[37m
[40m  27.9% 
[39;49m
[37m
[40m  
[0;1m
[35m
[40mTemp:
[33m
[40m 76 
[39;49m
[37m
[40m  
[0;1m
[35m
[40mVoltage:
[37m
[40m 760 mV 
[39;49m
[37m
[40m  
[0;1m
[35m
[40mClock:
[37m
[40m 1000 MHz
[9;5H
[0;1m
[35m
[40mCore :
[37m
[40m2 
[39;49m
[37m
[40m  
[0;1m
[35m
[40mUtil:
[37m
[40m   5.0% 
[39;49m
[37m
[40m  
[0;1m
[35m
[40mTemp:
[33m
[40m 76 
[39;49m
[37m
[40m  
[0;1m
[35m
[40mVoltage:
[37m
[40m 760 mV 
[39;49m
[37m
[40m  
[0;1m
[35m
[40mClock:
[37m
[40m 1000 MHz
[10d
[39;49m
[37m
[40m-
[198b-
[50;1HTotal Devices: 1
[50;190HPage: 1 / 
[?7l1
[?7h
[39;49m
[37m
[40m
[2J[DX-TOP]  (q) Quit   (n) Next Page   (p) Prev Page   (h) Help
[2dSat Jul 11 00:06:30 2026
[3dDX-RT: v3.4.0     NPU Device driver: v2.5.1     DX-TOP: v1.1.0
[4d-
[198b-
[5;3H
[0;1m
[36m
[40mDevice :
[37m
[40m0
[18G
[0;1m
[36m
[40mVariant:
[37m
[40m    M1
[38G
[0;1m
[36m
[40mPCIe Bus Number:
[37m
[40m  01:00:00  
[39;49m
[37m
[40m  
[0;1m
[36m
[40mFirmware:
[37m
[40m  v2.7.1
[6;3H
[0;1m
[36m
[40mNPU Memory:
[39;49m
[37m
[40m  
[34m
[40m[|
[19X
[6;37H]
[39;49m
[37m
[40m 
[34m
[40m119.81 MiB / 1.92 GiB (6.09%) 
[7;5H
[0;1m
[35m
[40mCore :
[37m
[40m0 
[39;49m
[37m
[40m  
[0;1m
[35m
[40mUtil:
[37m
[40m  43.4% 
[39;49m
[37m
[40m  
[0;1m
[35m
[40mTemp:
[33m
[40m 75 
[39;49m
[37m
[40m  
[0;1m
[35m
[40mVoltage:
[37m
[40m 760 mV 
[39;49m
[37m
[40m  
[0;1m
[35m
[40mClock:
[37m
[40m 1000 MHz
[8;5H
[0;1m
[35m
[40mCore :
[37m
[40m1 
[39;49m
[37m
[40m  
[0;1m
[35m
[40mUtil:
[37m
[40m  25.8% 
[39;49m
[37m
[40m  
[0;1m
[35m
[40mTemp:
[33m
[40m 75 
[39;49m
[37m
[40m  
[0;1m
[35m
[40mVoltage:
[37m
[40m 760 mV 
[39;49m
[37m
[40m  
[0;1m
[35m
[40mClock:
[37m
[40m 1000 MHz
[9;5H
[0;1m
[35m
[40mCore :
[37m
[40m2 
[39;49m
[37m
[40m  
[0;1m
[35m
[40mUtil:
[37m
[40m   5.8% 
[39;49m
[37m
[40m  
[0;1m
[35m
[40mTemp:
[33m
[40m 76 
[39;49m
[37m
[40m  
[0;1m
[35m
[40mVoltage:
[37m
[40m 760 mV 
[39;49m
[37m
[40m  
[0;1m
[35m
[40mClock:
[37m
[40m 1000 MHz
[10d
[39;49m
[37m
[40m-
[198b-
[50;1HTotal Devices: 1
[50;190HPage: 1 / 
[?7l1
[?7h
[39;49m
[37m
[40m
[2J[DX-TOP]  (q) Quit   (n) Next Page   (p) Prev Page   (h) Help
[2dSat Jul 11 00:06:32 2026
[3dDX-RT: v3.4.0     NPU Device driver: v2.5.1     DX-TOP: v1.1.0
[4d-
[198b-
[5;3H
[0;1m
[36m
[40mDevice :
[37m
[40m0
[18G
[0;1m
[36m
[40mVariant:
[37m
[40m    M1
[38G
[0;1m
[36m
[40mPCIe Bus Number:
[37m
[40m  01:00:00  
[39;49m
[37m
[40m  
[0;1m
[36m
[40mFirmware:
[37m
[40m  v2.7.1
[6;3H
[0;1m
[36m
[40mNPU Memory:
[39;49m
[37m
[40m  
[34m
[40m[|
[19X
[6;37H]
[39;49m
[37m
[40m 
[34m
[40m119.81 MiB / 1.92 GiB (6.09%) 
[7;5H
[0;1m
[35m
[40mCore :
[37m
[40m0 
[39;49m
[37m
[40m  
[0;1m
[35m
[40mUtil:
[37m
[40m  39.2% 
[39;49m
[37m
[40m  
[0;1m
[35m
[40mTemp:
[33m
[40m 75 
[39;49m
[37m
[40m  
[0;1m
[35m
[40mVoltage:
[37m
[40m 760 mV 
[39;49m
[37m
[40m  
[0;1m
[35m
[40mClock:
[37m
[40m 1000 MHz
[8;5H
[0;1m
[35m
[40mCore :
[37m
[40m1 
[39;49m
[37m
[40m  
[0;1m
[35m
[40mUtil:
[37m
[40m  22.8% 
[39;49m
[37m
[40m  
[0;1m
[35m
[40mTemp:
[33m
[40m 75 
[39;49m
[37m
[40m  
[0;1m
[35m
[40mVoltage:
[37m
[40m 760 mV 
[39;49m
[37m
[40m  
[0;1m
[35m
[40mClock:
[37m
[40m 1000 MHz
[9;5H
[0;1m
[35m
[40mCore :
[37m
[40m2 
[39;49m
[37m
[40m  
[0;1m
[35m
[40mUtil:
[37m
[40m  11.8% 
[39;49m
[37m
[40m  
[0;1m
[35m
[40mTemp:
[33m
[40m 75 
[39;49m
[37m
[40m  
[0;1m
[35m
[40mVoltage:
[37m
[40m 760 mV 
[39;49m
[37m
[40m  
[0;1m
[35m
[40mClock:
[37m
[40m 1000 MHz
[10d
[39;49m
[37m
[40m-
[198b-
[50;1HTotal Devices: 1
[50;190HPage: 1 / 
[?7l1
[?7h
[39;49m
[37m
[40m
[2J[DX-TOP]  (q) Quit   (n) Next Page   (p) Prev Page   (h) Help
[2dSat Jul 11 00:06:34 2026
[3dDX-RT: v3.4.0     NPU Device driver: v2.5.1     DX-TOP: v1.1.0
[4d-
[198b-
[5;3H
[0;1m
[36m
[40mDevice :
[37m
[40m0
[18G
[0;1m
[36m
[40mVariant:
[37m
[40m    M1
[38G
[0;1m
[36m
[40mPCIe Bus Number:
[37m
[40m  01:00:00  
[39;49m
[37m
[40m  
[0;1m
[36m
[40mFirmware:
[37m
[40m  v2.7.1
[6;3H
[0;1m
[36m
[40mNPU Memory:
[39;49m
[37m
[40m  
[34m
[40m[|
[19X
[6;37H]
[39;49m
[37m
[40m 
[34m
[40m119.81 MiB / 1.92 GiB (6.09%) 
[7;5H
[0;1m
[35m
[40mCore :
[37m
[40m0 
[39;49m
[37m
[40m  
[0;1m
[35m
[40mUtil:
[37m
[40m  42.4% 
[39;49m
[37m
[40m  
[0;1m
[35m
[40mTemp:
[33m
[40m 75 
[39;49m
[37m
[40m  
[0;1m
[35m
[40mVoltage:
[37m
[40m 760 mV 
[39;49m
[37m
[40m  
[0;1m
[35m
[40mClock:
[37m
[40m 1000 MHz
[8;5H
[0;1m
[35m
[40mCore :
[37m
[40m1 
[39;49m
[37m
[40m  
[0;1m
[35m
[40mUtil:
[37m
[40m  24.8% 
[39;49m
[37m
[40m  
[0;1m
[35m
[40mTemp:
[33m
[40m 75 
[39;49m
[37m
[40m  
[0;1m
[35m
[40mVoltage:
[37m
[40m 760 mV 
[39;49m
[37m
[40m  
[0;1m
[35m
[40mClock:
[37m
[40m 1000 MHz
[9;5H
[0;1m
[35m
[40mCore :
[37m
[40m2 
[39;49m
[37m
[40m  
[0;1m
[35m
[40mUtil:
[37m
[40m   6.8% 
[39;49m
[37m
[40m  
[0;1m
[35m
[40mTemp:
[33m
[40m 76 
[39;49m
[37m
[40m  
[0;1m
[35m
[40mVoltage:
[37m
[40m 760 mV 
[39;49m
[37m
[40m  
[0;1m
[35m
[40mClock:
[37m
[40m 1000 MHz
[10d
[39;49m
[37m
[40m-
[198b-
[50;1HTotal Devices: 1
[50;190HPage: 1 / 
[?7l1
[?7h
[39;49m
[37m
[40m
[2J[DX-TOP]  (q) Quit   (n) Next Page   (p) Prev Page   (h) Help
[2dSat Jul 11 00:06:36 2026
[3dDX-RT: v3.4.0     NPU Device driver: v2.5.1     DX-TOP: v1.1.0
[4d-
[198b-
[5;3H
[0;1m
[36m
[40mDevice :
[37m
[40m0
[18G
[0;1m
[36m
[40mVariant:
[37m
[40m    M1
[38G
[0;1m
[36m
[40mPCIe Bus Number:
[37m
[40m  01:00:00  
[39;49m
[37m
[40m  
[0;1m
[36m
[40mFirmware:
[37m
[40m  v2.7.1
[6;3H
[0;1m
[36m
[40mNPU Memory:
[39;49m
[37m
[40m  
[34m
[40m[|
[19X
[6;37H]
[39;49m
[37m
[40m 
[34m
[40m119.81 MiB / 1.92 GiB (6.09%) 
[7;5H
[0;1m
[35m
[40mCore :
[37m
[40m0 
[39;49m
[37m
[40m  
[0;1m
[35m
[40mUtil:
[37m
[40m  44.9% 
[39;49m
[37m
[40m  
[0;1m
[35m
[40mTemp:
[33m
[40m 75 
[39;49m
[37m
[40m  
[0;1m
[35m
[40mVoltage:
[37m
[40m 760 mV 
[39;49m
[37m
[40m  
[0;1m
[35m
[40mClock:
[37m
[40m 1000 MHz
[8;5H
[0;1m
[35m
[40mCore :
[37m
[40m1 
[39;49m
[37m
[40m  
[0;1m
[35m
[40mUtil:
[37m
[40m  23.4% 
[39;49m
[37m
[40m  
[0;1m
[35m
[40mTemp:
[33m
[40m 75 
[39;49m
[37m
[40m  
[0;1m
[35m
[40mVoltage:
[37m
[40m 760 mV 
[39;49m
[37m
[40m  
[0;1m
[35m
[40mClock:
[37m
[40m 1000 MHz
[9;5H
[0;1m
[35m
[40mCore :
[37m
[40m2 
[39;49m
[37m
[40m  
[0;1m
[35m
[40mUtil:
[37m
[40m   3.4% 
[39;49m
[37m
[40m  
[0;1m
[35m
[40mTemp:
[33m
[40m 75 
[39;49m
[37m
[40m  
[0;1m
[35m
[40mVoltage:
[37m
[40m 760 mV 
[39;49m
[37m
[40m  
[0;1m
[35m
[40mClock:
[37m
[40m 1000 MHz
[10d
[39;49m
[37m
[40m-
[198b-
[50;1HTotal Devices: 1
[50;190HPage: 1 / 
[?7l1
[?7h
[39;49m
[37m
[40m
[2J[DX-TOP]  (q) Quit   (n) Next Page   (p) Prev Page   (h) Help
[2dSat Jul 11 00:06:38 2026
[3dDX-RT: v3.4.0     NPU Device driver: v2.5.1     DX-TOP: v1.1.0
[4d-
[198b-
[5;3H
[0;1m
[36m
[40mDevice :
[37m
[40m0
[18G
[0;1m
[36m
[40mVariant:
[37m
[40m    M1
[38G
[0;1m
[36m
[40mPCIe Bus Number:
[37m
[40m  01:00:00  
[39;49m
[37m
[40m  
[0;1m
[36m
[40mFirmware:
[37m
[40m  v2.7.1
[6;3H
[0;1m
[36m
[40mNPU Memory:
[39;49m
[37m
[40m  
[34m
[40m[|
[19X
[6;37H]
[39;49m
[37m
[40m 
[34m
[40m119.81 MiB / 1.92 GiB (6.09%) 
[7;5H
[0;1m
[35m
[40mCore :
[37m
[40m0 
[39;49m
[37m
[40m  
[0;1m
[35m
[40mUtil:
[37m
[40m  40.8% 
[39;49m
[37m
[40m  
[0;1m
[35m
[40mTemp:
[33m
[40m 75 
[39;49m
[37m
[40m  
[0;1m
[35m
[40mVoltage:
[37m
[40m 755 mV 
[39;49m
[37m
[40m  
[0;1m
[35m
[40mClock:
[37m
[40m 1000 MHz
[8;5H
[0;1m
[35m
[40mCore :
[37m
[40m1 
[39;49m
[37m
[40m  
[0;1m
[35m
[40mUtil:
[37m
[40m  28.0% 
[39;49m
[37m
[40m  
[0;1m
[35m
[40mTemp:
[33m
[40m 75 
[39;49m
[37m
[40m  
[0;1m
[35m
[40mVoltage:
[37m
[40m 755 mV 
[39;49m
[37m
[40m  
[0;1m
[35m
[40mClock:
[37m
[40m 1000 MHz
[9;5H
[0;1m
[35m
[40mCore :
[37m
[40m2 
[39;49m
[37m
[40m  
[0;1m
[35m
[40mUtil:
[37m
[40m   9.4% 
[39;49m
[37m
[40m  
[0;1m
[35m
[40mTemp:
[33m
[40m 76 
[39;49m
[37m
[40m  
[0;1m
[35m
[40mVoltage:
[37m
[40m 755 mV 
[39;49m
[37m
[40m  
[0;1m
[35m
[40mClock:
[37m
[40m 1000 MHz
[10d
[39;49m
[37m
[40m-
[198b-
[50;1HTotal Devices: 1
[50;190HPage: 1 / 
[?7l1
[?7h
[39;49m
[37m
[40m
[2J[DX-TOP]  (q) Quit   (n) Next Page   (p) Prev Page   (h) Help
[2dSat Jul 11 00:06:40 2026
[3dDX-RT: v3.4.0     NPU Device driver: v2.5.1     DX-TOP: v1.1.0
[4d-
[198b-
[5;3H
[0;1m
[36m
[40mDevice :
[37m
[40m0
[18G
[0;1m
[36m
[40mVariant:
[37m
[40m    M1
[38G
[0;1m
[36m
[40mPCIe Bus Number:
[37m
[40m  01:00:00  
[39;49m
[37m
[40m  
[0;1m
[36m
[40mFirmware:
[37m
[40m  v2.7.1
[6;3H
[0;1m
[36m
[40mNPU Memory:
[39;49m
[37m
[40m  
[34m
[40m[|
[19X
[6;37H]
[39;49m
[37m
[40m 
[34m
[40m119.81 MiB / 1.92 GiB (6.09%) 
[7;5H
[0;1m
[35m
[40mCore :
[37m
[40m0 
[39;49m
[37m
[40m  
[0;1m
[35m
[40mUtil:
[37m
[40m  46.5% 
[39;49m
[37m
[40m  
[0;1m
[35m
[40mTemp:
[33m
[40m 75 
[39;49m
[37m
[40m  
[0;1m
[35m
[40mVoltage:
[37m
[40m 760 mV 
[39;49m
[37m
[40m  
[0;1m
[35m
[40mClock:
[37m
[40m 1000 MHz
[8;5H
[0;1m
[35m
[40mCore :
[37m
[40m1 
[39;49m
[37m
[40m  
[0;1m
[35m
[40mUtil:
[37m
[40m  21.3% 
[39;49m
[37m
[40m  
[0;1m
[35m
[40mTemp:
[33m
[40m 76 
[39;49m
[37m
[40m  
[0;1m
[35m
[40mVoltage:
[37m
[40m 760 mV 
[39;49m
[37m
[40m  
[0;1m
[35m
[40mClock:
[37m
[40m 1000 MHz
[9;5H
[0;1m
[35m
[40mCore :
[37m
[40m2 
[39;49m
[37m
[40m  
[0;1m
[35m
[40mUtil:
[37m
[40m   4.6% 
[39;49m
[37m
[40m  
[0;1m
[35m
[40mTemp:
[33m
[40m 76 
[39;49m
[37m
[40m  
[0;1m
[35m
[40mVoltage:
[37m
[40m 760 mV 
[39;49m
[37m
[40m  
[0;1m
[35m
[40mClock:
[37m
[40m 1000 MHz
[10d
[39;49m
[37m
[40m-
[198b-
[50;1HTotal Devices: 1
[50;190HPage: 1 / 
[?7l1
[?7h
[39;49m
[37m
[40m
[2J[DX-TOP]  (q) Quit   (n) Next Page   (p) Prev Page   (h) Help
[2dSat Jul 11 00:06:42 2026
[3dDX-RT: v3.4.0     NPU Device driver: v2.5.1     DX-TOP: v1.1.0
[4d-
[198b-
[5;3H
[0;1m
[36m
[40mDevice :
[37m
[40m0
[18G
[0;1m
[36m
[40mVariant:
[37m
[40m    M1
[38G
[0;1m
[36m
[40mPCIe Bus Number:
[37m
[40m  01:00:00  
[39;49m
[37m
[40m  
[0;1m
[36m
[40mFirmware:
[37m
[40m  v2.7.1
[6;3H
[0;1m
[36m
[40mNPU Memory:
[39;49m
[37m
[40m  
[34m
[40m[|
[19X
[6;37H]
[39;49m
[37m
[40m 
[34m
[40m119.81 MiB / 1.92 GiB (6.09%) 
[7;5H
[0;1m
[35m
[40mCore :
[37m
[40m0 
[39;49m
[37m
[40m  
[0;1m
[35m
[40mUtil:
[37m
[40m  45.5% 
[39;49m
[37m
[40m  
[0;1m
[35m
[40mTemp:
[33m
[40m 74 
[39;49m
[37m
[40m  
[0;1m
[35m
[40mVoltage:
[37m
[40m 760 mV 
[39;49m
[37m
[40m  
[0;1m
[35m
[40mClock:
[37m
[40m 1000 MHz
[8;5H
[0;1m
[35m
[40mCore :
[37m
[40m1 
[39;49m
[37m
[40m  
[0;1m
[35m
[40mUtil:
[37m
[40m  24.9% 
[39;49m
[37m
[40m  
[0;1m
[35m
[40mTemp:
[33m
[40m 74 
[39;49m
[37m
[40m  
[0;1m
[35m
[40mVoltage:
[37m
[40m 760 mV 
[39;49m
[37m
[40m  
[0;1m
[35m
[40mClock:
[37m
[40m 1000 MHz
[9;5H
[0;1m
[35m
[40mCore :
[37m
[40m2 
[39;49m
[37m
[40m  
[0;1m
[35m
[40mUtil:
[37m
[40m   3.4% 
[39;49m
[37m
[40m  
[0;1m
[35m
[40mTemp:
[33m
[40m 75 
[39;49m
[37m
[40m  
[0;1m
[35m
[40mVoltage:
[37m
[40m 760 mV 
[39;49m
[37m
[40m  
[0;1m
[35m
[40mClock:
[37m
[40m 1000 MHz
[10d
[39;49m
[37m
[40m-
[198b-
[50;1HTotal Devices: 1
[50;190HPage: 1 / 
[?7l1
[?7h
Script done on 2026-07-11 00:06:44+09:00 [COMMAND_EXIT_CODE="0"]
