Setting pipeline to PAUSED ...
Pipeline is PREROLLING ...
Got message #66 from element "fakesink3" (state-changed): GstMessageStateChanged, old-state=(GstState)null, new-state=(GstState)ready, pending-state=(GstState)void-pending;
Got message #67 from element "fakesink2" (state-changed): GstMessageStateChanged, old-state=(GstState)null, new-state=(GstState)ready, pending-state=(GstState)void-pending;
Got message #68 from element "fakesink1" (state-changed): GstMessageStateChanged, old-state=(GstState)null, new-state=(GstState)ready, pending-state=(GstState)void-pending;
Got message #69 from element "fakesink0" (state-changed): GstMessageStateChanged, old-state=(GstState)null, new-state=(GstState)ready, pending-state=(GstState)void-pending;
Got message #70 from element "queue10" (state-changed): GstMessageStateChanged, old-state=(GstState)null, new-state=(GstState)ready, pending-state=(GstState)void-pending;
Got message #71 from element "queue9" (state-changed): GstMessageStateChanged, old-state=(GstState)null, new-state=(GstState)ready, pending-state=(GstState)void-pending;
Got message #72 from element "queue8" (state-changed): GstMessageStateChanged, old-state=(GstState)null, new-state=(GstState)ready, pending-state=(GstState)void-pending;
Got message #73 from element "queue7" (state-changed): GstMessageStateChanged, old-state=(GstState)null, new-state=(GstState)ready, pending-state=(GstState)void-pending;
Got message #74 from element "out" (state-changed): GstMessageStateChanged, old-state=(GstState)null, new-state=(GstState)ready, pending-state=(GstState)void-pending;
Got message #75 from element "queue6" (state-changed): GstMessageStateChanged, old-state=(GstState)null, new-state=(GstState)ready, pending-state=(GstState)void-pending;
Got message #76 from element "dxpostprocess0" (state-changed): GstMessageStateChanged, old-state=(GstState)null, new-state=(GstState)ready, pending-state=(GstState)void-pending;
Got message #77 from element "queue5" (state-changed): GstMessageStateChanged, old-state=(GstState)null, new-state=(GstState)ready, pending-state=(GstState)void-pending;
Got message #78 from element "dxinfer0" (state-changed): GstMessageStateChanged, old-state=(GstState)null, new-state=(GstState)ready, pending-state=(GstState)void-pending;
Got message #79 from element "queue4" (state-changed): GstMessageStateChanged, old-state=(GstState)null, new-state=(GstState)ready, pending-state=(GstState)void-pending;
Got message #80 from element "dxpreprocess0" (state-changed): GstMessageStateChanged, old-state=(GstState)null, new-state=(GstState)ready, pending-state=(GstState)void-pending;
Got message #81 from element "in" (state-changed): GstMessageStateChanged, old-state=(GstState)null, new-state=(GstState)ready, pending-state=(GstState)void-pending;
Got message #82 from element "queue0" (state-changed): GstMessageStateChanged, old-state=(GstState)null, new-state=(GstState)ready, pending-state=(GstState)void-pending;
Got message #83 from element "queue1" (state-changed): GstMessageStateChanged, old-state=(GstState)null, new-state=(GstState)ready, pending-state=(GstState)void-pending;
Got message #84 from element "queue2" (state-changed): GstMessageStateChanged, old-state=(GstState)null, new-state=(GstState)ready, pending-state=(GstState)void-pending;
Got message #85 from element "queue3" (state-changed): GstMessageStateChanged, old-state=(GstState)null, new-state=(GstState)ready, pending-state=(GstState)void-pending;
Got message #86 from element "typefind" (state-changed): GstMessageStateChanged, old-state=(GstState)null, new-state=(GstState)ready, pending-state=(GstState)void-pending;
Got message #87 from element "decodebin3" (state-changed): GstMessageStateChanged, old-state=(GstState)null, new-state=(GstState)ready, pending-state=(GstState)void-pending;
Got message #88 from element "typefind" (state-changed): GstMessageStateChanged, old-state=(GstState)null, new-state=(GstState)ready, pending-state=(GstState)void-pending;
Got message #89 from element "decodebin2" (state-changed): GstMessageStateChanged, old-state=(GstState)null, new-state=(GstState)ready, pending-state=(GstState)void-pending;
Got message #90 from element "typefind" (state-changed): GstMessageStateChanged, old-state=(GstState)null, new-state=(GstState)ready, pending-state=(GstState)void-pending;
Got message #91 from element "decodebin1" (state-changed): GstMessageStateChanged, old-state=(GstState)null, new-state=(GstState)ready, pending-state=(GstState)void-pending;
Got message #92 from element "typefind" (state-changed): GstMessageStateChanged, old-state=(GstState)null, new-state=(GstState)ready, pending-state=(GstState)void-pending;
Got message #93 from element "decodebin0" (state-changed): GstMessageStateChanged, old-state=(GstState)null, new-state=(GstState)ready, pending-state=(GstState)void-pending;
Got message #94 from element "urisourcebin3" (state-changed): GstMessageStateChanged, old-state=(GstState)null, new-state=(GstState)ready, pending-state=(GstState)void-pending;
Got message #95 from element "urisourcebin2" (state-changed): GstMessageStateChanged, old-state=(GstState)null, new-state=(GstState)ready, pending-state=(GstState)void-pending;
Got message #96 from element "urisourcebin1" (state-changed): GstMessageStateChanged, old-state=(GstState)null, new-state=(GstState)ready, pending-state=(GstState)void-pending;
Got message #97 from element "urisourcebin0" (state-changed): GstMessageStateChanged, old-state=(GstState)null, new-state=(GstState)ready, pending-state=(GstState)void-pending;
Got message #98 from element "pipeline0" (state-changed): GstMessageStateChanged, old-state=(GstState)null, new-state=(GstState)ready, pending-state=(GstState)paused;
Got message #99 from element "fakesink3" (latency): no message details
Redistribute latency...
Got message #100 from element "fakesink3" (state-changed): GstMessageStateChanged, old-state=(GstState)ready, new-state=(GstState)paused, pending-state=(GstState)void-pending;
Got message #101 from element "fakesink2" (latency): no message details
Redistribute latency...
Got message #102 from element "fakesink2" (state-changed): GstMessageStateChanged, old-state=(GstState)ready, new-state=(GstState)paused, pending-state=(GstState)void-pending;
Got message #103 from element "fakesink1" (latency): no message details
Redistribute latency...
Got message #104 from element "fakesink1" (state-changed): GstMessageStateChanged, old-state=(GstState)ready, new-state=(GstState)paused, pending-state=(GstState)void-pending;
Got message #105 from element "fakesink0" (latency): no message details
Redistribute latency...
Got message #106 from element "fakesink0" (state-changed): GstMessageStateChanged, old-state=(GstState)ready, new-state=(GstState)paused, pending-state=(GstState)void-pending;
Got message #107 from pad "queue10:src" (stream-status): GstMessageStreamStatus, type=(GstStreamStatusType)create, owner=(GstElement)"\(GstQueue\)\ queue10", object=(GstTask)"\(GstTask\)\ queue10:src";
Got message #108 from element "queue10" (state-changed): GstMessageStateChanged, old-state=(GstState)ready, new-state=(GstState)paused, pending-state=(GstState)void-pending;
Got message #109 from pad "queue9:src" (stream-status): GstMessageStreamStatus, type=(GstStreamStatusType)create, owner=(GstElement)"\(GstQueue\)\ queue9", object=(GstTask)"\(GstTask\)\ queue9:src";
Got message #110 from element "queue9" (state-changed): GstMessageStateChanged, old-state=(GstState)ready, new-state=(GstState)paused, pending-state=(GstState)void-pending;
Got message #111 from pad "queue8:src" (stream-status): GstMessageStreamStatus, type=(GstStreamStatusType)create, owner=(GstElement)"\(GstQueue\)\ queue8", object=(GstTask)"\(GstTask\)\ queue8:src";
Got message #112 from pad "queue10:src" (stream-status): GstMessageStreamStatus, type=(GstStreamStatusType)enter, owner=(GstElement)"\(GstQueue\)\ queue10", object=(GstTask)"\(GstTask\)\ queue10:src";
Got message #113 from element "queue8" (state-changed): GstMessageStateChanged, old-state=(GstState)ready, new-state=(GstState)paused, pending-state=(GstState)void-pending;
Got message #114 from pad "queue9:src" (stream-status): GstMessageStreamStatus, type=(GstStreamStatusType)enter, owner=(GstElement)"\(GstQueue\)\ queue9", object=(GstTask)"\(GstTask\)\ queue9:src";
Got message #115 from pad "queue7:src" (stream-status): GstMessageStreamStatus, type=(GstStreamStatusType)create, owner=(GstElement)"\(GstQueue\)\ queue7", object=(GstTask)"\(GstTask\)\ queue7:src";
Got message #116 from element "queue7" (state-changed): GstMessageStateChanged, old-state=(GstState)ready, new-state=(GstState)paused, pending-state=(GstState)void-pending;
Got message #117 from pad "queue8:src" (stream-status): GstMessageStreamStatus, type=(GstStreamStatusType)enter, owner=(GstElement)"\(GstQueue\)\ queue8", object=(GstTask)"\(GstTask\)\ queue8:src";
Got message #118 from element "out" (state-changed): GstMessageStateChanged, old-state=(GstState)ready, new-state=(GstState)paused, pending-state=(GstState)void-pending;
Got message #119 from pad "queue6:src" (stream-status): GstMessageStreamStatus, type=(GstStreamStatusType)create, owner=(GstElement)"\(GstQueue\)\ queue6", object=(GstTask)"\(GstTask\)\ queue6:src";
Got message #120 from element "queue6" (state-changed): GstMessageStateChanged, old-state=(GstState)ready, new-state=(GstState)paused, pending-state=(GstState)void-pending;
Got message #121 from pad "queue7:src" (stream-status): GstMessageStreamStatus, type=(GstStreamStatusType)enter, owner=(GstElement)"\(GstQueue\)\ queue7", object=(GstTask)"\(GstTask\)\ queue7:src";
Got message #122 from element "dxpostprocess0" (state-changed): GstMessageStateChanged, old-state=(GstState)ready, new-state=(GstState)paused, pending-state=(GstState)void-pending;
Got message #123 from pad "queue6:src" (stream-status): GstMessageStreamStatus, type=(GstStreamStatusType)enter, owner=(GstElement)"\(GstQueue\)\ queue6", object=(GstTask)"\(GstTask\)\ queue6:src";
Got message #124 from pad "queue5:src" (stream-status): GstMessageStreamStatus, type=(GstStreamStatusType)create, owner=(GstElement)"\(GstQueue\)\ queue5", object=(GstTask)"\(GstTask\)\ queue5:src";
Got message #125 from element "queue5" (state-changed): GstMessageStateChanged, old-state=(GstState)ready, new-state=(GstState)paused, pending-state=(GstState)void-pending;
Got message #126 from pad "queue5:src" (stream-status): GstMessageStreamStatus, type=(GstStreamStatusType)enter, owner=(GstElement)"\(GstQueue\)\ queue5", object=(GstTask)"\(GstTask\)\ queue5:src";
Got message #127 from element "dxinfer0" (state-changed): GstMessageStateChanged, old-state=(GstState)ready, new-state=(GstState)paused, pending-state=(GstState)void-pending;
Got message #128 from pad "queue4:src" (stream-status): GstMessageStreamStatus, type=(GstStreamStatusType)create, owner=(GstElement)"\(GstQueue\)\ queue4", object=(GstTask)"\(GstTask\)\ queue4:src";
Got message #129 from element "queue4" (state-changed): GstMessageStateChanged, old-state=(GstState)ready, new-state=(GstState)paused, pending-state=(GstState)void-pending;
Got message #130 from element "dxpreprocess0" (state-changed): GstMessageStateChanged, old-state=(GstState)ready, new-state=(GstState)paused, pending-state=(GstState)void-pending;
Got message #131 from pad "queue4:src" (stream-status): GstMessageStreamStatus, type=(GstStreamStatusType)enter, owner=(GstElement)"\(GstQueue\)\ queue4", object=(GstTask)"\(GstTask\)\ queue4:src";
Got message #132 from pad "in:src" (stream-status): GstMessageStreamStatus, type=(GstStreamStatusType)create, owner=(GstElement)"\(GstDxInputSelector\)\ in", object=(GstTask)"\(GstTask\)\ in:src";
Got message #133 from element "in" (state-changed): GstMessageStateChanged, old-state=(GstState)ready, new-state=(GstState)paused, pending-state=(GstState)void-pending;
Got message #134 from pad "queue0:src" (stream-status): GstMessageStreamStatus, type=(GstStreamStatusType)create, owner=(GstElement)"\(GstQueue\)\ queue0", object=(GstTask)"\(GstTask\)\ queue0:src";
Got message #135 from pad "in:src" (stream-status): GstMessageStreamStatus, type=(GstStreamStatusType)enter, owner=(GstElement)"\(GstDxInputSelector\)\ in", object=(GstTask)"\(GstTask\)\ in:src";
Got message #136 from element "queue0" (state-changed): GstMessageStateChanged, old-state=(GstState)ready, new-state=(GstState)paused, pending-state=(GstState)void-pending;
Got message #137 from pad "queue1:src" (stream-status): GstMessageStreamStatus, type=(GstStreamStatusType)create, owner=(GstElement)"\(GstQueue\)\ queue1", object=(GstTask)"\(GstTask\)\ queue1:src";
Got message #138 from element "queue1" (state-changed): GstMessageStateChanged, old-state=(GstState)ready, new-state=(GstState)paused, pending-state=(GstState)void-pending;
Got message #139 from pad "queue0:src" (stream-status): GstMessageStreamStatus, type=(GstStreamStatusType)enter, owner=(GstElement)"\(GstQueue\)\ queue0", object=(GstTask)"\(GstTask\)\ queue0:src";
Got message #140 from pad "queue2:src" (stream-status): GstMessageStreamStatus, type=(GstStreamStatusType)create, owner=(GstElement)"\(GstQueue\)\ queue2", object=(GstTask)"\(GstTask\)\ queue2:src";
Got message #141 from pad "queue1:src" (stream-status): GstMessageStreamStatus, type=(GstStreamStatusType)enter, owner=(GstElement)"\(GstQueue\)\ queue1", object=(GstTask)"\(GstTask\)\ queue1:src";
Got message #142 from element "queue2" (state-changed): GstMessageStateChanged, old-state=(GstState)ready, new-state=(GstState)paused, pending-state=(GstState)void-pending;
Got message #143 from pad "queue3:src" (stream-status): GstMessageStreamStatus, type=(GstStreamStatusType)create, owner=(GstElement)"\(GstQueue\)\ queue3", object=(GstTask)"\(GstTask\)\ queue3:src";
Got message #144 from element "queue3" (state-changed): GstMessageStateChanged, old-state=(GstState)ready, new-state=(GstState)paused, pending-state=(GstState)void-pending;
Got message #145 from pad "queue2:src" (stream-status): GstMessageStreamStatus, type=(GstStreamStatusType)enter, owner=(GstElement)"\(GstQueue\)\ queue2", object=(GstTask)"\(GstTask\)\ queue2:src";
Got message #148 from pad "queue3:src" (stream-status): GstMessageStreamStatus, type=(GstStreamStatusType)enter, owner=(GstElement)"\(GstQueue\)\ queue3", object=(GstTask)"\(GstTask\)\ queue3:src";
Got message #149 from element "typefind" (state-changed): GstMessageStateChanged, old-state=(GstState)ready, new-state=(GstState)paused, pending-state=(GstState)void-pending;
Got message #152 from element "typefind" (state-changed): GstMessageStateChanged, old-state=(GstState)ready, new-state=(GstState)paused, pending-state=(GstState)void-pending;
Got message #155 from element "typefind" (state-changed): GstMessageStateChanged, old-state=(GstState)ready, new-state=(GstState)paused, pending-state=(GstState)void-pending;
Got message #158 from element "typefind" (state-changed): GstMessageStateChanged, old-state=(GstState)ready, new-state=(GstState)paused, pending-state=(GstState)void-pending;
Got message #159 from element "urisourcebin3" (property-notify): GstMessagePropertyNotify, property-name=(string)source, property-value=(GstElement)"\(GstFileSrc\)\ filesrc0";
/GstPipeline:pipeline0/GstURISourceBin:urisourcebin3: source = "\(GstFileSrc\)\ filesrc0"
Got message #160 from element "filesrc0" (state-changed): GstMessageStateChanged, old-state=(GstState)null, new-state=(GstState)ready, pending-state=(GstState)void-pending;
Got message #165 from element "typefindelement0" (state-changed): GstMessageStateChanged, old-state=(GstState)null, new-state=(GstState)ready, pending-state=(GstState)paused;
Got message #168 from pad "typefindelement0:sink" (stream-status): GstMessageStreamStatus, type=(GstStreamStatusType)create, owner=(GstElement)"\(GstTypeFindElement\)\ typefindelement0", object=(GstTask)"\(GstTask\)\ typefindelement0:sink";
Got message #169 from element "typefindelement0" (state-changed): GstMessageStateChanged, old-state=(GstState)ready, new-state=(GstState)paused, pending-state=(GstState)void-pending;
Got message #170 from element "filesrc0" (state-changed): GstMessageStateChanged, old-state=(GstState)ready, new-state=(GstState)paused, pending-state=(GstState)void-pending;
Got message #171 from element "urisourcebin3" (state-changed): GstMessageStateChanged, old-state=(GstState)ready, new-state=(GstState)paused, pending-state=(GstState)void-pending;
Got message #172 from pad "typefindelement0:sink" (stream-status): GstMessageStreamStatus, type=(GstStreamStatusType)enter, owner=(GstElement)"\(GstTypeFindElement\)\ typefindelement0", object=(GstTask)"\(GstTask\)\ typefindelement0:sink";
Got message #174 from element "urisourcebin2" (property-notify): GstMessagePropertyNotify, property-name=(string)source, property-value=(GstElement)"\(GstFileSrc\)\ filesrc1";
/GstPipeline:pipeline0/GstURISourceBin:urisourcebin2: source = "\(GstFileSrc\)\ filesrc1"
Got message #175 from element "filesrc1" (state-changed): GstMessageStateChanged, old-state=(GstState)null, new-state=(GstState)ready, pending-state=(GstState)void-pending;
Got message #180 from element "typefindelement1" (state-changed): GstMessageStateChanged, old-state=(GstState)null, new-state=(GstState)ready, pending-state=(GstState)paused;
Got message #183 from pad "typefindelement1:sink" (stream-status): GstMessageStreamStatus, type=(GstStreamStatusType)create, owner=(GstElement)"\(GstTypeFindElement\)\ typefindelement1", object=(GstTask)"\(GstTask\)\ typefindelement1:sink";
Got message #184 from element "typefindelement1" (state-changed): GstMessageStateChanged, old-state=(GstState)ready, new-state=(GstState)paused, pending-state=(GstState)void-pending;
Got message #185 from pad "typefindelement1:sink" (stream-status): GstMessageStreamStatus, type=(GstStreamStatusType)enter, owner=(GstElement)"\(GstTypeFindElement\)\ typefindelement1", object=(GstTask)"\(GstTask\)\ typefindelement1:sink";
Got message #186 from element "filesrc1" (state-changed): GstMessageStateChanged, old-state=(GstState)ready, new-state=(GstState)paused, pending-state=(GstState)void-pending;
Got message #187 from element "urisourcebin2" (state-changed): GstMessageStateChanged, old-state=(GstState)ready, new-state=(GstState)paused, pending-state=(GstState)void-pending;
Got message #189 from element "urisourcebin1" (property-notify): GstMessagePropertyNotify, property-name=(string)source, property-value=(GstElement)"\(GstFileSrc\)\ filesrc2";
/GstPipeline:pipeline0/GstURISourceBin:urisourcebin1: source = "\(GstFileSrc\)\ filesrc2"
Got message #190 from element "filesrc2" (state-changed): GstMessageStateChanged, old-state=(GstState)null, new-state=(GstState)ready, pending-state=(GstState)void-pending;
Got message #195 from element "typefindelement2" (state-changed): GstMessageStateChanged, old-state=(GstState)null, new-state=(GstState)ready, pending-state=(GstState)paused;
Got message #198 from pad "typefindelement2:sink" (stream-status): GstMessageStreamStatus, type=(GstStreamStatusType)create, owner=(GstElement)"\(GstTypeFindElement\)\ typefindelement2", object=(GstTask)"\(GstTask\)\ typefindelement2:sink";
Got message #199 from element "typefindelement2" (state-changed): GstMessageStateChanged, old-state=(GstState)ready, new-state=(GstState)paused, pending-state=(GstState)void-pending;
Got message #200 from element "filesrc2" (state-changed): GstMessageStateChanged, old-state=(GstState)ready, new-state=(GstState)paused, pending-state=(GstState)void-pending;
Got message #201 from element "urisourcebin1" (state-changed): GstMessageStateChanged, old-state=(GstState)ready, new-state=(GstState)paused, pending-state=(GstState)void-pending;
Got message #202 from pad "typefindelement2:sink" (stream-status): GstMessageStreamStatus, type=(GstStreamStatusType)enter, owner=(GstElement)"\(GstTypeFindElement\)\ typefindelement2", object=(GstTask)"\(GstTask\)\ typefindelement2:sink";
Got message #204 from element "urisourcebin0" (property-notify): GstMessagePropertyNotify, property-name=(string)source, property-value=(GstElement)"\(GstFileSrc\)\ filesrc3";
/GstPipeline:pipeline0/GstURISourceBin:urisourcebin0: source = "\(GstFileSrc\)\ filesrc3"
Got message #205 from element "filesrc3" (state-changed): GstMessageStateChanged, old-state=(GstState)null, new-state=(GstState)ready, pending-state=(GstState)void-pending;
Got message #210 from element "typefindelement3" (state-changed): GstMessageStateChanged, old-state=(GstState)null, new-state=(GstState)ready, pending-state=(GstState)paused;
Got message #213 from pad "typefindelement3:sink" (stream-status): GstMessageStreamStatus, type=(GstStreamStatusType)create, owner=(GstElement)"\(GstTypeFindElement\)\ typefindelement3", object=(GstTask)"\(GstTask\)\ typefindelement3:sink";
Got message #214 from element "typefindelement3" (state-changed): GstMessageStateChanged, old-state=(GstState)ready, new-state=(GstState)paused, pending-state=(GstState)void-pending;
Got message #215 from element "filesrc3" (state-changed): GstMessageStateChanged, old-state=(GstState)ready, new-state=(GstState)paused, pending-state=(GstState)void-pending;
Got message #216 from element "urisourcebin0" (state-changed): GstMessageStateChanged, old-state=(GstState)ready, new-state=(GstState)paused, pending-state=(GstState)void-pending;
Got message #217 from pad "typefindelement3:sink" (stream-status): GstMessageStreamStatus, type=(GstStreamStatusType)enter, owner=(GstElement)"\(GstTypeFindElement\)\ typefindelement3", object=(GstTask)"\(GstTask\)\ typefindelement3:sink";
Got message #225 from pad "typefindelement0:src" (property-notify): GstMessagePropertyNotify, property-name=(string)caps, property-value=(GstCaps)"video/quicktime\,\ variant\=\(string\)iso";
/GstPipeline:pipeline0/GstURISourceBin:urisourcebin3/GstTypeFindElement:typefindelement0.GstPad:src: caps = video/quicktime, variant=(string)iso
Got message #226 from pad "typefindelement0:src" (property-notify): GstMessagePropertyNotify, property-name=(string)caps, property-value=(GstCaps)"video/quicktime\,\ variant\=\(string\)iso";
/GstPipeline:pipeline0/GstURISourceBin:urisourcebin3/GstTypeFindElement:typefindelement0.GstPad:src: caps = video/quicktime, variant=(string)iso
Got message #228 from pad "typefindelement2:src" (property-notify): GstMessagePropertyNotify, property-name=(string)caps, property-value=(GstCaps)"video/quicktime\,\ variant\=\(string\)iso";
/GstPipeline:pipeline0/GstURISourceBin:urisourcebin1/GstTypeFindElement:typefindelement2.GstPad:src: caps = video/quicktime, variant=(string)iso
Got message #246 from pad "typefindelement3:src" (property-notify): GstMessagePropertyNotify, property-name=(string)caps, property-value=(GstCaps)"video/quicktime\,\ variant\=\(string\)iso";
/GstPipeline:pipeline0/GstURISourceBin:urisourcebin0/GstTypeFindElement:typefindelement3.GstPad:src: caps = video/quicktime, variant=(string)iso
Got message #248 from pad "typefindelement3:src" (property-notify): GstMessagePropertyNotify, property-name=(string)caps, property-value=(GstCaps)"video/quicktime\,\ variant\=\(string\)iso";
/GstPipeline:pipeline0/GstURISourceBin:urisourcebin0/GstTypeFindElement:typefindelement3.GstPad:src: caps = video/quicktime, variant=(string)iso
Got message #251 from pad "typefindelement3:src" (property-notify): GstMessagePropertyNotify, property-name=(string)caps, property-value=(GstCaps)"video/quicktime\,\ variant\=\(string\)iso";
/GstPipeline:pipeline0/GstURISourceBin:urisourcebin0/GstTypeFindElement:typefindelement3.GstPad:src: caps = video/quicktime, variant=(string)iso
Got message #261 from pad "sink:proxypad0" (property-notify): GstMessagePropertyNotify, property-name=(string)caps, property-value=(GstCaps)"video/quicktime\,\ variant\=\(string\)iso";
/GstPipeline:pipeline0/GstDecodeBin:decodebin0.GstGhostPad:sink.GstProxyPad:proxypad0: caps = video/quicktime, variant=(string)iso
Got message #266 from pad "typefind:src" (property-notify): GstMessagePropertyNotify, property-name=(string)caps, property-value=(GstCaps)"video/quicktime\,\ variant\=\(string\)iso";
/GstPipeline:pipeline0/GstDecodeBin:decodebin0/GstTypeFindElement:typefind.GstPad:src: caps = video/quicktime, variant=(string)iso
Got message #271 from pad "sink:proxypad1" (property-notify): GstMessagePropertyNotify, property-name=(string)caps, property-value=(GstCaps)"video/quicktime\,\ variant\=\(string\)iso";
/GstPipeline:pipeline0/GstDecodeBin:decodebin1.GstGhostPad:sink.GstProxyPad:proxypad1: caps = video/quicktime, variant=(string)iso
Got message #273 from pad "typefind:src" (property-notify): GstMessagePropertyNotify, property-name=(string)caps, property-value=(GstCaps)"video/quicktime\,\ variant\=\(string\)iso";
/GstPipeline:pipeline0/GstDecodeBin:decodebin1/GstTypeFindElement:typefind.GstPad:src: caps = video/quicktime, variant=(string)iso
Got message #313 from element "qtdemux2" (state-changed): GstMessageStateChanged, old-state=(GstState)null, new-state=(GstState)ready, pending-state=(GstState)void-pending;
Got message #314 from element "qtdemux1" (state-changed): GstMessageStateChanged, old-state=(GstState)null, new-state=(GstState)ready, pending-state=(GstState)void-pending;
Got message #316 from element "qtdemux0" (state-changed): GstMessageStateChanged, old-state=(GstState)null, new-state=(GstState)ready, pending-state=(GstState)void-pending;
Got message #320 from element "qtdemux3" (state-changed): GstMessageStateChanged, old-state=(GstState)null, new-state=(GstState)ready, pending-state=(GstState)void-pending;
Got message #321 from pad "typefind:src" (property-notify): GstMessagePropertyNotify, property-name=(string)caps, property-value=(GstCaps)"NULL";
/GstPipeline:pipeline0/GstDecodeBin:decodebin1/GstTypeFindElement:typefind.GstPad:src: caps = NULL
Got message #322 from pad "typefind:src" (property-notify): GstMessagePropertyNotify, property-name=(string)caps, property-value=(GstCaps)"NULL";
/GstPipeline:pipeline0/GstDecodeBin:decodebin0/GstTypeFindElement:typefind.GstPad:src: caps = NULL
Got message #323 from pad "typefind:src" (property-notify): GstMessagePropertyNotify, property-name=(string)caps, property-value=(GstCaps)"NULL";
/GstPipeline:pipeline0/GstDecodeBin:decodebin3/GstTypeFindElement:typefind.GstPad:src: caps = NULL
Got message #324 from pad "typefind:src" (property-notify): GstMessagePropertyNotify, property-name=(string)caps, property-value=(GstCaps)"NULL";
/GstPipeline:pipeline0/GstDecodeBin:decodebin3/GstTypeFindElement:typefind.GstPad:src: caps = NULL
Got message #325 from pad "typefind:src" (property-notify): GstMessagePropertyNotify, property-name=(string)caps, property-value=(GstCaps)"NULL";
/GstPipeline:pipeline0/GstDecodeBin:decodebin3/GstTypeFindElement:typefind.GstPad:src: caps = NULL
Got message #326 from pad "typefindelement2:src" (property-notify): GstMessagePropertyNotify, property-name=(string)caps, property-value=(GstCaps)"NULL";
/GstPipeline:pipeline0/GstURISourceBin:urisourcebin1/GstTypeFindElement:typefindelement2.GstPad:src: caps = NULL
Got message #327 from pad "typefindelement2:src" (property-notify): GstMessagePropertyNotify, property-name=(string)caps, property-value=(GstCaps)"NULL";
/GstPipeline:pipeline0/GstURISourceBin:urisourcebin1/GstTypeFindElement:typefindelement2.GstPad:src: caps = NULL
Got message #328 from pad "sink:proxypad3" (property-notify): GstMessagePropertyNotify, property-name=(string)caps, property-value=(GstCaps)"NULL";
/GstPipeline:pipeline0/GstDecodeBin:decodebin3.GstGhostPad:sink.GstProxyPad:proxypad3: caps = NULL
Got message #329 from pad "qtdemux2:sink" (stream-status): GstMessageStreamStatus, type=(GstStreamStatusType)create, owner=(GstElement)"\(GstQTDemux\)\ qtdemux2", object=(GstTask)"\(GstTask\)\ qtdemux2:sink";
Got message #330 from pad "urisourcebin3:src_0" (property-notify): GstMessagePropertyNotify, property-name=(string)caps, property-value=(GstCaps)"NULL";
/GstPipeline:pipeline0/GstURISourceBin:urisourcebin3.GstGhostPad:src_0: caps = NULL
Got message #331 from pad "qtdemux1:sink" (stream-status): GstMessageStreamStatus, type=(GstStreamStatusType)create, owner=(GstElement)"\(GstQTDemux\)\ qtdemux1", object=(GstTask)"\(GstTask\)\ task17";
Got message #332 from pad "typefindelement0:src" (property-notify): GstMessagePropertyNotify, property-name=(string)caps, property-value=(GstCaps)"NULL";
/GstPipeline:pipeline0/GstURISourceBin:urisourcebin3/GstTypeFindElement:typefindelement0.GstPad:src: caps = NULL
Got message #333 from pad "qtdemux3:sink" (stream-status): GstMessageStreamStatus, type=(GstStreamStatusType)create, owner=(GstElement)"\(GstQTDemux\)\ qtdemux3", object=(GstTask)"\(GstTask\)\ task18";
Got message #334 from pad "typefind:src" (property-notify): GstMessagePropertyNotify, property-name=(string)caps, property-value=(GstCaps)"NULL";
/GstPipeline:pipeline0/GstDecodeBin:decodebin2/GstTypeFindElement:typefind.GstPad:src: caps = NULL
Got message #335 from pad "sink:proxypad2" (property-notify): GstMessagePropertyNotify, property-name=(string)caps, property-value=(GstCaps)"NULL";
/GstPipeline:pipeline0/GstDecodeBin:decodebin2.GstGhostPad:sink.GstProxyPad:proxypad2: caps = NULL
Got message #336 from pad "urisourcebin2:src_0" (property-notify): GstMessagePropertyNotify, property-name=(string)caps, property-value=(GstCaps)"NULL";
/GstPipeline:pipeline0/GstURISourceBin:urisourcebin2.GstGhostPad:src_0: caps = NULL
Got message #337 from pad "typefindelement1:src" (property-notify): GstMessagePropertyNotify, property-name=(string)caps, property-value=(GstCaps)"NULL";
/GstPipeline:pipeline0/GstURISourceBin:urisourcebin2/GstTypeFindElement:typefindelement1.GstPad:src: caps = NULL
Got message #338 from pad "qtdemux0:sink" (stream-status): GstMessageStreamStatus, type=(GstStreamStatusType)create, owner=(GstElement)"\(GstQTDemux\)\ qtdemux0", object=(GstTask)"\(GstTask\)\ task19";
Got message #339 from element "qtdemux2" (state-changed): GstMessageStateChanged, old-state=(GstState)ready, new-state=(GstState)paused, pending-state=(GstState)void-pending;
Got message #340 from pad "typefind:sink" (property-notify): GstMessagePropertyNotify, property-name=(string)caps, property-value=(GstCaps)"video/quicktime\,\ variant\=\(string\)iso";
/GstPipeline:pipeline0/GstDecodeBin:decodebin0/GstTypeFindElement:typefind.GstPad:sink: caps = video/quicktime, variant=(string)iso
Got message #341 from pad "decodebin0:sink" (property-notify): GstMessagePropertyNotify, property-name=(string)caps, property-value=(GstCaps)"video/quicktime\,\ variant\=\(string\)iso";
/GstPipeline:pipeline0/GstDecodeBin:decodebin0.GstGhostPad:sink: caps = video/quicktime, variant=(string)iso
Got message #342 from pad "src_0:proxypad8" (property-notify): GstMessagePropertyNotify, property-name=(string)caps, property-value=(GstCaps)"video/quicktime\,\ variant\=\(string\)iso";
/GstPipeline:pipeline0/GstURISourceBin:urisourcebin0.GstGhostPad:src_0.GstProxyPad:proxypad8: caps = video/quicktime, variant=(string)iso
Got message #343 from element "qtdemux1" (state-changed): GstMessageStateChanged, old-state=(GstState)ready, new-state=(GstState)paused, pending-state=(GstState)void-pending;
Got message #344 from pad "qtdemux2:sink" (stream-status): GstMessageStreamStatus, type=(GstStreamStatusType)enter, owner=(GstElement)"\(GstQTDemux\)\ qtdemux2", object=(GstTask)"\(GstTask\)\ qtdemux2:sink";
Got message #345 from pad "typefind:sink" (property-notify): GstMessagePropertyNotify, property-name=(string)caps, property-value=(GstCaps)"video/quicktime\,\ variant\=\(string\)iso";
/GstPipeline:pipeline0/GstDecodeBin:decodebin1/GstTypeFindElement:typefind.GstPad:sink: caps = video/quicktime, variant=(string)iso
Got message #346 from pad "decodebin1:sink" (property-notify): GstMessagePropertyNotify, property-name=(string)caps, property-value=(GstCaps)"video/quicktime\,\ variant\=\(string\)iso";
/GstPipeline:pipeline0/GstDecodeBin:decodebin1.GstGhostPad:sink: caps = video/quicktime, variant=(string)iso
Got message #347 from pad "src_0:proxypad6" (property-notify): GstMessagePropertyNotify, property-name=(string)caps, property-value=(GstCaps)"video/quicktime\,\ variant\=\(string\)iso";
/GstPipeline:pipeline0/GstURISourceBin:urisourcebin1.GstGhostPad:src_0.GstProxyPad:proxypad6: caps = video/quicktime, variant=(string)iso
Got message #348 from element "qtdemux3" (state-changed): GstMessageStateChanged, old-state=(GstState)ready, new-state=(GstState)paused, pending-state=(GstState)void-pending;
Got message #349 from pad "typefind:sink" (property-notify): GstMessagePropertyNotify, property-name=(string)caps, property-value=(GstCaps)"video/quicktime\,\ variant\=\(string\)iso";
/GstPipeline:pipeline0/GstDecodeBin:decodebin3/GstTypeFindElement:typefind.GstPad:sink: caps = video/quicktime, variant=(string)iso
Got message #350 from pad "decodebin3:sink" (property-notify): GstMessagePropertyNotify, property-name=(string)caps, property-value=(GstCaps)"video/quicktime\,\ variant\=\(string\)iso";
/GstPipeline:pipeline0/GstDecodeBin:decodebin3.GstGhostPad:sink: caps = video/quicktime, variant=(string)iso
Got message #351 from pad "src_0:proxypad5" (property-notify): GstMessagePropertyNotify, property-name=(string)caps, property-value=(GstCaps)"video/quicktime\,\ variant\=\(string\)iso";
/GstPipeline:pipeline0/GstURISourceBin:urisourcebin3.GstGhostPad:src_0.GstProxyPad:proxypad5: caps = video/quicktime, variant=(string)iso
Got message #352 from element "qtdemux0" (state-changed): GstMessageStateChanged, old-state=(GstState)ready, new-state=(GstState)paused, pending-state=(GstState)void-pending;
Got message #353 from pad "typefind:sink" (property-notify): GstMessagePropertyNotify, property-name=(string)caps, property-value=(GstCaps)"video/quicktime\,\ variant\=\(string\)iso";
/GstPipeline:pipeline0/GstDecodeBin:decodebin2/GstTypeFindElement:typefind.GstPad:sink: caps = video/quicktime, variant=(string)iso
Got message #354 from pad "decodebin2:sink" (property-notify): GstMessagePropertyNotify, property-name=(string)caps, property-value=(GstCaps)"video/quicktime\,\ variant\=\(string\)iso";
/GstPipeline:pipeline0/GstDecodeBin:decodebin2.GstGhostPad:sink: caps = video/quicktime, variant=(string)iso
Got message #355 from pad "src_0:proxypad4" (property-notify): GstMessagePropertyNotify, property-name=(string)caps, property-value=(GstCaps)"video/quicktime\,\ variant\=\(string\)iso";
/GstPipeline:pipeline0/GstURISourceBin:urisourcebin2.GstGhostPad:src_0.GstProxyPad:proxypad4: caps = video/quicktime, variant=(string)iso
Got message #356 from pad "qtdemux1:sink" (stream-status): GstMessageStreamStatus, type=(GstStreamStatusType)enter, owner=(GstElement)"\(GstQTDemux\)\ qtdemux1", object=(GstTask)"\(GstTask\)\ qtdemux1:sink";
Got message #373 from pad "qtdemux3:sink" (stream-status): GstMessageStreamStatus, type=(GstStreamStatusType)enter, owner=(GstElement)"\(GstQTDemux\)\ qtdemux3", object=(GstTask)"\(GstTask\)\ qtdemux3:sink";
Got message #376 from pad "qtdemux0:sink" (stream-status): GstMessageStreamStatus, type=(GstStreamStatusType)enter, owner=(GstElement)"\(GstQTDemux\)\ qtdemux0", object=(GstTask)"\(GstTask\)\ qtdemux0:sink";
Got message #377 from pad "multiqueue0:src_0" (stream-status): GstMessageStreamStatus, type=(GstStreamStatusType)create, owner=(GstElement)"\(GstMultiQueue\)\ multiqueue0", object=(GstTask)"\(GstTask\)\ task20";
Got message #396 from pad "multiqueue2:src_0" (stream-status): GstMessageStreamStatus, type=(GstStreamStatusType)create, owner=(GstElement)"\(GstMultiQueue\)\ multiqueue2", object=(GstTask)"\(GstTask\)\ task21";
Got message #397 from pad "multiqueue3:src_0" (stream-status): GstMessageStreamStatus, type=(GstStreamStatusType)create, owner=(GstElement)"\(GstMultiQueue\)\ multiqueue3", object=(GstTask)"\(GstTask\)\ task22";
Got message #398 from pad "multiqueue1:src_0" (stream-status): GstMessageStreamStatus, type=(GstStreamStatusType)create, owner=(GstElement)"\(GstMultiQueue\)\ multiqueue1", object=(GstTask)"\(GstTask\)\ task23";
Got message #405 from pad "multiqueue0:src_0" (stream-status): GstMessageStreamStatus, type=(GstStreamStatusType)enter, owner=(GstElement)"\(GstMultiQueue\)\ multiqueue0", object=(GstTask)"\(GstTask\)\ multiqueue0:src_0";
Got message #407 from pad "multiqueue0:src_0" (property-notify): GstMessagePropertyNotify, property-name=(string)caps, property-value=(GstCaps)"video/x-h264\,\ stream-format\=\(string\)avc\,\ alignment\=\(string\)au\,\ level\=\(string\)4\,\ profile\=\(string\)high\,\ codec_data\=\(buffer\)01640028ffe1001e67640028acd940780227e5c05a808080a0000003002000000781e30632c001000668ebe3cb22c0fdf8f800\,\ width\=\(int\)1920\,\ height\=\(int\)1080\,\ framerate\=\(fraction\)30/1\,\ pixel-aspect-ratio\=\(fraction\)1/1\,\ colorimetry\=\(string\)bt709";
/GstPipeline:pipeline0/GstDecodeBin:decodebin0/GstMultiQueue:multiqueue0.GstMultiQueuePad:src_0: caps = video/x-h264, stream-format=(string)avc, alignment=(string)au, level=(string)4, profile=(string)high, codec_data=(buffer)01640028ffe1001e67640028acd940780227e5c05a808080a0000003002000000781e30632c001000668ebe3cb22c0fdf8f800, width=(int)1920, height=(int)1080, framerate=(fraction)30/1, pixel-aspect-ratio=(fraction)1/1, colorimetry=(string)bt709
Got message #414 from pad "multiqueue2:src_0" (stream-status): GstMessageStreamStatus, type=(GstStreamStatusType)enter, owner=(GstElement)"\(GstMultiQueue\)\ multiqueue2", object=(GstTask)"\(GstTask\)\ multiqueue2:src_0";
Got message #416 from pad "multiqueue0:src_0" (property-notify): GstMessagePropertyNotify, property-name=(string)caps, property-value=(GstCaps)"video/x-h264\,\ stream-format\=\(string\)avc\,\ alignment\=\(string\)au\,\ level\=\(string\)4\,\ profile\=\(string\)high\,\ codec_data\=\(buffer\)01640028ffe1001e67640028acd940780227e5c05a808080a0000003002000000781e30632c001000668ebe3cb22c0fdf8f800\,\ width\=\(int\)1920\,\ height\=\(int\)1080\,\ framerate\=\(fraction\)30/1\,\ pixel-aspect-ratio\=\(fraction\)1/1\,\ colorimetry\=\(string\)bt709";
/GstPipeline:pipeline0/GstDecodeBin:decodebin0/GstMultiQueue:multiqueue0.GstMultiQueuePad:src_0: caps = video/x-h264, stream-format=(string)avc, alignment=(string)au, level=(string)4, profile=(string)high, codec_data=(buffer)01640028ffe1001e67640028acd940780227e5c05a808080a0000003002000000781e30632c001000668ebe3cb22c0fdf8f800, width=(int)1920, height=(int)1080, framerate=(fraction)30/1, pixel-aspect-ratio=(fraction)1/1, colorimetry=(string)bt709
Got message #435 from element "h264parse1" (state-changed): GstMessageStateChanged, old-state=(GstState)null, new-state=(GstState)ready, pending-state=(GstState)void-pending;
Got message #436 from element "h264parse0" (state-changed): GstMessageStateChanged, old-state=(GstState)null, new-state=(GstState)ready, pending-state=(GstState)void-pending;
Got message #446 from pad "multiqueue3:src_0" (property-notify): GstMessagePropertyNotify, property-name=(string)caps, property-value=(GstCaps)"video/x-h264\,\ stream-format\=\(string\)avc\,\ alignment\=\(string\)au\,\ level\=\(string\)4\,\ profile\=\(string\)high\,\ codec_data\=\(buffer\)01640028ffe1001e67640028acd940780227e5c05a808080a0000003002000000781e30632c001000668ebe3cb22c0fdf8f800\,\ width\=\(int\)1920\,\ height\=\(int\)1080\,\ framerate\=\(fraction\)30/1\,\ pixel-aspect-ratio\=\(fraction\)1/1\,\ colorimetry\=\(string\)bt709";
/GstPipeline:pipeline0/GstDecodeBin:decodebin2/GstMultiQueue:multiqueue3.GstMultiQueuePad:src_0: caps = video/x-h264, stream-format=(string)avc, alignment=(string)au, level=(string)4, profile=(string)high, codec_data=(buffer)01640028ffe1001e67640028acd940780227e5c05a808080a0000003002000000781e30632c001000668ebe3cb22c0fdf8f800, width=(int)1920, height=(int)1080, framerate=(fraction)30/1, pixel-aspect-ratio=(fraction)1/1, colorimetry=(string)bt709
Got message #462 from element "h264parse2" (state-changed): GstMessageStateChanged, old-state=(GstState)null, new-state=(GstState)ready, pending-state=(GstState)void-pending;
Got message #463 from pad "multiqueue3:src_0" (stream-status): GstMessageStreamStatus, type=(GstStreamStatusType)enter, owner=(GstElement)"\(GstMultiQueue\)\ multiqueue3", object=(GstTask)"\(GstTask\)\ multiqueue3:src_0";
Got message #468 from pad "multiqueue1:src_0" (property-notify): GstMessagePropertyNotify, property-name=(string)caps, property-value=(GstCaps)"video/x-h264\,\ stream-format\=\(string\)avc\,\ alignment\=\(string\)au\,\ level\=\(string\)4\,\ profile\=\(string\)high\,\ codec_data\=\(buffer\)01640028ffe1001e67640028acd940780227e5c05a808080a0000003002000000781e30632c001000668ebe3cb22c0fdf8f800\,\ width\=\(int\)1920\,\ height\=\(int\)1080\,\ framerate\=\(fraction\)30/1\,\ pixel-aspect-ratio\=\(fraction\)1/1\,\ colorimetry\=\(string\)bt709";
/GstPipeline:pipeline0/GstDecodeBin:decodebin1/GstMultiQueue:multiqueue1.GstMultiQueuePad:src_0: caps = video/x-h264, stream-format=(string)avc, alignment=(string)au, level=(string)4, profile=(string)high, codec_data=(buffer)01640028ffe1001e67640028acd940780227e5c05a808080a0000003002000000781e30632c001000668ebe3cb22c0fdf8f800, width=(int)1920, height=(int)1080, framerate=(fraction)30/1, pixel-aspect-ratio=(fraction)1/1, colorimetry=(string)bt709
Got message #493 from pad "multiqueue1:src_0" (stream-status): GstMessageStreamStatus, type=(GstStreamStatusType)enter, owner=(GstElement)"\(GstMultiQueue\)\ multiqueue1", object=(GstTask)"\(GstTask\)\ multiqueue1:src_0";
Got message #494 from element "h264parse3" (state-changed): GstMessageStateChanged, old-state=(GstState)null, new-state=(GstState)ready, pending-state=(GstState)void-pending;
Got message #500 from element "h264parse1" (state-changed): GstMessageStateChanged, old-state=(GstState)ready, new-state=(GstState)paused, pending-state=(GstState)void-pending;
Got message #510 from element "h264parse2" (state-changed): GstMessageStateChanged, old-state=(GstState)ready, new-state=(GstState)paused, pending-state=(GstState)void-pending;
Got message #512 from element "h264parse1" (latency): no message details
Redistribute latency...
Got message #523 from element "h264parse2" (latency): no message details
Redistribute latency...
Got message #525 from element "h264parse3" (state-changed): GstMessageStateChanged, old-state=(GstState)ready, new-state=(GstState)paused, pending-state=(GstState)void-pending;
Got message #526 from pad "h264parse1:src" (property-notify): GstMessagePropertyNotify, property-name=(string)caps, property-value=(GstCaps)"video/x-h264\,\ stream-format\=\(string\)avc\,\ alignment\=\(string\)au\,\ level\=\(string\)4\,\ profile\=\(string\)high\,\ codec_data\=\(buffer\)01640028ffe1001e67640028acd940780227e5c05a808080a0000003002000000781e30632c001000668ebe3cb22c0\,\ width\=\(int\)1920\,\ height\=\(int\)1080\,\ framerate\=\(fraction\)30/1\,\ pixel-aspect-ratio\=\(fraction\)1/1\,\ colorimetry\=\(string\)bt709\,\ coded-picture-structure\=\(string\)frame\,\ chroma-format\=\(string\)4:2:0\,\ bit-depth-luma\=\(uint\)8\,\ bit-depth-chroma\=\(uint\)8\,\ parsed\=\(boolean\)true";
/GstPipeline:pipeline0/GstDecodeBin:decodebin3/GstH264Parse:h264parse1.GstPad:src: caps = video/x-h264, stream-format=(string)avc, alignment=(string)au, level=(string)4, profile=(string)high, codec_data=(buffer)01640028ffe1001e67640028acd940780227e5c05a808080a0000003002000000781e30632c001000668ebe3cb22c0, width=(int)1920, height=(int)1080, framerate=(fraction)30/1, pixel-aspect-ratio=(fraction)1/1, colorimetry=(string)bt709, coded-picture-structure=(string)frame, chroma-format=(string)4:2:0, bit-depth-luma=(uint)8, bit-depth-chroma=(uint)8, parsed=(boolean)true
Got message #528 from pad "h264parse2:src" (property-notify): GstMessagePropertyNotify, property-name=(string)caps, property-value=(GstCaps)"video/x-h264\,\ stream-format\=\(string\)avc\,\ alignment\=\(string\)au\,\ level\=\(string\)4\,\ profile\=\(string\)high\,\ codec_data\=\(buffer\)01640028ffe1001e67640028acd940780227e5c05a808080a0000003002000000781e30632c001000668ebe3cb22c0\,\ width\=\(int\)1920\,\ height\=\(int\)1080\,\ framerate\=\(fraction\)30/1\,\ pixel-aspect-ratio\=\(fraction\)1/1\,\ colorimetry\=\(string\)bt709\,\ coded-picture-structure\=\(string\)frame\,\ chroma-format\=\(string\)4:2:0\,\ bit-depth-luma\=\(uint\)8\,\ bit-depth-chroma\=\(uint\)8\,\ parsed\=\(boolean\)true";
/GstPipeline:pipeline0/GstDecodeBin:decodebin2/GstH264Parse:h264parse2.GstPad:src: caps = video/x-h264, stream-format=(string)avc, alignment=(string)au, level=(string)4, profile=(string)high, codec_data=(buffer)01640028ffe1001e67640028acd940780227e5c05a808080a0000003002000000781e30632c001000668ebe3cb22c0, width=(int)1920, height=(int)1080, framerate=(fraction)30/1, pixel-aspect-ratio=(fraction)1/1, colorimetry=(string)bt709, coded-picture-structure=(string)frame, chroma-format=(string)4:2:0, bit-depth-luma=(uint)8, bit-depth-chroma=(uint)8, parsed=(boolean)true
Got message #552 from element "h264parse0" (state-changed): GstMessageStateChanged, old-state=(GstState)ready, new-state=(GstState)paused, pending-state=(GstState)void-pending;
Got message #553 from element "h264parse3" (latency): no message details
Redistribute latency...
Got message #561 from pad "h264parse3:src" (property-notify): GstMessagePropertyNotify, property-name=(string)caps, property-value=(GstCaps)"video/x-h264\,\ stream-format\=\(string\)avc\,\ alignment\=\(string\)au\,\ level\=\(string\)4\,\ profile\=\(string\)high\,\ codec_data\=\(buffer\)01640028ffe1001e67640028acd940780227e5c05a808080a0000003002000000781e30632c001000668ebe3cb22c0\,\ width\=\(int\)1920\,\ height\=\(int\)1080\,\ framerate\=\(fraction\)30/1\,\ pixel-aspect-ratio\=\(fraction\)1/1\,\ colorimetry\=\(string\)bt709\,\ coded-picture-structure\=\(string\)frame\,\ chroma-format\=\(string\)4:2:0\,\ bit-depth-luma\=\(uint\)8\,\ bit-depth-chroma\=\(uint\)8\,\ parsed\=\(boolean\)true";
/GstPipeline:pipeline0/GstDecodeBin:decodebin1/GstH264Parse:h264parse3.GstPad:src: caps = video/x-h264, stream-format=(string)avc, alignment=(string)au, level=(string)4, profile=(string)high, codec_data=(buffer)01640028ffe1001e67640028acd940780227e5c05a808080a0000003002000000781e30632c001000668ebe3cb22c0, width=(int)1920, height=(int)1080, framerate=(fraction)30/1, pixel-aspect-ratio=(fraction)1/1, colorimetry=(string)bt709, coded-picture-structure=(string)frame, chroma-format=(string)4:2:0, bit-depth-luma=(uint)8, bit-depth-chroma=(uint)8, parsed=(boolean)true
Got message #578 from element "h264parse0" (latency): no message details
Redistribute latency...
Got message #588 from pad "h264parse0:src" (property-notify): GstMessagePropertyNotify, property-name=(string)caps, property-value=(GstCaps)"video/x-h264\,\ stream-format\=\(string\)avc\,\ alignment\=\(string\)au\,\ level\=\(string\)4\,\ profile\=\(string\)high\,\ codec_data\=\(buffer\)01640028ffe1001e67640028acd940780227e5c05a808080a0000003002000000781e30632c001000668ebe3cb22c0\,\ width\=\(int\)1920\,\ height\=\(int\)1080\,\ framerate\=\(fraction\)30/1\,\ pixel-aspect-ratio\=\(fraction\)1/1\,\ colorimetry\=\(string\)bt709\,\ coded-picture-structure\=\(string\)frame\,\ chroma-format\=\(string\)4:2:0\,\ bit-depth-luma\=\(uint\)8\,\ bit-depth-chroma\=\(uint\)8\,\ parsed\=\(boolean\)true";
/GstPipeline:pipeline0/GstDecodeBin:decodebin0/GstH264Parse:h264parse0.GstPad:src: caps = video/x-h264, stream-format=(string)avc, alignment=(string)au, level=(string)4, profile=(string)high, codec_data=(buffer)01640028ffe1001e67640028acd940780227e5c05a808080a0000003002000000781e30632c001000668ebe3cb22c0, width=(int)1920, height=(int)1080, framerate=(fraction)30/1, pixel-aspect-ratio=(fraction)1/1, colorimetry=(string)bt709, coded-picture-structure=(string)frame, chroma-format=(string)4:2:0, bit-depth-luma=(uint)8, bit-depth-chroma=(uint)8, parsed=(boolean)true
Got message #626 from element "vah264dec0" (need-context): GstMessageNeedContext, context-type=(string)gst.va.display.handle;
Got message #633 from element "vah264dec1" (need-context): GstMessageNeedContext, context-type=(string)gst.va.display.handle;
Got message #634 from element "vah264dec3" (need-context): GstMessageNeedContext, context-type=(string)gst.va.display.handle;
Got message #638 from element "vah264dec2" (need-context): GstMessageNeedContext, context-type=(string)gst.va.display.handle;
Got message #639 from element "vah264dec0" (have-context): GstMessageHaveContext, context=(GstContext)NULL;
Got context from element 'vah264dec0': gst.va.display.handle=context, gst-display=(GstObject)"\(GstVaDisplayDrm\)\ vadisplaydrm1", description=(string)"Intel\(R\)\ Gen\ Graphics", path=(string)/dev/dri/renderD128;
Got message #640 from element "vah264dec0" (property-notify): GstMessagePropertyNotify, property-name=(string)device-path, property-value=(string)/dev/dri/renderD128;
/GstPipeline:pipeline0/GstDecodeBin:decodebin3/GstVaH264Dec:vah264dec0: device-path = /dev/dri/renderD128
Got message #641 from element "vah264dec0" (state-changed): GstMessageStateChanged, old-state=(GstState)null, new-state=(GstState)ready, pending-state=(GstState)void-pending;
Got message #645 from element "vah264dec0" (state-changed): GstMessageStateChanged, old-state=(GstState)ready, new-state=(GstState)paused, pending-state=(GstState)void-pending;
Got message #646 from element "vah264dec0" (latency): no message details
Redistribute latency...
Got message #647 from pad "vah264dec0:sink" (property-notify): GstMessagePropertyNotify, property-name=(string)caps, property-value=(GstCaps)"video/x-h264\,\ stream-format\=\(string\)avc\,\ alignment\=\(string\)au\,\ level\=\(string\)4\,\ profile\=\(string\)high\,\ codec_data\=\(buffer\)01640028ffe1001e67640028acd940780227e5c05a808080a0000003002000000781e30632c001000668ebe3cb22c0\,\ width\=\(int\)1920\,\ height\=\(int\)1080\,\ framerate\=\(fraction\)30/1\,\ pixel-aspect-ratio\=\(fraction\)1/1\,\ colorimetry\=\(string\)bt709\,\ coded-picture-structure\=\(string\)frame\,\ chroma-format\=\(string\)4:2:0\,\ bit-depth-luma\=\(uint\)8\,\ bit-depth-chroma\=\(uint\)8\,\ parsed\=\(boolean\)true";
/GstPipeline:pipeline0/GstDecodeBin:decodebin3/GstVaH264Dec:vah264dec0.GstPad:sink: caps = video/x-h264, stream-format=(string)avc, alignment=(string)au, level=(string)4, profile=(string)high, codec_data=(buffer)01640028ffe1001e67640028acd940780227e5c05a808080a0000003002000000781e30632c001000668ebe3cb22c0, width=(int)1920, height=(int)1080, framerate=(fraction)30/1, pixel-aspect-ratio=(fraction)1/1, colorimetry=(string)bt709, coded-picture-structure=(string)frame, chroma-format=(string)4:2:0, bit-depth-luma=(uint)8, bit-depth-chroma=(uint)8, parsed=(boolean)true
Got message #648 from pad "capsfilter0:src" (property-notify): GstMessagePropertyNotify, property-name=(string)caps, property-value=(GstCaps)"video/x-h264\,\ stream-format\=\(string\)avc\,\ alignment\=\(string\)au\,\ level\=\(string\)4\,\ profile\=\(string\)high\,\ codec_data\=\(buffer\)01640028ffe1001e67640028acd940780227e5c05a808080a0000003002000000781e30632c001000668ebe3cb22c0\,\ width\=\(int\)1920\,\ height\=\(int\)1080\,\ framerate\=\(fraction\)30/1\,\ pixel-aspect-ratio\=\(fraction\)1/1\,\ colorimetry\=\(string\)bt709\,\ coded-picture-structure\=\(string\)frame\,\ chroma-format\=\(string\)4:2:0\,\ bit-depth-luma\=\(uint\)8\,\ bit-depth-chroma\=\(uint\)8\,\ parsed\=\(boolean\)true";
/GstPipeline:pipeline0/GstDecodeBin:decodebin3/GstCapsFilter:capsfilter0.GstPad:src: caps = video/x-h264, stream-format=(string)avc, alignment=(string)au, level=(string)4, profile=(string)high, codec_data=(buffer)01640028ffe1001e67640028acd940780227e5c05a808080a0000003002000000781e30632c001000668ebe3cb22c0, width=(int)1920, height=(int)1080, framerate=(fraction)30/1, pixel-aspect-ratio=(fraction)1/1, colorimetry=(string)bt709, coded-picture-structure=(string)frame, chroma-format=(string)4:2:0, bit-depth-luma=(uint)8, bit-depth-chroma=(uint)8, parsed=(boolean)true
Got message #649 from pad "capsfilter0:sink" (property-notify): GstMessagePropertyNotify, property-name=(string)caps, property-value=(GstCaps)"video/x-h264\,\ stream-format\=\(string\)avc\,\ alignment\=\(string\)au\,\ level\=\(string\)4\,\ profile\=\(string\)high\,\ codec_data\=\(buffer\)01640028ffe1001e67640028acd940780227e5c05a808080a0000003002000000781e30632c001000668ebe3cb22c0\,\ width\=\(int\)1920\,\ height\=\(int\)1080\,\ framerate\=\(fraction\)30/1\,\ pixel-aspect-ratio\=\(fraction\)1/1\,\ colorimetry\=\(string\)bt709\,\ coded-picture-structure\=\(string\)frame\,\ chroma-format\=\(string\)4:2:0\,\ bit-depth-luma\=\(uint\)8\,\ bit-depth-chroma\=\(uint\)8\,\ parsed\=\(boolean\)true";
/GstPipeline:pipeline0/GstDecodeBin:decodebin3/GstCapsFilter:capsfilter0.GstPad:sink: caps = video/x-h264, stream-format=(string)avc, alignment=(string)au, level=(string)4, profile=(string)high, codec_data=(buffer)01640028ffe1001e67640028acd940780227e5c05a808080a0000003002000000781e30632c001000668ebe3cb22c0, width=(int)1920, height=(int)1080, framerate=(fraction)30/1, pixel-aspect-ratio=(fraction)1/1, colorimetry=(string)bt709, coded-picture-structure=(string)frame, chroma-format=(string)4:2:0, bit-depth-luma=(uint)8, bit-depth-chroma=(uint)8, parsed=(boolean)true
Got message #650 from pad "h264parse1:sink" (property-notify): GstMessagePropertyNotify, property-name=(string)caps, property-value=(GstCaps)"video/x-h264\,\ stream-format\=\(string\)avc\,\ alignment\=\(string\)au\,\ level\=\(string\)4\,\ profile\=\(string\)high\,\ codec_data\=\(buffer\)01640028ffe1001e67640028acd940780227e5c05a808080a0000003002000000781e30632c001000668ebe3cb22c0fdf8f800\,\ width\=\(int\)1920\,\ height\=\(int\)1080\,\ framerate\=\(fraction\)30/1\,\ pixel-aspect-ratio\=\(fraction\)1/1\,\ colorimetry\=\(string\)bt709";
/GstPipeline:pipeline0/GstDecodeBin:decodebin3/GstH264Parse:h264parse1.GstPad:sink: caps = video/x-h264, stream-format=(string)avc, alignment=(string)au, level=(string)4, profile=(string)high, codec_data=(buffer)01640028ffe1001e67640028acd940780227e5c05a808080a0000003002000000781e30632c001000668ebe3cb22c0fdf8f800, width=(int)1920, height=(int)1080, framerate=(fraction)30/1, pixel-aspect-ratio=(fraction)1/1, colorimetry=(string)bt709
Got message #651 from element "multiqueue2" (property-notify): GstMessagePropertyNotify, property-name=(string)max-size-buffers, property-value=(uint)5;
/GstPipeline:pipeline0/GstDecodeBin:decodebin3/GstMultiQueue:multiqueue2: max-size-buffers = 5
Got message #652 from element "multiqueue2" (property-notify): GstMessagePropertyNotify, property-name=(string)max-size-time, property-value=(guint64)0;
/GstPipeline:pipeline0/GstDecodeBin:decodebin3/GstMultiQueue:multiqueue2: max-size-time = 0
Got message #653 from element "multiqueue2" (property-notify): GstMessagePropertyNotify, property-name=(string)max-size-bytes, property-value=(uint)8388608;
/GstPipeline:pipeline0/GstDecodeBin:decodebin3/GstMultiQueue:multiqueue2: max-size-bytes = 8388608
Got message #656 from pad "multiqueue2:sink_0" (property-notify): GstMessagePropertyNotify, property-name=(string)caps, property-value=(GstCaps)"video/x-h264\,\ stream-format\=\(string\)avc\,\ alignment\=\(string\)au\,\ level\=\(string\)4\,\ profile\=\(string\)high\,\ codec_data\=\(buffer\)01640028ffe1001e67640028acd940780227e5c05a808080a0000003002000000781e30632c001000668ebe3cb22c0fdf8f800\,\ width\=\(int\)1920\,\ height\=\(int\)1080\,\ framerate\=\(fraction\)30/1\,\ pixel-aspect-ratio\=\(fraction\)1/1\,\ colorimetry\=\(string\)bt709";
/GstPipeline:pipeline0/GstDecodeBin:decodebin3/GstMultiQueue:multiqueue2.GstMultiQueuePad:sink_0: caps = video/x-h264, stream-format=(string)avc, alignment=(string)au, level=(string)4, profile=(string)high, codec_data=(buffer)01640028ffe1001e67640028acd940780227e5c05a808080a0000003002000000781e30632c001000668ebe3cb22c0fdf8f800, width=(int)1920, height=(int)1080, framerate=(fraction)30/1, pixel-aspect-ratio=(fraction)1/1, colorimetry=(string)bt709
Got message #659 from element "multiqueue2" (property-notify): GstMessagePropertyNotify, property-name=(string)max-size-buffers, property-value=(uint)5;
/GstPipeline:pipeline0/GstDecodeBin:decodebin3/GstMultiQueue:multiqueue2: max-size-buffers = 5
Got message #660 from element "h264parse1" (latency): no message details
Redistribute latency...
Got message #661 from element "multiqueue2" (property-notify): GstMessagePropertyNotify, property-name=(string)max-size-time, property-value=(guint64)0;
/GstPipeline:pipeline0/GstDecodeBin:decodebin3/GstMultiQueue:multiqueue2: max-size-time = 0
Got message #662 from element "multiqueue2" (property-notify): GstMessagePropertyNotify, property-name=(string)max-size-bytes, property-value=(uint)8388608;
/GstPipeline:pipeline0/GstDecodeBin:decodebin3/GstMultiQueue:multiqueue2: max-size-bytes = 8388608
Got message #664 from pad "h264parse1:src" (property-notify): GstMessagePropertyNotify, property-name=(string)caps, property-value=(GstCaps)"video/x-h264\,\ stream-format\=\(string\)avc\,\ alignment\=\(string\)au\,\ level\=\(string\)4\,\ profile\=\(string\)high\,\ codec_data\=\(buffer\)01640028ffe1001e67640028acd940780227e5c05a808080a0000003002000000781e30632c001000668ebe3cb22c0\,\ width\=\(int\)1920\,\ height\=\(int\)1080\,\ framerate\=\(fraction\)30/1\,\ pixel-aspect-ratio\=\(fraction\)1/1\,\ colorimetry\=\(string\)bt709\,\ coded-picture-structure\=\(string\)frame\,\ chroma-format\=\(string\)4:2:0\,\ bit-depth-luma\=\(uint\)8\,\ bit-depth-chroma\=\(uint\)8\,\ parsed\=\(boolean\)true";
/GstPipeline:pipeline0/GstDecodeBin:decodebin3/GstH264Parse:h264parse1.GstPad:src: caps = video/x-h264, stream-format=(string)avc, alignment=(string)au, level=(string)4, profile=(string)high, codec_data=(buffer)01640028ffe1001e67640028acd940780227e5c05a808080a0000003002000000781e30632c001000668ebe3cb22c0, width=(int)1920, height=(int)1080, framerate=(fraction)30/1, pixel-aspect-ratio=(fraction)1/1, colorimetry=(string)bt709, coded-picture-structure=(string)frame, chroma-format=(string)4:2:0, bit-depth-luma=(uint)8, bit-depth-chroma=(uint)8, parsed=(boolean)true
Got message #665 from pad "capsfilter0:sink" (property-notify): GstMessagePropertyNotify, property-name=(string)caps, property-value=(GstCaps)"video/x-h264\,\ stream-format\=\(string\)avc\,\ alignment\=\(string\)au\,\ level\=\(string\)4\,\ profile\=\(string\)high\,\ codec_data\=\(buffer\)01640028ffe1001e67640028acd940780227e5c05a808080a0000003002000000781e30632c001000668ebe3cb22c0\,\ width\=\(int\)1920\,\ height\=\(int\)1080\,\ framerate\=\(fraction\)30/1\,\ pixel-aspect-ratio\=\(fraction\)1/1\,\ colorimetry\=\(string\)bt709\,\ coded-picture-structure\=\(string\)frame\,\ chroma-format\=\(string\)4:2:0\,\ bit-depth-luma\=\(uint\)8\,\ bit-depth-chroma\=\(uint\)8\,\ parsed\=\(boolean\)true";
/GstPipeline:pipeline0/GstDecodeBin:decodebin3/GstCapsFilter:capsfilter0.GstPad:sink: caps = video/x-h264, stream-format=(string)avc, alignment=(string)au, level=(string)4, profile=(string)high, codec_data=(buffer)01640028ffe1001e67640028acd940780227e5c05a808080a0000003002000000781e30632c001000668ebe3cb22c0, width=(int)1920, height=(int)1080, framerate=(fraction)30/1, pixel-aspect-ratio=(fraction)1/1, colorimetry=(string)bt709, coded-picture-structure=(string)frame, chroma-format=(string)4:2:0, bit-depth-luma=(uint)8, bit-depth-chroma=(uint)8, parsed=(boolean)true
Got message #667 from element "multiqueue2" (property-notify): GstMessagePropertyNotify, property-name=(string)max-size-buffers, property-value=(uint)5;
/GstPipeline:pipeline0/GstDecodeBin:decodebin3/GstMultiQueue:multiqueue2: max-size-buffers = 5
Got message #668 from element "multiqueue2" (property-notify): GstMessagePropertyNotify, property-name=(string)max-size-time, property-value=(guint64)0;
/GstPipeline:pipeline0/GstDecodeBin:decodebin3/GstMultiQueue:multiqueue2: max-size-time = 0
Got message #669 from element "multiqueue2" (property-notify): GstMessagePropertyNotify, property-name=(string)max-size-bytes, property-value=(uint)8388608;
/GstPipeline:pipeline0/GstDecodeBin:decodebin3/GstMultiQueue:multiqueue2: max-size-bytes = 8388608
Got message #672 from pad "h264parse1:src" (property-notify): GstMessagePropertyNotify, property-name=(string)caps, property-value=(GstCaps)"video/x-h264\,\ stream-format\=\(string\)avc\,\ alignment\=\(string\)au\,\ level\=\(string\)4\,\ profile\=\(string\)high\,\ codec_data\=\(buffer\)01640028ffe1001e67640028acd940780227e5c05a808080a0000003002000000781e30632c001000668ebe3cb22c0\,\ width\=\(int\)1920\,\ height\=\(int\)1080\,\ framerate\=\(fraction\)30/1\,\ pixel-aspect-ratio\=\(fraction\)1/1\,\ colorimetry\=\(string\)bt709\,\ coded-picture-structure\=\(string\)frame\,\ chroma-format\=\(string\)4:2:0\,\ bit-depth-luma\=\(uint\)8\,\ bit-depth-chroma\=\(uint\)8\,\ parsed\=\(boolean\)true";
/GstPipeline:pipeline0/GstDecodeBin:decodebin3/GstH264Parse:h264parse1.GstPad:src: caps = video/x-h264, stream-format=(string)avc, alignment=(string)au, level=(string)4, profile=(string)high, codec_data=(buffer)01640028ffe1001e67640028acd940780227e5c05a808080a0000003002000000781e30632c001000668ebe3cb22c0, width=(int)1920, height=(int)1080, framerate=(fraction)30/1, pixel-aspect-ratio=(fraction)1/1, colorimetry=(string)bt709, coded-picture-structure=(string)frame, chroma-format=(string)4:2:0, bit-depth-luma=(uint)8, bit-depth-chroma=(uint)8, parsed=(boolean)true
Got message #673 from pad "capsfilter0:sink" (property-notify): GstMessagePropertyNotify, property-name=(string)caps, property-value=(GstCaps)"video/x-h264\,\ stream-format\=\(string\)avc\,\ alignment\=\(string\)au\,\ level\=\(string\)4\,\ profile\=\(string\)high\,\ codec_data\=\(buffer\)01640028ffe1001e67640028acd940780227e5c05a808080a0000003002000000781e30632c001000668ebe3cb22c0\,\ width\=\(int\)1920\,\ height\=\(int\)1080\,\ framerate\=\(fraction\)30/1\,\ pixel-aspect-ratio\=\(fraction\)1/1\,\ colorimetry\=\(string\)bt709\,\ coded-picture-structure\=\(string\)frame\,\ chroma-format\=\(string\)4:2:0\,\ bit-depth-luma\=\(uint\)8\,\ bit-depth-chroma\=\(uint\)8\,\ parsed\=\(boolean\)true";
/GstPipeline:pipeline0/GstDecodeBin:decodebin3/GstCapsFilter:capsfilter0.GstPad:sink: caps = video/x-h264, stream-format=(string)avc, alignment=(string)au, level=(string)4, profile=(string)high, codec_data=(buffer)01640028ffe1001e67640028acd940780227e5c05a808080a0000003002000000781e30632c001000668ebe3cb22c0, width=(int)1920, height=(int)1080, framerate=(fraction)30/1, pixel-aspect-ratio=(fraction)1/1, colorimetry=(string)bt709, coded-picture-structure=(string)frame, chroma-format=(string)4:2:0, bit-depth-luma=(uint)8, bit-depth-chroma=(uint)8, parsed=(boolean)true
Got message #674 from element "h264parse1" (duration-changed): GstMessageDurationChanged;
Got message #679 from pad "vah264dec0:src" (property-notify): GstMessagePropertyNotify, property-name=(string)caps, property-value=(GstCaps)"video/x-raw\,\ format\=\(string\)NV12\,\ width\=\(int\)1920\,\ height\=\(int\)1080\,\ interlace-mode\=\(string\)progressive\,\ multiview-mode\=\(string\)mono\,\ multiview-flags\=\(GstVideoMultiviewFlagsSet\)0:ffffffff:/right-view-first/left-flipped/left-flopped/right-flipped/right-flopped/half-aspect/mixed-mono\,\ pixel-aspect-ratio\=\(fraction\)1/1\,\ colorimetry\=\(string\)bt709\,\ framerate\=\(fraction\)30/1";
/GstPipeline:pipeline0/GstDecodeBin:decodebin3/GstVaH264Dec:vah264dec0.GstPad:src: caps = video/x-raw, format=(string)NV12, width=(int)1920, height=(int)1080, interlace-mode=(string)progressive, multiview-mode=(string)mono, multiview-flags=(GstVideoMultiviewFlagsSet)0:ffffffff:/right-view-first/left-flipped/left-flopped/right-flipped/right-flopped/half-aspect/mixed-mono, pixel-aspect-ratio=(fraction)1/1, colorimetry=(string)bt709, framerate=(fraction)30/1
Got message #682 from element "vah264dec1" (have-context): GstMessageHaveContext, context=(GstContext)NULL;
Got context from element 'vah264dec1': gst.va.display.handle=context, gst-display=(GstObject)"\(GstVaDisplayDrm\)\ vadisplaydrm2", description=(string)"Intel\(R\)\ Gen\ Graphics", path=(string)/dev/dri/renderD128;
Got message #686 from element "vah264dec1" (property-notify): GstMessagePropertyNotify, property-name=(string)device-path, property-value=(string)/dev/dri/renderD128;
/GstPipeline:pipeline0/GstDecodeBin:decodebin2/GstVaH264Dec:vah264dec1: device-path = /dev/dri/renderD128
Got message #687 from element "decodebin3" (state-changed): GstMessageStateChanged, old-state=(GstState)ready, new-state=(GstState)paused, pending-state=(GstState)void-pending;
Got message #688 from element "vah264dec1" (state-changed): GstMessageStateChanged, old-state=(GstState)null, new-state=(GstState)ready, pending-state=(GstState)void-pending;
Got message #689 from pad "queue3:sink" (property-notify): GstMessagePropertyNotify, property-name=(string)caps, property-value=(GstCaps)"video/x-raw\,\ format\=\(string\)NV12\,\ width\=\(int\)1920\,\ height\=\(int\)1080\,\ interlace-mode\=\(string\)progressive\,\ multiview-mode\=\(string\)mono\,\ multiview-flags\=\(GstVideoMultiviewFlagsSet\)0:ffffffff:/right-view-first/left-flipped/left-flopped/right-flipped/right-flopped/half-aspect/mixed-mono\,\ pixel-aspect-ratio\=\(fraction\)1/1\,\ colorimetry\=\(string\)bt709\,\ framerate\=\(fraction\)30/1";
/GstPipeline:pipeline0/GstQueue:queue3.GstPad:sink: caps = video/x-raw, format=(string)NV12, width=(int)1920, height=(int)1080, interlace-mode=(string)progressive, multiview-mode=(string)mono, multiview-flags=(GstVideoMultiviewFlagsSet)0:ffffffff:/right-view-first/left-flipped/left-flopped/right-flipped/right-flopped/half-aspect/mixed-mono, pixel-aspect-ratio=(fraction)1/1, colorimetry=(string)bt709, framerate=(fraction)30/1
Got message #690 from pad "src_0:proxypad14" (property-notify): GstMessagePropertyNotify, property-name=(string)caps, property-value=(GstCaps)"video/x-raw\,\ format\=\(string\)NV12\,\ width\=\(int\)1920\,\ height\=\(int\)1080\,\ interlace-mode\=\(string\)progressive\,\ multiview-mode\=\(string\)mono\,\ multiview-flags\=\(GstVideoMultiviewFlagsSet\)0:ffffffff:/right-view-first/left-flipped/left-flopped/right-flipped/right-flopped/half-aspect/mixed-mono\,\ pixel-aspect-ratio\=\(fraction\)1/1\,\ colorimetry\=\(string\)bt709\,\ framerate\=\(fraction\)30/1";
/GstPipeline:pipeline0/GstDecodeBin:decodebin3.GstDecodePad:src_0.GstProxyPad:proxypad14: caps = video/x-raw, format=(string)NV12, width=(int)1920, height=(int)1080, interlace-mode=(string)progressive, multiview-mode=(string)mono, multiview-flags=(GstVideoMultiviewFlagsSet)0:ffffffff:/right-view-first/left-flipped/left-flopped/right-flipped/right-flopped/half-aspect/mixed-mono, pixel-aspect-ratio=(fraction)1/1, colorimetry=(string)bt709, framerate=(fraction)30/1
Got message #695 from pad "queue3:src" (property-notify): GstMessagePropertyNotify, property-name=(string)caps, property-value=(GstCaps)"video/x-raw\,\ format\=\(string\)NV12\,\ width\=\(int\)1920\,\ height\=\(int\)1080\,\ interlace-mode\=\(string\)progressive\,\ multiview-mode\=\(string\)mono\,\ multiview-flags\=\(GstVideoMultiviewFlagsSet\)0:ffffffff:/right-view-first/left-flipped/left-flopped/right-flipped/right-flopped/half-aspect/mixed-mono\,\ pixel-aspect-ratio\=\(fraction\)1/1\,\ colorimetry\=\(string\)bt709\,\ framerate\=\(fraction\)30/1";
/GstPipeline:pipeline0/GstQueue:queue3.GstPad:src: caps = video/x-raw, format=(string)NV12, width=(int)1920, height=(int)1080, interlace-mode=(string)progressive, multiview-mode=(string)mono, multiview-flags=(GstVideoMultiviewFlagsSet)0:ffffffff:/right-view-first/left-flipped/left-flopped/right-flipped/right-flopped/half-aspect/mixed-mono, pixel-aspect-ratio=(fraction)1/1, colorimetry=(string)bt709, framerate=(fraction)30/1
Got message #696 from element "vah264dec1" (state-changed): GstMessageStateChanged, old-state=(GstState)ready, new-state=(GstState)paused, pending-state=(GstState)void-pending;
Got message #698 from pad "in:sink_3" (property-notify): GstMessagePropertyNotify, property-name=(string)caps, property-value=(GstCaps)"video/x-raw\,\ format\=\(string\)NV12\,\ width\=\(int\)1920\,\ height\=\(int\)1080\,\ interlace-mode\=\(string\)progressive\,\ multiview-mode\=\(string\)mono\,\ multiview-flags\=\(GstVideoMultiviewFlagsSet\)0:ffffffff:/right-view-first/left-flipped/left-flopped/right-flipped/right-flopped/half-aspect/mixed-mono\,\ pixel-aspect-ratio\=\(fraction\)1/1\,\ colorimetry\=\(string\)bt709\,\ framerate\=\(fraction\)30/1";
/GstPipeline:pipeline0/GstDxInputSelector:in.GstAggregatorPad:sink_3: caps = video/x-raw, format=(string)NV12, width=(int)1920, height=(int)1080, interlace-mode=(string)progressive, multiview-mode=(string)mono, multiview-flags=(GstVideoMultiviewFlagsSet)0:ffffffff:/right-view-first/left-flipped/left-flopped/right-flipped/right-flopped/half-aspect/mixed-mono, pixel-aspect-ratio=(fraction)1/1, colorimetry=(string)bt709, framerate=(fraction)30/1
Got message #699 from element "vah264dec1" (latency): no message details
Redistribute latency...
Got message #700 from pad "vah264dec1:sink" (property-notify): GstMessagePropertyNotify, property-name=(string)caps, property-value=(GstCaps)"video/x-h264\,\ stream-format\=\(string\)avc\,\ alignment\=\(string\)au\,\ level\=\(string\)4\,\ profile\=\(string\)high\,\ codec_data\=\(buffer\)01640028ffe1001e67640028acd940780227e5c05a808080a0000003002000000781e30632c001000668ebe3cb22c0\,\ width\=\(int\)1920\,\ height\=\(int\)1080\,\ framerate\=\(fraction\)30/1\,\ pixel-aspect-ratio\=\(fraction\)1/1\,\ colorimetry\=\(string\)bt709\,\ coded-picture-structure\=\(string\)frame\,\ chroma-format\=\(string\)4:2:0\,\ bit-depth-luma\=\(uint\)8\,\ bit-depth-chroma\=\(uint\)8\,\ parsed\=\(boolean\)true";
/GstPipeline:pipeline0/GstDecodeBin:decodebin2/GstVaH264Dec:vah264dec1.GstPad:sink: caps = video/x-h264, stream-format=(string)avc, alignment=(string)au, level=(string)4, profile=(string)high, codec_data=(buffer)01640028ffe1001e67640028acd940780227e5c05a808080a0000003002000000781e30632c001000668ebe3cb22c0, width=(int)1920, height=(int)1080, framerate=(fraction)30/1, pixel-aspect-ratio=(fraction)1/1, colorimetry=(string)bt709, coded-picture-structure=(string)frame, chroma-format=(string)4:2:0, bit-depth-luma=(uint)8, bit-depth-chroma=(uint)8, parsed=(boolean)true
Got message #701 from pad "capsfilter1:src" (property-notify): GstMessagePropertyNotify, property-name=(string)caps, property-value=(GstCaps)"video/x-h264\,\ stream-format\=\(string\)avc\,\ alignment\=\(string\)au\,\ level\=\(string\)4\,\ profile\=\(string\)high\,\ codec_data\=\(buffer\)01640028ffe1001e67640028acd940780227e5c05a808080a0000003002000000781e30632c001000668ebe3cb22c0\,\ width\=\(int\)1920\,\ height\=\(int\)1080\,\ framerate\=\(fraction\)30/1\,\ pixel-aspect-ratio\=\(fraction\)1/1\,\ colorimetry\=\(string\)bt709\,\ coded-picture-structure\=\(string\)frame\,\ chroma-format\=\(string\)4:2:0\,\ bit-depth-luma\=\(uint\)8\,\ bit-depth-chroma\=\(uint\)8\,\ parsed\=\(boolean\)true";
/GstPipeline:pipeline0/GstDecodeBin:decodebin2/GstCapsFilter:capsfilter1.GstPad:src: caps = video/x-h264, stream-format=(string)avc, alignment=(string)au, level=(string)4, profile=(string)high, codec_data=(buffer)01640028ffe1001e67640028acd940780227e5c05a808080a0000003002000000781e30632c001000668ebe3cb22c0, width=(int)1920, height=(int)1080, framerate=(fraction)30/1, pixel-aspect-ratio=(fraction)1/1, colorimetry=(string)bt709, coded-picture-structure=(string)frame, chroma-format=(string)4:2:0, bit-depth-luma=(uint)8, bit-depth-chroma=(uint)8, parsed=(boolean)true
Got message #702 from pad "out:src_3" (property-notify): GstMessagePropertyNotify, property-name=(string)caps, property-value=(GstCaps)"video/x-raw\,\ format\=\(string\)NV12\,\ width\=\(int\)1920\,\ height\=\(int\)1080\,\ interlace-mode\=\(string\)progressive\,\ multiview-mode\=\(string\)mono\,\ multiview-flags\=\(GstVideoMultiviewFlagsSet\)0:ffffffff:/right-view-first/left-flipped/left-flopped/right-flipped/right-flopped/half-aspect/mixed-mono\,\ pixel-aspect-ratio\=\(fraction\)1/1\,\ colorimetry\=\(string\)bt709\,\ framerate\=\(fraction\)30/1";
/GstPipeline:pipeline0/GstDxOutputSelector:out.GstPad:src_3: caps = video/x-raw, format=(string)NV12, width=(int)1920, height=(int)1080, interlace-mode=(string)progressive, multiview-mode=(string)mono, multiview-flags=(GstVideoMultiviewFlagsSet)0:ffffffff:/right-view-first/left-flipped/left-flopped/right-flipped/right-flopped/half-aspect/mixed-mono, pixel-aspect-ratio=(fraction)1/1, colorimetry=(string)bt709, framerate=(fraction)30/1
Got message #704 from pad "capsfilter1:sink" (property-notify): GstMessagePropertyNotify, property-name=(string)caps, property-value=(GstCaps)"video/x-h264\,\ stream-format\=\(string\)avc\,\ alignment\=\(string\)au\,\ level\=\(string\)4\,\ profile\=\(string\)high\,\ codec_data\=\(buffer\)01640028ffe1001e67640028acd940780227e5c05a808080a0000003002000000781e30632c001000668ebe3cb22c0\,\ width\=\(int\)1920\,\ height\=\(int\)1080\,\ framerate\=\(fraction\)30/1\,\ pixel-aspect-ratio\=\(fraction\)1/1\,\ colorimetry\=\(string\)bt709\,\ coded-picture-structure\=\(string\)frame\,\ chroma-format\=\(string\)4:2:0\,\ bit-depth-luma\=\(uint\)8\,\ bit-depth-chroma\=\(uint\)8\,\ parsed\=\(boolean\)true";
/GstPipeline:pipeline0/GstDecodeBin:decodebin2/GstCapsFilter:capsfilter1.GstPad:sink: caps = video/x-h264, stream-format=(string)avc, alignment=(string)au, level=(string)4, profile=(string)high, codec_data=(buffer)01640028ffe1001e67640028acd940780227e5c05a808080a0000003002000000781e30632c001000668ebe3cb22c0, width=(int)1920, height=(int)1080, framerate=(fraction)30/1, pixel-aspect-ratio=(fraction)1/1, colorimetry=(string)bt709, coded-picture-structure=(string)frame, chroma-format=(string)4:2:0, bit-depth-luma=(uint)8, bit-depth-chroma=(uint)8, parsed=(boolean)true
Got message #705 from pad "h264parse2:sink" (property-notify): GstMessagePropertyNotify, property-name=(string)caps, property-value=(GstCaps)"video/x-h264\,\ stream-format\=\(string\)avc\,\ alignment\=\(string\)au\,\ level\=\(string\)4\,\ profile\=\(string\)high\,\ codec_data\=\(buffer\)01640028ffe1001e67640028acd940780227e5c05a808080a0000003002000000781e30632c001000668ebe3cb22c0fdf8f800\,\ width\=\(int\)1920\,\ height\=\(int\)1080\,\ framerate\=\(fraction\)30/1\,\ pixel-aspect-ratio\=\(fraction\)1/1\,\ colorimetry\=\(string\)bt709";
/GstPipeline:pipeline0/GstDecodeBin:decodebin2/GstH264Parse:h264parse2.GstPad:sink: caps = video/x-h264, stream-format=(string)avc, alignment=(string)au, level=(string)4, profile=(string)high, codec_data=(buffer)01640028ffe1001e67640028acd940780227e5c05a808080a0000003002000000781e30632c001000668ebe3cb22c0fdf8f800, width=(int)1920, height=(int)1080, framerate=(fraction)30/1, pixel-aspect-ratio=(fraction)1/1, colorimetry=(string)bt709
Got message #706 from element "multiqueue3" (property-notify): GstMessagePropertyNotify, property-name=(string)max-size-buffers, property-value=(uint)5;
/GstPipeline:pipeline0/GstDecodeBin:decodebin2/GstMultiQueue:multiqueue3: max-size-buffers = 5
Got message #707 from element "multiqueue3" (property-notify): GstMessagePropertyNotify, property-name=(string)max-size-time, property-value=(guint64)0;
/GstPipeline:pipeline0/GstDecodeBin:decodebin2/GstMultiQueue:multiqueue3: max-size-time = 0
Got message #708 from pad "queue10:sink" (property-notify): GstMessagePropertyNotify, property-name=(string)caps, property-value=(GstCaps)"video/x-raw\,\ format\=\(string\)NV12\,\ width\=\(int\)1920\,\ height\=\(int\)1080\,\ interlace-mode\=\(string\)progressive\,\ multiview-mode\=\(string\)mono\,\ multiview-flags\=\(GstVideoMultiviewFlagsSet\)0:ffffffff:/right-view-first/left-flipped/left-flopped/right-flipped/right-flopped/half-aspect/mixed-mono\,\ pixel-aspect-ratio\=\(fraction\)1/1\,\ colorimetry\=\(string\)bt709\,\ framerate\=\(fraction\)30/1";
/GstPipeline:pipeline0/GstQueue:queue10.GstPad:sink: caps = video/x-raw, format=(string)NV12, width=(int)1920, height=(int)1080, interlace-mode=(string)progressive, multiview-mode=(string)mono, multiview-flags=(GstVideoMultiviewFlagsSet)0:ffffffff:/right-view-first/left-flipped/left-flopped/right-flipped/right-flopped/half-aspect/mixed-mono, pixel-aspect-ratio=(fraction)1/1, colorimetry=(string)bt709, framerate=(fraction)30/1
Got message #709 from pad "queue10:sink" (property-notify): GstMessagePropertyNotify, property-name=(string)caps, property-value=(GstCaps)"video/x-raw\,\ format\=\(string\)NV12\,\ width\=\(int\)1920\,\ height\=\(int\)1080\,\ interlace-mode\=\(string\)progressive\,\ multiview-mode\=\(string\)mono\,\ multiview-flags\=\(GstVideoMultiviewFlagsSet\)0:ffffffff:/right-view-first/left-flipped/left-flopped/right-flipped/right-flopped/half-aspect/mixed-mono\,\ pixel-aspect-ratio\=\(fraction\)1/1\,\ colorimetry\=\(string\)bt709\,\ framerate\=\(fraction\)30/1";
/GstPipeline:pipeline0/GstQueue:queue10.GstPad:sink: caps = video/x-raw, format=(string)NV12, width=(int)1920, height=(int)1080, interlace-mode=(string)progressive, multiview-mode=(string)mono, multiview-flags=(GstVideoMultiviewFlagsSet)0:ffffffff:/right-view-first/left-flipped/left-flopped/right-flipped/right-flopped/half-aspect/mixed-mono, pixel-aspect-ratio=(fraction)1/1, colorimetry=(string)bt709, framerate=(fraction)30/1
Got message #710 from pad "fakesink3:sink" (property-notify): GstMessagePropertyNotify, property-name=(string)caps, property-value=(GstCaps)"video/x-raw\,\ format\=\(string\)NV12\,\ width\=\(int\)1920\,\ height\=\(int\)1080\,\ interlace-mode\=\(string\)progressive\,\ multiview-mode\=\(string\)mono\,\ multiview-flags\=\(GstVideoMultiviewFlagsSet\)0:ffffffff:/right-view-first/left-flipped/left-flopped/right-flipped/right-flopped/half-aspect/mixed-mono\,\ pixel-aspect-ratio\=\(fraction\)1/1\,\ colorimetry\=\(string\)bt709\,\ framerate\=\(fraction\)30/1";
/GstPipeline:pipeline0/GstFakeSink:fakesink3.GstPad:sink: caps = video/x-raw, format=(string)NV12, width=(int)1920, height=(int)1080, interlace-mode=(string)progressive, multiview-mode=(string)mono, multiview-flags=(GstVideoMultiviewFlagsSet)0:ffffffff:/right-view-first/left-flipped/left-flopped/right-flipped/right-flopped/half-aspect/mixed-mono, pixel-aspect-ratio=(fraction)1/1, colorimetry=(string)bt709, framerate=(fraction)30/1
Got message #711 from element "multiqueue3" (property-notify): GstMessagePropertyNotify, property-name=(string)max-size-bytes, property-value=(uint)8388608;
/GstPipeline:pipeline0/GstDecodeBin:decodebin2/GstMultiQueue:multiqueue3: max-size-bytes = 8388608
Got message #713 from pad "multiqueue3:sink_0" (property-notify): GstMessagePropertyNotify, property-name=(string)caps, property-value=(GstCaps)"video/x-h264\,\ stream-format\=\(string\)avc\,\ alignment\=\(string\)au\,\ level\=\(string\)4\,\ profile\=\(string\)high\,\ codec_data\=\(buffer\)01640028ffe1001e67640028acd940780227e5c05a808080a0000003002000000781e30632c001000668ebe3cb22c0fdf8f800\,\ width\=\(int\)1920\,\ height\=\(int\)1080\,\ framerate\=\(fraction\)30/1\,\ pixel-aspect-ratio\=\(fraction\)1/1\,\ colorimetry\=\(string\)bt709";
/GstPipeline:pipeline0/GstDecodeBin:decodebin2/GstMultiQueue:multiqueue3.GstMultiQueuePad:sink_0: caps = video/x-h264, stream-format=(string)avc, alignment=(string)au, level=(string)4, profile=(string)high, codec_data=(buffer)01640028ffe1001e67640028acd940780227e5c05a808080a0000003002000000781e30632c001000668ebe3cb22c0fdf8f800, width=(int)1920, height=(int)1080, framerate=(fraction)30/1, pixel-aspect-ratio=(fraction)1/1, colorimetry=(string)bt709
Got message #717 from element "h264parse2" (latency): no message details
Redistribute latency...
Got message #718 from element "multiqueue3" (property-notify): GstMessagePropertyNotify, property-name=(string)max-size-buffers, property-value=(uint)5;
/GstPipeline:pipeline0/GstDecodeBin:decodebin2/GstMultiQueue:multiqueue3: max-size-buffers = 5
Got message #720 from element "multiqueue3" (property-notify): GstMessagePropertyNotify, property-name=(string)max-size-time, property-value=(guint64)0;
/GstPipeline:pipeline0/GstDecodeBin:decodebin2/GstMultiQueue:multiqueue3: max-size-time = 0
Got message #721 from element "multiqueue3" (property-notify): GstMessagePropertyNotify, property-name=(string)max-size-bytes, property-value=(uint)8388608;
/GstPipeline:pipeline0/GstDecodeBin:decodebin2/GstMultiQueue:multiqueue3: max-size-bytes = 8388608
Got message #723 from pad "h264parse2:src" (property-notify): GstMessagePropertyNotify, property-name=(string)caps, property-value=(GstCaps)"video/x-h264\,\ stream-format\=\(string\)avc\,\ alignment\=\(string\)au\,\ level\=\(string\)4\,\ profile\=\(string\)high\,\ codec_data\=\(buffer\)01640028ffe1001e67640028acd940780227e5c05a808080a0000003002000000781e30632c001000668ebe3cb22c0\,\ width\=\(int\)1920\,\ height\=\(int\)1080\,\ framerate\=\(fraction\)30/1\,\ pixel-aspect-ratio\=\(fraction\)1/1\,\ colorimetry\=\(string\)bt709\,\ coded-picture-structure\=\(string\)frame\,\ chroma-format\=\(string\)4:2:0\,\ bit-depth-luma\=\(uint\)8\,\ bit-depth-chroma\=\(uint\)8\,\ parsed\=\(boolean\)true";
/GstPipeline:pipeline0/GstDecodeBin:decodebin2/GstH264Parse:h264parse2.GstPad:src: caps = video/x-h264, stream-format=(string)avc, alignment=(string)au, level=(string)4, profile=(string)high, codec_data=(buffer)01640028ffe1001e67640028acd940780227e5c05a808080a0000003002000000781e30632c001000668ebe3cb22c0, width=(int)1920, height=(int)1080, framerate=(fraction)30/1, pixel-aspect-ratio=(fraction)1/1, colorimetry=(string)bt709, coded-picture-structure=(string)frame, chroma-format=(string)4:2:0, bit-depth-luma=(uint)8, bit-depth-chroma=(uint)8, parsed=(boolean)true
Got message #724 from pad "capsfilter1:sink" (property-notify): GstMessagePropertyNotify, property-name=(string)caps, property-value=(GstCaps)"video/x-h264\,\ stream-format\=\(string\)avc\,\ alignment\=\(string\)au\,\ level\=\(string\)4\,\ profile\=\(string\)high\,\ codec_data\=\(buffer\)01640028ffe1001e67640028acd940780227e5c05a808080a0000003002000000781e30632c001000668ebe3cb22c0\,\ width\=\(int\)1920\,\ height\=\(int\)1080\,\ framerate\=\(fraction\)30/1\,\ pixel-aspect-ratio\=\(fraction\)1/1\,\ colorimetry\=\(string\)bt709\,\ coded-picture-structure\=\(string\)frame\,\ chroma-format\=\(string\)4:2:0\,\ bit-depth-luma\=\(uint\)8\,\ bit-depth-chroma\=\(uint\)8\,\ parsed\=\(boolean\)true";
/GstPipeline:pipeline0/GstDecodeBin:decodebin2/GstCapsFilter:capsfilter1.GstPad:sink: caps = video/x-h264, stream-format=(string)avc, alignment=(string)au, level=(string)4, profile=(string)high, codec_data=(buffer)01640028ffe1001e67640028acd940780227e5c05a808080a0000003002000000781e30632c001000668ebe3cb22c0, width=(int)1920, height=(int)1080, framerate=(fraction)30/1, pixel-aspect-ratio=(fraction)1/1, colorimetry=(string)bt709, coded-picture-structure=(string)frame, chroma-format=(string)4:2:0, bit-depth-luma=(uint)8, bit-depth-chroma=(uint)8, parsed=(boolean)true
Got message #727 from pad "h264parse2:src" (property-notify): GstMessagePropertyNotify, property-name=(string)caps, property-value=(GstCaps)"video/x-h264\,\ stream-format\=\(string\)avc\,\ alignment\=\(string\)au\,\ level\=\(string\)4\,\ profile\=\(string\)high\,\ codec_data\=\(buffer\)01640028ffe1001e67640028acd940780227e5c05a808080a0000003002000000781e30632c001000668ebe3cb22c0\,\ width\=\(int\)1920\,\ height\=\(int\)1080\,\ framerate\=\(fraction\)30/1\,\ pixel-aspect-ratio\=\(fraction\)1/1\,\ colorimetry\=\(string\)bt709\,\ coded-picture-structure\=\(string\)frame\,\ chroma-format\=\(string\)4:2:0\,\ bit-depth-luma\=\(uint\)8\,\ bit-depth-chroma\=\(uint\)8\,\ parsed\=\(boolean\)true";
/GstPipeline:pipeline0/GstDecodeBin:decodebin2/GstH264Parse:h264parse2.GstPad:src: caps = video/x-h264, stream-format=(string)avc, alignment=(string)au, level=(string)4, profile=(string)high, codec_data=(buffer)01640028ffe1001e67640028acd940780227e5c05a808080a0000003002000000781e30632c001000668ebe3cb22c0, width=(int)1920, height=(int)1080, framerate=(fraction)30/1, pixel-aspect-ratio=(fraction)1/1, colorimetry=(string)bt709, coded-picture-structure=(string)frame, chroma-format=(string)4:2:0, bit-depth-luma=(uint)8, bit-depth-chroma=(uint)8, parsed=(boolean)true
Got message #728 from pad "capsfilter1:sink" (property-notify): GstMessagePropertyNotify, property-name=(string)caps, property-value=(GstCaps)"video/x-h264\,\ stream-format\=\(string\)avc\,\ alignment\=\(string\)au\,\ level\=\(string\)4\,\ profile\=\(string\)high\,\ codec_data\=\(buffer\)01640028ffe1001e67640028acd940780227e5c05a808080a0000003002000000781e30632c001000668ebe3cb22c0\,\ width\=\(int\)1920\,\ height\=\(int\)1080\,\ framerate\=\(fraction\)30/1\,\ pixel-aspect-ratio\=\(fraction\)1/1\,\ colorimetry\=\(string\)bt709\,\ coded-picture-structure\=\(string\)frame\,\ chroma-format\=\(string\)4:2:0\,\ bit-depth-luma\=\(uint\)8\,\ bit-depth-chroma\=\(uint\)8\,\ parsed\=\(boolean\)true";
/GstPipeline:pipeline0/GstDecodeBin:decodebin2/GstCapsFilter:capsfilter1.GstPad:sink: caps = video/x-h264, stream-format=(string)avc, alignment=(string)au, level=(string)4, profile=(string)high, codec_data=(buffer)01640028ffe1001e67640028acd940780227e5c05a808080a0000003002000000781e30632c001000668ebe3cb22c0, width=(int)1920, height=(int)1080, framerate=(fraction)30/1, pixel-aspect-ratio=(fraction)1/1, colorimetry=(string)bt709, coded-picture-structure=(string)frame, chroma-format=(string)4:2:0, bit-depth-luma=(uint)8, bit-depth-chroma=(uint)8, parsed=(boolean)true
Got message #729 from element "h264parse2" (duration-changed): GstMessageDurationChanged;
Got message #733 from element "multiqueue3" (property-notify): GstMessagePropertyNotify, property-name=(string)max-size-buffers, property-value=(uint)5;
/GstPipeline:pipeline0/GstDecodeBin:decodebin2/GstMultiQueue:multiqueue3: max-size-buffers = 5
Got message #734 from element "multiqueue3" (property-notify): GstMessagePropertyNotify, property-name=(string)max-size-time, property-value=(guint64)0;
/GstPipeline:pipeline0/GstDecodeBin:decodebin2/GstMultiQueue:multiqueue3: max-size-time = 0
Got message #735 from element "multiqueue3" (property-notify): GstMessagePropertyNotify, property-name=(string)max-size-bytes, property-value=(uint)8388608;
/GstPipeline:pipeline0/GstDecodeBin:decodebin2/GstMultiQueue:multiqueue3: max-size-bytes = 8388608
Got message #737 from pad "vah264dec1:src" (property-notify): GstMessagePropertyNotify, property-name=(string)caps, property-value=(GstCaps)"video/x-raw\,\ format\=\(string\)NV12\,\ width\=\(int\)1920\,\ height\=\(int\)1080\,\ interlace-mode\=\(string\)progressive\,\ multiview-mode\=\(string\)mono\,\ multiview-flags\=\(GstVideoMultiviewFlagsSet\)0:ffffffff:/right-view-first/left-flipped/left-flopped/right-flipped/right-flopped/half-aspect/mixed-mono\,\ pixel-aspect-ratio\=\(fraction\)1/1\,\ colorimetry\=\(string\)bt709\,\ framerate\=\(fraction\)30/1";
/GstPipeline:pipeline0/GstDecodeBin:decodebin2/GstVaH264Dec:vah264dec1.GstPad:src: caps = video/x-raw, format=(string)NV12, width=(int)1920, height=(int)1080, interlace-mode=(string)progressive, multiview-mode=(string)mono, multiview-flags=(GstVideoMultiviewFlagsSet)0:ffffffff:/right-view-first/left-flipped/left-flopped/right-flipped/right-flopped/half-aspect/mixed-mono, pixel-aspect-ratio=(fraction)1/1, colorimetry=(string)bt709, framerate=(fraction)30/1
Got message #743 from element "decodebin2" (state-changed): GstMessageStateChanged, old-state=(GstState)ready, new-state=(GstState)paused, pending-state=(GstState)void-pending;
Got message #744 from pad "queue2:sink" (property-notify): GstMessagePropertyNotify, property-name=(string)caps, property-value=(GstCaps)"video/x-raw\,\ format\=\(string\)NV12\,\ width\=\(int\)1920\,\ height\=\(int\)1080\,\ interlace-mode\=\(string\)progressive\,\ multiview-mode\=\(string\)mono\,\ multiview-flags\=\(GstVideoMultiviewFlagsSet\)0:ffffffff:/right-view-first/left-flipped/left-flopped/right-flipped/right-flopped/half-aspect/mixed-mono\,\ pixel-aspect-ratio\=\(fraction\)1/1\,\ colorimetry\=\(string\)bt709\,\ framerate\=\(fraction\)30/1";
/GstPipeline:pipeline0/GstQueue:queue2.GstPad:sink: caps = video/x-raw, format=(string)NV12, width=(int)1920, height=(int)1080, interlace-mode=(string)progressive, multiview-mode=(string)mono, multiview-flags=(GstVideoMultiviewFlagsSet)0:ffffffff:/right-view-first/left-flipped/left-flopped/right-flipped/right-flopped/half-aspect/mixed-mono, pixel-aspect-ratio=(fraction)1/1, colorimetry=(string)bt709, framerate=(fraction)30/1
Got message #745 from pad "src_0:proxypad15" (property-notify): GstMessagePropertyNotify, property-name=(string)caps, property-value=(GstCaps)"video/x-raw\,\ format\=\(string\)NV12\,\ width\=\(int\)1920\,\ height\=\(int\)1080\,\ interlace-mode\=\(string\)progressive\,\ multiview-mode\=\(string\)mono\,\ multiview-flags\=\(GstVideoMultiviewFlagsSet\)0:ffffffff:/right-view-first/left-flipped/left-flopped/right-flipped/right-flopped/half-aspect/mixed-mono\,\ pixel-aspect-ratio\=\(fraction\)1/1\,\ colorimetry\=\(string\)bt709\,\ framerate\=\(fraction\)30/1";
/GstPipeline:pipeline0/GstDecodeBin:decodebin2.GstDecodePad:src_0.GstProxyPad:proxypad15: caps = video/x-raw, format=(string)NV12, width=(int)1920, height=(int)1080, interlace-mode=(string)progressive, multiview-mode=(string)mono, multiview-flags=(GstVideoMultiviewFlagsSet)0:ffffffff:/right-view-first/left-flipped/left-flopped/right-flipped/right-flopped/half-aspect/mixed-mono, pixel-aspect-ratio=(fraction)1/1, colorimetry=(string)bt709, framerate=(fraction)30/1
Got message #746 from element "vah264dec3" (have-context): GstMessageHaveContext, context=(GstContext)NULL;
Got context from element 'vah264dec3': gst.va.display.handle=context, gst-display=(GstObject)"\(GstVaDisplayDrm\)\ vadisplaydrm3", description=(string)"Intel\(R\)\ Gen\ Graphics", path=(string)/dev/dri/renderD128;
Got message #747 from element "vah264dec3" (property-notify): GstMessagePropertyNotify, property-name=(string)device-path, property-value=(string)/dev/dri/renderD128;
/GstPipeline:pipeline0/GstDecodeBin:decodebin0/GstVaH264Dec:vah264dec3: device-path = /dev/dri/renderD128
Got message #748 from element "vah264dec3" (state-changed): GstMessageStateChanged, old-state=(GstState)null, new-state=(GstState)ready, pending-state=(GstState)void-pending;
Got message #752 from element "vah264dec3" (state-changed): GstMessageStateChanged, old-state=(GstState)ready, new-state=(GstState)paused, pending-state=(GstState)void-pending;
Got message #753 from element "vah264dec3" (latency): no message details
Redistribute latency...
Got message #754 from pad "vah264dec3:sink" (property-notify): GstMessagePropertyNotify, property-name=(string)caps, property-value=(GstCaps)"video/x-h264\,\ stream-format\=\(string\)avc\,\ alignment\=\(string\)au\,\ level\=\(string\)4\,\ profile\=\(string\)high\,\ codec_data\=\(buffer\)01640028ffe1001e67640028acd940780227e5c05a808080a0000003002000000781e30632c001000668ebe3cb22c0\,\ width\=\(int\)1920\,\ height\=\(int\)1080\,\ framerate\=\(fraction\)30/1\,\ pixel-aspect-ratio\=\(fraction\)1/1\,\ colorimetry\=\(string\)bt709\,\ coded-picture-structure\=\(string\)frame\,\ chroma-format\=\(string\)4:2:0\,\ bit-depth-luma\=\(uint\)8\,\ bit-depth-chroma\=\(uint\)8\,\ parsed\=\(boolean\)true";
/GstPipeline:pipeline0/GstDecodeBin:decodebin0/GstVaH264Dec:vah264dec3.GstPad:sink: caps = video/x-h264, stream-format=(string)avc, alignment=(string)au, level=(string)4, profile=(string)high, codec_data=(buffer)01640028ffe1001e67640028acd940780227e5c05a808080a0000003002000000781e30632c001000668ebe3cb22c0, width=(int)1920, height=(int)1080, framerate=(fraction)30/1, pixel-aspect-ratio=(fraction)1/1, colorimetry=(string)bt709, coded-picture-structure=(string)frame, chroma-format=(string)4:2:0, bit-depth-luma=(uint)8, bit-depth-chroma=(uint)8, parsed=(boolean)true
Got message #755 from pad "capsfilter3:src" (property-notify): GstMessagePropertyNotify, property-name=(string)caps, property-value=(GstCaps)"video/x-h264\,\ stream-format\=\(string\)avc\,\ alignment\=\(string\)au\,\ level\=\(string\)4\,\ profile\=\(string\)high\,\ codec_data\=\(buffer\)01640028ffe1001e67640028acd940780227e5c05a808080a0000003002000000781e30632c001000668ebe3cb22c0\,\ width\=\(int\)1920\,\ height\=\(int\)1080\,\ framerate\=\(fraction\)30/1\,\ pixel-aspect-ratio\=\(fraction\)1/1\,\ colorimetry\=\(string\)bt709\,\ coded-picture-structure\=\(string\)frame\,\ chroma-format\=\(string\)4:2:0\,\ bit-depth-luma\=\(uint\)8\,\ bit-depth-chroma\=\(uint\)8\,\ parsed\=\(boolean\)true";
/GstPipeline:pipeline0/GstDecodeBin:decodebin0/GstCapsFilter:capsfilter3.GstPad:src: caps = video/x-h264, stream-format=(string)avc, alignment=(string)au, level=(string)4, profile=(string)high, codec_data=(buffer)01640028ffe1001e67640028acd940780227e5c05a808080a0000003002000000781e30632c001000668ebe3cb22c0, width=(int)1920, height=(int)1080, framerate=(fraction)30/1, pixel-aspect-ratio=(fraction)1/1, colorimetry=(string)bt709, coded-picture-structure=(string)frame, chroma-format=(string)4:2:0, bit-depth-luma=(uint)8, bit-depth-chroma=(uint)8, parsed=(boolean)true
Got message #756 from pad "capsfilter3:sink" (property-notify): GstMessagePropertyNotify, property-name=(string)caps, property-value=(GstCaps)"video/x-h264\,\ stream-format\=\(string\)avc\,\ alignment\=\(string\)au\,\ level\=\(string\)4\,\ profile\=\(string\)high\,\ codec_data\=\(buffer\)01640028ffe1001e67640028acd940780227e5c05a808080a0000003002000000781e30632c001000668ebe3cb22c0\,\ width\=\(int\)1920\,\ height\=\(int\)1080\,\ framerate\=\(fraction\)30/1\,\ pixel-aspect-ratio\=\(fraction\)1/1\,\ colorimetry\=\(string\)bt709\,\ coded-picture-structure\=\(string\)frame\,\ chroma-format\=\(string\)4:2:0\,\ bit-depth-luma\=\(uint\)8\,\ bit-depth-chroma\=\(uint\)8\,\ parsed\=\(boolean\)true";
/GstPipeline:pipeline0/GstDecodeBin:decodebin0/GstCapsFilter:capsfilter3.GstPad:sink: caps = video/x-h264, stream-format=(string)avc, alignment=(string)au, level=(string)4, profile=(string)high, codec_data=(buffer)01640028ffe1001e67640028acd940780227e5c05a808080a0000003002000000781e30632c001000668ebe3cb22c0, width=(int)1920, height=(int)1080, framerate=(fraction)30/1, pixel-aspect-ratio=(fraction)1/1, colorimetry=(string)bt709, coded-picture-structure=(string)frame, chroma-format=(string)4:2:0, bit-depth-luma=(uint)8, bit-depth-chroma=(uint)8, parsed=(boolean)true
Got message #757 from pad "h264parse0:sink" (property-notify): GstMessagePropertyNotify, property-name=(string)caps, property-value=(GstCaps)"video/x-h264\,\ stream-format\=\(string\)avc\,\ alignment\=\(string\)au\,\ level\=\(string\)4\,\ profile\=\(string\)high\,\ codec_data\=\(buffer\)01640028ffe1001e67640028acd940780227e5c05a808080a0000003002000000781e30632c001000668ebe3cb22c0fdf8f800\,\ width\=\(int\)1920\,\ height\=\(int\)1080\,\ framerate\=\(fraction\)30/1\,\ pixel-aspect-ratio\=\(fraction\)1/1\,\ colorimetry\=\(string\)bt709";
/GstPipeline:pipeline0/GstDecodeBin:decodebin0/GstH264Parse:h264parse0.GstPad:sink: caps = video/x-h264, stream-format=(string)avc, alignment=(string)au, level=(string)4, profile=(string)high, codec_data=(buffer)01640028ffe1001e67640028acd940780227e5c05a808080a0000003002000000781e30632c001000668ebe3cb22c0fdf8f800, width=(int)1920, height=(int)1080, framerate=(fraction)30/1, pixel-aspect-ratio=(fraction)1/1, colorimetry=(string)bt709
Got message #758 from element "multiqueue0" (property-notify): GstMessagePropertyNotify, property-name=(string)max-size-buffers, property-value=(uint)5;
/GstPipeline:pipeline0/GstDecodeBin:decodebin0/GstMultiQueue:multiqueue0: max-size-buffers = 5
Got message #759 from element "multiqueue0" (property-notify): GstMessagePropertyNotify, property-name=(string)max-size-time, property-value=(guint64)0;
/GstPipeline:pipeline0/GstDecodeBin:decodebin0/GstMultiQueue:multiqueue0: max-size-time = 0
Got message #760 from element "multiqueue0" (property-notify): GstMessagePropertyNotify, property-name=(string)max-size-bytes, property-value=(uint)8388608;
/GstPipeline:pipeline0/GstDecodeBin:decodebin0/GstMultiQueue:multiqueue0: max-size-bytes = 8388608
Got message #762 from pad "queue2:src" (property-notify): GstMessagePropertyNotify, property-name=(string)caps, property-value=(GstCaps)"video/x-raw\,\ format\=\(string\)NV12\,\ width\=\(int\)1920\,\ height\=\(int\)1080\,\ interlace-mode\=\(string\)progressive\,\ multiview-mode\=\(string\)mono\,\ multiview-flags\=\(GstVideoMultiviewFlagsSet\)0:ffffffff:/right-view-first/left-flipped/left-flopped/right-flipped/right-flopped/half-aspect/mixed-mono\,\ pixel-aspect-ratio\=\(fraction\)1/1\,\ colorimetry\=\(string\)bt709\,\ framerate\=\(fraction\)30/1";
/GstPipeline:pipeline0/GstQueue:queue2.GstPad:src: caps = video/x-raw, format=(string)NV12, width=(int)1920, height=(int)1080, interlace-mode=(string)progressive, multiview-mode=(string)mono, multiview-flags=(GstVideoMultiviewFlagsSet)0:ffffffff:/right-view-first/left-flipped/left-flopped/right-flipped/right-flopped/half-aspect/mixed-mono, pixel-aspect-ratio=(fraction)1/1, colorimetry=(string)bt709, framerate=(fraction)30/1
Got message #764 from pad "in:sink_2" (property-notify): GstMessagePropertyNotify, property-name=(string)caps, property-value=(GstCaps)"video/x-raw\,\ format\=\(string\)NV12\,\ width\=\(int\)1920\,\ height\=\(int\)1080\,\ interlace-mode\=\(string\)progressive\,\ multiview-mode\=\(string\)mono\,\ multiview-flags\=\(GstVideoMultiviewFlagsSet\)0:ffffffff:/right-view-first/left-flipped/left-flopped/right-flipped/right-flopped/half-aspect/mixed-mono\,\ pixel-aspect-ratio\=\(fraction\)1/1\,\ colorimetry\=\(string\)bt709\,\ framerate\=\(fraction\)30/1";
/GstPipeline:pipeline0/GstDxInputSelector:in.GstAggregatorPad:sink_2: caps = video/x-raw, format=(string)NV12, width=(int)1920, height=(int)1080, interlace-mode=(string)progressive, multiview-mode=(string)mono, multiview-flags=(GstVideoMultiviewFlagsSet)0:ffffffff:/right-view-first/left-flipped/left-flopped/right-flipped/right-flopped/half-aspect/mixed-mono, pixel-aspect-ratio=(fraction)1/1, colorimetry=(string)bt709, framerate=(fraction)30/1
Got message #766 from pad "out:src_2" (property-notify): GstMessagePropertyNotify, property-name=(string)caps, property-value=(GstCaps)"video/x-raw\,\ format\=\(string\)NV12\,\ width\=\(int\)1920\,\ height\=\(int\)1080\,\ interlace-mode\=\(string\)progressive\,\ multiview-mode\=\(string\)mono\,\ multiview-flags\=\(GstVideoMultiviewFlagsSet\)0:ffffffff:/right-view-first/left-flipped/left-flopped/right-flipped/right-flopped/half-aspect/mixed-mono\,\ pixel-aspect-ratio\=\(fraction\)1/1\,\ colorimetry\=\(string\)bt709\,\ framerate\=\(fraction\)30/1";
/GstPipeline:pipeline0/GstDxOutputSelector:out.GstPad:src_2: caps = video/x-raw, format=(string)NV12, width=(int)1920, height=(int)1080, interlace-mode=(string)progressive, multiview-mode=(string)mono, multiview-flags=(GstVideoMultiviewFlagsSet)0:ffffffff:/right-view-first/left-flipped/left-flopped/right-flipped/right-flopped/half-aspect/mixed-mono, pixel-aspect-ratio=(fraction)1/1, colorimetry=(string)bt709, framerate=(fraction)30/1
Got message #767 from pad "queue9:sink" (property-notify): GstMessagePropertyNotify, property-name=(string)caps, property-value=(GstCaps)"video/x-raw\,\ format\=\(string\)NV12\,\ width\=\(int\)1920\,\ height\=\(int\)1080\,\ interlace-mode\=\(string\)progressive\,\ multiview-mode\=\(string\)mono\,\ multiview-flags\=\(GstVideoMultiviewFlagsSet\)0:ffffffff:/right-view-first/left-flipped/left-flopped/right-flipped/right-flopped/half-aspect/mixed-mono\,\ pixel-aspect-ratio\=\(fraction\)1/1\,\ colorimetry\=\(string\)bt709\,\ framerate\=\(fraction\)30/1";
/GstPipeline:pipeline0/GstQueue:queue9.GstPad:sink: caps = video/x-raw, format=(string)NV12, width=(int)1920, height=(int)1080, interlace-mode=(string)progressive, multiview-mode=(string)mono, multiview-flags=(GstVideoMultiviewFlagsSet)0:ffffffff:/right-view-first/left-flipped/left-flopped/right-flipped/right-flopped/half-aspect/mixed-mono, pixel-aspect-ratio=(fraction)1/1, colorimetry=(string)bt709, framerate=(fraction)30/1
Got message #769 from pad "queue9:src" (property-notify): GstMessagePropertyNotify, property-name=(string)caps, property-value=(GstCaps)"video/x-raw\,\ format\=\(string\)NV12\,\ width\=\(int\)1920\,\ height\=\(int\)1080\,\ interlace-mode\=\(string\)progressive\,\ multiview-mode\=\(string\)mono\,\ multiview-flags\=\(GstVideoMultiviewFlagsSet\)0:ffffffff:/right-view-first/left-flipped/left-flopped/right-flipped/right-flopped/half-aspect/mixed-mono\,\ pixel-aspect-ratio\=\(fraction\)1/1\,\ colorimetry\=\(string\)bt709\,\ framerate\=\(fraction\)30/1";
/GstPipeline:pipeline0/GstQueue:queue9.GstPad:src: caps = video/x-raw, format=(string)NV12, width=(int)1920, height=(int)1080, interlace-mode=(string)progressive, multiview-mode=(string)mono, multiview-flags=(GstVideoMultiviewFlagsSet)0:ffffffff:/right-view-first/left-flipped/left-flopped/right-flipped/right-flopped/half-aspect/mixed-mono, pixel-aspect-ratio=(fraction)1/1, colorimetry=(string)bt709, framerate=(fraction)30/1
Got message #770 from pad "fakesink2:sink" (property-notify): GstMessagePropertyNotify, property-name=(string)caps, property-value=(GstCaps)"video/x-raw\,\ format\=\(string\)NV12\,\ width\=\(int\)1920\,\ height\=\(int\)1080\,\ interlace-mode\=\(string\)progressive\,\ multiview-mode\=\(string\)mono\,\ multiview-flags\=\(GstVideoMultiviewFlagsSet\)0:ffffffff:/right-view-first/left-flipped/left-flopped/right-flipped/right-flopped/half-aspect/mixed-mono\,\ pixel-aspect-ratio\=\(fraction\)1/1\,\ colorimetry\=\(string\)bt709\,\ framerate\=\(fraction\)30/1";
/GstPipeline:pipeline0/GstFakeSink:fakesink2.GstPad:sink: caps = video/x-raw, format=(string)NV12, width=(int)1920, height=(int)1080, interlace-mode=(string)progressive, multiview-mode=(string)mono, multiview-flags=(GstVideoMultiviewFlagsSet)0:ffffffff:/right-view-first/left-flipped/left-flopped/right-flipped/right-flopped/half-aspect/mixed-mono, pixel-aspect-ratio=(fraction)1/1, colorimetry=(string)bt709, framerate=(fraction)30/1
Got message #772 from element "h264parse0" (latency): no message details
Redistribute latency...
Got message #774 from pad "h264parse0:src" (property-notify): GstMessagePropertyNotify, property-name=(string)caps, property-value=(GstCaps)"video/x-h264\,\ stream-format\=\(string\)avc\,\ alignment\=\(string\)au\,\ level\=\(string\)4\,\ profile\=\(string\)high\,\ codec_data\=\(buffer\)01640028ffe1001e67640028acd940780227e5c05a808080a0000003002000000781e30632c001000668ebe3cb22c0\,\ width\=\(int\)1920\,\ height\=\(int\)1080\,\ framerate\=\(fraction\)30/1\,\ pixel-aspect-ratio\=\(fraction\)1/1\,\ colorimetry\=\(string\)bt709\,\ coded-picture-structure\=\(string\)frame\,\ chroma-format\=\(string\)4:2:0\,\ bit-depth-luma\=\(uint\)8\,\ bit-depth-chroma\=\(uint\)8\,\ parsed\=\(boolean\)true";
/GstPipeline:pipeline0/GstDecodeBin:decodebin0/GstH264Parse:h264parse0.GstPad:src: caps = video/x-h264, stream-format=(string)avc, alignment=(string)au, level=(string)4, profile=(string)high, codec_data=(buffer)01640028ffe1001e67640028acd940780227e5c05a808080a0000003002000000781e30632c001000668ebe3cb22c0, width=(int)1920, height=(int)1080, framerate=(fraction)30/1, pixel-aspect-ratio=(fraction)1/1, colorimetry=(string)bt709, coded-picture-structure=(string)frame, chroma-format=(string)4:2:0, bit-depth-luma=(uint)8, bit-depth-chroma=(uint)8, parsed=(boolean)true
Got message #775 from pad "capsfilter3:sink" (property-notify): GstMessagePropertyNotify, property-name=(string)caps, property-value=(GstCaps)"video/x-h264\,\ stream-format\=\(string\)avc\,\ alignment\=\(string\)au\,\ level\=\(string\)4\,\ profile\=\(string\)high\,\ codec_data\=\(buffer\)01640028ffe1001e67640028acd940780227e5c05a808080a0000003002000000781e30632c001000668ebe3cb22c0\,\ width\=\(int\)1920\,\ height\=\(int\)1080\,\ framerate\=\(fraction\)30/1\,\ pixel-aspect-ratio\=\(fraction\)1/1\,\ colorimetry\=\(string\)bt709\,\ coded-picture-structure\=\(string\)frame\,\ chroma-format\=\(string\)4:2:0\,\ bit-depth-luma\=\(uint\)8\,\ bit-depth-chroma\=\(uint\)8\,\ parsed\=\(boolean\)true";
/GstPipeline:pipeline0/GstDecodeBin:decodebin0/GstCapsFilter:capsfilter3.GstPad:sink: caps = video/x-h264, stream-format=(string)avc, alignment=(string)au, level=(string)4, profile=(string)high, codec_data=(buffer)01640028ffe1001e67640028acd940780227e5c05a808080a0000003002000000781e30632c001000668ebe3cb22c0, width=(int)1920, height=(int)1080, framerate=(fraction)30/1, pixel-aspect-ratio=(fraction)1/1, colorimetry=(string)bt709, coded-picture-structure=(string)frame, chroma-format=(string)4:2:0, bit-depth-luma=(uint)8, bit-depth-chroma=(uint)8, parsed=(boolean)true
Got message #776 from pad "multiqueue0:sink_0" (property-notify): GstMessagePropertyNotify, property-name=(string)caps, property-value=(GstCaps)"video/x-h264\,\ stream-format\=\(string\)avc\,\ alignment\=\(string\)au\,\ level\=\(string\)4\,\ profile\=\(string\)high\,\ codec_data\=\(buffer\)01640028ffe1001e67640028acd940780227e5c05a808080a0000003002000000781e30632c001000668ebe3cb22c0fdf8f800\,\ width\=\(int\)1920\,\ height\=\(int\)1080\,\ framerate\=\(fraction\)30/1\,\ pixel-aspect-ratio\=\(fraction\)1/1\,\ colorimetry\=\(string\)bt709";
/GstPipeline:pipeline0/GstDecodeBin:decodebin0/GstMultiQueue:multiqueue0.GstMultiQueuePad:sink_0: caps = video/x-h264, stream-format=(string)avc, alignment=(string)au, level=(string)4, profile=(string)high, codec_data=(buffer)01640028ffe1001e67640028acd940780227e5c05a808080a0000003002000000781e30632c001000668ebe3cb22c0fdf8f800, width=(int)1920, height=(int)1080, framerate=(fraction)30/1, pixel-aspect-ratio=(fraction)1/1, colorimetry=(string)bt709
Got message #782 from pad "h264parse0:src" (property-notify): GstMessagePropertyNotify, property-name=(string)caps, property-value=(GstCaps)"video/x-h264\,\ stream-format\=\(string\)avc\,\ alignment\=\(string\)au\,\ level\=\(string\)4\,\ profile\=\(string\)high\,\ codec_data\=\(buffer\)01640028ffe1001e67640028acd940780227e5c05a808080a0000003002000000781e30632c001000668ebe3cb22c0\,\ width\=\(int\)1920\,\ height\=\(int\)1080\,\ framerate\=\(fraction\)30/1\,\ pixel-aspect-ratio\=\(fraction\)1/1\,\ colorimetry\=\(string\)bt709\,\ coded-picture-structure\=\(string\)frame\,\ chroma-format\=\(string\)4:2:0\,\ bit-depth-luma\=\(uint\)8\,\ bit-depth-chroma\=\(uint\)8\,\ parsed\=\(boolean\)true";
/GstPipeline:pipeline0/GstDecodeBin:decodebin0/GstH264Parse:h264parse0.GstPad:src: caps = video/x-h264, stream-format=(string)avc, alignment=(string)au, level=(string)4, profile=(string)high, codec_data=(buffer)01640028ffe1001e67640028acd940780227e5c05a808080a0000003002000000781e30632c001000668ebe3cb22c0, width=(int)1920, height=(int)1080, framerate=(fraction)30/1, pixel-aspect-ratio=(fraction)1/1, colorimetry=(string)bt709, coded-picture-structure=(string)frame, chroma-format=(string)4:2:0, bit-depth-luma=(uint)8, bit-depth-chroma=(uint)8, parsed=(boolean)true
Got message #783 from element "multiqueue0" (property-notify): GstMessagePropertyNotify, property-name=(string)max-size-buffers, property-value=(uint)5;
/GstPipeline:pipeline0/GstDecodeBin:decodebin0/GstMultiQueue:multiqueue0: max-size-buffers = 5
Got message #784 from element "multiqueue0" (property-notify): GstMessagePropertyNotify, property-name=(string)max-size-time, property-value=(guint64)0;
/GstPipeline:pipeline0/GstDecodeBin:decodebin0/GstMultiQueue:multiqueue0: max-size-time = 0
Got message #785 from element "multiqueue0" (property-notify): GstMessagePropertyNotify, property-name=(string)max-size-bytes, property-value=(uint)8388608;
/GstPipeline:pipeline0/GstDecodeBin:decodebin0/GstMultiQueue:multiqueue0: max-size-bytes = 8388608
Got message #786 from pad "capsfilter3:sink" (property-notify): GstMessagePropertyNotify, property-name=(string)caps, property-value=(GstCaps)"video/x-h264\,\ stream-format\=\(string\)avc\,\ alignment\=\(string\)au\,\ level\=\(string\)4\,\ profile\=\(string\)high\,\ codec_data\=\(buffer\)01640028ffe1001e67640028acd940780227e5c05a808080a0000003002000000781e30632c001000668ebe3cb22c0\,\ width\=\(int\)1920\,\ height\=\(int\)1080\,\ framerate\=\(fraction\)30/1\,\ pixel-aspect-ratio\=\(fraction\)1/1\,\ colorimetry\=\(string\)bt709\,\ coded-picture-structure\=\(string\)frame\,\ chroma-format\=\(string\)4:2:0\,\ bit-depth-luma\=\(uint\)8\,\ bit-depth-chroma\=\(uint\)8\,\ parsed\=\(boolean\)true";
/GstPipeline:pipeline0/GstDecodeBin:decodebin0/GstCapsFilter:capsfilter3.GstPad:sink: caps = video/x-h264, stream-format=(string)avc, alignment=(string)au, level=(string)4, profile=(string)high, codec_data=(buffer)01640028ffe1001e67640028acd940780227e5c05a808080a0000003002000000781e30632c001000668ebe3cb22c0, width=(int)1920, height=(int)1080, framerate=(fraction)30/1, pixel-aspect-ratio=(fraction)1/1, colorimetry=(string)bt709, coded-picture-structure=(string)frame, chroma-format=(string)4:2:0, bit-depth-luma=(uint)8, bit-depth-chroma=(uint)8, parsed=(boolean)true
Got message #787 from element "h264parse0" (duration-changed): GstMessageDurationChanged;
Got message #792 from pad "vah264dec3:src" (property-notify): GstMessagePropertyNotify, property-name=(string)caps, property-value=(GstCaps)"video/x-raw\,\ format\=\(string\)NV12\,\ width\=\(int\)1920\,\ height\=\(int\)1080\,\ interlace-mode\=\(string\)progressive\,\ multiview-mode\=\(string\)mono\,\ multiview-flags\=\(GstVideoMultiviewFlagsSet\)0:ffffffff:/right-view-first/left-flipped/left-flopped/right-flipped/right-flopped/half-aspect/mixed-mono\,\ pixel-aspect-ratio\=\(fraction\)1/1\,\ colorimetry\=\(string\)bt709\,\ framerate\=\(fraction\)30/1";
/GstPipeline:pipeline0/GstDecodeBin:decodebin0/GstVaH264Dec:vah264dec3.GstPad:src: caps = video/x-raw, format=(string)NV12, width=(int)1920, height=(int)1080, interlace-mode=(string)progressive, multiview-mode=(string)mono, multiview-flags=(GstVideoMultiviewFlagsSet)0:ffffffff:/right-view-first/left-flipped/left-flopped/right-flipped/right-flopped/half-aspect/mixed-mono, pixel-aspect-ratio=(fraction)1/1, colorimetry=(string)bt709, framerate=(fraction)30/1
Got message #798 from element "decodebin0" (state-changed): GstMessageStateChanged, old-state=(GstState)ready, new-state=(GstState)paused, pending-state=(GstState)void-pending;
Got message #799 from pad "queue0:sink" (property-notify): GstMessagePropertyNotify, property-name=(string)caps, property-value=(GstCaps)"video/x-raw\,\ format\=\(string\)NV12\,\ width\=\(int\)1920\,\ height\=\(int\)1080\,\ interlace-mode\=\(string\)progressive\,\ multiview-mode\=\(string\)mono\,\ multiview-flags\=\(GstVideoMultiviewFlagsSet\)0:ffffffff:/right-view-first/left-flipped/left-flopped/right-flipped/right-flopped/half-aspect/mixed-mono\,\ pixel-aspect-ratio\=\(fraction\)1/1\,\ colorimetry\=\(string\)bt709\,\ framerate\=\(fraction\)30/1";
/GstPipeline:pipeline0/GstQueue:queue0.GstPad:sink: caps = video/x-raw, format=(string)NV12, width=(int)1920, height=(int)1080, interlace-mode=(string)progressive, multiview-mode=(string)mono, multiview-flags=(GstVideoMultiviewFlagsSet)0:ffffffff:/right-view-first/left-flipped/left-flopped/right-flipped/right-flopped/half-aspect/mixed-mono, pixel-aspect-ratio=(fraction)1/1, colorimetry=(string)bt709, framerate=(fraction)30/1
Got message #801 from pad "queue0:sink" (property-notify): GstMessagePropertyNotify, property-name=(string)caps, property-value=(GstCaps)"video/x-raw\,\ format\=\(string\)NV12\,\ width\=\(int\)1920\,\ height\=\(int\)1080\,\ interlace-mode\=\(string\)progressive\,\ multiview-mode\=\(string\)mono\,\ multiview-flags\=\(GstVideoMultiviewFlagsSet\)0:ffffffff:/right-view-first/left-flipped/left-flopped/right-flipped/right-flopped/half-aspect/mixed-mono\,\ pixel-aspect-ratio\=\(fraction\)1/1\,\ colorimetry\=\(string\)bt709\,\ framerate\=\(fraction\)30/1";
/GstPipeline:pipeline0/GstQueue:queue0.GstPad:sink: caps = video/x-raw, format=(string)NV12, width=(int)1920, height=(int)1080, interlace-mode=(string)progressive, multiview-mode=(string)mono, multiview-flags=(GstVideoMultiviewFlagsSet)0:ffffffff:/right-view-first/left-flipped/left-flopped/right-flipped/right-flopped/half-aspect/mixed-mono, pixel-aspect-ratio=(fraction)1/1, colorimetry=(string)bt709, framerate=(fraction)30/1
Got message #804 from pad "queue0:sink" (property-notify): GstMessagePropertyNotify, property-name=(string)caps, property-value=(GstCaps)"video/x-raw\,\ format\=\(string\)NV12\,\ width\=\(int\)1920\,\ height\=\(int\)1080\,\ interlace-mode\=\(string\)progressive\,\ multiview-mode\=\(string\)mono\,\ multiview-flags\=\(GstVideoMultiviewFlagsSet\)0:ffffffff:/right-view-first/left-flipped/left-flopped/right-flipped/right-flopped/half-aspect/mixed-mono\,\ pixel-aspect-ratio\=\(fraction\)1/1\,\ colorimetry\=\(string\)bt709\,\ framerate\=\(fraction\)30/1";
/GstPipeline:pipeline0/GstQueue:queue0.GstPad:sink: caps = video/x-raw, format=(string)NV12, width=(int)1920, height=(int)1080, interlace-mode=(string)progressive, multiview-mode=(string)mono, multiview-flags=(GstVideoMultiviewFlagsSet)0:ffffffff:/right-view-first/left-flipped/left-flopped/right-flipped/right-flopped/half-aspect/mixed-mono, pixel-aspect-ratio=(fraction)1/1, colorimetry=(string)bt709, framerate=(fraction)30/1
Got message #805 from pad "src_0:proxypad12" (property-notify): GstMessagePropertyNotify, property-name=(string)caps, property-value=(GstCaps)"video/x-raw\,\ format\=\(string\)NV12\,\ width\=\(int\)1920\,\ height\=\(int\)1080\,\ interlace-mode\=\(string\)progressive\,\ multiview-mode\=\(string\)mono\,\ multiview-flags\=\(GstVideoMultiviewFlagsSet\)0:ffffffff:/right-view-first/left-flipped/left-flopped/right-flipped/right-flopped/half-aspect/mixed-mono\,\ pixel-aspect-ratio\=\(fraction\)1/1\,\ colorimetry\=\(string\)bt709\,\ framerate\=\(fraction\)30/1";
/GstPipeline:pipeline0/GstDecodeBin:decodebin0.GstDecodePad:src_0.GstProxyPad:proxypad12: caps = video/x-raw, format=(string)NV12, width=(int)1920, height=(int)1080, interlace-mode=(string)progressive, multiview-mode=(string)mono, multiview-flags=(GstVideoMultiviewFlagsSet)0:ffffffff:/right-view-first/left-flipped/left-flopped/right-flipped/right-flopped/half-aspect/mixed-mono, pixel-aspect-ratio=(fraction)1/1, colorimetry=(string)bt709, framerate=(fraction)30/1
Got message #806 from pad "out:src_0" (property-notify): GstMessagePropertyNotify, property-name=(string)caps, property-value=(GstCaps)"video/x-raw\,\ format\=\(string\)NV12\,\ width\=\(int\)1920\,\ height\=\(int\)1080\,\ interlace-mode\=\(string\)progressive\,\ multiview-mode\=\(string\)mono\,\ multiview-flags\=\(GstVideoMultiviewFlagsSet\)0:ffffffff:/right-view-first/left-flipped/left-flopped/right-flipped/right-flopped/half-aspect/mixed-mono\,\ pixel-aspect-ratio\=\(fraction\)1/1\,\ colorimetry\=\(string\)bt709\,\ framerate\=\(fraction\)30/1";
/GstPipeline:pipeline0/GstDxOutputSelector:out.GstPad:src_0: caps = video/x-raw, format=(string)NV12, width=(int)1920, height=(int)1080, interlace-mode=(string)progressive, multiview-mode=(string)mono, multiview-flags=(GstVideoMultiviewFlagsSet)0:ffffffff:/right-view-first/left-flipped/left-flopped/right-flipped/right-flopped/half-aspect/mixed-mono, pixel-aspect-ratio=(fraction)1/1, colorimetry=(string)bt709, framerate=(fraction)30/1
Got message #807 from pad "queue7:sink" (property-notify): GstMessagePropertyNotify, property-name=(string)caps, property-value=(GstCaps)"video/x-raw\,\ format\=\(string\)NV12\,\ width\=\(int\)1920\,\ height\=\(int\)1080\,\ interlace-mode\=\(string\)progressive\,\ multiview-mode\=\(string\)mono\,\ multiview-flags\=\(GstVideoMultiviewFlagsSet\)0:ffffffff:/right-view-first/left-flipped/left-flopped/right-flipped/right-flopped/half-aspect/mixed-mono\,\ pixel-aspect-ratio\=\(fraction\)1/1\,\ colorimetry\=\(string\)bt709\,\ framerate\=\(fraction\)30/1";
/GstPipeline:pipeline0/GstQueue:queue7.GstPad:sink: caps = video/x-raw, format=(string)NV12, width=(int)1920, height=(int)1080, interlace-mode=(string)progressive, multiview-mode=(string)mono, multiview-flags=(GstVideoMultiviewFlagsSet)0:ffffffff:/right-view-first/left-flipped/left-flopped/right-flipped/right-flopped/half-aspect/mixed-mono, pixel-aspect-ratio=(fraction)1/1, colorimetry=(string)bt709, framerate=(fraction)30/1
Got message #808 from pad "queue7:src" (property-notify): GstMessagePropertyNotify, property-name=(string)caps, property-value=(GstCaps)"video/x-raw\,\ format\=\(string\)NV12\,\ width\=\(int\)1920\,\ height\=\(int\)1080\,\ interlace-mode\=\(string\)progressive\,\ multiview-mode\=\(string\)mono\,\ multiview-flags\=\(GstVideoMultiviewFlagsSet\)0:ffffffff:/right-view-first/left-flipped/left-flopped/right-flipped/right-flopped/half-aspect/mixed-mono\,\ pixel-aspect-ratio\=\(fraction\)1/1\,\ colorimetry\=\(string\)bt709\,\ framerate\=\(fraction\)30/1";
/GstPipeline:pipeline0/GstQueue:queue7.GstPad:src: caps = video/x-raw, format=(string)NV12, width=(int)1920, height=(int)1080, interlace-mode=(string)progressive, multiview-mode=(string)mono, multiview-flags=(GstVideoMultiviewFlagsSet)0:ffffffff:/right-view-first/left-flipped/left-flopped/right-flipped/right-flopped/half-aspect/mixed-mono, pixel-aspect-ratio=(fraction)1/1, colorimetry=(string)bt709, framerate=(fraction)30/1
Got message #809 from pad "fakesink0:sink" (property-notify): GstMessagePropertyNotify, property-name=(string)caps, property-value=(GstCaps)"video/x-raw\,\ format\=\(string\)NV12\,\ width\=\(int\)1920\,\ height\=\(int\)1080\,\ interlace-mode\=\(string\)progressive\,\ multiview-mode\=\(string\)mono\,\ multiview-flags\=\(GstVideoMultiviewFlagsSet\)0:ffffffff:/right-view-first/left-flipped/left-flopped/right-flipped/right-flopped/half-aspect/mixed-mono\,\ pixel-aspect-ratio\=\(fraction\)1/1\,\ colorimetry\=\(string\)bt709\,\ framerate\=\(fraction\)30/1";
/GstPipeline:pipeline0/GstFakeSink:fakesink0.GstPad:sink: caps = video/x-raw, format=(string)NV12, width=(int)1920, height=(int)1080, interlace-mode=(string)progressive, multiview-mode=(string)mono, multiview-flags=(GstVideoMultiviewFlagsSet)0:ffffffff:/right-view-first/left-flipped/left-flopped/right-flipped/right-flopped/half-aspect/mixed-mono, pixel-aspect-ratio=(fraction)1/1, colorimetry=(string)bt709, framerate=(fraction)30/1
Got message #810 from element "vah264dec2" (have-context): GstMessageHaveContext, context=(GstContext)NULL;
Got context from element 'vah264dec2': gst.va.display.handle=context, gst-display=(GstObject)"\(GstVaDisplayDrm\)\ vadisplaydrm4", description=(string)"Intel\(R\)\ Gen\ Graphics", path=(string)/dev/dri/renderD128;
Got message #811 from element "vah264dec2" (property-notify): GstMessagePropertyNotify, property-name=(string)device-path, property-value=(string)/dev/dri/renderD128;
/GstPipeline:pipeline0/GstDecodeBin:decodebin1/GstVaH264Dec:vah264dec2: device-path = /dev/dri/renderD128
Got message #812 from element "vah264dec2" (state-changed): GstMessageStateChanged, old-state=(GstState)null, new-state=(GstState)ready, pending-state=(GstState)void-pending;
Got message #816 from element "vah264dec2" (state-changed): GstMessageStateChanged, old-state=(GstState)ready, new-state=(GstState)paused, pending-state=(GstState)void-pending;
Got message #817 from element "vah264dec2" (latency): no message details
Redistribute latency...
Got message #818 from pad "vah264dec2:sink" (property-notify): GstMessagePropertyNotify, property-name=(string)caps, property-value=(GstCaps)"video/x-h264\,\ stream-format\=\(string\)avc\,\ alignment\=\(string\)au\,\ level\=\(string\)4\,\ profile\=\(string\)high\,\ codec_data\=\(buffer\)01640028ffe1001e67640028acd940780227e5c05a808080a0000003002000000781e30632c001000668ebe3cb22c0\,\ width\=\(int\)1920\,\ height\=\(int\)1080\,\ framerate\=\(fraction\)30/1\,\ pixel-aspect-ratio\=\(fraction\)1/1\,\ colorimetry\=\(string\)bt709\,\ coded-picture-structure\=\(string\)frame\,\ chroma-format\=\(string\)4:2:0\,\ bit-depth-luma\=\(uint\)8\,\ bit-depth-chroma\=\(uint\)8\,\ parsed\=\(boolean\)true";
/GstPipeline:pipeline0/GstDecodeBin:decodebin1/GstVaH264Dec:vah264dec2.GstPad:sink: caps = video/x-h264, stream-format=(string)avc, alignment=(string)au, level=(string)4, profile=(string)high, codec_data=(buffer)01640028ffe1001e67640028acd940780227e5c05a808080a0000003002000000781e30632c001000668ebe3cb22c0, width=(int)1920, height=(int)1080, framerate=(fraction)30/1, pixel-aspect-ratio=(fraction)1/1, colorimetry=(string)bt709, coded-picture-structure=(string)frame, chroma-format=(string)4:2:0, bit-depth-luma=(uint)8, bit-depth-chroma=(uint)8, parsed=(boolean)true
Got message #819 from pad "capsfilter2:src" (property-notify): GstMessagePropertyNotify, property-name=(string)caps, property-value=(GstCaps)"video/x-h264\,\ stream-format\=\(string\)avc\,\ alignment\=\(string\)au\,\ level\=\(string\)4\,\ profile\=\(string\)high\,\ codec_data\=\(buffer\)01640028ffe1001e67640028acd940780227e5c05a808080a0000003002000000781e30632c001000668ebe3cb22c0\,\ width\=\(int\)1920\,\ height\=\(int\)1080\,\ framerate\=\(fraction\)30/1\,\ pixel-aspect-ratio\=\(fraction\)1/1\,\ colorimetry\=\(string\)bt709\,\ coded-picture-structure\=\(string\)frame\,\ chroma-format\=\(string\)4:2:0\,\ bit-depth-luma\=\(uint\)8\,\ bit-depth-chroma\=\(uint\)8\,\ parsed\=\(boolean\)true";
/GstPipeline:pipeline0/GstDecodeBin:decodebin1/GstCapsFilter:capsfilter2.GstPad:src: caps = video/x-h264, stream-format=(string)avc, alignment=(string)au, level=(string)4, profile=(string)high, codec_data=(buffer)01640028ffe1001e67640028acd940780227e5c05a808080a0000003002000000781e30632c001000668ebe3cb22c0, width=(int)1920, height=(int)1080, framerate=(fraction)30/1, pixel-aspect-ratio=(fraction)1/1, colorimetry=(string)bt709, coded-picture-structure=(string)frame, chroma-format=(string)4:2:0, bit-depth-luma=(uint)8, bit-depth-chroma=(uint)8, parsed=(boolean)true
Got message #820 from pad "capsfilter2:sink" (property-notify): GstMessagePropertyNotify, property-name=(string)caps, property-value=(GstCaps)"video/x-h264\,\ stream-format\=\(string\)avc\,\ alignment\=\(string\)au\,\ level\=\(string\)4\,\ profile\=\(string\)high\,\ codec_data\=\(buffer\)01640028ffe1001e67640028acd940780227e5c05a808080a0000003002000000781e30632c001000668ebe3cb22c0\,\ width\=\(int\)1920\,\ height\=\(int\)1080\,\ framerate\=\(fraction\)30/1\,\ pixel-aspect-ratio\=\(fraction\)1/1\,\ colorimetry\=\(string\)bt709\,\ coded-picture-structure\=\(string\)frame\,\ chroma-format\=\(string\)4:2:0\,\ bit-depth-luma\=\(uint\)8\,\ bit-depth-chroma\=\(uint\)8\,\ parsed\=\(boolean\)true";
/GstPipeline:pipeline0/GstDecodeBin:decodebin1/GstCapsFilter:capsfilter2.GstPad:sink: caps = video/x-h264, stream-format=(string)avc, alignment=(string)au, level=(string)4, profile=(string)high, codec_data=(buffer)01640028ffe1001e67640028acd940780227e5c05a808080a0000003002000000781e30632c001000668ebe3cb22c0, width=(int)1920, height=(int)1080, framerate=(fraction)30/1, pixel-aspect-ratio=(fraction)1/1, colorimetry=(string)bt709, coded-picture-structure=(string)frame, chroma-format=(string)4:2:0, bit-depth-luma=(uint)8, bit-depth-chroma=(uint)8, parsed=(boolean)true
Got message #821 from pad "h264parse3:sink" (property-notify): GstMessagePropertyNotify, property-name=(string)caps, property-value=(GstCaps)"video/x-h264\,\ stream-format\=\(string\)avc\,\ alignment\=\(string\)au\,\ level\=\(string\)4\,\ profile\=\(string\)high\,\ codec_data\=\(buffer\)01640028ffe1001e67640028acd940780227e5c05a808080a0000003002000000781e30632c001000668ebe3cb22c0fdf8f800\,\ width\=\(int\)1920\,\ height\=\(int\)1080\,\ framerate\=\(fraction\)30/1\,\ pixel-aspect-ratio\=\(fraction\)1/1\,\ colorimetry\=\(string\)bt709";
/GstPipeline:pipeline0/GstDecodeBin:decodebin1/GstH264Parse:h264parse3.GstPad:sink: caps = video/x-h264, stream-format=(string)avc, alignment=(string)au, level=(string)4, profile=(string)high, codec_data=(buffer)01640028ffe1001e67640028acd940780227e5c05a808080a0000003002000000781e30632c001000668ebe3cb22c0fdf8f800, width=(int)1920, height=(int)1080, framerate=(fraction)30/1, pixel-aspect-ratio=(fraction)1/1, colorimetry=(string)bt709
Got message #822 from element "multiqueue1" (property-notify): GstMessagePropertyNotify, property-name=(string)max-size-buffers, property-value=(uint)5;
/GstPipeline:pipeline0/GstDecodeBin:decodebin1/GstMultiQueue:multiqueue1: max-size-buffers = 5
Got message #823 from element "multiqueue1" (property-notify): GstMessagePropertyNotify, property-name=(string)max-size-time, property-value=(guint64)0;
/GstPipeline:pipeline0/GstDecodeBin:decodebin1/GstMultiQueue:multiqueue1: max-size-time = 0
Got message #824 from element "multiqueue1" (property-notify): GstMessagePropertyNotify, property-name=(string)max-size-bytes, property-value=(uint)8388608;
/GstPipeline:pipeline0/GstDecodeBin:decodebin1/GstMultiQueue:multiqueue1: max-size-bytes = 8388608
Got message #826 from pad "multiqueue1:sink_0" (property-notify): GstMessagePropertyNotify, property-name=(string)caps, property-value=(GstCaps)"video/x-h264\,\ stream-format\=\(string\)avc\,\ alignment\=\(string\)au\,\ level\=\(string\)4\,\ profile\=\(string\)high\,\ codec_data\=\(buffer\)01640028ffe1001e67640028acd940780227e5c05a808080a0000003002000000781e30632c001000668ebe3cb22c0fdf8f800\,\ width\=\(int\)1920\,\ height\=\(int\)1080\,\ framerate\=\(fraction\)30/1\,\ pixel-aspect-ratio\=\(fraction\)1/1\,\ colorimetry\=\(string\)bt709";
/GstPipeline:pipeline0/GstDecodeBin:decodebin1/GstMultiQueue:multiqueue1.GstMultiQueuePad:sink_0: caps = video/x-h264, stream-format=(string)avc, alignment=(string)au, level=(string)4, profile=(string)high, codec_data=(buffer)01640028ffe1001e67640028acd940780227e5c05a808080a0000003002000000781e30632c001000668ebe3cb22c0fdf8f800, width=(int)1920, height=(int)1080, framerate=(fraction)30/1, pixel-aspect-ratio=(fraction)1/1, colorimetry=(string)bt709
Got message #829 from element "multiqueue1" (property-notify): GstMessagePropertyNotify, property-name=(string)max-size-buffers, property-value=(uint)5;
/GstPipeline:pipeline0/GstDecodeBin:decodebin1/GstMultiQueue:multiqueue1: max-size-buffers = 5
Got message #830 from element "multiqueue1" (property-notify): GstMessagePropertyNotify, property-name=(string)max-size-time, property-value=(guint64)0;
/GstPipeline:pipeline0/GstDecodeBin:decodebin1/GstMultiQueue:multiqueue1: max-size-time = 0
Got message #831 from element "multiqueue1" (property-notify): GstMessagePropertyNotify, property-name=(string)max-size-bytes, property-value=(uint)8388608;
/GstPipeline:pipeline0/GstDecodeBin:decodebin1/GstMultiQueue:multiqueue1: max-size-bytes = 8388608
Got message #833 from element "h264parse3" (latency): no message details
Redistribute latency...
Got message #835 from pad "h264parse3:src" (property-notify): GstMessagePropertyNotify, property-name=(string)caps, property-value=(GstCaps)"video/x-h264\,\ stream-format\=\(string\)avc\,\ alignment\=\(string\)au\,\ level\=\(string\)4\,\ profile\=\(string\)high\,\ codec_data\=\(buffer\)01640028ffe1001e67640028acd940780227e5c05a808080a0000003002000000781e30632c001000668ebe3cb22c0\,\ width\=\(int\)1920\,\ height\=\(int\)1080\,\ framerate\=\(fraction\)30/1\,\ pixel-aspect-ratio\=\(fraction\)1/1\,\ colorimetry\=\(string\)bt709\,\ coded-picture-structure\=\(string\)frame\,\ chroma-format\=\(string\)4:2:0\,\ bit-depth-luma\=\(uint\)8\,\ bit-depth-chroma\=\(uint\)8\,\ parsed\=\(boolean\)true";
/GstPipeline:pipeline0/GstDecodeBin:decodebin1/GstH264Parse:h264parse3.GstPad:src: caps = video/x-h264, stream-format=(string)avc, alignment=(string)au, level=(string)4, profile=(string)high, codec_data=(buffer)01640028ffe1001e67640028acd940780227e5c05a808080a0000003002000000781e30632c001000668ebe3cb22c0, width=(int)1920, height=(int)1080, framerate=(fraction)30/1, pixel-aspect-ratio=(fraction)1/1, colorimetry=(string)bt709, coded-picture-structure=(string)frame, chroma-format=(string)4:2:0, bit-depth-luma=(uint)8, bit-depth-chroma=(uint)8, parsed=(boolean)true
Got message #836 from pad "capsfilter2:sink" (property-notify): GstMessagePropertyNotify, property-name=(string)caps, property-value=(GstCaps)"video/x-h264\,\ stream-format\=\(string\)avc\,\ alignment\=\(string\)au\,\ level\=\(string\)4\,\ profile\=\(string\)high\,\ codec_data\=\(buffer\)01640028ffe1001e67640028acd940780227e5c05a808080a0000003002000000781e30632c001000668ebe3cb22c0\,\ width\=\(int\)1920\,\ height\=\(int\)1080\,\ framerate\=\(fraction\)30/1\,\ pixel-aspect-ratio\=\(fraction\)1/1\,\ colorimetry\=\(string\)bt709\,\ coded-picture-structure\=\(string\)frame\,\ chroma-format\=\(string\)4:2:0\,\ bit-depth-luma\=\(uint\)8\,\ bit-depth-chroma\=\(uint\)8\,\ parsed\=\(boolean\)true";
/GstPipeline:pipeline0/GstDecodeBin:decodebin1/GstCapsFilter:capsfilter2.GstPad:sink: caps = video/x-h264, stream-format=(string)avc, alignment=(string)au, level=(string)4, profile=(string)high, codec_data=(buffer)01640028ffe1001e67640028acd940780227e5c05a808080a0000003002000000781e30632c001000668ebe3cb22c0, width=(int)1920, height=(int)1080, framerate=(fraction)30/1, pixel-aspect-ratio=(fraction)1/1, colorimetry=(string)bt709, coded-picture-structure=(string)frame, chroma-format=(string)4:2:0, bit-depth-luma=(uint)8, bit-depth-chroma=(uint)8, parsed=(boolean)true
Got message #840 from pad "h264parse3:src" (property-notify): GstMessagePropertyNotify, property-name=(string)caps, property-value=(GstCaps)"video/x-h264\,\ stream-format\=\(string\)avc\,\ alignment\=\(string\)au\,\ level\=\(string\)4\,\ profile\=\(string\)high\,\ codec_data\=\(buffer\)01640028ffe1001e67640028acd940780227e5c05a808080a0000003002000000781e30632c001000668ebe3cb22c0\,\ width\=\(int\)1920\,\ height\=\(int\)1080\,\ framerate\=\(fraction\)30/1\,\ pixel-aspect-ratio\=\(fraction\)1/1\,\ colorimetry\=\(string\)bt709\,\ coded-picture-structure\=\(string\)frame\,\ chroma-format\=\(string\)4:2:0\,\ bit-depth-luma\=\(uint\)8\,\ bit-depth-chroma\=\(uint\)8\,\ parsed\=\(boolean\)true";
/GstPipeline:pipeline0/GstDecodeBin:decodebin1/GstH264Parse:h264parse3.GstPad:src: caps = video/x-h264, stream-format=(string)avc, alignment=(string)au, level=(string)4, profile=(string)high, codec_data=(buffer)01640028ffe1001e67640028acd940780227e5c05a808080a0000003002000000781e30632c001000668ebe3cb22c0, width=(int)1920, height=(int)1080, framerate=(fraction)30/1, pixel-aspect-ratio=(fraction)1/1, colorimetry=(string)bt709, coded-picture-structure=(string)frame, chroma-format=(string)4:2:0, bit-depth-luma=(uint)8, bit-depth-chroma=(uint)8, parsed=(boolean)true
Got message #841 from pad "capsfilter2:sink" (property-notify): GstMessagePropertyNotify, property-name=(string)caps, property-value=(GstCaps)"video/x-h264\,\ stream-format\=\(string\)avc\,\ alignment\=\(string\)au\,\ level\=\(string\)4\,\ profile\=\(string\)high\,\ codec_data\=\(buffer\)01640028ffe1001e67640028acd940780227e5c05a808080a0000003002000000781e30632c001000668ebe3cb22c0\,\ width\=\(int\)1920\,\ height\=\(int\)1080\,\ framerate\=\(fraction\)30/1\,\ pixel-aspect-ratio\=\(fraction\)1/1\,\ colorimetry\=\(string\)bt709\,\ coded-picture-structure\=\(string\)frame\,\ chroma-format\=\(string\)4:2:0\,\ bit-depth-luma\=\(uint\)8\,\ bit-depth-chroma\=\(uint\)8\,\ parsed\=\(boolean\)true";
/GstPipeline:pipeline0/GstDecodeBin:decodebin1/GstCapsFilter:capsfilter2.GstPad:sink: caps = video/x-h264, stream-format=(string)avc, alignment=(string)au, level=(string)4, profile=(string)high, codec_data=(buffer)01640028ffe1001e67640028acd940780227e5c05a808080a0000003002000000781e30632c001000668ebe3cb22c0, width=(int)1920, height=(int)1080, framerate=(fraction)30/1, pixel-aspect-ratio=(fraction)1/1, colorimetry=(string)bt709, coded-picture-structure=(string)frame, chroma-format=(string)4:2:0, bit-depth-luma=(uint)8, bit-depth-chroma=(uint)8, parsed=(boolean)true
Got message #842 from element "h264parse3" (duration-changed): GstMessageDurationChanged;
Got message #846 from element "multiqueue1" (property-notify): GstMessagePropertyNotify, property-name=(string)max-size-buffers, property-value=(uint)5;
/GstPipeline:pipeline0/GstDecodeBin:decodebin1/GstMultiQueue:multiqueue1: max-size-buffers = 5
Got message #847 from element "multiqueue1" (property-notify): GstMessagePropertyNotify, property-name=(string)max-size-time, property-value=(guint64)0;
/GstPipeline:pipeline0/GstDecodeBin:decodebin1/GstMultiQueue:multiqueue1: max-size-time = 0
Got message #848 from element "multiqueue1" (property-notify): GstMessagePropertyNotify, property-name=(string)max-size-bytes, property-value=(uint)8388608;
/GstPipeline:pipeline0/GstDecodeBin:decodebin1/GstMultiQueue:multiqueue1: max-size-bytes = 8388608
Got message #853 from element "fakesink3" (tag): GstMessageTag, taglist=(taglist)"taglist\,\ video-codec\=\(string\)\"H.264\\\ /\\\ AVC\"\,\ maximum-bitrate\=\(uint\)4870302\,\ bitrate\=\(uint\)4870302\,\ container-specific-track-id\=\(string\)1\;";
Got message #854 from element "fakesink3" (tag): GstMessageTag, taglist=(taglist)"taglist\,\ encoder\=\(string\)Lavf60.16.100\,\ container-format\=\(string\)\"ISO\\\ MP4/M4A\"\;";
Got message #855 from element "fakesink3" (tag): GstMessageTag, taglist=(taglist)"taglist\,\ video-codec\=\(string\)\"H.264\\\ \\\(High\\\ Profile\\\)\"\,\ maximum-bitrate\=\(uint\)4870302\,\ bitrate\=\(uint\)4870302\,\ container-specific-track-id\=\(string\)1\;";
Got message #857 from pad "vah264dec2:src" (property-notify): GstMessagePropertyNotify, property-name=(string)caps, property-value=(GstCaps)"video/x-raw\,\ format\=\(string\)NV12\,\ width\=\(int\)1920\,\ height\=\(int\)1080\,\ interlace-mode\=\(string\)progressive\,\ multiview-mode\=\(string\)mono\,\ multiview-flags\=\(GstVideoMultiviewFlagsSet\)0:ffffffff:/right-view-first/left-flipped/left-flopped/right-flipped/right-flopped/half-aspect/mixed-mono\,\ pixel-aspect-ratio\=\(fraction\)1/1\,\ colorimetry\=\(string\)bt709\,\ framerate\=\(fraction\)30/1";
/GstPipeline:pipeline0/GstDecodeBin:decodebin1/GstVaH264Dec:vah264dec2.GstPad:src: caps = video/x-raw, format=(string)NV12, width=(int)1920, height=(int)1080, interlace-mode=(string)progressive, multiview-mode=(string)mono, multiview-flags=(GstVideoMultiviewFlagsSet)0:ffffffff:/right-view-first/left-flipped/left-flopped/right-flipped/right-flopped/half-aspect/mixed-mono, pixel-aspect-ratio=(fraction)1/1, colorimetry=(string)bt709, framerate=(fraction)30/1
Got message #863 from element "decodebin1" (state-changed): GstMessageStateChanged, old-state=(GstState)ready, new-state=(GstState)paused, pending-state=(GstState)void-pending;
Got message #865 from element "pipeline0" (state-changed): GstMessageStateChanged, old-state=(GstState)ready, new-state=(GstState)paused, pending-state=(GstState)void-pending;
Pipeline is PREROLLED ...
Setting pipeline to PLAYING ...
Got message #864 from element "pipeline0" (async-done): GstMessageAsyncDone, running-time=(guint64)18446744073709551615;
Got message #866 from pad "queue1:sink" (property-notify): GstMessagePropertyNotify, property-name=(string)caps, property-value=(GstCaps)"video/x-raw\,\ format\=\(string\)NV12\,\ width\=\(int\)1920\,\ height\=\(int\)1080\,\ interlace-mode\=\(string\)progressive\,\ multiview-mode\=\(string\)mono\,\ multiview-flags\=\(GstVideoMultiviewFlagsSet\)0:ffffffff:/right-view-first/left-flipped/left-flopped/right-flipped/right-flopped/half-aspect/mixed-mono\,\ pixel-aspect-ratio\=\(fraction\)1/1\,\ colorimetry\=\(string\)bt709\,\ framerate\=\(fraction\)30/1";
/GstPipeline:pipeline0/GstQueue:queue1.GstPad:sink: caps = video/x-raw, format=(string)NV12, width=(int)1920, height=(int)1080, interlace-mode=(string)progressive, multiview-mode=(string)mono, multiview-flags=(GstVideoMultiviewFlagsSet)0:ffffffff:/right-view-first/left-flipped/left-flopped/right-flipped/right-flopped/half-aspect/mixed-mono, pixel-aspect-ratio=(fraction)1/1, colorimetry=(string)bt709, framerate=(fraction)30/1
Got message #867 from pad "src_0:proxypad13" (property-notify): GstMessagePropertyNotify, property-name=(string)caps, property-value=(GstCaps)"video/x-raw\,\ format\=\(string\)NV12\,\ width\=\(int\)1920\,\ height\=\(int\)1080\,\ interlace-mode\=\(string\)progressive\,\ multiview-mode\=\(string\)mono\,\ multiview-flags\=\(GstVideoMultiviewFlagsSet\)0:ffffffff:/right-view-first/left-flipped/left-flopped/right-flipped/right-flopped/half-aspect/mixed-mono\,\ pixel-aspect-ratio\=\(fraction\)1/1\,\ colorimetry\=\(string\)bt709\,\ framerate\=\(fraction\)30/1";
/GstPipeline:pipeline0/GstDecodeBin:decodebin1.GstDecodePad:src_0.GstProxyPad:proxypad13: caps = video/x-raw, format=(string)NV12, width=(int)1920, height=(int)1080, interlace-mode=(string)progressive, multiview-mode=(string)mono, multiview-flags=(GstVideoMultiviewFlagsSet)0:ffffffff:/right-view-first/left-flipped/left-flopped/right-flipped/right-flopped/half-aspect/mixed-mono, pixel-aspect-ratio=(fraction)1/1, colorimetry=(string)bt709, framerate=(fraction)30/1
Got message #868 from element "pipeline0" (new-clock): GstMessageNewClock, clock=(GstClock)"\(GstSystemClock\)\ GstSystemClock";
New clock: GstSystemClock
Got message #870 from pad "queue1:src" (property-notify): GstMessagePropertyNotify, property-name=(string)caps, property-value=(GstCaps)"video/x-raw\,\ format\=\(string\)NV12\,\ width\=\(int\)1920\,\ height\=\(int\)1080\,\ interlace-mode\=\(string\)progressive\,\ multiview-mode\=\(string\)mono\,\ multiview-flags\=\(GstVideoMultiviewFlagsSet\)0:ffffffff:/right-view-first/left-flipped/left-flopped/right-flipped/right-flopped/half-aspect/mixed-mono\,\ pixel-aspect-ratio\=\(fraction\)1/1\,\ colorimetry\=\(string\)bt709\,\ framerate\=\(fraction\)30/1";
/GstPipeline:pipeline0/GstQueue:queue1.GstPad:src: caps = video/x-raw, format=(string)NV12, width=(int)1920, height=(int)1080, interlace-mode=(string)progressive, multiview-mode=(string)mono, multiview-flags=(GstVideoMultiviewFlagsSet)0:ffffffff:/right-view-first/left-flipped/left-flopped/right-flipped/right-flopped/half-aspect/mixed-mono, pixel-aspect-ratio=(fraction)1/1, colorimetry=(string)bt709, framerate=(fraction)30/1
Got message #872 from pad "in:sink_1" (property-notify): GstMessagePropertyNotify, property-name=(string)caps, property-value=(GstCaps)"video/x-raw\,\ format\=\(string\)NV12\,\ width\=\(int\)1920\,\ height\=\(int\)1080\,\ interlace-mode\=\(string\)progressive\,\ multiview-mode\=\(string\)mono\,\ multiview-flags\=\(GstVideoMultiviewFlagsSet\)0:ffffffff:/right-view-first/left-flipped/left-flopped/right-flipped/right-flopped/half-aspect/mixed-mono\,\ pixel-aspect-ratio\=\(fraction\)1/1\,\ colorimetry\=\(string\)bt709\,\ framerate\=\(fraction\)30/1";
/GstPipeline:pipeline0/GstDxInputSelector:in.GstAggregatorPad:sink_1: caps = video/x-raw, format=(string)NV12, width=(int)1920, height=(int)1080, interlace-mode=(string)progressive, multiview-mode=(string)mono, multiview-flags=(GstVideoMultiviewFlagsSet)0:ffffffff:/right-view-first/left-flipped/left-flopped/right-flipped/right-flopped/half-aspect/mixed-mono, pixel-aspect-ratio=(fraction)1/1, colorimetry=(string)bt709, framerate=(fraction)30/1
Got message #875 from element "fakesink3" (state-changed): GstMessageStateChanged, old-state=(GstState)paused, new-state=(GstState)playing, pending-state=(GstState)void-pending;
Got message #876 from element "fakesink2" (state-changed): GstMessageStateChanged, old-state=(GstState)paused, new-state=(GstState)playing, pending-state=(GstState)void-pending;
Got message #877 from element "fakesink1" (state-changed): GstMessageStateChanged, old-state=(GstState)paused, new-state=(GstState)playing, pending-state=(GstState)void-pending;
Got message #878 from element "fakesink0" (state-changed): GstMessageStateChanged, old-state=(GstState)paused, new-state=(GstState)playing, pending-state=(GstState)void-pending;
Got message #879 from element "queue10" (state-changed): GstMessageStateChanged, old-state=(GstState)paused, new-state=(GstState)playing, pending-state=(GstState)void-pending;
Got message #880 from element "queue9" (state-changed): GstMessageStateChanged, old-state=(GstState)paused, new-state=(GstState)playing, pending-state=(GstState)void-pending;
Got message #881 from element "queue8" (state-changed): GstMessageStateChanged, old-state=(GstState)paused, new-state=(GstState)playing, pending-state=(GstState)void-pending;
Got message #882 from element "queue7" (state-changed): GstMessageStateChanged, old-state=(GstState)paused, new-state=(GstState)playing, pending-state=(GstState)void-pending;
Got message #883 from element "out" (state-changed): GstMessageStateChanged, old-state=(GstState)paused, new-state=(GstState)playing, pending-state=(GstState)void-pending;
Got message #884 from element "queue6" (state-changed): GstMessageStateChanged, old-state=(GstState)paused, new-state=(GstState)playing, pending-state=(GstState)void-pending;
Got message #885 from element "dxpostprocess0" (state-changed): GstMessageStateChanged, old-state=(GstState)paused, new-state=(GstState)playing, pending-state=(GstState)void-pending;
Got message #886 from element "queue5" (state-changed): GstMessageStateChanged, old-state=(GstState)paused, new-state=(GstState)playing, pending-state=(GstState)void-pending;
Got message #887 from element "dxinfer0" (state-changed): GstMessageStateChanged, old-state=(GstState)paused, new-state=(GstState)playing, pending-state=(GstState)void-pending;
Got message #888 from element "queue4" (state-changed): GstMessageStateChanged, old-state=(GstState)paused, new-state=(GstState)playing, pending-state=(GstState)void-pending;
Got message #889 from element "dxpreprocess0" (state-changed): GstMessageStateChanged, old-state=(GstState)paused, new-state=(GstState)playing, pending-state=(GstState)void-pending;
Got message #890 from element "in" (state-changed): GstMessageStateChanged, old-state=(GstState)paused, new-state=(GstState)playing, pending-state=(GstState)void-pending;
Got message #891 from element "queue0" (state-changed): GstMessageStateChanged, old-state=(GstState)paused, new-state=(GstState)playing, pending-state=(GstState)void-pending;
Got message #892 from element "queue1" (state-changed): GstMessageStateChanged, old-state=(GstState)paused, new-state=(GstState)playing, pending-state=(GstState)void-pending;
Got message #893 from element "queue2" (state-changed): GstMessageStateChanged, old-state=(GstState)paused, new-state=(GstState)playing, pending-state=(GstState)void-pending;
Got message #894 from element "queue3" (state-changed): GstMessageStateChanged, old-state=(GstState)paused, new-state=(GstState)playing, pending-state=(GstState)void-pending;
Got message #895 from element "vah264dec3" (state-changed): GstMessageStateChanged, old-state=(GstState)paused, new-state=(GstState)playing, pending-state=(GstState)void-pending;
Got message #896 from element "capsfilter3" (state-changed): GstMessageStateChanged, old-state=(GstState)paused, new-state=(GstState)playing, pending-state=(GstState)void-pending;
Got message #897 from element "h264parse0" (state-changed): GstMessageStateChanged, old-state=(GstState)paused, new-state=(GstState)playing, pending-state=(GstState)void-pending;
Got message #898 from element "multiqueue0" (state-changed): GstMessageStateChanged, old-state=(GstState)paused, new-state=(GstState)playing, pending-state=(GstState)void-pending;
Got message #899 from element "qtdemux2" (state-changed): GstMessageStateChanged, old-state=(GstState)paused, new-state=(GstState)playing, pending-state=(GstState)void-pending;
Got message #900 from element "typefind" (state-changed): GstMessageStateChanged, old-state=(GstState)paused, new-state=(GstState)playing, pending-state=(GstState)void-pending;
Got message #901 from element "decodebin0" (state-changed): GstMessageStateChanged, old-state=(GstState)paused, new-state=(GstState)playing, pending-state=(GstState)void-pending;
Got message #902 from element "vah264dec2" (state-changed): GstMessageStateChanged, old-state=(GstState)paused, new-state=(GstState)playing, pending-state=(GstState)void-pending;
Got message #903 from element "capsfilter2" (state-changed): GstMessageStateChanged, old-state=(GstState)paused, new-state=(GstState)playing, pending-state=(GstState)void-pending;
Got message #904 from element "h264parse3" (state-changed): GstMessageStateChanged, old-state=(GstState)paused, new-state=(GstState)playing, pending-state=(GstState)void-pending;
Got message #905 from element "multiqueue1" (state-changed): GstMessageStateChanged, old-state=(GstState)paused, new-state=(GstState)playing, pending-state=(GstState)void-pending;
Got message #906 from element "qtdemux1" (state-changed): GstMessageStateChanged, old-state=(GstState)paused, new-state=(GstState)playing, pending-state=(GstState)void-pending;
Got message #907 from element "typefind" (state-changed): GstMessageStateChanged, old-state=(GstState)paused, new-state=(GstState)playing, pending-state=(GstState)void-pending;
Got message #908 from element "decodebin1" (state-changed): GstMessageStateChanged, old-state=(GstState)paused, new-state=(GstState)playing, pending-state=(GstState)void-pending;
Got message #909 from element "vah264dec1" (state-changed): GstMessageStateChanged, old-state=(GstState)paused, new-state=(GstState)playing, pending-state=(GstState)void-pending;
Got message #910 from element "capsfilter1" (state-changed): GstMessageStateChanged, old-state=(GstState)paused, new-state=(GstState)playing, pending-state=(GstState)void-pending;
Got message #911 from element "h264parse2" (state-changed): GstMessageStateChanged, old-state=(GstState)paused, new-state=(GstState)playing, pending-state=(GstState)void-pending;
Got message #912 from element "multiqueue3" (state-changed): GstMessageStateChanged, old-state=(GstState)paused, new-state=(GstState)playing, pending-state=(GstState)void-pending;
Got message #913 from element "qtdemux0" (state-changed): GstMessageStateChanged, old-state=(GstState)paused, new-state=(GstState)playing, pending-state=(GstState)void-pending;
Got message #914 from element "typefind" (state-changed): GstMessageStateChanged, old-state=(GstState)paused, new-state=(GstState)playing, pending-state=(GstState)void-pending;
Got message #915 from element "decodebin2" (state-changed): GstMessageStateChanged, old-state=(GstState)paused, new-state=(GstState)playing, pending-state=(GstState)void-pending;
Got message #916 from element "vah264dec0" (state-changed): GstMessageStateChanged, old-state=(GstState)paused, new-state=(GstState)playing, pending-state=(GstState)void-pending;
Got message #917 from element "capsfilter0" (state-changed): GstMessageStateChanged, old-state=(GstState)paused, new-state=(GstState)playing, pending-state=(GstState)void-pending;
Got message #918 from element "h264parse1" (state-changed): GstMessageStateChanged, old-state=(GstState)paused, new-state=(GstState)playing, pending-state=(GstState)void-pending;
Got message #919 from element "multiqueue2" (state-changed): GstMessageStateChanged, old-state=(GstState)paused, new-state=(GstState)playing, pending-state=(GstState)void-pending;
Got message #920 from element "qtdemux3" (state-changed): GstMessageStateChanged, old-state=(GstState)paused, new-state=(GstState)playing, pending-state=(GstState)void-pending;
Got message #921 from element "typefind" (state-changed): GstMessageStateChanged, old-state=(GstState)paused, new-state=(GstState)playing, pending-state=(GstState)void-pending;
Got message #922 from element "decodebin3" (state-changed): GstMessageStateChanged, old-state=(GstState)paused, new-state=(GstState)playing, pending-state=(GstState)void-pending;
Got message #923 from element "typefindelement3" (state-changed): GstMessageStateChanged, old-state=(GstState)paused, new-state=(GstState)playing, pending-state=(GstState)void-pending;
Got message #924 from element "filesrc3" (state-changed): GstMessageStateChanged, old-state=(GstState)paused, new-state=(GstState)playing, pending-state=(GstState)void-pending;
Got message #925 from element "urisourcebin0" (state-changed): GstMessageStateChanged, old-state=(GstState)paused, new-state=(GstState)playing, pending-state=(GstState)void-pending;
Got message #926 from element "typefindelement2" (state-changed): GstMessageStateChanged, old-state=(GstState)paused, new-state=(GstState)playing, pending-state=(GstState)void-pending;
Got message #927 from element "filesrc2" (state-changed): GstMessageStateChanged, old-state=(GstState)paused, new-state=(GstState)playing, pending-state=(GstState)void-pending;
Got message #928 from element "urisourcebin1" (state-changed): GstMessageStateChanged, old-state=(GstState)paused, new-state=(GstState)playing, pending-state=(GstState)void-pending;
Got message #929 from element "typefindelement1" (state-changed): GstMessageStateChanged, old-state=(GstState)paused, new-state=(GstState)playing, pending-state=(GstState)void-pending;
Got message #930 from element "filesrc1" (state-changed): GstMessageStateChanged, old-state=(GstState)paused, new-state=(GstState)playing, pending-state=(GstState)void-pending;
Got message #931 from element "urisourcebin2" (state-changed): GstMessageStateChanged, old-state=(GstState)paused, new-state=(GstState)playing, pending-state=(GstState)void-pending;
Got message #932 from element "typefindelement0" (state-changed): GstMessageStateChanged, old-state=(GstState)paused, new-state=(GstState)playing, pending-state=(GstState)void-pending;
Got message #933 from element "filesrc0" (state-changed): GstMessageStateChanged, old-state=(GstState)paused, new-state=(GstState)playing, pending-state=(GstState)void-pending;
Got message #934 from element "urisourcebin3" (state-changed): GstMessageStateChanged, old-state=(GstState)paused, new-state=(GstState)playing, pending-state=(GstState)void-pending;
Got message #935 from element "pipeline0" (state-changed): GstMessageStateChanged, old-state=(GstState)paused, new-state=(GstState)playing, pending-state=(GstState)void-pending;
Got message #936 from pad "out:src_1" (property-notify): GstMessagePropertyNotify, property-name=(string)caps, property-value=(GstCaps)"video/x-raw\,\ format\=\(string\)NV12\,\ width\=\(int\)1920\,\ height\=\(int\)1080\,\ interlace-mode\=\(string\)progressive\,\ multiview-mode\=\(string\)mono\,\ multiview-flags\=\(GstVideoMultiviewFlagsSet\)0:ffffffff:/right-view-first/left-flipped/left-flopped/right-flipped/right-flopped/half-aspect/mixed-mono\,\ pixel-aspect-ratio\=\(fraction\)1/1\,\ colorimetry\=\(string\)bt709\,\ framerate\=\(fraction\)30/1";
/GstPipeline:pipeline0/GstDxOutputSelector:out.GstPad:src_1: caps = video/x-raw, format=(string)NV12, width=(int)1920, height=(int)1080, interlace-mode=(string)progressive, multiview-mode=(string)mono, multiview-flags=(GstVideoMultiviewFlagsSet)0:ffffffff:/right-view-first/left-flipped/left-flopped/right-flipped/right-flopped/half-aspect/mixed-mono, pixel-aspect-ratio=(fraction)1/1, colorimetry=(string)bt709, framerate=(fraction)30/1
Got message #937 from pad "queue8:sink" (property-notify): GstMessagePropertyNotify, property-name=(string)caps, property-value=(GstCaps)"video/x-raw\,\ format\=\(string\)NV12\,\ width\=\(int\)1920\,\ height\=\(int\)1080\,\ interlace-mode\=\(string\)progressive\,\ multiview-mode\=\(string\)mono\,\ multiview-flags\=\(GstVideoMultiviewFlagsSet\)0:ffffffff:/right-view-first/left-flipped/left-flopped/right-flipped/right-flopped/half-aspect/mixed-mono\,\ pixel-aspect-ratio\=\(fraction\)1/1\,\ colorimetry\=\(string\)bt709\,\ framerate\=\(fraction\)30/1";
/GstPipeline:pipeline0/GstQueue:queue8.GstPad:sink: caps = video/x-raw, format=(string)NV12, width=(int)1920, height=(int)1080, interlace-mode=(string)progressive, multiview-mode=(string)mono, multiview-flags=(GstVideoMultiviewFlagsSet)0:ffffffff:/right-view-first/left-flipped/left-flopped/right-flipped/right-flopped/half-aspect/mixed-mono, pixel-aspect-ratio=(fraction)1/1, colorimetry=(string)bt709, framerate=(fraction)30/1
Got message #938 from pad "queue8:src" (property-notify): GstMessagePropertyNotify, property-name=(string)caps, property-value=(GstCaps)"video/x-raw\,\ format\=\(string\)NV12\,\ width\=\(int\)1920\,\ height\=\(int\)1080\,\ interlace-mode\=\(string\)progressive\,\ multiview-mode\=\(string\)mono\,\ multiview-flags\=\(GstVideoMultiviewFlagsSet\)0:ffffffff:/right-view-first/left-flipped/left-flopped/right-flipped/right-flopped/half-aspect/mixed-mono\,\ pixel-aspect-ratio\=\(fraction\)1/1\,\ colorimetry\=\(string\)bt709\,\ framerate\=\(fraction\)30/1";
/GstPipeline:pipeline0/GstQueue:queue8.GstPad:src: caps = video/x-raw, format=(string)NV12, width=(int)1920, height=(int)1080, interlace-mode=(string)progressive, multiview-mode=(string)mono, multiview-flags=(GstVideoMultiviewFlagsSet)0:ffffffff:/right-view-first/left-flipped/left-flopped/right-flipped/right-flopped/half-aspect/mixed-mono, pixel-aspect-ratio=(fraction)1/1, colorimetry=(string)bt709, framerate=(fraction)30/1
Got message #939 from pad "fakesink1:sink" (property-notify): GstMessagePropertyNotify, property-name=(string)caps, property-value=(GstCaps)"video/x-raw\,\ format\=\(string\)NV12\,\ width\=\(int\)1920\,\ height\=\(int\)1080\,\ interlace-mode\=\(string\)progressive\,\ multiview-mode\=\(string\)mono\,\ multiview-flags\=\(GstVideoMultiviewFlagsSet\)0:ffffffff:/right-view-first/left-flipped/left-flopped/right-flipped/right-flopped/half-aspect/mixed-mono\,\ pixel-aspect-ratio\=\(fraction\)1/1\,\ colorimetry\=\(string\)bt709\,\ framerate\=\(fraction\)30/1";
/GstPipeline:pipeline0/GstFakeSink:fakesink1.GstPad:sink: caps = video/x-raw, format=(string)NV12, width=(int)1920, height=(int)1080, interlace-mode=(string)progressive, multiview-mode=(string)mono, multiview-flags=(GstVideoMultiviewFlagsSet)0:ffffffff:/right-view-first/left-flipped/left-flopped/right-flipped/right-flopped/half-aspect/mixed-mono, pixel-aspect-ratio=(fraction)1/1, colorimetry=(string)bt709, framerate=(fraction)30/1
Got message #944 from element "fakesink2" (tag): GstMessageTag, taglist=(taglist)"taglist\,\ video-codec\=\(string\)\"H.264\\\ /\\\ AVC\"\,\ maximum-bitrate\=\(uint\)4870302\,\ bitrate\=\(uint\)4870302\,\ container-specific-track-id\=\(string\)1\;";
Got message #945 from element "fakesink2" (tag): GstMessageTag, taglist=(taglist)"taglist\,\ encoder\=\(string\)Lavf60.16.100\,\ container-format\=\(string\)\"ISO\\\ MP4/M4A\"\;";
Got message #946 from element "fakesink2" (tag): GstMessageTag, taglist=(taglist)"taglist\,\ video-codec\=\(string\)\"H.264\\\ \\\(High\\\ Profile\\\)\"\,\ maximum-bitrate\=\(uint\)4870302\,\ bitrate\=\(uint\)4870302\,\ container-specific-track-id\=\(string\)1\;";
Got message #951 from element "fakesink0" (tag): GstMessageTag, taglist=(taglist)"taglist\,\ video-codec\=\(string\)\"H.264\\\ /\\\ AVC\"\,\ maximum-bitrate\=\(uint\)4870302\,\ bitrate\=\(uint\)4870302\,\ container-specific-track-id\=\(string\)1\;";
Got message #952 from element "fakesink0" (tag): GstMessageTag, taglist=(taglist)"taglist\,\ encoder\=\(string\)Lavf60.16.100\,\ container-format\=\(string\)\"ISO\\\ MP4/M4A\"\;";
Got message #953 from element "fakesink0" (tag): GstMessageTag, taglist=(taglist)"taglist\,\ video-codec\=\(string\)\"H.264\\\ \\\(High\\\ Profile\\\)\"\,\ maximum-bitrate\=\(uint\)4870302\,\ bitrate\=\(uint\)4870302\,\ container-specific-track-id\=\(string\)1\;";
Got message #954 from element "vah264dec0" (latency): no message details
Redistribute latency...
Got message #962 from pad "in:src" (property-notify): GstMessagePropertyNotify, property-name=(string)caps, property-value=(GstCaps)"application/x-dxvideoraw\,\ width\=\(int\)1\,\ height\=\(int\)1\,\ framerate\=\(fraction\)0/1";
/GstPipeline:pipeline0/GstDxInputSelector:in.GstAggregatorPad:src: caps = application/x-dxvideoraw, width=(int)1, height=(int)1, framerate=(fraction)0/1
Got message #964 from pad "dxpreprocess0:src" (property-notify): GstMessagePropertyNotify, property-name=(string)caps, property-value=(GstCaps)"application/x-dxvideoraw\,\ width\=\(int\)1\,\ height\=\(int\)1\,\ framerate\=\(fraction\)0/1";
/GstPipeline:pipeline0/GstDxPreprocess:dxpreprocess0.GstPad:src: caps = application/x-dxvideoraw, width=(int)1, height=(int)1, framerate=(fraction)0/1
Got message #965 from pad "queue4:sink" (property-notify): GstMessagePropertyNotify, property-name=(string)caps, property-value=(GstCaps)"application/x-dxvideoraw\,\ width\=\(int\)1\,\ height\=\(int\)1\,\ framerate\=\(fraction\)0/1";
/GstPipeline:pipeline0/GstQueue:queue4.GstPad:sink: caps = application/x-dxvideoraw, width=(int)1, height=(int)1, framerate=(fraction)0/1
Got message #966 from pad "dxpreprocess0:sink" (property-notify): GstMessagePropertyNotify, property-name=(string)caps, property-value=(GstCaps)"application/x-dxvideoraw\,\ width\=\(int\)1\,\ height\=\(int\)1\,\ framerate\=\(fraction\)0/1";
/GstPipeline:pipeline0/GstDxPreprocess:dxpreprocess0.GstPad:sink: caps = application/x-dxvideoraw, width=(int)1, height=(int)1, framerate=(fraction)0/1
Got message #967 from pad "queue4:src" (property-notify): GstMessagePropertyNotify, property-name=(string)caps, property-value=(GstCaps)"application/x-dxvideoraw\,\ width\=\(int\)1\,\ height\=\(int\)1\,\ framerate\=\(fraction\)0/1";
/GstPipeline:pipeline0/GstQueue:queue4.GstPad:src: caps = application/x-dxvideoraw, width=(int)1, height=(int)1, framerate=(fraction)0/1
Got message #968 from pad "dxinfer0:src" (property-notify): GstMessagePropertyNotify, property-name=(string)caps, property-value=(GstCaps)"application/x-dxvideoraw\,\ width\=\(int\)1\,\ height\=\(int\)1\,\ framerate\=\(fraction\)0/1";
/GstPipeline:pipeline0/GstDxInfer:dxinfer0.GstPad:src: caps = application/x-dxvideoraw, width=(int)1, height=(int)1, framerate=(fraction)0/1
Got message #969 from pad "queue5:sink" (property-notify): GstMessagePropertyNotify, property-name=(string)caps, property-value=(GstCaps)"application/x-dxvideoraw\,\ width\=\(int\)1\,\ height\=\(int\)1\,\ framerate\=\(fraction\)0/1";
/GstPipeline:pipeline0/GstQueue:queue5.GstPad:sink: caps = application/x-dxvideoraw, width=(int)1, height=(int)1, framerate=(fraction)0/1
Got message #970 from pad "dxinfer0:sink" (property-notify): GstMessagePropertyNotify, property-name=(string)caps, property-value=(GstCaps)"application/x-dxvideoraw\,\ width\=\(int\)1\,\ height\=\(int\)1\,\ framerate\=\(fraction\)0/1";
/GstPipeline:pipeline0/GstDxInfer:dxinfer0.GstPad:sink: caps = application/x-dxvideoraw, width=(int)1, height=(int)1, framerate=(fraction)0/1
Got message #971 from element "fakesink1" (tag): GstMessageTag, taglist=(taglist)"taglist\,\ video-codec\=\(string\)\"H.264\\\ /\\\ AVC\"\,\ maximum-bitrate\=\(uint\)4870302\,\ bitrate\=\(uint\)4870302\,\ container-specific-track-id\=\(string\)1\;";
Got message #972 from element "fakesink1" (tag): GstMessageTag, taglist=(taglist)"taglist\,\ encoder\=\(string\)Lavf60.16.100\,\ container-format\=\(string\)\"ISO\\\ MP4/M4A\"\;";
Got message #973 from element "fakesink1" (tag): GstMessageTag, taglist=(taglist)"taglist\,\ video-codec\=\(string\)\"H.264\\\ \\\(High\\\ Profile\\\)\"\,\ maximum-bitrate\=\(uint\)4870302\,\ bitrate\=\(uint\)4870302\,\ container-specific-track-id\=\(string\)1\;";
Got message #974 from pad "queue5:src" (property-notify): GstMessagePropertyNotify, property-name=(string)caps, property-value=(GstCaps)"application/x-dxvideoraw\,\ width\=\(int\)1\,\ height\=\(int\)1\,\ framerate\=\(fraction\)0/1";
/GstPipeline:pipeline0/GstQueue:queue5.GstPad:src: caps = application/x-dxvideoraw, width=(int)1, height=(int)1, framerate=(fraction)0/1
Got message #976 from pad "dxpostprocess0:src" (property-notify): GstMessagePropertyNotify, property-name=(string)caps, property-value=(GstCaps)"application/x-dxvideoraw\,\ width\=\(int\)1\,\ height\=\(int\)1\,\ framerate\=\(fraction\)0/1";
/GstPipeline:pipeline0/GstDxPostprocess:dxpostprocess0.GstPad:src: caps = application/x-dxvideoraw, width=(int)1, height=(int)1, framerate=(fraction)0/1
Got message #977 from pad "queue6:src" (property-notify): GstMessagePropertyNotify, property-name=(string)caps, property-value=(GstCaps)"application/x-dxvideoraw\,\ width\=\(int\)1\,\ height\=\(int\)1\,\ framerate\=\(fraction\)0/1";
/GstPipeline:pipeline0/GstQueue:queue6.GstPad:src: caps = application/x-dxvideoraw, width=(int)1, height=(int)1, framerate=(fraction)0/1
Got message #978 from pad "out:sink" (property-notify): GstMessagePropertyNotify, property-name=(string)caps, property-value=(GstCaps)"application/x-dxvideoraw\,\ width\=\(int\)1\,\ height\=\(int\)1\,\ framerate\=\(fraction\)0/1";
/GstPipeline:pipeline0/GstDxOutputSelector:out.GstPad:sink: caps = application/x-dxvideoraw, width=(int)1, height=(int)1, framerate=(fraction)0/1
Got message #979 from pad "queue6:sink" (property-notify): GstMessagePropertyNotify, property-name=(string)caps, property-value=(GstCaps)"application/x-dxvideoraw\,\ width\=\(int\)1\,\ height\=\(int\)1\,\ framerate\=\(fraction\)0/1";
/GstPipeline:pipeline0/GstQueue:queue6.GstPad:sink: caps = application/x-dxvideoraw, width=(int)1, height=(int)1, framerate=(fraction)0/1
Got message #980 from pad "dxpostprocess0:sink" (property-notify): GstMessagePropertyNotify, property-name=(string)caps, property-value=(GstCaps)"application/x-dxvideoraw\,\ width\=\(int\)1\,\ height\=\(int\)1\,\ framerate\=\(fraction\)0/1";
/GstPipeline:pipeline0/GstDxPostprocess:dxpostprocess0.GstPad:sink: caps = application/x-dxvideoraw, width=(int)1, height=(int)1, framerate=(fraction)0/1
Got message #982 from element "vah264dec1" (latency): no message details
Redistribute latency...
Got message #984 from element "vah264dec3" (latency): no message details
Redistribute latency...
Got message #992 from element "vah264dec2" (latency): no message details
Redistribute latency...
Got message #1020 from element "fakesink0" (latency): no message details
Redistribute latency...
Got message #1022 from element "fakesink1" (latency): no message details
Redistribute latency...
Got message #1024 from element "fakesink2" (latency): no message details
Redistribute latency...
Got message #1026 from element "fakesink3" (latency): no message details
Redistribute latency...
Got message #1040 from element "fakesink1" (tag): GstMessageTag, taglist=(taglist)"taglist\,\ video-codec\=\(string\)\"H.264\\\ \\\(High\\\ Profile\\\)\"\,\ maximum-bitrate\=\(uint\)4870302\,\ bitrate\=\(uint\)4870302\,\ container-specific-track-id\=\(string\)1\,\ minimum-bitrate\=\(uint\)13055280\;";
Got message #1041 from element "fakesink1" (tag): GstMessageTag, taglist=(taglist)"taglist\,\ video-codec\=\(string\)\"H.264\\\ \\\(High\\\ Profile\\\)\"\,\ maximum-bitrate\=\(uint\)4870302\,\ bitrate\=\(uint\)4870302\,\ container-specific-track-id\=\(string\)1\,\ minimum-bitrate\=\(uint\)2173440\;";
Got message #1042 from element "fakesink1" (tag): GstMessageTag, taglist=(taglist)"taglist\,\ video-codec\=\(string\)\"H.264\\\ \\\(High\\\ Profile\\\)\"\,\ maximum-bitrate\=\(uint\)4870302\,\ bitrate\=\(uint\)4870302\,\ container-specific-track-id\=\(string\)1\,\ minimum-bitrate\=\(uint\)1222800\;";
Got message #1043 from element "fakesink0" (tag): GstMessageTag, taglist=(taglist)"taglist\,\ video-codec\=\(string\)\"H.264\\\ \\\(High\\\ Profile\\\)\"\,\ maximum-bitrate\=\(uint\)4870302\,\ bitrate\=\(uint\)4870302\,\ container-specific-track-id\=\(string\)1\,\ minimum-bitrate\=\(uint\)13055280\;";
Got message #1044 from element "fakesink0" (tag): GstMessageTag, taglist=(taglist)"taglist\,\ video-codec\=\(string\)\"H.264\\\ \\\(High\\\ Profile\\\)\"\,\ maximum-bitrate\=\(uint\)4870302\,\ bitrate\=\(uint\)4870302\,\ container-specific-track-id\=\(string\)1\,\ minimum-bitrate\=\(uint\)2173440\;";
Got message #1045 from element "fakesink0" (tag): GstMessageTag, taglist=(taglist)"taglist\,\ video-codec\=\(string\)\"H.264\\\ \\\(High\\\ Profile\\\)\"\,\ maximum-bitrate\=\(uint\)4870302\,\ bitrate\=\(uint\)4870302\,\ container-specific-track-id\=\(string\)1\,\ minimum-bitrate\=\(uint\)1222800\;";
Got message #1046 from element "fakesink2" (tag): GstMessageTag, taglist=(taglist)"taglist\,\ video-codec\=\(string\)\"H.264\\\ \\\(High\\\ Profile\\\)\"\,\ maximum-bitrate\=\(uint\)4870302\,\ bitrate\=\(uint\)4870302\,\ container-specific-track-id\=\(string\)1\,\ minimum-bitrate\=\(uint\)13055280\;";
Got message #1047 from element "fakesink2" (tag): GstMessageTag, taglist=(taglist)"taglist\,\ video-codec\=\(string\)\"H.264\\\ \\\(High\\\ Profile\\\)\"\,\ maximum-bitrate\=\(uint\)4870302\,\ bitrate\=\(uint\)4870302\,\ container-specific-track-id\=\(string\)1\,\ minimum-bitrate\=\(uint\)2173440\;";
Got message #1048 from element "fakesink2" (tag): GstMessageTag, taglist=(taglist)"taglist\,\ video-codec\=\(string\)\"H.264\\\ \\\(High\\\ Profile\\\)\"\,\ maximum-bitrate\=\(uint\)4870302\,\ bitrate\=\(uint\)4870302\,\ container-specific-track-id\=\(string\)1\,\ minimum-bitrate\=\(uint\)1222800\;";
Got message #1049 from element "fakesink3" (tag): GstMessageTag, taglist=(taglist)"taglist\,\ video-codec\=\(string\)\"H.264\\\ \\\(High\\\ Profile\\\)\"\,\ maximum-bitrate\=\(uint\)4870302\,\ bitrate\=\(uint\)4870302\,\ container-specific-track-id\=\(string\)1\,\ minimum-bitrate\=\(uint\)13055280\;";
Got message #1050 from element "fakesink3" (tag): GstMessageTag, taglist=(taglist)"taglist\,\ video-codec\=\(string\)\"H.264\\\ \\\(High\\\ Profile\\\)\"\,\ maximum-bitrate\=\(uint\)4870302\,\ bitrate\=\(uint\)4870302\,\ container-specific-track-id\=\(string\)1\,\ minimum-bitrate\=\(uint\)2173440\;";
Got message #1051 from element "fakesink3" (tag): GstMessageTag, taglist=(taglist)"taglist\,\ video-codec\=\(string\)\"H.264\\\ \\\(High\\\ Profile\\\)\"\,\ maximum-bitrate\=\(uint\)4870302\,\ bitrate\=\(uint\)4870302\,\ container-specific-track-id\=\(string\)1\,\ minimum-bitrate\=\(uint\)1222800\;";
Got message #1056 from element "fakesink0" (tag): GstMessageTag, taglist=(taglist)"taglist\,\ video-codec\=\(string\)\"H.264\\\ \\\(High\\\ Profile\\\)\"\,\ maximum-bitrate\=\(uint\)4870302\,\ bitrate\=\(uint\)4870302\,\ container-specific-track-id\=\(string\)1\,\ minimum-bitrate\=\(uint\)1163760\;";
Got message #1057 from element "fakesink1" (tag): GstMessageTag, taglist=(taglist)"taglist\,\ video-codec\=\(string\)\"H.264\\\ \\\(High\\\ Profile\\\)\"\,\ maximum-bitrate\=\(uint\)4870302\,\ bitrate\=\(uint\)4870302\,\ container-specific-track-id\=\(string\)1\,\ minimum-bitrate\=\(uint\)1163760\;";
Got message #1058 from element "fakesink2" (tag): GstMessageTag, taglist=(taglist)"taglist\,\ video-codec\=\(string\)\"H.264\\\ \\\(High\\\ Profile\\\)\"\,\ maximum-bitrate\=\(uint\)4870302\,\ bitrate\=\(uint\)4870302\,\ container-specific-track-id\=\(string\)1\,\ minimum-bitrate\=\(uint\)1163760\;";
Got message #1059 from element "fakesink3" (tag): GstMessageTag, taglist=(taglist)"taglist\,\ video-codec\=\(string\)\"H.264\\\ \\\(High\\\ Profile\\\)\"\,\ maximum-bitrate\=\(uint\)4870302\,\ bitrate\=\(uint\)4870302\,\ container-specific-track-id\=\(string\)1\,\ minimum-bitrate\=\(uint\)1163760\;";
Got message #1072 from element "fakesink0" (tag): GstMessageTag, taglist=(taglist)"taglist\,\ video-codec\=\(string\)\"H.264\\\ \\\(High\\\ Profile\\\)\"\,\ maximum-bitrate\=\(uint\)4870302\,\ bitrate\=\(uint\)4870302\,\ container-specific-track-id\=\(string\)1\,\ minimum-bitrate\=\(uint\)1035840\;";
Got message #1073 from element "fakesink1" (tag): GstMessageTag, taglist=(taglist)"taglist\,\ video-codec\=\(string\)\"H.264\\\ \\\(High\\\ Profile\\\)\"\,\ maximum-bitrate\=\(uint\)4870302\,\ bitrate\=\(uint\)4870302\,\ container-specific-track-id\=\(string\)1\,\ minimum-bitrate\=\(uint\)1035840\;";
Got message #1074 from element "fakesink2" (tag): GstMessageTag, taglist=(taglist)"taglist\,\ video-codec\=\(string\)\"H.264\\\ \\\(High\\\ Profile\\\)\"\,\ maximum-bitrate\=\(uint\)4870302\,\ bitrate\=\(uint\)4870302\,\ container-specific-track-id\=\(string\)1\,\ minimum-bitrate\=\(uint\)1035840\;";
Got message #1075 from element "fakesink3" (tag): GstMessageTag, taglist=(taglist)"taglist\,\ video-codec\=\(string\)\"H.264\\\ \\\(High\\\ Profile\\\)\"\,\ maximum-bitrate\=\(uint\)4870302\,\ bitrate\=\(uint\)4870302\,\ container-specific-track-id\=\(string\)1\,\ minimum-bitrate\=\(uint\)1035840\;";
Got message #1088 from element "fakesink0" (tag): GstMessageTag, taglist=(taglist)"taglist\,\ video-codec\=\(string\)\"H.264\\\ \\\(High\\\ Profile\\\)\"\,\ maximum-bitrate\=\(uint\)4870302\,\ bitrate\=\(uint\)4870302\,\ container-specific-track-id\=\(string\)1\,\ minimum-bitrate\=\(uint\)747120\;";
Got message #1089 from element "fakesink1" (tag): GstMessageTag, taglist=(taglist)"taglist\,\ video-codec\=\(string\)\"H.264\\\ \\\(High\\\ Profile\\\)\"\,\ maximum-bitrate\=\(uint\)4870302\,\ bitrate\=\(uint\)4870302\,\ container-specific-track-id\=\(string\)1\,\ minimum-bitrate\=\(uint\)747120\;";
Got message #1090 from element "fakesink2" (tag): GstMessageTag, taglist=(taglist)"taglist\,\ video-codec\=\(string\)\"H.264\\\ \\\(High\\\ Profile\\\)\"\,\ maximum-bitrate\=\(uint\)4870302\,\ bitrate\=\(uint\)4870302\,\ container-specific-track-id\=\(string\)1\,\ minimum-bitrate\=\(uint\)747120\;";
Got message #1091 from element "fakesink3" (tag): GstMessageTag, taglist=(taglist)"taglist\,\ video-codec\=\(string\)\"H.264\\\ \\\(High\\\ Profile\\\)\"\,\ maximum-bitrate\=\(uint\)4870302\,\ bitrate\=\(uint\)4870302\,\ container-specific-track-id\=\(string\)1\,\ minimum-bitrate\=\(uint\)747120\;";
Got message #1100 from element "pipeline0" (eos): no message details
Got EOS from element "pipeline0".
EOS received - stopping pipeline...
Execution ended after 0:01:45.697495807
Setting pipeline to NULL ...
Freeing pipeline ...

__CPU_PERCENT__=180%
__MAX_RSS_KB__=438504

__EXIT_CODE__=0