Script started on 2026-07-13 17:10:30+09:00 [COMMAND="stty rows 50 cols 200 2>/dev/null; exec dxtop" TERM="xterm-256color" TTY="/dev/pts/0" COLUMNS="-1" LINES="-1"]
[?1049h
[22;0;0t
[1;50r
[?7h
[?1h
[?25l
[39;49m
[39;49m
[37m
[40m
[2J[DX-TOP]  (q) Quit   (n) Next Page   (p) Prev Page   (h) Help
[2dMon Jul 13 17:10:30 2026
[3dDX-RT: v3.4.0     NPU Device driver: v2.5.1     DX-TOP: v1.1.0
[4d-
[198b-
[5;3H
[0;1m
[36m
[40mDevice :
[37m
[40m0
[18G
[0;1m
[36m
[40mVariant:
[37m
[40m    M1
[38G
[0;1m
[36m
[40mPCIe Bus Number:
[37m
[40m  01:00:00  
[39;49m
[37m
[40m  
[0;1m
[36m
[40mFirmware:
[37m
[40m  v2.7.1
[6;3H
[0;1m
[36m
[40mNPU Memory:
[39;49m
[37m
[40m  
[34m
[40m[
[20X
[6;37H]
[39;49m
[37m
[40m 
[34m
[40m4.00 KiB / 3.92 GiB (0.00%)   
[7;5H
[0;1m
[35m
[40mCore :
[37m
[40m0 
[39;49m
[37m
[40m  
[0;1m
[35m
[40mUtil:
[37m
[40m   0.0% 
[39;49m
[37m
[40m  
[0;1m
[35m
[40mTemp:
[32m
[40m 42 
[39;49m
[37m
[40m  
[0;1m
[35m
[40mVoltage:
[37m
[40m 750 mV 
[39;49m
[37m
[40m  
[0;1m
[35m
[40mClock:
[37m
[40m 1000 MHz
[8;5H
[0;1m
[35m
[40mCore :
[37m
[40m1 
[39;49m
[37m
[40m  
[0;1m
[35m
[40mUtil:
[37m
[40m   0.0% 
[39;49m
[37m
[40m  
[0;1m
[35m
[40mTemp:
[32m
[40m 42 
[39;49m
[37m
[40m  
[0;1m
[35m
[40mVoltage:
[37m
[40m 750 mV 
[39;49m
[37m
[40m  
[0;1m
[35m
[40mClock:
[37m
[40m 1000 MHz
[9;5H
[0;1m
[35m
[40mCore :
[37m
[40m2 
[39;49m
[37m
[40m  
[0;1m
[35m
[40mUtil:
[37m
[40m   0.0% 
[39;49m
[37m
[40m  
[0;1m
[35m
[40mTemp:
[32m
[40m 42 
[39;49m
[37m
[40m  
[0;1m
[35m
[40mVoltage:
[37m
[40m 750 mV 
[39;49m
[37m
[40m  
[0;1m
[35m
[40mClock:
[37m
[40m 1000 MHz
[10d
[39;49m
[37m
[40m-
[198b-
[50;1HTotal Devices: 1
[50;190HPage: 1 / 
[?7l1
[?7h
[39;49m
[37m
[40m
[2J[DX-TOP]  (q) Quit   (n) Next Page   (p) Prev Page   (h) Help
[2dMon Jul 13 17:10:32 2026
[3dDX-RT: v3.4.0     NPU Device driver: v2.5.1     DX-TOP: v1.1.0
[4d-
[198b-
[5;3H
[0;1m
[36m
[40mDevice :
[37m
[40m0
[18G
[0;1m
[36m
[40mVariant:
[37m
[40m    M1
[38G
[0;1m
[36m
[40mPCIe Bus Number:
[37m
[40m  01:00:00  
[39;49m
[37m
[40m  
[0;1m
[36m
[40mFirmware:
[37m
[40m  v2.7.1
[6;3H
[0;1m
[36m
[40mNPU Memory:
[39;49m
[37m
[40m  
[34m
[40m[
[20X
[6;37H]
[39;49m
[37m
[40m 
[34m
[40m4.00 KiB / 3.92 GiB (0.00%)   
[7;5H
[0;1m
[35m
[40mCore :
[37m
[40m0 
[39;49m
[37m
[40m  
[0;1m
[35m
[40mUtil:
[37m
[40m   0.0% 
[39;49m
[37m
[40m  
[0;1m
[35m
[40mTemp:
[32m
[40m 43 
[39;49m
[37m
[40m  
[0;1m
[35m
[40mVoltage:
[37m
[40m 750 mV 
[39;49m
[37m
[40m  
[0;1m
[35m
[40mClock:
[37m
[40m 1000 MHz
[8;5H
[0;1m
[35m
[40mCore :
[37m
[40m1 
[39;49m
[37m
[40m  
[0;1m
[35m
[40mUtil:
[37m
[40m   0.0% 
[39;49m
[37m
[40m  
[0;1m
[35m
[40mTemp:
[32m
[40m 43 
[39;49m
[37m
[40m  
[0;1m
[35m
[40mVoltage:
[37m
[40m 750 mV 
[39;49m
[37m
[40m  
[0;1m
[35m
[40mClock:
[37m
[40m 1000 MHz
[9;5H
[0;1m
[35m
[40mCore :
[37m
[40m2 
[39;49m
[37m
[40m  
[0;1m
[35m
[40mUtil:
[37m
[40m   0.0% 
[39;49m
[37m
[40m  
[0;1m
[35m
[40mTemp:
[32m
[40m 43 
[39;49m
[37m
[40m  
[0;1m
[35m
[40mVoltage:
[37m
[40m 750 mV 
[39;49m
[37m
[40m  
[0;1m
[35m
[40mClock:
[37m
[40m 1000 MHz
[10d
[39;49m
[37m
[40m-
[198b-
[50;1HTotal Devices: 1
[50;190HPage: 1 / 
[?7l1
[?7h
[39;49m
[37m
[40m
[2J[DX-TOP]  (q) Quit   (n) Next Page   (p) Prev Page   (h) Help
[2dMon Jul 13 17:10:34 2026
[3dDX-RT: v3.4.0     NPU Device driver: v2.5.1     DX-TOP: v1.1.0
[4d-
[198b-
[5;3H
[0;1m
[36m
[40mDevice :
[37m
[40m0
[18G
[0;1m
[36m
[40mVariant:
[37m
[40m    M1
[38G
[0;1m
[36m
[40mPCIe Bus Number:
[37m
[40m  01:00:00  
[39;49m
[37m
[40m  
[0;1m
[36m
[40mFirmware:
[37m
[40m  v2.7.1
[6;3H
[0;1m
[36m
[40mNPU Memory:
[39;49m
[37m
[40m  
[34m
[40m[
[20X
[6;37H]
[39;49m
[37m
[40m 
[34m
[40m119.81 MiB / 3.92 GiB (2.98%) 
[7;5H
[0;1m
[35m
[40mCore :
[37m
[40m0 
[39;49m
[37m
[40m  
[0;1m
[35m
[40mUtil:
[37m
[40m  41.1% 
[39;49m
[37m
[40m  
[0;1m
[35m
[40mTemp:
[32m
[40m 43 
[39;49m
[37m
[40m  
[0;1m
[35m
[40mVoltage:
[37m
[40m 750 mV 
[39;49m
[37m
[40m  
[0;1m
[35m
[40mClock:
[37m
[40m 1000 MHz
[8;5H
[0;1m
[35m
[40mCore :
[37m
[40m1 
[39;49m
[37m
[40m  
[0;1m
[35m
[40mUtil:
[37m
[40m  21.4% 
[39;49m
[37m
[40m  
[0;1m
[35m
[40mTemp:
[32m
[40m 43 
[39;49m
[37m
[40m  
[0;1m
[35m
[40mVoltage:
[37m
[40m 750 mV 
[39;49m
[37m
[40m  
[0;1m
[35m
[40mClock:
[37m
[40m 1000 MHz
[9;5H
[0;1m
[35m
[40mCore :
[37m
[40m2 
[39;49m
[37m
[40m  
[0;1m
[35m
[40mUtil:
[37m
[40m   1.8% 
[39;49m
[37m
[40m  
[0;1m
[35m
[40mTemp:
[32m
[40m 43 
[39;49m
[37m
[40m  
[0;1m
[35m
[40mVoltage:
[37m
[40m 750 mV 
[39;49m
[37m
[40m  
[0;1m
[35m
[40mClock:
[37m
[40m 1000 MHz
[10d
[39;49m
[37m
[40m-
[198b-
[50;1HTotal Devices: 1
[50;190HPage: 1 / 
[?7l1
[?7h
[39;49m
[37m
[40m
[2J[DX-TOP]  (q) Quit   (n) Next Page   (p) Prev Page   (h) Help
[2dMon Jul 13 17:10:36 2026
[3dDX-RT: v3.4.0     NPU Device driver: v2.5.1     DX-TOP: v1.1.0
[4d-
[198b-
[5;3H
[0;1m
[36m
[40mDevice :
[37m
[40m0
[18G
[0;1m
[36m
[40mVariant:
[37m
[40m    M1
[38G
[0;1m
[36m
[40mPCIe Bus Number:
[37m
[40m  01:00:00  
[39;49m
[37m
[40m  
[0;1m
[36m
[40mFirmware:
[37m
[40m  v2.7.1
[6;3H
[0;1m
[36m
[40mNPU Memory:
[39;49m
[37m
[40m  
[34m
[40m[
[20X
[6;37H]
[39;49m
[37m
[40m 
[34m
[40m119.81 MiB / 3.92 GiB (2.98%) 
[7;5H
[0;1m
[35m
[40mCore :
[37m
[40m0 
[39;49m
[37m
[40m  
[0;1m
[35m
[40mUtil:
[37m
[40m  42.0% 
[39;49m
[37m
[40m  
[0;1m
[35m
[40mTemp:
[32m
[40m 43 
[39;49m
[37m
[40m  
[0;1m
[35m
[40mVoltage:
[37m
[40m 750 mV 
[39;49m
[37m
[40m  
[0;1m
[35m
[40mClock:
[37m
[40m 1000 MHz
[8;5H
[0;1m
[35m
[40mCore :
[37m
[40m1 
[39;49m
[37m
[40m  
[0;1m
[35m
[40mUtil:
[37m
[40m  19.9% 
[39;49m
[37m
[40m  
[0;1m
[35m
[40mTemp:
[32m
[40m 43 
[39;49m
[37m
[40m  
[0;1m
[35m
[40mVoltage:
[37m
[40m 750 mV 
[39;49m
[37m
[40m  
[0;1m
[35m
[40mClock:
[37m
[40m 1000 MHz
[9;5H
[0;1m
[35m
[40mCore :
[37m
[40m2 
[39;49m
[37m
[40m  
[0;1m
[35m
[40mUtil:
[37m
[40m   3.6% 
[39;49m
[37m
[40m  
[0;1m
[35m
[40mTemp:
[32m
[40m 44 
[39;49m
[37m
[40m  
[0;1m
[35m
[40mVoltage:
[37m
[40m 750 mV 
[39;49m
[37m
[40m  
[0;1m
[35m
[40mClock:
[37m
[40m 1000 MHz
[10d
[39;49m
[37m
[40m-
[198b-
[50;1HTotal Devices: 1
[50;190HPage: 1 / 
[?7l1
[?7h
[39;49m
[37m
[40m
[2J[DX-TOP]  (q) Quit   (n) Next Page   (p) Prev Page   (h) Help
[2dMon Jul 13 17:10:38 2026
[3dDX-RT: v3.4.0     NPU Device driver: v2.5.1     DX-TOP: v1.1.0
[4d-
[198b-
[5;3H
[0;1m
[36m
[40mDevice :
[37m
[40m0
[18G
[0;1m
[36m
[40mVariant:
[37m
[40m    M1
[38G
[0;1m
[36m
[40mPCIe Bus Number:
[37m
[40m  01:00:00  
[39;49m
[37m
[40m  
[0;1m
[36m
[40mFirmware:
[37m
[40m  v2.7.1
[6;3H
[0;1m
[36m
[40mNPU Memory:
[39;49m
[37m
[40m  
[34m
[40m[
[20X
[6;37H]
[39;49m
[37m
[40m 
[34m
[40m119.81 MiB / 3.92 GiB (2.98%) 
[7;5H
[0;1m
[35m
[40mCore :
[37m
[40m0 
[39;49m
[37m
[40m  
[0;1m
[35m
[40mUtil:
[37m
[40m  40.7% 
[39;49m
[37m
[40m  
[0;1m
[35m
[40mTemp:
[32m
[40m 43 
[39;49m
[37m
[40m  
[0;1m
[35m
[40mVoltage:
[37m
[40m 750 mV 
[39;49m
[37m
[40m  
[0;1m
[35m
[40mClock:
[37m
[40m 1000 MHz
[8;5H
[0;1m
[35m
[40mCore :
[37m
[40m1 
[39;49m
[37m
[40m  
[0;1m
[35m
[40mUtil:
[37m
[40m  19.5% 
[39;49m
[37m
[40m  
[0;1m
[35m
[40mTemp:
[32m
[40m 43 
[39;49m
[37m
[40m  
[0;1m
[35m
[40mVoltage:
[37m
[40m 750 mV 
[39;49m
[37m
[40m  
[0;1m
[35m
[40mClock:
[37m
[40m 1000 MHz
[9;5H
[0;1m
[35m
[40mCore :
[37m
[40m2 
[39;49m
[37m
[40m  
[0;1m
[35m
[40mUtil:
[37m
[40m   6.3% 
[39;49m
[37m
[40m  
[0;1m
[35m
[40mTemp:
[32m
[40m 44 
[39;49m
[37m
[40m  
[0;1m
[35m
[40mVoltage:
[37m
[40m 750 mV 
[39;49m
[37m
[40m  
[0;1m
[35m
[40mClock:
[37m
[40m 1000 MHz
[10d
[39;49m
[37m
[40m-
[198b-
[50;1HTotal Devices: 1
[50;190HPage: 1 / 
[?7l1
[?7h
[39;49m
[37m
[40m
[2J[DX-TOP]  (q) Quit   (n) Next Page   (p) Prev Page   (h) Help
[2dMon Jul 13 17:10:40 2026
[3dDX-RT: v3.4.0     NPU Device driver: v2.5.1     DX-TOP: v1.1.0
[4d-
[198b-
[5;3H
[0;1m
[36m
[40mDevice :
[37m
[40m0
[18G
[0;1m
[36m
[40mVariant:
[37m
[40m    M1
[38G
[0;1m
[36m
[40mPCIe Bus Number:
[37m
[40m  01:00:00  
[39;49m
[37m
[40m  
[0;1m
[36m
[40mFirmware:
[37m
[40m  v2.7.1
[6;3H
[0;1m
[36m
[40mNPU Memory:
[39;49m
[37m
[40m  
[34m
[40m[
[20X
[6;37H]
[39;49m
[37m
[40m 
[34m
[40m119.81 MiB / 3.92 GiB (2.98%) 
[7;5H
[0;1m
[35m
[40mCore :
[37m
[40m0 
[39;49m
[37m
[40m  
[0;1m
[35m
[40mUtil:
[37m
[40m  40.0% 
[39;49m
[37m
[40m  
[0;1m
[35m
[40mTemp:
[32m
[40m 43 
[39;49m
[37m
[40m  
[0;1m
[35m
[40mVoltage:
[37m
[40m 750 mV 
[39;49m
[37m
[40m  
[0;1m
[35m
[40mClock:
[37m
[40m 1000 MHz
[8;5H
[0;1m
[35m
[40mCore :
[37m
[40m1 
[39;49m
[37m
[40m  
[0;1m
[35m
[40mUtil:
[37m
[40m  21.2% 
[39;49m
[37m
[40m  
[0;1m
[35m
[40mTemp:
[32m
[40m 43 
[39;49m
[37m
[40m  
[0;1m
[35m
[40mVoltage:
[37m
[40m 750 mV 
[39;49m
[37m
[40m  
[0;1m
[35m
[40mClock:
[37m
[40m 1000 MHz
[9;5H
[0;1m
[35m
[40mCore :
[37m
[40m2 
[39;49m
[37m
[40m  
[0;1m
[35m
[40mUtil:
[37m
[40m   5.4% 
[39;49m
[37m
[40m  
[0;1m
[35m
[40mTemp:
[32m
[40m 44 
[39;49m
[37m
[40m  
[0;1m
[35m
[40mVoltage:
[37m
[40m 750 mV 
[39;49m
[37m
[40m  
[0;1m
[35m
[40mClock:
[37m
[40m 1000 MHz
[10d
[39;49m
[37m
[40m-
[198b-
[50;1HTotal Devices: 1
[50;190HPage: 1 / 
[?7l1
[?7h
[39;49m
[37m
[40m
[2J[DX-TOP]  (q) Quit   (n) Next Page   (p) Prev Page   (h) Help
[2dMon Jul 13 17:10:42 2026
[3dDX-RT: v3.4.0     NPU Device driver: v2.5.1     DX-TOP: v1.1.0
[4d-
[198b-
[5;3H
[0;1m
[36m
[40mDevice :
[37m
[40m0
[18G
[0;1m
[36m
[40mVariant:
[37m
[40m    M1
[38G
[0;1m
[36m
[40mPCIe Bus Number:
[37m
[40m  01:00:00  
[39;49m
[37m
[40m  
[0;1m
[36m
[40mFirmware:
[37m
[40m  v2.7.1
[6;3H
[0;1m
[36m
[40mNPU Memory:
[39;49m
[37m
[40m  
[34m
[40m[
[20X
[6;37H]
[39;49m
[37m
[40m 
[34m
[40m119.81 MiB / 3.92 GiB (2.98%) 
[7;5H
[0;1m
[35m
[40mCore :
[37m
[40m0 
[39;49m
[37m
[40m  
[0;1m
[35m
[40mUtil:
[37m
[40m  39.9% 
[39;49m
[37m
[40m  
[0;1m
[35m
[40mTemp:
[32m
[40m 43 
[39;49m
[37m
[40m  
[0;1m
[35m
[40mVoltage:
[37m
[40m 750 mV 
[39;49m
[37m
[40m  
[0;1m
[35m
[40mClock:
[37m
[40m 1000 MHz
[8;5H
[0;1m
[35m
[40mCore :
[37m
[40m1 
[39;49m
[37m
[40m  
[0;1m
[35m
[40mUtil:
[37m
[40m  22.0% 
[39;49m
[37m
[40m  
[0;1m
[35m
[40mTemp:
[32m
[40m 43 
[39;49m
[37m
[40m  
[0;1m
[35m
[40mVoltage:
[37m
[40m 750 mV 
[39;49m
[37m
[40m  
[0;1m
[35m
[40mClock:
[37m
[40m 1000 MHz
[9;5H
[0;1m
[35m
[40mCore :
[37m
[40m2 
[39;49m
[37m
[40m  
[0;1m
[35m
[40mUtil:
[37m
[40m   6.7% 
[39;49m
[37m
[40m  
[0;1m
[35m
[40mTemp:
[32m
[40m 44 
[39;49m
[37m
[40m  
[0;1m
[35m
[40mVoltage:
[37m
[40m 750 mV 
[39;49m
[37m
[40m  
[0;1m
[35m
[40mClock:
[37m
[40m 1000 MHz
[10d
[39;49m
[37m
[40m-
[198b-
[50;1HTotal Devices: 1
[50;190HPage: 1 / 
[?7l1
[?7h
[39;49m
[37m
[40m
[2J[DX-TOP]  (q) Quit   (n) Next Page   (p) Prev Page   (h) Help
[2dMon Jul 13 17:10:44 2026
[3dDX-RT: v3.4.0     NPU Device driver: v2.5.1     DX-TOP: v1.1.0
[4d-
[198b-
[5;3H
[0;1m
[36m
[40mDevice :
[37m
[40m0
[18G
[0;1m
[36m
[40mVariant:
[37m
[40m    M1
[38G
[0;1m
[36m
[40mPCIe Bus Number:
[37m
[40m  01:00:00  
[39;49m
[37m
[40m  
[0;1m
[36m
[40mFirmware:
[37m
[40m  v2.7.1
[6;3H
[0;1m
[36m
[40mNPU Memory:
[39;49m
[37m
[40m  
[34m
[40m[
[20X
[6;37H]
[39;49m
[37m
[40m 
[34m
[40m119.81 MiB / 3.92 GiB (2.98%) 
[7;5H
[0;1m
[35m
[40mCore :
[37m
[40m0 
[39;49m
[37m
[40m  
[0;1m
[35m
[40mUtil:
[37m
[40m  40.6% 
[39;49m
[37m
[40m  
[0;1m
[35m
[40mTemp:
[32m
[40m 43 
[39;49m
[37m
[40m  
[0;1m
[35m
[40mVoltage:
[37m
[40m 750 mV 
[39;49m
[37m
[40m  
[0;1m
[35m
[40mClock:
[37m
[40m 1000 MHz
[8;5H
[0;1m
[35m
[40mCore :
[37m
[40m1 
[39;49m
[37m
[40m  
[0;1m
[35m
[40mUtil:
[37m
[40m  18.9% 
[39;49m
[37m
[40m  
[0;1m
[35m
[40mTemp:
[32m
[40m 43 
[39;49m
[37m
[40m  
[0;1m
[35m
[40mVoltage:
[37m
[40m 750 mV 
[39;49m
[37m
[40m  
[0;1m
[35m
[40mClock:
[37m
[40m 1000 MHz
[9;5H
[0;1m
[35m
[40mCore :
[37m
[40m2 
[39;49m
[37m
[40m  
[0;1m
[35m
[40mUtil:
[37m
[40m   6.6% 
[39;49m
[37m
[40m  
[0;1m
[35m
[40mTemp:
[32m
[40m 44 
[39;49m
[37m
[40m  
[0;1m
[35m
[40mVoltage:
[37m
[40m 750 mV 
[39;49m
[37m
[40m  
[0;1m
[35m
[40mClock:
[37m
[40m 1000 MHz
[10d
[39;49m
[37m
[40m-
[198b-
[50;1HTotal Devices: 1
[50;190HPage: 1 / 
[?7l1
[?7h
[39;49m
[37m
[40m
[2J[DX-TOP]  (q) Quit   (n) Next Page   (p) Prev Page   (h) Help
[2dMon Jul 13 17:10:46 2026
[3dDX-RT: v3.4.0     NPU Device driver: v2.5.1     DX-TOP: v1.1.0
[4d-
[198b-
[5;3H
[0;1m
[36m
[40mDevice :
[37m
[40m0
[18G
[0;1m
[36m
[40mVariant:
[37m
[40m    M1
[38G
[0;1m
[36m
[40mPCIe Bus Number:
[37m
[40m  01:00:00  
[39;49m
[37m
[40m  
[0;1m
[36m
[40mFirmware:
[37m
[40m  v2.7.1
[6;3H
[0;1m
[36m
[40mNPU Memory:
[39;49m
[37m
[40m  
[34m
[40m[
[20X
[6;37H]
[39;49m
[37m
[40m 
[34m
[40m119.81 MiB / 3.92 GiB (2.98%) 
[7;5H
[0;1m
[35m
[40mCore :
[37m
[40m0 
[39;49m
[37m
[40m  
[0;1m
[35m
[40mUtil:
[37m
[40m  38.8% 
[39;49m
[37m
[40m  
[0;1m
[35m
[40mTemp:
[32m
[40m 43 
[39;49m
[37m
[40m  
[0;1m
[35m
[40mVoltage:
[37m
[40m 750 mV 
[39;49m
[37m
[40m  
[0;1m
[35m
[40mClock:
[37m
[40m 1000 MHz
[8;5H
[0;1m
[35m
[40mCore :
[37m
[40m1 
[39;49m
[37m
[40m  
[0;1m
[35m
[40mUtil:
[37m
[40m  23.1% 
[39;49m
[37m
[40m  
[0;1m
[35m
[40mTemp:
[32m
[40m 43 
[39;49m
[37m
[40m  
[0;1m
[35m
[40mVoltage:
[37m
[40m 750 mV 
[39;49m
[37m
[40m  
[0;1m
[35m
[40mClock:
[37m
[40m 1000 MHz
[9;5H
[0;1m
[35m
[40mCore :
[37m
[40m2 
[39;49m
[37m
[40m  
[0;1m
[35m
[40mUtil:
[37m
[40m   5.3% 
[39;49m
[37m
[40m  
[0;1m
[35m
[40mTemp:
[32m
[40m 44 
[39;49m
[37m
[40m  
[0;1m
[35m
[40mVoltage:
[37m
[40m 750 mV 
[39;49m
[37m
[40m  
[0;1m
[35m
[40mClock:
[37m
[40m 1000 MHz
[10d
[39;49m
[37m
[40m-
[198b-
[50;1HTotal Devices: 1
[50;190HPage: 1 / 
[?7l1
[?7h
[39;49m
[37m
[40m
[2J[DX-TOP]  (q) Quit   (n) Next Page   (p) Prev Page   (h) Help
[2dMon Jul 13 17:10:48 2026
[3dDX-RT: v3.4.0     NPU Device driver: v2.5.1     DX-TOP: v1.1.0
[4d-
[198b-
[5;3H
[0;1m
[36m
[40mDevice :
[37m
[40m0
[18G
[0;1m
[36m
[40mVariant:
[37m
[40m    M1
[38G
[0;1m
[36m
[40mPCIe Bus Number:
[37m
[40m  01:00:00  
[39;49m
[37m
[40m  
[0;1m
[36m
[40mFirmware:
[37m
[40m  v2.7.1
[6;3H
[0;1m
[36m
[40mNPU Memory:
[39;49m
[37m
[40m  
[34m
[40m[
[20X
[6;37H]
[39;49m
[37m
[40m 
[34m
[40m119.81 MiB / 3.92 GiB (2.98%) 
[7;5H
[0;1m
[35m
[40mCore :
[37m
[40m0 
[39;49m
[37m
[40m  
[0;1m
[35m
[40mUtil:
[37m
[40m  37.0% 
[39;49m
[37m
[40m  
[0;1m
[35m
[40mTemp:
[32m
[40m 43 
[39;49m
[37m
[40m  
[0;1m
[35m
[40mVoltage:
[37m
[40m 750 mV 
[39;49m
[37m
[40m  
[0;1m
[35m
[40mClock:
[37m
[40m 1000 MHz
[8;5H
[0;1m
[35m
[40mCore :
[37m
[40m1 
[39;49m
[37m
[40m  
[0;1m
[35m
[40mUtil:
[37m
[40m  25.3% 
[39;49m
[37m
[40m  
[0;1m
[35m
[40mTemp:
[32m
[40m 44 
[39;49m
[37m
[40m  
[0;1m
[35m
[40mVoltage:
[37m
[40m 750 mV 
[39;49m
[37m
[40m  
[0;1m
[35m
[40mClock:
[37m
[40m 1000 MHz
[9;5H
[0;1m
[35m
[40mCore :
[37m
[40m2 
[39;49m
[37m
[40m  
[0;1m
[35m
[40mUtil:
[37m
[40m   4.7% 
[39;49m
[37m
[40m  
[0;1m
[35m
[40mTemp:
[32m
[40m 44 
[39;49m
[37m
[40m  
[0;1m
[35m
[40mVoltage:
[37m
[40m 750 mV 
[39;49m
[37m
[40m  
[0;1m
[35m
[40mClock:
[37m
[40m 1000 MHz
[10d
[39;49m
[37m
[40m-
[198b-
[50;1HTotal Devices: 1
[50;190HPage: 1 / 
[?7l1
[?7h
[39;49m
[37m
[40m
[2J[DX-TOP]  (q) Quit   (n) Next Page   (p) Prev Page   (h) Help
[2dMon Jul 13 17:10:50 2026
[3dDX-RT: v3.4.0     NPU Device driver: v2.5.1     DX-TOP: v1.1.0
[4d-
[198b-
[5;3H
[0;1m
[36m
[40mDevice :
[37m
[40m0
[18G
[0;1m
[36m
[40mVariant:
[37m
[40m    M1
[38G
[0;1m
[36m
[40mPCIe Bus Number:
[37m
[40m  01:00:00  
[39;49m
[37m
[40m  
[0;1m
[36m
[40mFirmware:
[37m
[40m  v2.7.1
[6;3H
[0;1m
[36m
[40mNPU Memory:
[39;49m
[37m
[40m  
[34m
[40m[
[20X
[6;37H]
[39;49m
[37m
[40m 
[34m
[40m119.81 MiB / 3.92 GiB (2.98%) 
[7;5H
[0;1m
[35m
[40mCore :
[37m
[40m0 
[39;49m
[37m
[40m  
[0;1m
[35m
[40mUtil:
[37m
[40m  38.8% 
[39;49m
[37m
[40m  
[0;1m
[35m
[40mTemp:
[32m
[40m 43 
[39;49m
[37m
[40m  
[0;1m
[35m
[40mVoltage:
[37m
[40m 750 mV 
[39;49m
[37m
[40m  
[0;1m
[35m
[40mClock:
[37m
[40m 1000 MHz
[8;5H
[0;1m
[35m
[40mCore :
[37m
[40m1 
[39;49m
[37m
[40m  
[0;1m
[35m
[40mUtil:
[37m
[40m  21.4% 
[39;49m
[37m
[40m  
[0;1m
[35m
[40mTemp:
[32m
[40m 43 
[39;49m
[37m
[40m  
[0;1m
[35m
[40mVoltage:
[37m
[40m 750 mV 
[39;49m
[37m
[40m  
[0;1m
[35m
[40mClock:
[37m
[40m 1000 MHz
[9;5H
[0;1m
[35m
[40mCore :
[37m
[40m2 
[39;49m
[37m
[40m  
[0;1m
[35m
[40mUtil:
[37m
[40m   3.4% 
[39;49m
[37m
[40m  
[0;1m
[35m
[40mTemp:
[32m
[40m 43 
[39;49m
[37m
[40m  
[0;1m
[35m
[40mVoltage:
[37m
[40m 750 mV 
[39;49m
[37m
[40m  
[0;1m
[35m
[40mClock:
[37m
[40m 1000 MHz
[10d
[39;49m
[37m
[40m-
[198b-
[50;1HTotal Devices: 1
[50;190HPage: 1 / 
[?7l1
[?7h
[39;49m
[37m
[40m
[2J[DX-TOP]  (q) Quit   (n) Next Page   (p) Prev Page   (h) Help
[2dMon Jul 13 17:10:52 2026
[3dDX-RT: v3.4.0     NPU Device driver: v2.5.1     DX-TOP: v1.1.0
[4d-
[198b-
[5;3H
[0;1m
[36m
[40mDevice :
[37m
[40m0
[18G
[0;1m
[36m
[40mVariant:
[37m
[40m    M1
[38G
[0;1m
[36m
[40mPCIe Bus Number:
[37m
[40m  01:00:00  
[39;49m
[37m
[40m  
[0;1m
[36m
[40mFirmware:
[37m
[40m  v2.7.1
[6;3H
[0;1m
[36m
[40mNPU Memory:
[39;49m
[37m
[40m  
[34m
[40m[
[20X
[6;37H]
[39;49m
[37m
[40m 
[34m
[40m119.81 MiB / 3.92 GiB (2.98%) 
[7;5H
[0;1m
[35m
[40mCore :
[37m
[40m0 
[39;49m
[37m
[40m  
[0;1m
[35m
[40mUtil:
[37m
[40m  40.7% 
[39;49m
[37m
[40m  
[0;1m
[35m
[40mTemp:
[32m
[40m 43 
[39;49m
[37m
[40m  
[0;1m
[35m
[40mVoltage:
[37m
[40m 750 mV 
[39;49m
[37m
[40m  
[0;1m
[35m
[40mClock:
[37m
[40m 1000 MHz
[8;5H
[0;1m
[35m
[40mCore :
[37m
[40m1 
[39;49m
[37m
[40m  
[0;1m
[35m
[40mUtil:
[37m
[40m  21.8% 
[39;49m
[37m
[40m  
[0;1m
[35m
[40mTemp:
[32m
[40m 43 
[39;49m
[37m
[40m  
[0;1m
[35m
[40mVoltage:
[37m
[40m 750 mV 
[39;49m
[37m
[40m  
[0;1m
[35m
[40mClock:
[37m
[40m 1000 MHz
[9;5H
[0;1m
[35m
[40mCore :
[37m
[40m2 
[39;49m
[37m
[40m  
[0;1m
[35m
[40mUtil:
[37m
[40m   3.5% 
[39;49m
[37m
[40m  
[0;1m
[35m
[40mTemp:
[32m
[40m 44 
[39;49m
[37m
[40m  
[0;1m
[35m
[40mVoltage:
[37m
[40m 750 mV 
[39;49m
[37m
[40m  
[0;1m
[35m
[40mClock:
[37m
[40m 1000 MHz
[10d
[39;49m
[37m
[40m-
[198b-
[50;1HTotal Devices: 1
[50;190HPage: 1 / 
[?7l1
[?7h
[39;49m
[37m
[40m
[2J[DX-TOP]  (q) Quit   (n) Next Page   (p) Prev Page   (h) Help
[2dMon Jul 13 17:10:54 2026
[3dDX-RT: v3.4.0     NPU Device driver: v2.5.1     DX-TOP: v1.1.0
[4d-
[198b-
[5;3H
[0;1m
[36m
[40mDevice :
[37m
[40m0
[18G
[0;1m
[36m
[40mVariant:
[37m
[40m    M1
[38G
[0;1m
[36m
[40mPCIe Bus Number:
[37m
[40m  01:00:00  
[39;49m
[37m
[40m  
[0;1m
[36m
[40mFirmware:
[37m
[40m  v2.7.1
[6;3H
[0;1m
[36m
[40mNPU Memory:
[39;49m
[37m
[40m  
[34m
[40m[
[20X
[6;37H]
[39;49m
[37m
[40m 
[34m
[40m119.81 MiB / 3.92 GiB (2.98%) 
[7;5H
[0;1m
[35m
[40mCore :
[37m
[40m0 
[39;49m
[37m
[40m  
[0;1m
[35m
[40mUtil:
[37m
[40m  36.3% 
[39;49m
[37m
[40m  
[0;1m
[35m
[40mTemp:
[32m
[40m 43 
[39;49m
[37m
[40m  
[0;1m
[35m
[40mVoltage:
[37m
[40m 750 mV 
[39;49m
[37m
[40m  
[0;1m
[35m
[40mClock:
[37m
[40m 1000 MHz
[8;5H
[0;1m
[35m
[40mCore :
[37m
[40m1 
[39;49m
[37m
[40m  
[0;1m
[35m
[40mUtil:
[37m
[40m  23.7% 
[39;49m
[37m
[40m  
[0;1m
[35m
[40mTemp:
[32m
[40m 43 
[39;49m
[37m
[40m  
[0;1m
[35m
[40mVoltage:
[37m
[40m 750 mV 
[39;49m
[37m
[40m  
[0;1m
[35m
[40mClock:
[37m
[40m 1000 MHz
[9;5H
[0;1m
[35m
[40mCore :
[37m
[40m2 
[39;49m
[37m
[40m  
[0;1m
[35m
[40mUtil:
[37m
[40m   6.2% 
[39;49m
[37m
[40m  
[0;1m
[35m
[40mTemp:
[32m
[40m 44 
[39;49m
[37m
[40m  
[0;1m
[35m
[40mVoltage:
[37m
[40m 750 mV 
[39;49m
[37m
[40m  
[0;1m
[35m
[40mClock:
[37m
[40m 1000 MHz
[10d
[39;49m
[37m
[40m-
[198b-
[50;1HTotal Devices: 1
[50;190HPage: 1 / 
[?7l1
[?7h
[39;49m
[37m
[40m
[2J[DX-TOP]  (q) Quit   (n) Next Page   (p) Prev Page   (h) Help
[2dMon Jul 13 17:10:56 2026
[3dDX-RT: v3.4.0     NPU Device driver: v2.5.1     DX-TOP: v1.1.0
[4d-
[198b-
[5;3H
[0;1m
[36m
[40mDevice :
[37m
[40m0
[18G
[0;1m
[36m
[40mVariant:
[37m
[40m    M1
[38G
[0;1m
[36m
[40mPCIe Bus Number:
[37m
[40m  01:00:00  
[39;49m
[37m
[40m  
[0;1m
[36m
[40mFirmware:
[37m
[40m  v2.7.1
[6;3H
[0;1m
[36m
[40mNPU Memory:
[39;49m
[37m
[40m  
[34m
[40m[
[20X
[6;37H]
[39;49m
[37m
[40m 
[34m
[40m119.81 MiB / 3.92 GiB (2.98%) 
[7;5H
[0;1m
[35m
[40mCore :
[37m
[40m0 
[39;49m
[37m
[40m  
[0;1m
[35m
[40mUtil:
[37m
[40m  41.3% 
[39;49m
[37m
[40m  
[0;1m
[35m
[40mTemp:
[32m
[40m 43 
[39;49m
[37m
[40m  
[0;1m
[35m
[40mVoltage:
[37m
[40m 750 mV 
[39;49m
[37m
[40m  
[0;1m
[35m
[40mClock:
[37m
[40m 1000 MHz
[8;5H
[0;1m
[35m
[40mCore :
[37m
[40m1 
[39;49m
[37m
[40m  
[0;1m
[35m
[40mUtil:
[37m
[40m  19.5% 
[39;49m
[37m
[40m  
[0;1m
[35m
[40mTemp:
[32m
[40m 43 
[39;49m
[37m
[40m  
[0;1m
[35m
[40mVoltage:
[37m
[40m 750 mV 
[39;49m
[37m
[40m  
[0;1m
[35m
[40mClock:
[37m
[40m 1000 MHz
[9;5H
[0;1m
[35m
[40mCore :
[37m
[40m2 
[39;49m
[37m
[40m  
[0;1m
[35m
[40mUtil:
[37m
[40m   3.7% 
[39;49m
[37m
[40m  
[0;1m
[35m
[40mTemp:
[32m
[40m 44 
[39;49m
[37m
[40m  
[0;1m
[35m
[40mVoltage:
[37m
[40m 750 mV 
[39;49m
[37m
[40m  
[0;1m
[35m
[40mClock:
[37m
[40m 1000 MHz
[10d
[39;49m
[37m
[40m-
[198b-
[50;1HTotal Devices: 1
[50;190HPage: 1 / 
[?7l1
[?7h
[39;49m
[37m
[40m
[2J[DX-TOP]  (q) Quit   (n) Next Page   (p) Prev Page   (h) Help
[2dMon Jul 13 17:10:58 2026
[3dDX-RT: v3.4.0     NPU Device driver: v2.5.1     DX-TOP: v1.1.0
[4d-
[198b-
[5;3H
[0;1m
[36m
[40mDevice :
[37m
[40m0
[18G
[0;1m
[36m
[40mVariant:
[37m
[40m    M1
[38G
[0;1m
[36m
[40mPCIe Bus Number:
[37m
[40m  01:00:00  
[39;49m
[37m
[40m  
[0;1m
[36m
[40mFirmware:
[37m
[40m  v2.7.1
[6;3H
[0;1m
[36m
[40mNPU Memory:
[39;49m
[37m
[40m  
[34m
[40m[
[20X
[6;37H]
[39;49m
[37m
[40m 
[34m
[40m119.81 MiB / 3.92 GiB (2.98%) 
[7;5H
[0;1m
[35m
[40mCore :
[37m
[40m0 
[39;49m
[37m
[40m  
[0;1m
[35m
[40mUtil:
[37m
[40m  41.6% 
[39;49m
[37m
[40m  
[0;1m
[35m
[40mTemp:
[32m
[40m 43 
[39;49m
[37m
[40m  
[0;1m
[35m
[40mVoltage:
[37m
[40m 750 mV 
[39;49m
[37m
[40m  
[0;1m
[35m
[40mClock:
[37m
[40m 1000 MHz
[8;5H
[0;1m
[35m
[40mCore :
[37m
[40m1 
[39;49m
[37m
[40m  
[0;1m
[35m
[40mUtil:
[37m
[40m  19.6% 
[39;49m
[37m
[40m  
[0;1m
[35m
[40mTemp:
[32m
[40m 43 
[39;49m
[37m
[40m  
[0;1m
[35m
[40mVoltage:
[37m
[40m 750 mV 
[39;49m
[37m
[40m  
[0;1m
[35m
[40mClock:
[37m
[40m 1000 MHz
[9;5H
[0;1m
[35m
[40mCore :
[37m
[40m2 
[39;49m
[37m
[40m  
[0;1m
[35m
[40mUtil:
[37m
[40m   3.7% 
[39;49m
[37m
[40m  
[0;1m
[35m
[40mTemp:
[32m
[40m 44 
[39;49m
[37m
[40m  
[0;1m
[35m
[40mVoltage:
[37m
[40m 750 mV 
[39;49m
[37m
[40m  
[0;1m
[35m
[40mClock:
[37m
[40m 1000 MHz
[10d
[39;49m
[37m
[40m-
[198b-
[50;1HTotal Devices: 1
[50;190HPage: 1 / 
[?7l1
[?7h
[39;49m
[37m
[40m
[2J[DX-TOP]  (q) Quit   (n) Next Page   (p) Prev Page   (h) Help
[2dMon Jul 13 17:11:00 2026
[3dDX-RT: v3.4.0     NPU Device driver: v2.5.1     DX-TOP: v1.1.0
[4d-
[198b-
[5;3H
[0;1m
[36m
[40mDevice :
[37m
[40m0
[18G
[0;1m
[36m
[40mVariant:
[37m
[40m    M1
[38G
[0;1m
[36m
[40mPCIe Bus Number:
[37m
[40m  01:00:00  
[39;49m
[37m
[40m  
[0;1m
[36m
[40mFirmware:
[37m
[40m  v2.7.1
[6;3H
[0;1m
[36m
[40mNPU Memory:
[39;49m
[37m
[40m  
[34m
[40m[
[20X
[6;37H]
[39;49m
[37m
[40m 
[34m
[40m119.81 MiB / 3.92 GiB (2.98%) 
[7;5H
[0;1m
[35m
[40mCore :
[37m
[40m0 
[39;49m
[37m
[40m  
[0;1m
[35m
[40mUtil:
[37m
[40m  42.9% 
[39;49m
[37m
[40m  
[0;1m
[35m
[40mTemp:
[32m
[40m 43 
[39;49m
[37m
[40m  
[0;1m
[35m
[40mVoltage:
[37m
[40m 750 mV 
[39;49m
[37m
[40m  
[0;1m
[35m
[40mClock:
[37m
[40m 1000 MHz
[8;5H
[0;1m
[35m
[40mCore :
[37m
[40m1 
[39;49m
[37m
[40m  
[0;1m
[35m
[40mUtil:
[37m
[40m  19.2% 
[39;49m
[37m
[40m  
[0;1m
[35m
[40mTemp:
[32m
[40m 43 
[39;49m
[37m
[40m  
[0;1m
[35m
[40mVoltage:
[37m
[40m 750 mV 
[39;49m
[37m
[40m  
[0;1m
[35m
[40mClock:
[37m
[40m 1000 MHz
[9;5H
[0;1m
[35m
[40mCore :
[37m
[40m2 
[39;49m
[37m
[40m  
[0;1m
[35m
[40mUtil:
[37m
[40m   3.6% 
[39;49m
[37m
[40m  
[0;1m
[35m
[40mTemp:
[32m
[40m 44 
[39;49m
[37m
[40m  
[0;1m
[35m
[40mVoltage:
[37m
[40m 750 mV 
[39;49m
[37m
[40m  
[0;1m
[35m
[40mClock:
[37m
[40m 1000 MHz
[10d
[39;49m
[37m
[40m-
[198b-
[50;1HTotal Devices: 1
[50;190HPage: 1 / 
[?7l1
[?7h
[39;49m
[37m
[40m
[2J[DX-TOP]  (q) Quit   (n) Next Page   (p) Prev Page   (h) Help
[2dMon Jul 13 17:11:02 2026
[3dDX-RT: v3.4.0     NPU Device driver: v2.5.1     DX-TOP: v1.1.0
[4d-
[198b-
[5;3H
[0;1m
[36m
[40mDevice :
[37m
[40m0
[18G
[0;1m
[36m
[40mVariant:
[37m
[40m    M1
[38G
[0;1m
[36m
[40mPCIe Bus Number:
[37m
[40m  01:00:00  
[39;49m
[37m
[40m  
[0;1m
[36m
[40mFirmware:
[37m
[40m  v2.7.1
[6;3H
[0;1m
[36m
[40mNPU Memory:
[39;49m
[37m
[40m  
[34m
[40m[
[20X
[6;37H]
[39;49m
[37m
[40m 
[34m
[40m119.81 MiB / 3.92 GiB (2.98%) 
[7;5H
[0;1m
[35m
[40mCore :
[37m
[40m0 
[39;49m
[37m
[40m  
[0;1m
[35m
[40mUtil:
[37m
[40m  41.4% 
[39;49m
[37m
[40m  
[0;1m
[35m
[40mTemp:
[32m
[40m 43 
[39;49m
[37m
[40m  
[0;1m
[35m
[40mVoltage:
[37m
[40m 750 mV 
[39;49m
[37m
[40m  
[0;1m
[35m
[40mClock:
[37m
[40m 1000 MHz
[8;5H
[0;1m
[35m
[40mCore :
[37m
[40m1 
[39;49m
[37m
[40m  
[0;1m
[35m
[40mUtil:
[37m
[40m  20.8% 
[39;49m
[37m
[40m  
[0;1m
[35m
[40mTemp:
[32m
[40m 44 
[39;49m
[37m
[40m  
[0;1m
[35m
[40mVoltage:
[37m
[40m 750 mV 
[39;49m
[37m
[40m  
[0;1m
[35m
[40mClock:
[37m
[40m 1000 MHz
[9;5H
[0;1m
[35m
[40mCore :
[37m
[40m2 
[39;49m
[37m
[40m  
[0;1m
[35m
[40mUtil:
[37m
[40m   4.5% 
[39;49m
[37m
[40m  
[0;1m
[35m
[40mTemp:
[32m
[40m 44 
[39;49m
[37m
[40m  
[0;1m
[35m
[40mVoltage:
[37m
[40m 750 mV 
[39;49m
[37m
[40m  
[0;1m
[35m
[40mClock:
[37m
[40m 1000 MHz
[10d
[39;49m
[37m
[40m-
[198b-
[50;1HTotal Devices: 1
[50;190HPage: 1 / 
[?7l1
[?7h
[39;49m
[37m
[40m
[2J[DX-TOP]  (q) Quit   (n) Next Page   (p) Prev Page   (h) Help
[2dMon Jul 13 17:11:04 2026
[3dDX-RT: v3.4.0     NPU Device driver: v2.5.1     DX-TOP: v1.1.0
[4d-
[198b-
[5;3H
[0;1m
[36m
[40mDevice :
[37m
[40m0
[18G
[0;1m
[36m
[40mVariant:
[37m
[40m    M1
[38G
[0;1m
[36m
[40mPCIe Bus Number:
[37m
[40m  01:00:00  
[39;49m
[37m
[40m  
[0;1m
[36m
[40mFirmware:
[37m
[40m  v2.7.1
[6;3H
[0;1m
[36m
[40mNPU Memory:
[39;49m
[37m
[40m  
[34m
[40m[
[20X
[6;37H]
[39;49m
[37m
[40m 
[34m
[40m119.81 MiB / 3.92 GiB (2.98%) 
[7;5H
[0;1m
[35m
[40mCore :
[37m
[40m0 
[39;49m
[37m
[40m  
[0;1m
[35m
[40mUtil:
[37m
[40m  41.9% 
[39;49m
[37m
[40m  
[0;1m
[35m
[40mTemp:
[32m
[40m 44 
[39;49m
[37m
[40m  
[0;1m
[35m
[40mVoltage:
[37m
[40m 750 mV 
[39;49m
[37m
[40m  
[0;1m
[35m
[40mClock:
[37m
[40m 1000 MHz
[8;5H
[0;1m
[35m
[40mCore :
[37m
[40m1 
[39;49m
[37m
[40m  
[0;1m
[35m
[40mUtil:
[37m
[40m  19.3% 
[39;49m
[37m
[40m  
[0;1m
[35m
[40mTemp:
[32m
[40m 44 
[39;49m
[37m
[40m  
[0;1m
[35m
[40mVoltage:
[37m
[40m 750 mV 
[39;49m
[37m
[40m  
[0;1m
[35m
[40mClock:
[37m
[40m 1000 MHz
[9;5H
[0;1m
[35m
[40mCore :
[37m
[40m2 
[39;49m
[37m
[40m  
[0;1m
[35m
[40mUtil:
[37m
[40m   4.5% 
[39;49m
[37m
[40m  
[0;1m
[35m
[40mTemp:
[32m
[40m 44 
[39;49m
[37m
[40m  
[0;1m
[35m
[40mVoltage:
[37m
[40m 750 mV 
[39;49m
[37m
[40m  
[0;1m
[35m
[40mClock:
[37m
[40m 1000 MHz
[10d
[39;49m
[37m
[40m-
[198b-
[50;1HTotal Devices: 1
[50;190HPage: 1 / 
[?7l1
[?7h
[39;49m
[37m
[40m
[2J[DX-TOP]  (q) Quit   (n) Next Page   (p) Prev Page   (h) Help
[2dMon Jul 13 17:11:06 2026
[3dDX-RT: v3.4.0     NPU Device driver: v2.5.1     DX-TOP: v1.1.0
[4d-
[198b-
[5;3H
[0;1m
[36m
[40mDevice :
[37m
[40m0
[18G
[0;1m
[36m
[40mVariant:
[37m
[40m    M1
[38G
[0;1m
[36m
[40mPCIe Bus Number:
[37m
[40m  01:00:00  
[39;49m
[37m
[40m  
[0;1m
[36m
[40mFirmware:
[37m
[40m  v2.7.1
[6;3H
[0;1m
[36m
[40mNPU Memory:
[39;49m
[37m
[40m  
[34m
[40m[
[20X
[6;37H]
[39;49m
[37m
[40m 
[34m
[40m119.81 MiB / 3.92 GiB (2.98%) 
[7;5H
[0;1m
[35m
[40mCore :
[37m
[40m0 
[39;49m
[37m
[40m  
[0;1m
[35m
[40mUtil:
[37m
[40m  36.0% 
[39;49m
[37m
[40m  
[0;1m
[35m
[40mTemp:
[32m
[40m 43 
[39;49m
[37m
[40m  
[0;1m
[35m
[40mVoltage:
[37m
[40m 750 mV 
[39;49m
[37m
[40m  
[0;1m
[35m
[40mClock:
[37m
[40m 1000 MHz
[8;5H
[0;1m
[35m
[40mCore :
[37m
[40m1 
[39;49m
[37m
[40m  
[0;1m
[35m
[40mUtil:
[37m
[40m  26.5% 
[39;49m
[37m
[40m  
[0;1m
[35m
[40mTemp:
[32m
[40m 44 
[39;49m
[37m
[40m  
[0;1m
[35m
[40mVoltage:
[37m
[40m 750 mV 
[39;49m
[37m
[40m  
[0;1m
[35m
[40mClock:
[37m
[40m 1000 MHz
[9;5H
[0;1m
[35m
[40mCore :
[37m
[40m2 
[39;49m
[37m
[40m  
[0;1m
[35m
[40mUtil:
[37m
[40m   4.5% 
[39;49m
[37m
[40m  
[0;1m
[35m
[40mTemp:
[32m
[40m 44 
[39;49m
[37m
[40m  
[0;1m
[35m
[40mVoltage:
[37m
[40m 750 mV 
[39;49m
[37m
[40m  
[0;1m
[35m
[40mClock:
[37m
[40m 1000 MHz
[10d
[39;49m
[37m
[40m-
[198b-
[50;1HTotal Devices: 1
[50;190HPage: 1 / 
[?7l1
[?7h
[39;49m
[37m
[40m
[2J[DX-TOP]  (q) Quit   (n) Next Page   (p) Prev Page   (h) Help
[2dMon Jul 13 17:11:08 2026
[3dDX-RT: v3.4.0     NPU Device driver: v2.5.1     DX-TOP: v1.1.0
[4d-
[198b-
[5;3H
[0;1m
[36m
[40mDevice :
[37m
[40m0
[18G
[0;1m
[36m
[40mVariant:
[37m
[40m    M1
[38G
[0;1m
[36m
[40mPCIe Bus Number:
[37m
[40m  01:00:00  
[39;49m
[37m
[40m  
[0;1m
[36m
[40mFirmware:
[37m
[40m  v2.7.1
[6;3H
[0;1m
[36m
[40mNPU Memory:
[39;49m
[37m
[40m  
[34m
[40m[
[20X
[6;37H]
[39;49m
[37m
[40m 
[34m
[40m119.81 MiB / 3.92 GiB (2.98%) 
[7;5H
[0;1m
[35m
[40mCore :
[37m
[40m0 
[39;49m
[37m
[40m  
[0;1m
[35m
[40mUtil:
[37m
[40m  40.2% 
[39;49m
[37m
[40m  
[0;1m
[35m
[40mTemp:
[32m
[40m 43 
[39;49m
[37m
[40m  
[0;1m
[35m
[40mVoltage:
[37m
[40m 750 mV 
[39;49m
[37m
[40m  
[0;1m
[35m
[40mClock:
[37m
[40m 1000 MHz
[8;5H
[0;1m
[35m
[40mCore :
[37m
[40m1 
[39;49m
[37m
[40m  
[0;1m
[35m
[40mUtil:
[37m
[40m  22.7% 
[39;49m
[37m
[40m  
[0;1m
[35m
[40mTemp:
[32m
[40m 44 
[39;49m
[37m
[40m  
[0;1m
[35m
[40mVoltage:
[37m
[40m 750 mV 
[39;49m
[37m
[40m  
[0;1m
[35m
[40mClock:
[37m
[40m 1000 MHz
[9;5H
[0;1m
[35m
[40mCore :
[37m
[40m2 
[39;49m
[37m
[40m  
[0;1m
[35m
[40mUtil:
[37m
[40m   3.5% 
[39;49m
[37m
[40m  
[0;1m
[35m
[40mTemp:
[32m
[40m 44 
[39;49m
[37m
[40m  
[0;1m
[35m
[40mVoltage:
[37m
[40m 750 mV 
[39;49m
[37m
[40m  
[0;1m
[35m
[40mClock:
[37m
[40m 1000 MHz
[10d
[39;49m
[37m
[40m-
[198b-
[50;1HTotal Devices: 1
[50;190HPage: 1 / 
[?7l1
[?7h
[39;49m
[37m
[40m
[2J[DX-TOP]  (q) Quit   (n) Next Page   (p) Prev Page   (h) Help
[2dMon Jul 13 17:11:10 2026
[3dDX-RT: v3.4.0     NPU Device driver: v2.5.1     DX-TOP: v1.1.0
[4d-
[198b-
[5;3H
[0;1m
[36m
[40mDevice :
[37m
[40m0
[18G
[0;1m
[36m
[40mVariant:
[37m
[40m    M1
[38G
[0;1m
[36m
[40mPCIe Bus Number:
[37m
[40m  01:00:00  
[39;49m
[37m
[40m  
[0;1m
[36m
[40mFirmware:
[37m
[40m  v2.7.1
[6;3H
[0;1m
[36m
[40mNPU Memory:
[39;49m
[37m
[40m  
[34m
[40m[
[20X
[6;37H]
[39;49m
[37m
[40m 
[34m
[40m119.81 MiB / 3.92 GiB (2.98%) 
[7;5H
[0;1m
[35m
[40mCore :
[37m
[40m0 
[39;49m
[37m
[40m  
[0;1m
[35m
[40mUtil:
[37m
[40m  38.0% 
[39;49m
[37m
[40m  
[0;1m
[35m
[40mTemp:
[32m
[40m 43 
[39;49m
[37m
[40m  
[0;1m
[35m
[40mVoltage:
[37m
[40m 750 mV 
[39;49m
[37m
[40m  
[0;1m
[35m
[40mClock:
[37m
[40m 1000 MHz
[8;5H
[0;1m
[35m
[40mCore :
[37m
[40m1 
[39;49m
[37m
[40m  
[0;1m
[35m
[40mUtil:
[37m
[40m  23.9% 
[39;49m
[37m
[40m  
[0;1m
[35m
[40mTemp:
[32m
[40m 44 
[39;49m
[37m
[40m  
[0;1m
[35m
[40mVoltage:
[37m
[40m 750 mV 
[39;49m
[37m
[40m  
[0;1m
[35m
[40mClock:
[37m
[40m 1000 MHz
[9;5H
[0;1m
[35m
[40mCore :
[37m
[40m2 
[39;49m
[37m
[40m  
[0;1m
[35m
[40mUtil:
[37m
[40m   3.6% 
[39;49m
[37m
[40m  
[0;1m
[35m
[40mTemp:
[32m
[40m 44 
[39;49m
[37m
[40m  
[0;1m
[35m
[40mVoltage:
[37m
[40m 750 mV 
[39;49m
[37m
[40m  
[0;1m
[35m
[40mClock:
[37m
[40m 1000 MHz
[10d
[39;49m
[37m
[40m-
[198b-
[50;1HTotal Devices: 1
[50;190HPage: 1 / 
[?7l1
[?7h
[39;49m
[37m
[40m
[2J[DX-TOP]  (q) Quit   (n) Next Page   (p) Prev Page   (h) Help
[2dMon Jul 13 17:11:12 2026
[3dDX-RT: v3.4.0     NPU Device driver: v2.5.1     DX-TOP: v1.1.0
[4d-
[198b-
[5;3H
[0;1m
[36m
[40mDevice :
[37m
[40m0
[18G
[0;1m
[36m
[40mVariant:
[37m
[40m    M1
[38G
[0;1m
[36m
[40mPCIe Bus Number:
[37m
[40m  01:00:00  
[39;49m
[37m
[40m  
[0;1m
[36m
[40mFirmware:
[37m
[40m  v2.7.1
[6;3H
[0;1m
[36m
[40mNPU Memory:
[39;49m
[37m
[40m  
[34m
[40m[
[20X
[6;37H]
[39;49m
[37m
[40m 
[34m
[40m119.81 MiB / 3.92 GiB (2.98%) 
[7;5H
[0;1m
[35m
[40mCore :
[37m
[40m0 
[39;49m
[37m
[40m  
[0;1m
[35m
[40mUtil:
[37m
[40m  40.2% 
[39;49m
[37m
[40m  
[0;1m
[35m
[40mTemp:
[32m
[40m 43 
[39;49m
[37m
[40m  
[0;1m
[35m
[40mVoltage:
[37m
[40m 750 mV 
[39;49m
[37m
[40m  
[0;1m
[35m
[40mClock:
[37m
[40m 1000 MHz
[8;5H
[0;1m
[35m
[40mCore :
[37m
[40m1 
[39;49m
[37m
[40m  
[0;1m
[35m
[40mUtil:
[37m
[40m  20.1% 
[39;49m
[37m
[40m  
[0;1m
[35m
[40mTemp:
[32m
[40m 43 
[39;49m
[37m
[40m  
[0;1m
[35m
[40mVoltage:
[37m
[40m 750 mV 
[39;49m
[37m
[40m  
[0;1m
[35m
[40mClock:
[37m
[40m 1000 MHz
[9;5H
[0;1m
[35m
[40mCore :
[37m
[40m2 
[39;49m
[37m
[40m  
[0;1m
[35m
[40mUtil:
[37m
[40m   5.5% 
[39;49m
[37m
[40m  
[0;1m
[35m
[40mTemp:
[32m
[40m 44 
[39;49m
[37m
[40m  
[0;1m
[35m
[40mVoltage:
[37m
[40m 750 mV 
[39;49m
[37m
[40m  
[0;1m
[35m
[40mClock:
[37m
[40m 1000 MHz
[10d
[39;49m
[37m
[40m-
[198b-
[50;1HTotal Devices: 1
[50;190HPage: 1 / 
[?7l1
[?7h
[39;49m
[37m
[40m
[2J[DX-TOP]  (q) Quit   (n) Next Page   (p) Prev Page   (h) Help
[2dMon Jul 13 17:11:14 2026
[3dDX-RT: v3.4.0     NPU Device driver: v2.5.1     DX-TOP: v1.1.0
[4d-
[198b-
[5;3H
[0;1m
[36m
[40mDevice :
[37m
[40m0
[18G
[0;1m
[36m
[40mVariant:
[37m
[40m    M1
[38G
[0;1m
[36m
[40mPCIe Bus Number:
[37m
[40m  01:00:00  
[39;49m
[37m
[40m  
[0;1m
[36m
[40mFirmware:
[37m
[40m  v2.7.1
[6;3H
[0;1m
[36m
[40mNPU Memory:
[39;49m
[37m
[40m  
[34m
[40m[
[20X
[6;37H]
[39;49m
[37m
[40m 
[34m
[40m119.81 MiB / 3.92 GiB (2.98%) 
[7;5H
[0;1m
[35m
[40mCore :
[37m
[40m0 
[39;49m
[37m
[40m  
[0;1m
[35m
[40mUtil:
[37m
[40m  38.1% 
[39;49m
[37m
[40m  
[0;1m
[35m
[40mTemp:
[32m
[40m 43 
[39;49m
[37m
[40m  
[0;1m
[35m
[40mVoltage:
[37m
[40m 750 mV 
[39;49m
[37m
[40m  
[0;1m
[35m
[40mClock:
[37m
[40m 1000 MHz
[8;5H
[0;1m
[35m
[40mCore :
[37m
[40m1 
[39;49m
[37m
[40m  
[0;1m
[35m
[40mUtil:
[37m
[40m  20.1% 
[39;49m
[37m
[40m  
[0;1m
[35m
[40mTemp:
[32m
[40m 43 
[39;49m
[37m
[40m  
[0;1m
[35m
[40mVoltage:
[37m
[40m 750 mV 
[39;49m
[37m
[40m  
[0;1m
[35m
[40mClock:
[37m
[40m 1000 MHz
[9;5H
[0;1m
[35m
[40mCore :
[37m
[40m2 
[39;49m
[37m
[40m  
[0;1m
[35m
[40mUtil:
[37m
[40m   7.1% 
[39;49m
[37m
[40m  
[0;1m
[35m
[40mTemp:
[32m
[40m 44 
[39;49m
[37m
[40m  
[0;1m
[35m
[40mVoltage:
[37m
[40m 750 mV 
[39;49m
[37m
[40m  
[0;1m
[35m
[40mClock:
[37m
[40m 1000 MHz
[10d
[39;49m
[37m
[40m-
[198b-
[50;1HTotal Devices: 1
[50;190HPage: 1 / 
[?7l1
[?7h
[39;49m
[37m
[40m
[2J[DX-TOP]  (q) Quit   (n) Next Page   (p) Prev Page   (h) Help
[2dMon Jul 13 17:11:16 2026
[3dDX-RT: v3.4.0     NPU Device driver: v2.5.1     DX-TOP: v1.1.0
[4d-
[198b-
[5;3H
[0;1m
[36m
[40mDevice :
[37m
[40m0
[18G
[0;1m
[36m
[40mVariant:
[37m
[40m    M1
[38G
[0;1m
[36m
[40mPCIe Bus Number:
[37m
[40m  01:00:00  
[39;49m
[37m
[40m  
[0;1m
[36m
[40mFirmware:
[37m
[40m  v2.7.1
[6;3H
[0;1m
[36m
[40mNPU Memory:
[39;49m
[37m
[40m  
[34m
[40m[
[20X
[6;37H]
[39;49m
[37m
[40m 
[34m
[40m119.81 MiB / 3.92 GiB (2.98%) 
[7;5H
[0;1m
[35m
[40mCore :
[37m
[40m0 
[39;49m
[37m
[40m  
[0;1m
[35m
[40mUtil:
[37m
[40m  39.5% 
[39;49m
[37m
[40m  
[0;1m
[35m
[40mTemp:
[32m
[40m 43 
[39;49m
[37m
[40m  
[0;1m
[35m
[40mVoltage:
[37m
[40m 755 mV 
[39;49m
[37m
[40m  
[0;1m
[35m
[40mClock:
[37m
[40m 1000 MHz
[8;5H
[0;1m
[35m
[40mCore :
[37m
[40m1 
[39;49m
[37m
[40m  
[0;1m
[35m
[40mUtil:
[37m
[40m  23.2% 
[39;49m
[37m
[40m  
[0;1m
[35m
[40mTemp:
[32m
[40m 44 
[39;49m
[37m
[40m  
[0;1m
[35m
[40mVoltage:
[37m
[40m 755 mV 
[39;49m
[37m
[40m  
[0;1m
[35m
[40mClock:
[37m
[40m 1000 MHz
[9;5H
[0;1m
[35m
[40mCore :
[37m
[40m2 
[39;49m
[37m
[40m  
[0;1m
[35m
[40mUtil:
[37m
[40m   4.8% 
[39;49m
[37m
[40m  
[0;1m
[35m
[40mTemp:
[32m
[40m 44 
[39;49m
[37m
[40m  
[0;1m
[35m
[40mVoltage:
[37m
[40m 755 mV 
[39;49m
[37m
[40m  
[0;1m
[35m
[40mClock:
[37m
[40m 1000 MHz
[10d
[39;49m
[37m
[40m-
[198b-
[50;1HTotal Devices: 1
[50;190HPage: 1 / 
[?7l1
[?7h
[39;49m
[37m
[40m
[2J[DX-TOP]  (q) Quit   (n) Next Page   (p) Prev Page   (h) Help
[2dMon Jul 13 17:11:18 2026
[3dDX-RT: v3.4.0     NPU Device driver: v2.5.1     DX-TOP: v1.1.0
[4d-
[198b-
[5;3H
[0;1m
[36m
[40mDevice :
[37m
[40m0
[18G
[0;1m
[36m
[40mVariant:
[37m
[40m    M1
[38G
[0;1m
[36m
[40mPCIe Bus Number:
[37m
[40m  01:00:00  
[39;49m
[37m
[40m  
[0;1m
[36m
[40mFirmware:
[37m
[40m  v2.7.1
[6;3H
[0;1m
[36m
[40mNPU Memory:
[39;49m
[37m
[40m  
[34m
[40m[
[20X
[6;37H]
[39;49m
[37m
[40m 
[34m
[40m119.81 MiB / 3.92 GiB (2.98%) 
[7;5H
[0;1m
[35m
[40mCore :
[37m
[40m0 
[39;49m
[37m
[40m  
[0;1m
[35m
[40mUtil:
[37m
[40m  38.2% 
[39;49m
[37m
[40m  
[0;1m
[35m
[40mTemp:
[32m
[40m 43 
[39;49m
[37m
[40m  
[0;1m
[35m
[40mVoltage:
[37m
[40m 755 mV 
[39;49m
[37m
[40m  
[0;1m
[35m
[40mClock:
[37m
[40m 1000 MHz
[8;5H
[0;1m
[35m
[40mCore :
[37m
[40m1 
[39;49m
[37m
[40m  
[0;1m
[35m
[40mUtil:
[37m
[40m  23.3% 
[39;49m
[37m
[40m  
[0;1m
[35m
[40mTemp:
[32m
[40m 44 
[39;49m
[37m
[40m  
[0;1m
[35m
[40mVoltage:
[37m
[40m 755 mV 
[39;49m
[37m
[40m  
[0;1m
[35m
[40mClock:
[37m
[40m 1000 MHz
[9;5H
[0;1m
[35m
[40mCore :
[37m
[40m2 
[39;49m
[37m
[40m  
[0;1m
[35m
[40mUtil:
[37m
[40m   3.6% 
[39;49m
[37m
[40m  
[0;1m
[35m
[40mTemp:
[32m
[40m 44 
[39;49m
[37m
[40m  
[0;1m
[35m
[40mVoltage:
[37m
[40m 755 mV 
[39;49m
[37m
[40m  
[0;1m
[35m
[40mClock:
[37m
[40m 1000 MHz
[10d
[39;49m
[37m
[40m-
[198b-
[50;1HTotal Devices: 1
[50;190HPage: 1 / 
[?7l1
[?7h
[39;49m
[37m
[40m
[2J[DX-TOP]  (q) Quit   (n) Next Page   (p) Prev Page   (h) Help
[2dMon Jul 13 17:11:20 2026
[3dDX-RT: v3.4.0     NPU Device driver: v2.5.1     DX-TOP: v1.1.0
[4d-
[198b-
[5;3H
[0;1m
[36m
[40mDevice :
[37m
[40m0
[18G
[0;1m
[36m
[40mVariant:
[37m
[40m    M1
[38G
[0;1m
[36m
[40mPCIe Bus Number:
[37m
[40m  01:00:00  
[39;49m
[37m
[40m  
[0;1m
[36m
[40mFirmware:
[37m
[40m  v2.7.1
[6;3H
[0;1m
[36m
[40mNPU Memory:
[39;49m
[37m
[40m  
[34m
[40m[
[20X
[6;37H]
[39;49m
[37m
[40m 
[34m
[40m119.81 MiB / 3.92 GiB (2.98%) 
[7;5H
[0;1m
[35m
[40mCore :
[37m
[40m0 
[39;49m
[37m
[40m  
[0;1m
[35m
[40mUtil:
[37m
[40m  35.6% 
[39;49m
[37m
[40m  
[0;1m
[35m
[40mTemp:
[32m
[40m 44 
[39;49m
[37m
[40m  
[0;1m
[35m
[40mVoltage:
[37m
[40m 750 mV 
[39;49m
[37m
[40m  
[0;1m
[35m
[40mClock:
[37m
[40m 1000 MHz
[8;5H
[0;1m
[35m
[40mCore :
[37m
[40m1 
[39;49m
[37m
[40m  
[0;1m
[35m
[40mUtil:
[37m
[40m  24.7% 
[39;49m
[37m
[40m  
[0;1m
[35m
[40mTemp:
[32m
[40m 44 
[39;49m
[37m
[40m  
[0;1m
[35m
[40mVoltage:
[37m
[40m 750 mV 
[39;49m
[37m
[40m  
[0;1m
[35m
[40mClock:
[37m
[40m 1000 MHz
[9;5H
[0;1m
[35m
[40mCore :
[37m
[40m2 
[39;49m
[37m
[40m  
[0;1m
[35m
[40mUtil:
[37m
[40m   9.0% 
[39;49m
[37m
[40m  
[0;1m
[35m
[40mTemp:
[32m
[40m 44 
[39;49m
[37m
[40m  
[0;1m
[35m
[40mVoltage:
[37m
[40m 750 mV 
[39;49m
[37m
[40m  
[0;1m
[35m
[40mClock:
[37m
[40m 1000 MHz
[10d
[39;49m
[37m
[40m-
[198b-
[50;1HTotal Devices: 1
[50;190HPage: 1 / 
[?7l1
[?7h
[39;49m
[37m
[40m
[2J[DX-TOP]  (q) Quit   (n) Next Page   (p) Prev Page   (h) Help
[2dMon Jul 13 17:11:22 2026
[3dDX-RT: v3.4.0     NPU Device driver: v2.5.1     DX-TOP: v1.1.0
[4d-
[198b-
[5;3H
[0;1m
[36m
[40mDevice :
[37m
[40m0
[18G
[0;1m
[36m
[40mVariant:
[37m
[40m    M1
[38G
[0;1m
[36m
[40mPCIe Bus Number:
[37m
[40m  01:00:00  
[39;49m
[37m
[40m  
[0;1m
[36m
[40mFirmware:
[37m
[40m  v2.7.1
[6;3H
[0;1m
[36m
[40mNPU Memory:
[39;49m
[37m
[40m  
[34m
[40m[
[20X
[6;37H]
[39;49m
[37m
[40m 
[34m
[40m119.81 MiB / 3.92 GiB (2.98%) 
[7;5H
[0;1m
[35m
[40mCore :
[37m
[40m0 
[39;49m
[37m
[40m  
[0;1m
[35m
[40mUtil:
[37m
[40m  38.4% 
[39;49m
[37m
[40m  
[0;1m
[35m
[40mTemp:
[32m
[40m 43 
[39;49m
[37m
[40m  
[0;1m
[35m
[40mVoltage:
[37m
[40m 750 mV 
[39;49m
[37m
[40m  
[0;1m
[35m
[40mClock:
[37m
[40m 1000 MHz
[8;5H
[0;1m
[35m
[40mCore :
[37m
[40m1 
[39;49m
[37m
[40m  
[0;1m
[35m
[40mUtil:
[37m
[40m  22.8% 
[39;49m
[37m
[40m  
[0;1m
[35m
[40mTemp:
[32m
[40m 44 
[39;49m
[37m
[40m  
[0;1m
[35m
[40mVoltage:
[37m
[40m 750 mV 
[39;49m
[37m
[40m  
[0;1m
[35m
[40mClock:
[37m
[40m 1000 MHz
[9;5H
[0;1m
[35m
[40mCore :
[37m
[40m2 
[39;49m
[37m
[40m  
[0;1m
[35m
[40mUtil:
[37m
[40m   5.5% 
[39;49m
[37m
[40m  
[0;1m
[35m
[40mTemp:
[32m
[40m 44 
[39;49m
[37m
[40m  
[0;1m
[35m
[40mVoltage:
[37m
[40m 750 mV 
[39;49m
[37m
[40m  
[0;1m
[35m
[40mClock:
[37m
[40m 1000 MHz
[10d
[39;49m
[37m
[40m-
[198b-
[50;1HTotal Devices: 1
[50;190HPage: 1 / 
[?7l1
[?7h
[39;49m
[37m
[40m
[2J[DX-TOP]  (q) Quit   (n) Next Page   (p) Prev Page   (h) Help
[2dMon Jul 13 17:11:24 2026
[3dDX-RT: v3.4.0     NPU Device driver: v2.5.1     DX-TOP: v1.1.0
[4d-
[198b-
[5;3H
[0;1m
[36m
[40mDevice :
[37m
[40m0
[18G
[0;1m
[36m
[40mVariant:
[37m
[40m    M1
[38G
[0;1m
[36m
[40mPCIe Bus Number:
[37m
[40m  01:00:00  
[39;49m
[37m
[40m  
[0;1m
[36m
[40mFirmware:
[37m
[40m  v2.7.1
[6;3H
[0;1m
[36m
[40mNPU Memory:
[39;49m
[37m
[40m  
[34m
[40m[
[20X
[6;37H]
[39;49m
[37m
[40m 
[34m
[40m119.81 MiB / 3.92 GiB (2.98%) 
[7;5H
[0;1m
[35m
[40mCore :
[37m
[40m0 
[39;49m
[37m
[40m  
[0;1m
[35m
[40mUtil:
[37m
[40m  38.4% 
[39;49m
[37m
[40m  
[0;1m
[35m
[40mTemp:
[32m
[40m 44 
[39;49m
[37m
[40m  
[0;1m
[35m
[40mVoltage:
[37m
[40m 750 mV 
[39;49m
[37m
[40m  
[0;1m
[35m
[40mClock:
[37m
[40m 1000 MHz
[8;5H
[0;1m
[35m
[40mCore :
[37m
[40m1 
[39;49m
[37m
[40m  
[0;1m
[35m
[40mUtil:
[37m
[40m  21.9% 
[39;49m
[37m
[40m  
[0;1m
[35m
[40mTemp:
[32m
[40m 44 
[39;49m
[37m
[40m  
[0;1m
[35m
[40mVoltage:
[37m
[40m 750 mV 
[39;49m
[37m
[40m  
[0;1m
[35m
[40mClock:
[37m
[40m 1000 MHz
[9;5H
[0;1m
[35m
[40mCore :
[37m
[40m2 
[39;49m
[37m
[40m  
[0;1m
[35m
[40mUtil:
[37m
[40m   3.5% 
[39;49m
[37m
[40m  
[0;1m
[35m
[40mTemp:
[32m
[40m 44 
[39;49m
[37m
[40m  
[0;1m
[35m
[40mVoltage:
[37m
[40m 750 mV 
[39;49m
[37m
[40m  
[0;1m
[35m
[40mClock:
[37m
[40m 1000 MHz
[10d
[39;49m
[37m
[40m-
[198b-
[50;1HTotal Devices: 1
[50;190HPage: 1 / 
[?7l1
[?7h
[39;49m
[37m
[40m
[2J[DX-TOP]  (q) Quit   (n) Next Page   (p) Prev Page   (h) Help
[2dMon Jul 13 17:11:26 2026
[3dDX-RT: v3.4.0     NPU Device driver: v2.5.1     DX-TOP: v1.1.0
[4d-
[198b-
[5;3H
[0;1m
[36m
[40mDevice :
[37m
[40m0
[18G
[0;1m
[36m
[40mVariant:
[37m
[40m    M1
[38G
[0;1m
[36m
[40mPCIe Bus Number:
[37m
[40m  01:00:00  
[39;49m
[37m
[40m  
[0;1m
[36m
[40mFirmware:
[37m
[40m  v2.7.1
[6;3H
[0;1m
[36m
[40mNPU Memory:
[39;49m
[37m
[40m  
[34m
[40m[
[20X
[6;37H]
[39;49m
[37m
[40m 
[34m
[40m119.81 MiB / 3.92 GiB (2.98%) 
[7;5H
[0;1m
[35m
[40mCore :
[37m
[40m0 
[39;49m
[37m
[40m  
[0;1m
[35m
[40mUtil:
[37m
[40m  41.3% 
[39;49m
[37m
[40m  
[0;1m
[35m
[40mTemp:
[32m
[40m 43 
[39;49m
[37m
[40m  
[0;1m
[35m
[40mVoltage:
[37m
[40m 750 mV 
[39;49m
[37m
[40m  
[0;1m
[35m
[40mClock:
[37m
[40m 1000 MHz
[8;5H
[0;1m
[35m
[40mCore :
[37m
[40m1 
[39;49m
[37m
[40m  
[0;1m
[35m
[40mUtil:
[37m
[40m  20.7% 
[39;49m
[37m
[40m  
[0;1m
[35m
[40mTemp:
[32m
[40m 44 
[39;49m
[37m
[40m  
[0;1m
[35m
[40mVoltage:
[37m
[40m 750 mV 
[39;49m
[37m
[40m  
[0;1m
[35m
[40mClock:
[37m
[40m 1000 MHz
[9;5H
[0;1m
[35m
[40mCore :
[37m
[40m2 
[39;49m
[37m
[40m  
[0;1m
[35m
[40mUtil:
[37m
[40m   4.2% 
[39;49m
[37m
[40m  
[0;1m
[35m
[40mTemp:
[32m
[40m 44 
[39;49m
[37m
[40m  
[0;1m
[35m
[40mVoltage:
[37m
[40m 750 mV 
[39;49m
[37m
[40m  
[0;1m
[35m
[40mClock:
[37m
[40m 1000 MHz
[10d
[39;49m
[37m
[40m-
[198b-
[50;1HTotal Devices: 1
[50;190HPage: 1 / 
[?7l1
[?7h
[39;49m
[37m
[40m
[2J[DX-TOP]  (q) Quit   (n) Next Page   (p) Prev Page   (h) Help
[2dMon Jul 13 17:11:28 2026
[3dDX-RT: v3.4.0     NPU Device driver: v2.5.1     DX-TOP: v1.1.0
[4d-
[198b-
[5;3H
[0;1m
[36m
[40mDevice :
[37m
[40m0
[18G
[0;1m
[36m
[40mVariant:
[37m
[40m    M1
[38G
[0;1m
[36m
[40mPCIe Bus Number:
[37m
[40m  01:00:00  
[39;49m
[37m
[40m  
[0;1m
[36m
[40mFirmware:
[37m
[40m  v2.7.1
[6;3H
[0;1m
[36m
[40mNPU Memory:
[39;49m
[37m
[40m  
[34m
[40m[
[20X
[6;37H]
[39;49m
[37m
[40m 
[34m
[40m119.81 MiB / 3.92 GiB (2.98%) 
[7;5H
[0;1m
[35m
[40mCore :
[37m
[40m0 
[39;49m
[37m
[40m  
[0;1m
[35m
[40mUtil:
[37m
[40m  39.8% 
[39;49m
[37m
[40m  
[0;1m
[35m
[40mTemp:
[32m
[40m 43 
[39;49m
[37m
[40m  
[0;1m
[35m
[40mVoltage:
[37m
[40m 750 mV 
[39;49m
[37m
[40m  
[0;1m
[35m
[40mClock:
[37m
[40m 1000 MHz
[8;5H
[0;1m
[35m
[40mCore :
[37m
[40m1 
[39;49m
[37m
[40m  
[0;1m
[35m
[40mUtil:
[37m
[40m  18.8% 
[39;49m
[37m
[40m  
[0;1m
[35m
[40mTemp:
[32m
[40m 44 
[39;49m
[37m
[40m  
[0;1m
[35m
[40mVoltage:
[37m
[40m 750 mV 
[39;49m
[37m
[40m  
[0;1m
[35m
[40mClock:
[37m
[40m 1000 MHz
[9;5H
[0;1m
[35m
[40mCore :
[37m
[40m2 
[39;49m
[37m
[40m  
[0;1m
[35m
[40mUtil:
[37m
[40m   9.3% 
[39;49m
[37m
[40m  
[0;1m
[35m
[40mTemp:
[32m
[40m 44 
[39;49m
[37m
[40m  
[0;1m
[35m
[40mVoltage:
[37m
[40m 750 mV 
[39;49m
[37m
[40m  
[0;1m
[35m
[40mClock:
[37m
[40m 1000 MHz
[10d
[39;49m
[37m
[40m-
[198b-
[50;1HTotal Devices: 1
[50;190HPage: 1 / 
[?7l1
[?7h
[39;49m
[37m
[40m
[2J[DX-TOP]  (q) Quit   (n) Next Page   (p) Prev Page   (h) Help
[2dMon Jul 13 17:11:30 2026
[3dDX-RT: v3.4.0     NPU Device driver: v2.5.1     DX-TOP: v1.1.0
[4d-
[198b-
[5;3H
[0;1m
[36m
[40mDevice :
[37m
[40m0
[18G
[0;1m
[36m
[40mVariant:
[37m
[40m    M1
[38G
[0;1m
[36m
[40mPCIe Bus Number:
[37m
[40m  01:00:00  
[39;49m
[37m
[40m  
[0;1m
[36m
[40mFirmware:
[37m
[40m  v2.7.1
[6;3H
[0;1m
[36m
[40mNPU Memory:
[39;49m
[37m
[40m  
[34m
[40m[
[20X
[6;37H]
[39;49m
[37m
[40m 
[34m
[40m119.81 MiB / 3.92 GiB (2.98%) 
[7;5H
[0;1m
[35m
[40mCore :
[37m
[40m0 
[39;49m
[37m
[40m  
[0;1m
[35m
[40mUtil:
[37m
[40m  40.8% 
[39;49m
[37m
[40m  
[0;1m
[35m
[40mTemp:
[32m
[40m 43 
[39;49m
[37m
[40m  
[0;1m
[35m
[40mVoltage:
[37m
[40m 750 mV 
[39;49m
[37m
[40m  
[0;1m
[35m
[40mClock:
[37m
[40m 1000 MHz
[8;5H
[0;1m
[35m
[40mCore :
[37m
[40m1 
[39;49m
[37m
[40m  
[0;1m
[35m
[40mUtil:
[37m
[40m  19.7% 
[39;49m
[37m
[40m  
[0;1m
[35m
[40mTemp:
[32m
[40m 44 
[39;49m
[37m
[40m  
[0;1m
[35m
[40mVoltage:
[37m
[40m 750 mV 
[39;49m
[37m
[40m  
[0;1m
[35m
[40mClock:
[37m
[40m 1000 MHz
[9;5H
[0;1m
[35m
[40mCore :
[37m
[40m2 
[39;49m
[37m
[40m  
[0;1m
[35m
[40mUtil:
[37m
[40m   3.7% 
[39;49m
[37m
[40m  
[0;1m
[35m
[40mTemp:
[32m
[40m 44 
[39;49m
[37m
[40m  
[0;1m
[35m
[40mVoltage:
[37m
[40m 750 mV 
[39;49m
[37m
[40m  
[0;1m
[35m
[40mClock:
[37m
[40m 1000 MHz
[10d
[39;49m
[37m
[40m-
[198b-
[50;1HTotal Devices: 1
[50;190HPage: 1 / 
[?7l1
[?7h
[39;49m
[37m
[40m
[2J[DX-TOP]  (q) Quit   (n) Next Page   (p) Prev Page   (h) Help
[2dMon Jul 13 17:11:32 2026
[3dDX-RT: v3.4.0     NPU Device driver: v2.5.1     DX-TOP: v1.1.0
[4d-
[198b-
[5;3H
[0;1m
[36m
[40mDevice :
[37m
[40m0
[18G
[0;1m
[36m
[40mVariant:
[37m
[40m    M1
[38G
[0;1m
[36m
[40mPCIe Bus Number:
[37m
[40m  01:00:00  
[39;49m
[37m
[40m  
[0;1m
[36m
[40mFirmware:
[37m
[40m  v2.7.1
[6;3H
[0;1m
[36m
[40mNPU Memory:
[39;49m
[37m
[40m  
[34m
[40m[
[20X
[6;37H]
[39;49m
[37m
[40m 
[34m
[40m119.81 MiB / 3.92 GiB (2.98%) 
[7;5H
[0;1m
[35m
[40mCore :
[37m
[40m0 
[39;49m
[37m
[40m  
[0;1m
[35m
[40mUtil:
[37m
[40m  39.9% 
[39;49m
[37m
[40m  
[0;1m
[35m
[40mTemp:
[32m
[40m 43 
[39;49m
[37m
[40m  
[0;1m
[35m
[40mVoltage:
[37m
[40m 750 mV 
[39;49m
[37m
[40m  
[0;1m
[35m
[40mClock:
[37m
[40m 1000 MHz
[8;5H
[0;1m
[35m
[40mCore :
[37m
[40m1 
[39;49m
[37m
[40m  
[0;1m
[35m
[40mUtil:
[37m
[40m  20.3% 
[39;49m
[37m
[40m  
[0;1m
[35m
[40mTemp:
[32m
[40m 44 
[39;49m
[37m
[40m  
[0;1m
[35m
[40mVoltage:
[37m
[40m 750 mV 
[39;49m
[37m
[40m  
[0;1m
[35m
[40mClock:
[37m
[40m 1000 MHz
[9;5H
[0;1m
[35m
[40mCore :
[37m
[40m2 
[39;49m
[37m
[40m  
[0;1m
[35m
[40mUtil:
[37m
[40m   4.4% 
[39;49m
[37m
[40m  
[0;1m
[35m
[40mTemp:
[32m
[40m 44 
[39;49m
[37m
[40m  
[0;1m
[35m
[40mVoltage:
[37m
[40m 750 mV 
[39;49m
[37m
[40m  
[0;1m
[35m
[40mClock:
[37m
[40m 1000 MHz
[10d
[39;49m
[37m
[40m-
[198b-
[50;1HTotal Devices: 1
[50;190HPage: 1 / 
[?7l1
[?7h
[39;49m
[37m
[40m
[2J[DX-TOP]  (q) Quit   (n) Next Page   (p) Prev Page   (h) Help
[2dMon Jul 13 17:11:34 2026
[3dDX-RT: v3.4.0     NPU Device driver: v2.5.1     DX-TOP: v1.1.0
[4d-
[198b-
[5;3H
[0;1m
[36m
[40mDevice :
[37m
[40m0
[18G
[0;1m
[36m
[40mVariant:
[37m
[40m    M1
[38G
[0;1m
[36m
[40mPCIe Bus Number:
[37m
[40m  01:00:00  
[39;49m
[37m
[40m  
[0;1m
[36m
[40mFirmware:
[37m
[40m  v2.7.1
[6;3H
[0;1m
[36m
[40mNPU Memory:
[39;49m
[37m
[40m  
[34m
[40m[
[20X
[6;37H]
[39;49m
[37m
[40m 
[34m
[40m119.81 MiB / 3.92 GiB (2.98%) 
[7;5H
[0;1m
[35m
[40mCore :
[37m
[40m0 
[39;49m
[37m
[40m  
[0;1m
[35m
[40mUtil:
[37m
[40m  38.3% 
[39;49m
[37m
[40m  
[0;1m
[35m
[40mTemp:
[32m
[40m 43 
[39;49m
[37m
[40m  
[0;1m
[35m
[40mVoltage:
[37m
[40m 750 mV 
[39;49m
[37m
[40m  
[0;1m
[35m
[40mClock:
[37m
[40m 1000 MHz
[8;5H
[0;1m
[35m
[40mCore :
[37m
[40m1 
[39;49m
[37m
[40m  
[0;1m
[35m
[40mUtil:
[37m
[40m  22.6% 
[39;49m
[37m
[40m  
[0;1m
[35m
[40mTemp:
[32m
[40m 44 
[39;49m
[37m
[40m  
[0;1m
[35m
[40mVoltage:
[37m
[40m 750 mV 
[39;49m
[37m
[40m  
[0;1m
[35m
[40mClock:
[37m
[40m 1000 MHz
[9;5H
[0;1m
[35m
[40mCore :
[37m
[40m2 
[39;49m
[37m
[40m  
[0;1m
[35m
[40mUtil:
[37m
[40m   5.8% 
[39;49m
[37m
[40m  
[0;1m
[35m
[40mTemp:
[32m
[40m 44 
[39;49m
[37m
[40m  
[0;1m
[35m
[40mVoltage:
[37m
[40m 750 mV 
[39;49m
[37m
[40m  
[0;1m
[35m
[40mClock:
[37m
[40m 1000 MHz
[10d
[39;49m
[37m
[40m-
[198b-
[50;1HTotal Devices: 1
[50;190HPage: 1 / 
[?7l1
[?7h
[39;49m
[37m
[40m
[2J[DX-TOP]  (q) Quit   (n) Next Page   (p) Prev Page   (h) Help
[2dMon Jul 13 17:11:36 2026
[3dDX-RT: v3.4.0     NPU Device driver: v2.5.1     DX-TOP: v1.1.0
[4d-
[198b-
[5;3H
[0;1m
[36m
[40mDevice :
[37m
[40m0
[18G
[0;1m
[36m
[40mVariant:
[37m
[40m    M1
[38G
[0;1m
[36m
[40mPCIe Bus Number:
[37m
[40m  01:00:00  
[39;49m
[37m
[40m  
[0;1m
[36m
[40mFirmware:
[37m
[40m  v2.7.1
[6;3H
[0;1m
[36m
[40mNPU Memory:
[39;49m
[37m
[40m  
[34m
[40m[
[20X
[6;37H]
[39;49m
[37m
[40m 
[34m
[40m119.81 MiB / 3.92 GiB (2.98%) 
[7;5H
[0;1m
[35m
[40mCore :
[37m
[40m0 
[39;49m
[37m
[40m  
[0;1m
[35m
[40mUtil:
[37m
[40m  39.2% 
[39;49m
[37m
[40m  
[0;1m
[35m
[40mTemp:
[32m
[40m 44 
[39;49m
[37m
[40m  
[0;1m
[35m
[40mVoltage:
[37m
[40m 750 mV 
[39;49m
[37m
[40m  
[0;1m
[35m
[40mClock:
[37m
[40m 1000 MHz
[8;5H
[0;1m
[35m
[40mCore :
[37m
[40m1 
[39;49m
[37m
[40m  
[0;1m
[35m
[40mUtil:
[37m
[40m  25.0% 
[39;49m
[37m
[40m  
[0;1m
[35m
[40mTemp:
[32m
[40m 44 
[39;49m
[37m
[40m  
[0;1m
[35m
[40mVoltage:
[37m
[40m 750 mV 
[39;49m
[37m
[40m  
[0;1m
[35m
[40mClock:
[37m
[40m 1000 MHz
[9;5H
[0;1m
[35m
[40mCore :
[37m
[40m2 
[39;49m
[37m
[40m  
[0;1m
[35m
[40mUtil:
[37m
[40m   1.8% 
[39;49m
[37m
[40m  
[0;1m
[35m
[40mTemp:
[32m
[40m 44 
[39;49m
[37m
[40m  
[0;1m
[35m
[40mVoltage:
[37m
[40m 750 mV 
[39;49m
[37m
[40m  
[0;1m
[35m
[40mClock:
[37m
[40m 1000 MHz
[10d
[39;49m
[37m
[40m-
[198b-
[50;1HTotal Devices: 1
[50;190HPage: 1 / 
[?7l1
[?7h
[39;49m
[37m
[40m
[2J[DX-TOP]  (q) Quit   (n) Next Page   (p) Prev Page   (h) Help
[2dMon Jul 13 17:11:38 2026
[3dDX-RT: v3.4.0     NPU Device driver: v2.5.1     DX-TOP: v1.1.0
[4d-
[198b-
[5;3H
[0;1m
[36m
[40mDevice :
[37m
[40m0
[18G
[0;1m
[36m
[40mVariant:
[37m
[40m    M1
[38G
[0;1m
[36m
[40mPCIe Bus Number:
[37m
[40m  01:00:00  
[39;49m
[37m
[40m  
[0;1m
[36m
[40mFirmware:
[37m
[40m  v2.7.1
[6;3H
[0;1m
[36m
[40mNPU Memory:
[39;49m
[37m
[40m  
[34m
[40m[
[20X
[6;37H]
[39;49m
[37m
[40m 
[34m
[40m119.81 MiB / 3.92 GiB (2.98%) 
[7;5H
[0;1m
[35m
[40mCore :
[37m
[40m0 
[39;49m
[37m
[40m  
[0;1m
[35m
[40mUtil:
[37m
[40m  38.6% 
[39;49m
[37m
[40m  
[0;1m
[35m
[40mTemp:
[32m
[40m 43 
[39;49m
[37m
[40m  
[0;1m
[35m
[40mVoltage:
[37m
[40m 750 mV 
[39;49m
[37m
[40m  
[0;1m
[35m
[40mClock:
[37m
[40m 1000 MHz
[8;5H
[0;1m
[35m
[40mCore :
[37m
[40m1 
[39;49m
[37m
[40m  
[0;1m
[35m
[40mUtil:
[37m
[40m  20.1% 
[39;49m
[37m
[40m  
[0;1m
[35m
[40mTemp:
[32m
[40m 44 
[39;49m
[37m
[40m  
[0;1m
[35m
[40mVoltage:
[37m
[40m 750 mV 
[39;49m
[37m
[40m  
[0;1m
[35m
[40mClock:
[37m
[40m 1000 MHz
[9;5H
[0;1m
[35m
[40mCore :
[37m
[40m2 
[39;49m
[37m
[40m  
[0;1m
[35m
[40mUtil:
[37m
[40m   6.6% 
[39;49m
[37m
[40m  
[0;1m
[35m
[40mTemp:
[32m
[40m 44 
[39;49m
[37m
[40m  
[0;1m
[35m
[40mVoltage:
[37m
[40m 750 mV 
[39;49m
[37m
[40m  
[0;1m
[35m
[40mClock:
[37m
[40m 1000 MHz
[10d
[39;49m
[37m
[40m-
[198b-
[50;1HTotal Devices: 1
[50;190HPage: 1 / 
[?7l1
[?7h
[39;49m
[37m
[40m
[2J[DX-TOP]  (q) Quit   (n) Next Page   (p) Prev Page   (h) Help
[2dMon Jul 13 17:11:40 2026
[3dDX-RT: v3.4.0     NPU Device driver: v2.5.1     DX-TOP: v1.1.0
[4d-
[198b-
[5;3H
[0;1m
[36m
[40mDevice :
[37m
[40m0
[18G
[0;1m
[36m
[40mVariant:
[37m
[40m    M1
[38G
[0;1m
[36m
[40mPCIe Bus Number:
[37m
[40m  01:00:00  
[39;49m
[37m
[40m  
[0;1m
[36m
[40mFirmware:
[37m
[40m  v2.7.1
[6;3H
[0;1m
[36m
[40mNPU Memory:
[39;49m
[37m
[40m  
[34m
[40m[
[20X
[6;37H]
[39;49m
[37m
[40m 
[34m
[40m119.81 MiB / 3.92 GiB (2.98%) 
[7;5H
[0;1m
[35m
[40mCore :
[37m
[40m0 
[39;49m
[37m
[40m  
[0;1m
[35m
[40mUtil:
[37m
[40m  43.9% 
[39;49m
[37m
[40m  
[0;1m
[35m
[40mTemp:
[32m
[40m 44 
[39;49m
[37m
[40m  
[0;1m
[35m
[40mVoltage:
[37m
[40m 750 mV 
[39;49m
[37m
[40m  
[0;1m
[35m
[40mClock:
[37m
[40m 1000 MHz
[8;5H
[0;1m
[35m
[40mCore :
[37m
[40m1 
[39;49m
[37m
[40m  
[0;1m
[35m
[40mUtil:
[37m
[40m  17.4% 
[39;49m
[37m
[40m  
[0;1m
[35m
[40mTemp:
[32m
[40m 44 
[39;49m
[37m
[40m  
[0;1m
[35m
[40mVoltage:
[37m
[40m 750 mV 
[39;49m
[37m
[40m  
[0;1m
[35m
[40mClock:
[37m
[40m 1000 MHz
[9;5H
[0;1m
[35m
[40mCore :
[37m
[40m2 
[39;49m
[37m
[40m  
[0;1m
[35m
[40mUtil:
[37m
[40m   2.7% 
[39;49m
[37m
[40m  
[0;1m
[35m
[40mTemp:
[32m
[40m 44 
[39;49m
[37m
[40m  
[0;1m
[35m
[40mVoltage:
[37m
[40m 750 mV 
[39;49m
[37m
[40m  
[0;1m
[35m
[40mClock:
[37m
[40m 1000 MHz
[10d
[39;49m
[37m
[40m-
[198b-
[50;1HTotal Devices: 1
[50;190HPage: 1 / 
[?7l1
[?7h
[39;49m
[37m
[40m
[2J[DX-TOP]  (q) Quit   (n) Next Page   (p) Prev Page   (h) Help
[2dMon Jul 13 17:11:42 2026
[3dDX-RT: v3.4.0     NPU Device driver: v2.5.1     DX-TOP: v1.1.0
[4d-
[198b-
[5;3H
[0;1m
[36m
[40mDevice :
[37m
[40m0
[18G
[0;1m
[36m
[40mVariant:
[37m
[40m    M1
[38G
[0;1m
[36m
[40mPCIe Bus Number:
[37m
[40m  01:00:00  
[39;49m
[37m
[40m  
[0;1m
[36m
[40mFirmware:
[37m
[40m  v2.7.1
[6;3H
[0;1m
[36m
[40mNPU Memory:
[39;49m
[37m
[40m  
[34m
[40m[
[20X
[6;37H]
[39;49m
[37m
[40m 
[34m
[40m119.81 MiB / 3.92 GiB (2.98%) 
[7;5H
[0;1m
[35m
[40mCore :
[37m
[40m0 
[39;49m
[37m
[40m  
[0;1m
[35m
[40mUtil:
[37m
[40m  44.9% 
[39;49m
[37m
[40m  
[0;1m
[35m
[40mTemp:
[32m
[40m 43 
[39;49m
[37m
[40m  
[0;1m
[35m
[40mVoltage:
[37m
[40m 755 mV 
[39;49m
[37m
[40m  
[0;1m
[35m
[40mClock:
[37m
[40m 1000 MHz
[8;5H
[0;1m
[35m
[40mCore :
[37m
[40m1 
[39;49m
[37m
[40m  
[0;1m
[35m
[40mUtil:
[37m
[40m  16.5% 
[39;49m
[37m
[40m  
[0;1m
[35m
[40mTemp:
[32m
[40m 44 
[39;49m
[37m
[40m  
[0;1m
[35m
[40mVoltage:
[37m
[40m 755 mV 
[39;49m
[37m
[40m  
[0;1m
[35m
[40mClock:
[37m
[40m 1000 MHz
[9;5H
[0;1m
[35m
[40mCore :
[37m
[40m2 
[39;49m
[37m
[40m  
[0;1m
[35m
[40mUtil:
[37m
[40m   2.5% 
[39;49m
[37m
[40m  
[0;1m
[35m
[40mTemp:
[32m
[40m 44 
[39;49m
[37m
[40m  
[0;1m
[35m
[40mVoltage:
[37m
[40m 755 mV 
[39;49m
[37m
[40m  
[0;1m
[35m
[40mClock:
[37m
[40m 1000 MHz
[10d
[39;49m
[37m
[40m-
[198b-
[50;1HTotal Devices: 1
[50;190HPage: 1 / 
[?7l1
[?7h
[39;49m
[37m
[40m
[2J[DX-TOP]  (q) Quit   (n) Next Page   (p) Prev Page   (h) Help
[2dMon Jul 13 17:11:44 2026
[3dDX-RT: v3.4.0     NPU Device driver: v2.5.1     DX-TOP: v1.1.0
[4d-
[198b-
[5;3H
[0;1m
[36m
[40mDevice :
[37m
[40m0
[18G
[0;1m
[36m
[40mVariant:
[37m
[40m    M1
[38G
[0;1m
[36m
[40mPCIe Bus Number:
[37m
[40m  01:00:00  
[39;49m
[37m
[40m  
[0;1m
[36m
[40mFirmware:
[37m
[40m  v2.7.1
[6;3H
[0;1m
[36m
[40mNPU Memory:
[39;49m
[37m
[40m  
[34m
[40m[
[20X
[6;37H]
[39;49m
[37m
[40m 
[34m
[40m119.81 MiB / 3.92 GiB (2.98%) 
[7;5H
[0;1m
[35m
[40mCore :
[37m
[40m0 
[39;49m
[37m
[40m  
[0;1m
[35m
[40mUtil:
[37m
[40m  40.2% 
[39;49m
[37m
[40m  
[0;1m
[35m
[40mTemp:
[32m
[40m 43 
[39;49m
[37m
[40m  
[0;1m
[35m
[40mVoltage:
[37m
[40m 750 mV 
[39;49m
[37m
[40m  
[0;1m
[35m
[40mClock:
[37m
[40m 1000 MHz
[8;5H
[0;1m
[35m
[40mCore :
[37m
[40m1 
[39;49m
[37m
[40m  
[0;1m
[35m
[40mUtil:
[37m
[40m  22.1% 
[39;49m
[37m
[40m  
[0;1m
[35m
[40mTemp:
[32m
[40m 44 
[39;49m
[37m
[40m  
[0;1m
[35m
[40mVoltage:
[37m
[40m 750 mV 
[39;49m
[37m
[40m  
[0;1m
[35m
[40mClock:
[37m
[40m 1000 MHz
[9;5H
[0;1m
[35m
[40mCore :
[37m
[40m2 
[39;49m
[37m
[40m  
[0;1m
[35m
[40mUtil:
[37m
[40m   2.6% 
[39;49m
[37m
[40m  
[0;1m
[35m
[40mTemp:
[32m
[40m 44 
[39;49m
[37m
[40m  
[0;1m
[35m
[40mVoltage:
[37m
[40m 750 mV 
[39;49m
[37m
[40m  
[0;1m
[35m
[40mClock:
[37m
[40m 1000 MHz
[10d
[39;49m
[37m
[40m-
[198b-
[50;1HTotal Devices: 1
[50;190HPage: 1 / 
[?7l1
[?7h
[39;49m
[37m
[40m
[2J[DX-TOP]  (q) Quit   (n) Next Page   (p) Prev Page   (h) Help
[2dMon Jul 13 17:11:46 2026
[3dDX-RT: v3.4.0     NPU Device driver: v2.5.1     DX-TOP: v1.1.0
[4d-
[198b-
[5;3H
[0;1m
[36m
[40mDevice :
[37m
[40m0
[18G
[0;1m
[36m
[40mVariant:
[37m
[40m    M1
[38G
[0;1m
[36m
[40mPCIe Bus Number:
[37m
[40m  01:00:00  
[39;49m
[37m
[40m  
[0;1m
[36m
[40mFirmware:
[37m
[40m  v2.7.1
[6;3H
[0;1m
[36m
[40mNPU Memory:
[39;49m
[37m
[40m  
[34m
[40m[
[20X
[6;37H]
[39;49m
[37m
[40m 
[34m
[40m119.81 MiB / 3.92 GiB (2.98%) 
[7;5H
[0;1m
[35m
[40mCore :
[37m
[40m0 
[39;49m
[37m
[40m  
[0;1m
[35m
[40mUtil:
[37m
[40m  45.1% 
[39;49m
[37m
[40m  
[0;1m
[35m
[40mTemp:
[32m
[40m 43 
[39;49m
[37m
[40m  
[0;1m
[35m
[40mVoltage:
[37m
[40m 750 mV 
[39;49m
[37m
[40m  
[0;1m
[35m
[40mClock:
[37m
[40m 1000 MHz
[8;5H
[0;1m
[35m
[40mCore :
[37m
[40m1 
[39;49m
[37m
[40m  
[0;1m
[35m
[40mUtil:
[37m
[40m  15.9% 
[39;49m
[37m
[40m  
[0;1m
[35m
[40mTemp:
[32m
[40m 44 
[39;49m
[37m
[40m  
[0;1m
[35m
[40mVoltage:
[37m
[40m 750 mV 
[39;49m
[37m
[40m  
[0;1m
[35m
[40mClock:
[37m
[40m 1000 MHz
[9;5H
[0;1m
[35m
[40mCore :
[37m
[40m2 
[39;49m
[37m
[40m  
[0;1m
[35m
[40mUtil:
[37m
[40m   0.9% 
[39;49m
[37m
[40m  
[0;1m
[35m
[40mTemp:
[32m
[40m 44 
[39;49m
[37m
[40m  
[0;1m
[35m
[40mVoltage:
[37m
[40m 750 mV 
[39;49m
[37m
[40m  
[0;1m
[35m
[40mClock:
[37m
[40m 1000 MHz
[10d
[39;49m
[37m
[40m-
[198b-
[50;1HTotal Devices: 1
[50;190HPage: 1 / 
[?7l1
[?7h
[39;49m
[37m
[40m
[2J[DX-TOP]  (q) Quit   (n) Next Page   (p) Prev Page   (h) Help
[2dMon Jul 13 17:11:48 2026
[3dDX-RT: v3.4.0     NPU Device driver: v2.5.1     DX-TOP: v1.1.0
[4d-
[198b-
[5;3H
[0;1m
[36m
[40mDevice :
[37m
[40m0
[18G
[0;1m
[36m
[40mVariant:
[37m
[40m    M1
[38G
[0;1m
[36m
[40mPCIe Bus Number:
[37m
[40m  01:00:00  
[39;49m
[37m
[40m  
[0;1m
[36m
[40mFirmware:
[37m
[40m  v2.7.1
[6;3H
[0;1m
[36m
[40mNPU Memory:
[39;49m
[37m
[40m  
[34m
[40m[
[20X
[6;37H]
[39;49m
[37m
[40m 
[34m
[40m119.81 MiB / 3.92 GiB (2.98%) 
[7;5H
[0;1m
[35m
[40mCore :
[37m
[40m0 
[39;49m
[37m
[40m  
[0;1m
[35m
[40mUtil:
[37m
[40m  39.7% 
[39;49m
[37m
[40m  
[0;1m
[35m
[40mTemp:
[32m
[40m 43 
[39;49m
[37m
[40m  
[0;1m
[35m
[40mVoltage:
[37m
[40m 755 mV 
[39;49m
[37m
[40m  
[0;1m
[35m
[40mClock:
[37m
[40m 1000 MHz
[8;5H
[0;1m
[35m
[40mCore :
[37m
[40m1 
[39;49m
[37m
[40m  
[0;1m
[35m
[40mUtil:
[37m
[40m  19.5% 
[39;49m
[37m
[40m  
[0;1m
[35m
[40mTemp:
[32m
[40m 44 
[39;49m
[37m
[40m  
[0;1m
[35m
[40mVoltage:
[37m
[40m 755 mV 
[39;49m
[37m
[40m  
[0;1m
[35m
[40mClock:
[37m
[40m 1000 MHz
[9;5H
[0;1m
[35m
[40mCore :
[37m
[40m2 
[39;49m
[37m
[40m  
[0;1m
[35m
[40mUtil:
[37m
[40m   6.7% 
[39;49m
[37m
[40m  
[0;1m
[35m
[40mTemp:
[32m
[40m 44 
[39;49m
[37m
[40m  
[0;1m
[35m
[40mVoltage:
[37m
[40m 755 mV 
[39;49m
[37m
[40m  
[0;1m
[35m
[40mClock:
[37m
[40m 1000 MHz
[10d
[39;49m
[37m
[40m-
[198b-
[50;1HTotal Devices: 1
[50;190HPage: 1 / 
[?7l1
[?7h
[39;49m
[37m
[40m
[2J[DX-TOP]  (q) Quit   (n) Next Page   (p) Prev Page   (h) Help
[2dMon Jul 13 17:11:50 2026
[3dDX-RT: v3.4.0     NPU Device driver: v2.5.1     DX-TOP: v1.1.0
[4d-
[198b-
[5;3H
[0;1m
[36m
[40mDevice :
[37m
[40m0
[18G
[0;1m
[36m
[40mVariant:
[37m
[40m    M1
[38G
[0;1m
[36m
[40mPCIe Bus Number:
[37m
[40m  01:00:00  
[39;49m
[37m
[40m  
[0;1m
[36m
[40mFirmware:
[37m
[40m  v2.7.1
[6;3H
[0;1m
[36m
[40mNPU Memory:
[39;49m
[37m
[40m  
[34m
[40m[
[20X
[6;37H]
[39;49m
[37m
[40m 
[34m
[40m119.81 MiB / 3.92 GiB (2.98%) 
[7;5H
[0;1m
[35m
[40mCore :
[37m
[40m0 
[39;49m
[37m
[40m  
[0;1m
[35m
[40mUtil:
[37m
[40m  39.4% 
[39;49m
[37m
[40m  
[0;1m
[35m
[40mTemp:
[32m
[40m 44 
[39;49m
[37m
[40m  
[0;1m
[35m
[40mVoltage:
[37m
[40m 755 mV 
[39;49m
[37m
[40m  
[0;1m
[35m
[40mClock:
[37m
[40m 1000 MHz
[8;5H
[0;1m
[35m
[40mCore :
[37m
[40m1 
[39;49m
[37m
[40m  
[0;1m
[35m
[40mUtil:
[37m
[40m  22.9% 
[39;49m
[37m
[40m  
[0;1m
[35m
[40mTemp:
[32m
[40m 44 
[39;49m
[37m
[40m  
[0;1m
[35m
[40mVoltage:
[37m
[40m 755 mV 
[39;49m
[37m
[40m  
[0;1m
[35m
[40mClock:
[37m
[40m 1000 MHz
[9;5H
[0;1m
[35m
[40mCore :
[37m
[40m2 
[39;49m
[37m
[40m  
[0;1m
[35m
[40mUtil:
[37m
[40m   1.8% 
[39;49m
[37m
[40m  
[0;1m
[35m
[40mTemp:
[32m
[40m 44 
[39;49m
[37m
[40m  
[0;1m
[35m
[40mVoltage:
[37m
[40m 755 mV 
[39;49m
[37m
[40m  
[0;1m
[35m
[40mClock:
[37m
[40m 1000 MHz
[10d
[39;49m
[37m
[40m-
[198b-
[50;1HTotal Devices: 1
[50;190HPage: 1 / 
[?7l1
[?7h
[39;49m
[37m
[40m
[2J[DX-TOP]  (q) Quit   (n) Next Page   (p) Prev Page   (h) Help
[2dMon Jul 13 17:11:52 2026
[3dDX-RT: v3.4.0     NPU Device driver: v2.5.1     DX-TOP: v1.1.0
[4d-
[198b-
[5;3H
[0;1m
[36m
[40mDevice :
[37m
[40m0
[18G
[0;1m
[36m
[40mVariant:
[37m
[40m    M1
[38G
[0;1m
[36m
[40mPCIe Bus Number:
[37m
[40m  01:00:00  
[39;49m
[37m
[40m  
[0;1m
[36m
[40mFirmware:
[37m
[40m  v2.7.1
[6;3H
[0;1m
[36m
[40mNPU Memory:
[39;49m
[37m
[40m  
[34m
[40m[
[20X
[6;37H]
[39;49m
[37m
[40m 
[34m
[40m119.81 MiB / 3.92 GiB (2.98%) 
[7;5H
[0;1m
[35m
[40mCore :
[37m
[40m0 
[39;49m
[37m
[40m  
[0;1m
[35m
[40mUtil:
[37m
[40m  40.9% 
[39;49m
[37m
[40m  
[0;1m
[35m
[40mTemp:
[32m
[40m 43 
[39;49m
[37m
[40m  
[0;1m
[35m
[40mVoltage:
[37m
[40m 755 mV 
[39;49m
[37m
[40m  
[0;1m
[35m
[40mClock:
[37m
[40m 1000 MHz
[8;5H
[0;1m
[35m
[40mCore :
[37m
[40m1 
[39;49m
[37m
[40m  
[0;1m
[35m
[40mUtil:
[37m
[40m  20.6% 
[39;49m
[37m
[40m  
[0;1m
[35m
[40mTemp:
[32m
[40m 43 
[39;49m
[37m
[40m  
[0;1m
[35m
[40mVoltage:
[37m
[40m 755 mV 
[39;49m
[37m
[40m  
[0;1m
[35m
[40mClock:
[37m
[40m 1000 MHz
[9;5H
[0;1m
[35m
[40mCore :
[37m
[40m2 
[39;49m
[37m
[40m  
[0;1m
[35m
[40mUtil:
[37m
[40m   4.4% 
[39;49m
[37m
[40m  
[0;1m
[35m
[40mTemp:
[32m
[40m 44 
[39;49m
[37m
[40m  
[0;1m
[35m
[40mVoltage:
[37m
[40m 755 mV 
[39;49m
[37m
[40m  
[0;1m
[35m
[40mClock:
[37m
[40m 1000 MHz
[10d
[39;49m
[37m
[40m-
[198b-
[50;1HTotal Devices: 1
[50;190HPage: 1 / 
[?7l1
[?7h
[39;49m
[37m
[40m
[2J[DX-TOP]  (q) Quit   (n) Next Page   (p) Prev Page   (h) Help
[2dMon Jul 13 17:11:54 2026
[3dDX-RT: v3.4.0     NPU Device driver: v2.5.1     DX-TOP: v1.1.0
[4d-
[198b-
[5;3H
[0;1m
[36m
[40mDevice :
[37m
[40m0
[18G
[0;1m
[36m
[40mVariant:
[37m
[40m    M1
[38G
[0;1m
[36m
[40mPCIe Bus Number:
[37m
[40m  01:00:00  
[39;49m
[37m
[40m  
[0;1m
[36m
[40mFirmware:
[37m
[40m  v2.7.1
[6;3H
[0;1m
[36m
[40mNPU Memory:
[39;49m
[37m
[40m  
[34m
[40m[
[20X
[6;37H]
[39;49m
[37m
[40m 
[34m
[40m119.81 MiB / 3.92 GiB (2.98%) 
[7;5H
[0;1m
[35m
[40mCore :
[37m
[40m0 
[39;49m
[37m
[40m  
[0;1m
[35m
[40mUtil:
[37m
[40m  37.3% 
[39;49m
[37m
[40m  
[0;1m
[35m
[40mTemp:
[32m
[40m 44 
[39;49m
[37m
[40m  
[0;1m
[35m
[40mVoltage:
[37m
[40m 750 mV 
[39;49m
[37m
[40m  
[0;1m
[35m
[40mClock:
[37m
[40m 1000 MHz
[8;5H
[0;1m
[35m
[40mCore :
[37m
[40m1 
[39;49m
[37m
[40m  
[0;1m
[35m
[40mUtil:
[37m
[40m  25.5% 
[39;49m
[37m
[40m  
[0;1m
[35m
[40mTemp:
[32m
[40m 44 
[39;49m
[37m
[40m  
[0;1m
[35m
[40mVoltage:
[37m
[40m 750 mV 
[39;49m
[37m
[40m  
[0;1m
[35m
[40mClock:
[37m
[40m 1000 MHz
[9;5H
[0;1m
[35m
[40mCore :
[37m
[40m2 
[39;49m
[37m
[40m  
[0;1m
[35m
[40mUtil:
[37m
[40m   3.6% 
[39;49m
[37m
[40m  
[0;1m
[35m
[40mTemp:
[32m
[40m 44 
[39;49m
[37m
[40m  
[0;1m
[35m
[40mVoltage:
[37m
[40m 750 mV 
[39;49m
[37m
[40m  
[0;1m
[35m
[40mClock:
[37m
[40m 1000 MHz
[10d
[39;49m
[37m
[40m-
[198b-
[50;1HTotal Devices: 1
[50;190HPage: 1 / 
[?7l1
[?7h
[39;49m
[37m
[40m
[2J[DX-TOP]  (q) Quit   (n) Next Page   (p) Prev Page   (h) Help
[2dMon Jul 13 17:11:56 2026
[3dDX-RT: v3.4.0     NPU Device driver: v2.5.1     DX-TOP: v1.1.0
[4d-
[198b-
[5;3H
[0;1m
[36m
[40mDevice :
[37m
[40m0
[18G
[0;1m
[36m
[40mVariant:
[37m
[40m    M1
[38G
[0;1m
[36m
[40mPCIe Bus Number:
[37m
[40m  01:00:00  
[39;49m
[37m
[40m  
[0;1m
[36m
[40mFirmware:
[37m
[40m  v2.7.1
[6;3H
[0;1m
[36m
[40mNPU Memory:
[39;49m
[37m
[40m  
[34m
[40m[
[20X
[6;37H]
[39;49m
[37m
[40m 
[34m
[40m119.81 MiB / 3.92 GiB (2.98%) 
[7;5H
[0;1m
[35m
[40mCore :
[37m
[40m0 
[39;49m
[37m
[40m  
[0;1m
[35m
[40mUtil:
[37m
[40m  37.4% 
[39;49m
[37m
[40m  
[0;1m
[35m
[40mTemp:
[32m
[40m 44 
[39;49m
[37m
[40m  
[0;1m
[35m
[40mVoltage:
[37m
[40m 750 mV 
[39;49m
[37m
[40m  
[0;1m
[35m
[40mClock:
[37m
[40m 1000 MHz
[8;5H
[0;1m
[35m
[40mCore :
[37m
[40m1 
[39;49m
[37m
[40m  
[0;1m
[35m
[40mUtil:
[37m
[40m  25.5% 
[39;49m
[37m
[40m  
[0;1m
[35m
[40mTemp:
[32m
[40m 44 
[39;49m
[37m
[40m  
[0;1m
[35m
[40mVoltage:
[37m
[40m 750 mV 
[39;49m
[37m
[40m  
[0;1m
[35m
[40mClock:
[37m
[40m 1000 MHz
[9;5H
[0;1m
[35m
[40mCore :
[37m
[40m2 
[39;49m
[37m
[40m  
[0;1m
[35m
[40mUtil:
[37m
[40m   0.9% 
[39;49m
[37m
[40m  
[0;1m
[35m
[40mTemp:
[32m
[40m 44 
[39;49m
[37m
[40m  
[0;1m
[35m
[40mVoltage:
[37m
[40m 750 mV 
[39;49m
[37m
[40m  
[0;1m
[35m
[40mClock:
[37m
[40m 1000 MHz
[10d
[39;49m
[37m
[40m-
[198b-
[50;1HTotal Devices: 1
[50;190HPage: 1 / 
[?7l1
[?7h
[39;49m
[37m
[40m
[2J[DX-TOP]  (q) Quit   (n) Next Page   (p) Prev Page   (h) Help
[2dMon Jul 13 17:11:58 2026
[3dDX-RT: v3.4.0     NPU Device driver: v2.5.1     DX-TOP: v1.1.0
[4d-
[198b-
[5;3H
[0;1m
[36m
[40mDevice :
[37m
[40m0
[18G
[0;1m
[36m
[40mVariant:
[37m
[40m    M1
[38G
[0;1m
[36m
[40mPCIe Bus Number:
[37m
[40m  01:00:00  
[39;49m
[37m
[40m  
[0;1m
[36m
[40mFirmware:
[37m
[40m  v2.7.1
[6;3H
[0;1m
[36m
[40mNPU Memory:
[39;49m
[37m
[40m  
[34m
[40m[
[20X
[6;37H]
[39;49m
[37m
[40m 
[34m
[40m119.81 MiB / 3.92 GiB (2.98%) 
[7;5H
[0;1m
[35m
[40mCore :
[37m
[40m0 
[39;49m
[37m
[40m  
[0;1m
[35m
[40mUtil:
[37m
[40m  39.3% 
[39;49m
[37m
[40m  
[0;1m
[35m
[40mTemp:
[32m
[40m 43 
[39;49m
[37m
[40m  
[0;1m
[35m
[40mVoltage:
[37m
[40m 750 mV 
[39;49m
[37m
[40m  
[0;1m
[35m
[40mClock:
[37m
[40m 1000 MHz
[8;5H
[0;1m
[35m
[40mCore :
[37m
[40m1 
[39;49m
[37m
[40m  
[0;1m
[35m
[40mUtil:
[37m
[40m  16.4% 
[39;49m
[37m
[40m  
[0;1m
[35m
[40mTemp:
[32m
[40m 44 
[39;49m
[37m
[40m  
[0;1m
[35m
[40mVoltage:
[37m
[40m 750 mV 
[39;49m
[37m
[40m  
[0;1m
[35m
[40mClock:
[37m
[40m 1000 MHz
[9;5H
[0;1m
[35m
[40mCore :
[37m
[40m2 
[39;49m
[37m
[40m  
[0;1m
[35m
[40mUtil:
[37m
[40m   6.9% 
[39;49m
[37m
[40m  
[0;1m
[35m
[40mTemp:
[32m
[40m 44 
[39;49m
[37m
[40m  
[0;1m
[35m
[40mVoltage:
[37m
[40m 750 mV 
[39;49m
[37m
[40m  
[0;1m
[35m
[40mClock:
[37m
[40m 1000 MHz
[10d
[39;49m
[37m
[40m-
[198b-
[50;1HTotal Devices: 1
[50;190HPage: 1 / 
[?7l1
[?7h
[39;49m
[37m
[40m
[2J[DX-TOP]  (q) Quit   (n) Next Page   (p) Prev Page   (h) Help
[2dMon Jul 13 17:12:00 2026
[3dDX-RT: v3.4.0     NPU Device driver: v2.5.1     DX-TOP: v1.1.0
[4d-
[198b-
[5;3H
[0;1m
[36m
[40mDevice :
[37m
[40m0
[18G
[0;1m
[36m
[40mVariant:
[37m
[40m    M1
[38G
[0;1m
[36m
[40mPCIe Bus Number:
[37m
[40m  01:00:00  
[39;49m
[37m
[40m  
[0;1m
[36m
[40mFirmware:
[37m
[40m  v2.7.1
[6;3H
[0;1m
[36m
[40mNPU Memory:
[39;49m
[37m
[40m  
[34m
[40m[
[20X
[6;37H]
[39;49m
[37m
[40m 
[34m
[40m119.81 MiB / 3.92 GiB (2.98%) 
[7;5H
[0;1m
[35m
[40mCore :
[37m
[40m0 
[39;49m
[37m
[40m  
[0;1m
[35m
[40mUtil:
[37m
[40m  38.6% 
[39;49m
[37m
[40m  
[0;1m
[35m
[40mTemp:
[32m
[40m 43 
[39;49m
[37m
[40m  
[0;1m
[35m
[40mVoltage:
[37m
[40m 750 mV 
[39;49m
[37m
[40m  
[0;1m
[35m
[40mClock:
[37m
[40m 1000 MHz
[8;5H
[0;1m
[35m
[40mCore :
[37m
[40m1 
[39;49m
[37m
[40m  
[0;1m
[35m
[40mUtil:
[37m
[40m  18.2% 
[39;49m
[37m
[40m  
[0;1m
[35m
[40mTemp:
[32m
[40m 43 
[39;49m
[37m
[40m  
[0;1m
[35m
[40mVoltage:
[37m
[40m 750 mV 
[39;49m
[37m
[40m  
[0;1m
[35m
[40mClock:
[37m
[40m 1000 MHz
[9;5H
[0;1m
[35m
[40mCore :
[37m
[40m2 
[39;49m
[37m
[40m  
[0;1m
[35m
[40mUtil:
[37m
[40m   5.4% 
[39;49m
[37m
[40m  
[0;1m
[35m
[40mTemp:
[32m
[40m 44 
[39;49m
[37m
[40m  
[0;1m
[35m
[40mVoltage:
[37m
[40m 750 mV 
[39;49m
[37m
[40m  
[0;1m
[35m
[40mClock:
[37m
[40m 1000 MHz
[10d
[39;49m
[37m
[40m-
[198b-
[50;1HTotal Devices: 1
[50;190HPage: 1 / 
[?7l1
[?7h
[39;49m
[37m
[40m
[2J[DX-TOP]  (q) Quit   (n) Next Page   (p) Prev Page   (h) Help
[2dMon Jul 13 17:12:02 2026
[3dDX-RT: v3.4.0     NPU Device driver: v2.5.1     DX-TOP: v1.1.0
[4d-
[198b-
[5;3H
[0;1m
[36m
[40mDevice :
[37m
[40m0
[18G
[0;1m
[36m
[40mVariant:
[37m
[40m    M1
[38G
[0;1m
[36m
[40mPCIe Bus Number:
[37m
[40m  01:00:00  
[39;49m
[37m
[40m  
[0;1m
[36m
[40mFirmware:
[37m
[40m  v2.7.1
[6;3H
[0;1m
[36m
[40mNPU Memory:
[39;49m
[37m
[40m  
[34m
[40m[
[20X
[6;37H]
[39;49m
[37m
[40m 
[34m
[40m119.81 MiB / 3.92 GiB (2.98%) 
[7;5H
[0;1m
[35m
[40mCore :
[37m
[40m0 
[39;49m
[37m
[40m  
[0;1m
[35m
[40mUtil:
[37m
[40m  42.0% 
[39;49m
[37m
[40m  
[0;1m
[35m
[40mTemp:
[32m
[40m 43 
[39;49m
[37m
[40m  
[0;1m
[35m
[40mVoltage:
[37m
[40m 750 mV 
[39;49m
[37m
[40m  
[0;1m
[35m
[40mClock:
[37m
[40m 1000 MHz
[8;5H
[0;1m
[35m
[40mCore :
[37m
[40m1 
[39;49m
[37m
[40m  
[0;1m
[35m
[40mUtil:
[37m
[40m  16.9% 
[39;49m
[37m
[40m  
[0;1m
[35m
[40mTemp:
[32m
[40m 44 
[39;49m
[37m
[40m  
[0;1m
[35m
[40mVoltage:
[37m
[40m 750 mV 
[39;49m
[37m
[40m  
[0;1m
[35m
[40mClock:
[37m
[40m 1000 MHz
[9;5H
[0;1m
[35m
[40mCore :
[37m
[40m2 
[39;49m
[37m
[40m  
[0;1m
[35m
[40mUtil:
[37m
[40m   3.3% 
[39;49m
[37m
[40m  
[0;1m
[35m
[40mTemp:
[32m
[40m 44 
[39;49m
[37m
[40m  
[0;1m
[35m
[40mVoltage:
[37m
[40m 750 mV 
[39;49m
[37m
[40m  
[0;1m
[35m
[40mClock:
[37m
[40m 1000 MHz
[10d
[39;49m
[37m
[40m-
[198b-
[50;1HTotal Devices: 1
[50;190HPage: 1 / 
[?7l1
[?7h
[39;49m
[37m
[40m
[2J[DX-TOP]  (q) Quit   (n) Next Page   (p) Prev Page   (h) Help
[2dMon Jul 13 17:12:04 2026
[3dDX-RT: v3.4.0     NPU Device driver: v2.5.1     DX-TOP: v1.1.0
[4d-
[198b-
[5;3H
[0;1m
[36m
[40mDevice :
[37m
[40m0
[18G
[0;1m
[36m
[40mVariant:
[37m
[40m    M1
[38G
[0;1m
[36m
[40mPCIe Bus Number:
[37m
[40m  01:00:00  
[39;49m
[37m
[40m  
[0;1m
[36m
[40mFirmware:
[37m
[40m  v2.7.1
[6;3H
[0;1m
[36m
[40mNPU Memory:
[39;49m
[37m
[40m  
[34m
[40m[
[20X
[6;37H]
[39;49m
[37m
[40m 
[34m
[40m119.81 MiB / 3.92 GiB (2.98%) 
[7;5H
[0;1m
[35m
[40mCore :
[37m
[40m0 
[39;49m
[37m
[40m  
[0;1m
[35m
[40mUtil:
[37m
[40m  40.3% 
[39;49m
[37m
[40m  
[0;1m
[35m
[40mTemp:
[32m
[40m 43 
[39;49m
[37m
[40m  
[0;1m
[35m
[40mVoltage:
[37m
[40m 755 mV 
[39;49m
[37m
[40m  
[0;1m
[35m
[40mClock:
[37m
[40m 1000 MHz
[8;5H
[0;1m
[35m
[40mCore :
[37m
[40m1 
[39;49m
[37m
[40m  
[0;1m
[35m
[40mUtil:
[37m
[40m  19.8% 
[39;49m
[37m
[40m  
[0;1m
[35m
[40mTemp:
[32m
[40m 44 
[39;49m
[37m
[40m  
[0;1m
[35m
[40mVoltage:
[37m
[40m 755 mV 
[39;49m
[37m
[40m  
[0;1m
[35m
[40mClock:
[37m
[40m 1000 MHz
[9;5H
[0;1m
[35m
[40mCore :
[37m
[40m2 
[39;49m
[37m
[40m  
[0;1m
[35m
[40mUtil:
[37m
[40m   1.8% 
[39;49m
[37m
[40m  
[0;1m
[35m
[40mTemp:
[32m
[40m 44 
[39;49m
[37m
[40m  
[0;1m
[35m
[40mVoltage:
[37m
[40m 755 mV 
[39;49m
[37m
[40m  
[0;1m
[35m
[40mClock:
[37m
[40m 1000 MHz
[10d
[39;49m
[37m
[40m-
[198b-
[50;1HTotal Devices: 1
[50;190HPage: 1 / 
[?7l1
[?7h
[39;49m
[37m
[40m
[2J[DX-TOP]  (q) Quit   (n) Next Page   (p) Prev Page   (h) Help
[2dMon Jul 13 17:12:06 2026
[3dDX-RT: v3.4.0     NPU Device driver: v2.5.1     DX-TOP: v1.1.0
[4d-
[198b-
[5;3H
[0;1m
[36m
[40mDevice :
[37m
[40m0
[18G
[0;1m
[36m
[40mVariant:
[37m
[40m    M1
[38G
[0;1m
[36m
[40mPCIe Bus Number:
[37m
[40m  01:00:00  
[39;49m
[37m
[40m  
[0;1m
[36m
[40mFirmware:
[37m
[40m  v2.7.1
[6;3H
[0;1m
[36m
[40mNPU Memory:
[39;49m
[37m
[40m  
[34m
[40m[
[20X
[6;37H]
[39;49m
[37m
[40m 
[34m
[40m119.81 MiB / 3.92 GiB (2.98%) 
[7;5H
[0;1m
[35m
[40mCore :
[37m
[40m0 
[39;49m
[37m
[40m  
[0;1m
[35m
[40mUtil:
[37m
[40m  35.7% 
[39;49m
[37m
[40m  
[0;1m
[35m
[40mTemp:
[32m
[40m 43 
[39;49m
[37m
[40m  
[0;1m
[35m
[40mVoltage:
[37m
[40m 750 mV 
[39;49m
[37m
[40m  
[0;1m
[35m
[40mClock:
[37m
[40m 1000 MHz
[8;5H
[0;1m
[35m
[40mCore :
[37m
[40m1 
[39;49m
[37m
[40m  
[0;1m
[35m
[40mUtil:
[37m
[40m  23.2% 
[39;49m
[37m
[40m  
[0;1m
[35m
[40mTemp:
[32m
[40m 44 
[39;49m
[37m
[40m  
[0;1m
[35m
[40mVoltage:
[37m
[40m 750 mV 
[39;49m
[37m
[40m  
[0;1m
[35m
[40mClock:
[37m
[40m 1000 MHz
[9;5H
[0;1m
[35m
[40mCore :
[37m
[40m2 
[39;49m
[37m
[40m  
[0;1m
[35m
[40mUtil:
[37m
[40m   6.3% 
[39;49m
[37m
[40m  
[0;1m
[35m
[40mTemp:
[32m
[40m 44 
[39;49m
[37m
[40m  
[0;1m
[35m
[40mVoltage:
[37m
[40m 750 mV 
[39;49m
[37m
[40m  
[0;1m
[35m
[40mClock:
[37m
[40m 1000 MHz
[10d
[39;49m
[37m
[40m-
[198b-
[50;1HTotal Devices: 1
[50;190HPage: 1 / 
[?7l1
[?7h
[39;49m
[37m
[40m
[2J[DX-TOP]  (q) Quit   (n) Next Page   (p) Prev Page   (h) Help
[2dMon Jul 13 17:12:08 2026
[3dDX-RT: v3.4.0     NPU Device driver: v2.5.1     DX-TOP: v1.1.0
[4d-
[198b-
[5;3H
[0;1m
[36m
[40mDevice :
[37m
[40m0
[18G
[0;1m
[36m
[40mVariant:
[37m
[40m    M1
[38G
[0;1m
[36m
[40mPCIe Bus Number:
[37m
[40m  01:00:00  
[39;49m
[37m
[40m  
[0;1m
[36m
[40mFirmware:
[37m
[40m  v2.7.1
[6;3H
[0;1m
[36m
[40mNPU Memory:
[39;49m
[37m
[40m  
[34m
[40m[
[20X
[6;37H]
[39;49m
[37m
[40m 
[34m
[40m119.81 MiB / 3.92 GiB (2.98%) 
[7;5H
[0;1m
[35m
[40mCore :
[37m
[40m0 
[39;49m
[37m
[40m  
[0;1m
[35m
[40mUtil:
[37m
[40m  36.8% 
[39;49m
[37m
[40m  
[0;1m
[35m
[40mTemp:
[32m
[40m 43 
[39;49m
[37m
[40m  
[0;1m
[35m
[40mVoltage:
[37m
[40m 750 mV 
[39;49m
[37m
[40m  
[0;1m
[35m
[40mClock:
[37m
[40m 1000 MHz
[8;5H
[0;1m
[35m
[40mCore :
[37m
[40m1 
[39;49m
[37m
[40m  
[0;1m
[35m
[40mUtil:
[37m
[40m  20.3% 
[39;49m
[37m
[40m  
[0;1m
[35m
[40mTemp:
[32m
[40m 44 
[39;49m
[37m
[40m  
[0;1m
[35m
[40mVoltage:
[37m
[40m 750 mV 
[39;49m
[37m
[40m  
[0;1m
[35m
[40mClock:
[37m
[40m 1000 MHz
[9;5H
[0;1m
[35m
[40mCore :
[37m
[40m2 
[39;49m
[37m
[40m  
[0;1m
[35m
[40mUtil:
[37m
[40m   5.5% 
[39;49m
[37m
[40m  
[0;1m
[35m
[40mTemp:
[32m
[40m 44 
[39;49m
[37m
[40m  
[0;1m
[35m
[40mVoltage:
[37m
[40m 750 mV 
[39;49m
[37m
[40m  
[0;1m
[35m
[40mClock:
[37m
[40m 1000 MHz
[10d
[39;49m
[37m
[40m-
[198b-
[50;1HTotal Devices: 1
[50;190HPage: 1 / 
[?7l1
[?7h
[39;49m
[37m
[40m
[2J[DX-TOP]  (q) Quit   (n) Next Page   (p) Prev Page   (h) Help
[2dMon Jul 13 17:12:10 2026
[3dDX-RT: v3.4.0     NPU Device driver: v2.5.1     DX-TOP: v1.1.0
[4d-
[198b-
[5;3H
[0;1m
[36m
[40mDevice :
[37m
[40m0
[18G
[0;1m
[36m
[40mVariant:
[37m
[40m    M1
[38G
[0;1m
[36m
[40mPCIe Bus Number:
[37m
[40m  01:00:00  
[39;49m
[37m
[40m  
[0;1m
[36m
[40mFirmware:
[37m
[40m  v2.7.1
[6;3H
[0;1m
[36m
[40mNPU Memory:
[39;49m
[37m
[40m  
[34m
[40m[
[20X
[6;37H]
[39;49m
[37m
[40m 
[34m
[40m119.81 MiB / 3.92 GiB (2.98%) 
[7;5H
[0;1m
[35m
[40mCore :
[37m
[40m0 
[39;49m
[37m
[40m  
[0;1m
[35m
[40mUtil:
[37m
[40m  36.4% 
[39;49m
[37m
[40m  
[0;1m
[35m
[40mTemp:
[32m
[40m 43 
[39;49m
[37m
[40m  
[0;1m
[35m
[40mVoltage:
[37m
[40m 750 mV 
[39;49m
[37m
[40m  
[0;1m
[35m
[40mClock:
[37m
[40m 1000 MHz
[8;5H
[0;1m
[35m
[40mCore :
[37m
[40m1 
[39;49m
[37m
[40m  
[0;1m
[35m
[40mUtil:
[37m
[40m  20.7% 
[39;49m
[37m
[40m  
[0;1m
[35m
[40mTemp:
[32m
[40m 44 
[39;49m
[37m
[40m  
[0;1m
[35m
[40mVoltage:
[37m
[40m 750 mV 
[39;49m
[37m
[40m  
[0;1m
[35m
[40mClock:
[37m
[40m 1000 MHz
[9;5H
[0;1m
[35m
[40mCore :
[37m
[40m2 
[39;49m
[37m
[40m  
[0;1m
[35m
[40mUtil:
[37m
[40m   7.0% 
[39;49m
[37m
[40m  
[0;1m
[35m
[40mTemp:
[32m
[40m 44 
[39;49m
[37m
[40m  
[0;1m
[35m
[40mVoltage:
[37m
[40m 750 mV 
[39;49m
[37m
[40m  
[0;1m
[35m
[40mClock:
[37m
[40m 1000 MHz
[10d
[39;49m
[37m
[40m-
[198b-
[50;1HTotal Devices: 1
[50;190HPage: 1 / 
[?7l1
[?7h
[39;49m
[37m
[40m
[2J[DX-TOP]  (q) Quit   (n) Next Page   (p) Prev Page   (h) Help
[2dMon Jul 13 17:12:12 2026
[3dDX-RT: v3.4.0     NPU Device driver: v2.5.1     DX-TOP: v1.1.0
[4d-
[198b-
[5;3H
[0;1m
[36m
[40mDevice :
[37m
[40m0
[18G
[0;1m
[36m
[40mVariant:
[37m
[40m    M1
[38G
[0;1m
[36m
[40mPCIe Bus Number:
[37m
[40m  01:00:00  
[39;49m
[37m
[40m  
[0;1m
[36m
[40mFirmware:
[37m
[40m  v2.7.1
[6;3H
[0;1m
[36m
[40mNPU Memory:
[39;49m
[37m
[40m  
[34m
[40m[
[20X
[6;37H]
[39;49m
[37m
[40m 
[34m
[40m119.81 MiB / 3.92 GiB (2.98%) 
[7;5H
[0;1m
[35m
[40mCore :
[37m
[40m0 
[39;49m
[37m
[40m  
[0;1m
[35m
[40mUtil:
[37m
[40m  36.5% 
[39;49m
[37m
[40m  
[0;1m
[35m
[40mTemp:
[32m
[40m 43 
[39;49m
[37m
[40m  
[0;1m
[35m
[40mVoltage:
[37m
[40m 750 mV 
[39;49m
[37m
[40m  
[0;1m
[35m
[40mClock:
[37m
[40m 1000 MHz
[8;5H
[0;1m
[35m
[40mCore :
[37m
[40m1 
[39;49m
[37m
[40m  
[0;1m
[35m
[40mUtil:
[37m
[40m  20.7% 
[39;49m
[37m
[40m  
[0;1m
[35m
[40mTemp:
[32m
[40m 43 
[39;49m
[37m
[40m  
[0;1m
[35m
[40mVoltage:
[37m
[40m 750 mV 
[39;49m
[37m
[40m  
[0;1m
[35m
[40mClock:
[37m
[40m 1000 MHz
[9;5H
[0;1m
[35m
[40mCore :
[37m
[40m2 
[39;49m
[37m
[40m  
[0;1m
[35m
[40mUtil:
[37m
[40m   6.2% 
[39;49m
[37m
[40m  
[0;1m
[35m
[40mTemp:
[32m
[40m 44 
[39;49m
[37m
[40m  
[0;1m
[35m
[40mVoltage:
[37m
[40m 750 mV 
[39;49m
[37m
[40m  
[0;1m
[35m
[40mClock:
[37m
[40m 1000 MHz
[10d
[39;49m
[37m
[40m-
[198b-
[50;1HTotal Devices: 1
[50;190HPage: 1 / 
[?7l1
[?7h
[39;49m
[37m
[40m
[2J[DX-TOP]  (q) Quit   (n) Next Page   (p) Prev Page   (h) Help
[2dMon Jul 13 17:12:14 2026
[3dDX-RT: v3.4.0     NPU Device driver: v2.5.1     DX-TOP: v1.1.0
[4d-
[198b-
[5;3H
[0;1m
[36m
[40mDevice :
[37m
[40m0
[18G
[0;1m
[36m
[40mVariant:
[37m
[40m    M1
[38G
[0;1m
[36m
[40mPCIe Bus Number:
[37m
[40m  01:00:00  
[39;49m
[37m
[40m  
[0;1m
[36m
[40mFirmware:
[37m
[40m  v2.7.1
[6;3H
[0;1m
[36m
[40mNPU Memory:
[39;49m
[37m
[40m  
[34m
[40m[
[20X
[6;37H]
[39;49m
[37m
[40m 
[34m
[40m119.81 MiB / 3.92 GiB (2.98%) 
[7;5H
[0;1m
[35m
[40mCore :
[37m
[40m0 
[39;49m
[37m
[40m  
[0;1m
[35m
[40mUtil:
[37m
[40m  42.5% 
[39;49m
[37m
[40m  
[0;1m
[35m
[40mTemp:
[32m
[40m 43 
[39;49m
[37m
[40m  
[0;1m
[35m
[40mVoltage:
[37m
[40m 750 mV 
[39;49m
[37m
[40m  
[0;1m
[35m
[40mClock:
[37m
[40m 1000 MHz
[8;5H
[0;1m
[35m
[40mCore :
[37m
[40m1 
[39;49m
[37m
[40m  
[0;1m
[35m
[40mUtil:
[37m
[40m  13.5% 
[39;49m
[37m
[40m  
[0;1m
[35m
[40mTemp:
[32m
[40m 44 
[39;49m
[37m
[40m  
[0;1m
[35m
[40mVoltage:
[37m
[40m 750 mV 
[39;49m
[37m
[40m  
[0;1m
[35m
[40mClock:
[37m
[40m 1000 MHz
[9;5H
[0;1m
[35m
[40mCore :
[37m
[40m2 
[39;49m
[37m
[40m  
[0;1m
[35m
[40mUtil:
[37m
[40m   5.7% 
[39;49m
[37m
[40m  
[0;1m
[35m
[40mTemp:
[32m
[40m 44 
[39;49m
[37m
[40m  
[0;1m
[35m
[40mVoltage:
[37m
[40m 750 mV 
[39;49m
[37m
[40m  
[0;1m
[35m
[40mClock:
[37m
[40m 1000 MHz
[10d
[39;49m
[37m
[40m-
[198b-
[50;1HTotal Devices: 1
[50;190HPage: 1 / 
[?7l1
[?7h
[39;49m
[37m
[40m
[2J[DX-TOP]  (q) Quit   (n) Next Page   (p) Prev Page   (h) Help
[2dMon Jul 13 17:12:16 2026
[3dDX-RT: v3.4.0     NPU Device driver: v2.5.1     DX-TOP: v1.1.0
[4d-
[198b-
[5;3H
[0;1m
[36m
[40mDevice :
[37m
[40m0
[18G
[0;1m
[36m
[40mVariant:
[37m
[40m    M1
[38G
[0;1m
[36m
[40mPCIe Bus Number:
[37m
[40m  01:00:00  
[39;49m
[37m
[40m  
[0;1m
[36m
[40mFirmware:
[37m
[40m  v2.7.1
[6;3H
[0;1m
[36m
[40mNPU Memory:
[39;49m
[37m
[40m  
[34m
[40m[
[20X
[6;37H]
[39;49m
[37m
[40m 
[34m
[40m119.81 MiB / 3.92 GiB (2.98%) 
[7;5H
[0;1m
[35m
[40mCore :
[37m
[40m0 
[39;49m
[37m
[40m  
[0;1m
[35m
[40mUtil:
[37m
[40m  37.8% 
[39;49m
[37m
[40m  
[0;1m
[35m
[40mTemp:
[32m
[40m 43 
[39;49m
[37m
[40m  
[0;1m
[35m
[40mVoltage:
[37m
[40m 750 mV 
[39;49m
[37m
[40m  
[0;1m
[35m
[40mClock:
[37m
[40m 1000 MHz
[8;5H
[0;1m
[35m
[40mCore :
[37m
[40m1 
[39;49m
[37m
[40m  
[0;1m
[35m
[40mUtil:
[37m
[40m  21.2% 
[39;49m
[37m
[40m  
[0;1m
[35m
[40mTemp:
[32m
[40m 44 
[39;49m
[37m
[40m  
[0;1m
[35m
[40mVoltage:
[37m
[40m 750 mV 
[39;49m
[37m
[40m  
[0;1m
[35m
[40mClock:
[37m
[40m 1000 MHz
[9;5H
[0;1m
[35m
[40mCore :
[37m
[40m2 
[39;49m
[37m
[40m  
[0;1m
[35m
[40mUtil:
[37m
[40m   3.8% 
[39;49m
[37m
[40m  
[0;1m
[35m
[40mTemp:
[32m
[40m 44 
[39;49m
[37m
[40m  
[0;1m
[35m
[40mVoltage:
[37m
[40m 750 mV 
[39;49m
[37m
[40m  
[0;1m
[35m
[40mClock:
[37m
[40m 1000 MHz
[10d
[39;49m
[37m
[40m-
[198b-
[50;1HTotal Devices: 1
[50;190HPage: 1 / 
[?7l1
[?7h
[39;49m
[37m
[40m
[2J[DX-TOP]  (q) Quit   (n) Next Page   (p) Prev Page   (h) Help
[2dMon Jul 13 17:12:18 2026
[3dDX-RT: v3.4.0     NPU Device driver: v2.5.1     DX-TOP: v1.1.0
[4d-
[198b-
[5;3H
[0;1m
[36m
[40mDevice :
[37m
[40m0
[18G
[0;1m
[36m
[40mVariant:
[37m
[40m    M1
[38G
[0;1m
[36m
[40mPCIe Bus Number:
[37m
[40m  01:00:00  
[39;49m
[37m
[40m  
[0;1m
[36m
[40mFirmware:
[37m
[40m  v2.7.1
[6;3H
[0;1m
[36m
[40mNPU Memory:
[39;49m
[37m
[40m  
[34m
[40m[
[20X
[6;37H]
[39;49m
[37m
[40m 
[34m
[40m119.81 MiB / 3.92 GiB (2.98%) 
[7;5H
[0;1m
[35m
[40mCore :
[37m
[40m0 
[39;49m
[37m
[40m  
[0;1m
[35m
[40mUtil:
[37m
[40m  43.0% 
[39;49m
[37m
[40m  
[0;1m
[35m
[40mTemp:
[32m
[40m 44 
[39;49m
[37m
[40m  
[0;1m
[35m
[40mVoltage:
[37m
[40m 750 mV 
[39;49m
[37m
[40m  
[0;1m
[35m
[40mClock:
[37m
[40m 1000 MHz
[8;5H
[0;1m
[35m
[40mCore :
[37m
[40m1 
[39;49m
[37m
[40m  
[0;1m
[35m
[40mUtil:
[37m
[40m  18.6% 
[39;49m
[37m
[40m  
[0;1m
[35m
[40mTemp:
[32m
[40m 44 
[39;49m
[37m
[40m  
[0;1m
[35m
[40mVoltage:
[37m
[40m 750 mV 
[39;49m
[37m
[40m  
[0;1m
[35m
[40mClock:
[37m
[40m 1000 MHz
[9;5H
[0;1m
[35m
[40mCore :
[37m
[40m2 
[39;49m
[37m
[40m  
[0;1m
[35m
[40mUtil:
[37m
[40m   0.0% 
[39;49m
[37m
[40m  
[0;1m
[35m
[40mTemp:
[32m
[40m 44 
[39;49m
[37m
[40m  
[0;1m
[35m
[40mVoltage:
[37m
[40m 750 mV 
[39;49m
[37m
[40m  
[0;1m
[35m
[40mClock:
[37m
[40m 1000 MHz
[10d
[39;49m
[37m
[40m-
[198b-
[50;1HTotal Devices: 1
[50;190HPage: 1 / 
[?7l1
[?7h
[39;49m
[37m
[40m
[2J[DX-TOP]  (q) Quit   (n) Next Page   (p) Prev Page   (h) Help
[2dMon Jul 13 17:12:20 2026
[3dDX-RT: v3.4.0     NPU Device driver: v2.5.1     DX-TOP: v1.1.0
[4d-
[198b-
[5;3H
[0;1m
[36m
[40mDevice :
[37m
[40m0
[18G
[0;1m
[36m
[40mVariant:
[37m
[40m    M1
[38G
[0;1m
[36m
[40mPCIe Bus Number:
[37m
[40m  01:00:00  
[39;49m
[37m
[40m  
[0;1m
[36m
[40mFirmware:
[37m
[40m  v2.7.1
[6;3H
[0;1m
[36m
[40mNPU Memory:
[39;49m
[37m
[40m  
[34m
[40m[
[20X
[6;37H]
[39;49m
[37m
[40m 
[34m
[40m119.81 MiB / 3.92 GiB (2.98%) 
[7;5H
[0;1m
[35m
[40mCore :
[37m
[40m0 
[39;49m
[37m
[40m  
[0;1m
[35m
[40mUtil:
[37m
[40m  42.4% 
[39;49m
[37m
[40m  
[0;1m
[35m
[40mTemp:
[32m
[40m 43 
[39;49m
[37m
[40m  
[0;1m
[35m
[40mVoltage:
[37m
[40m 750 mV 
[39;49m
[37m
[40m  
[0;1m
[35m
[40mClock:
[37m
[40m 1000 MHz
[8;5H
[0;1m
[35m
[40mCore :
[37m
[40m1 
[39;49m
[37m
[40m  
[0;1m
[35m
[40mUtil:
[37m
[40m  17.3% 
[39;49m
[37m
[40m  
[0;1m
[35m
[40mTemp:
[32m
[40m 43 
[39;49m
[37m
[40m  
[0;1m
[35m
[40mVoltage:
[37m
[40m 750 mV 
[39;49m
[37m
[40m  
[0;1m
[35m
[40mClock:
[37m
[40m 1000 MHz
[9;5H
[0;1m
[35m
[40mCore :
[37m
[40m2 
[39;49m
[37m
[40m  
[0;1m
[35m
[40mUtil:
[37m
[40m   3.6% 
[39;49m
[37m
[40m  
[0;1m
[35m
[40mTemp:
[32m
[40m 44 
[39;49m
[37m
[40m  
[0;1m
[35m
[40mVoltage:
[37m
[40m 750 mV 
[39;49m
[37m
[40m  
[0;1m
[35m
[40mClock:
[37m
[40m 1000 MHz
[10d
[39;49m
[37m
[40m-
[198b-
[50;1HTotal Devices: 1
[50;190HPage: 1 / 
[?7l1
[?7h
[39;49m
[37m
[40m
[2J[DX-TOP]  (q) Quit   (n) Next Page   (p) Prev Page   (h) Help
[2dMon Jul 13 17:12:22 2026
[3dDX-RT: v3.4.0     NPU Device driver: v2.5.1     DX-TOP: v1.1.0
[4d-
[198b-
[5;3H
[0;1m
[36m
[40mDevice :
[37m
[40m0
[18G
[0;1m
[36m
[40mVariant:
[37m
[40m    M1
[38G
[0;1m
[36m
[40mPCIe Bus Number:
[37m
[40m  01:00:00  
[39;49m
[37m
[40m  
[0;1m
[36m
[40mFirmware:
[37m
[40m  v2.7.1
[6;3H
[0;1m
[36m
[40mNPU Memory:
[39;49m
[37m
[40m  
[34m
[40m[
[20X
[6;37H]
[39;49m
[37m
[40m 
[34m
[40m119.81 MiB / 3.92 GiB (2.98%) 
[7;5H
[0;1m
[35m
[40mCore :
[37m
[40m0 
[39;49m
[37m
[40m  
[0;1m
[35m
[40mUtil:
[37m
[40m  43.3% 
[39;49m
[37m
[40m  
[0;1m
[35m
[40mTemp:
[32m
[40m 43 
[39;49m
[37m
[40m  
[0;1m
[35m
[40mVoltage:
[37m
[40m 750 mV 
[39;49m
[37m
[40m  
[0;1m
[35m
[40mClock:
[37m
[40m 1000 MHz
[8;5H
[0;1m
[35m
[40mCore :
[37m
[40m1 
[39;49m
[37m
[40m  
[0;1m
[35m
[40mUtil:
[37m
[40m  17.4% 
[39;49m
[37m
[40m  
[0;1m
[35m
[40mTemp:
[32m
[40m 44 
[39;49m
[37m
[40m  
[0;1m
[35m
[40mVoltage:
[37m
[40m 750 mV 
[39;49m
[37m
[40m  
[0;1m
[35m
[40mClock:
[37m
[40m 1000 MHz
[9;5H
[0;1m
[35m
[40mCore :
[37m
[40m2 
[39;49m
[37m
[40m  
[0;1m
[35m
[40mUtil:
[37m
[40m   3.6% 
[39;49m
[37m
[40m  
[0;1m
[35m
[40mTemp:
[32m
[40m 44 
[39;49m
[37m
[40m  
[0;1m
[35m
[40mVoltage:
[37m
[40m 750 mV 
[39;49m
[37m
[40m  
[0;1m
[35m
[40mClock:
[37m
[40m 1000 MHz
[10d
[39;49m
[37m
[40m-
[198b-
[50;1HTotal Devices: 1
[50;190HPage: 1 / 
[?7l1
[?7h
[39;49m
[37m
[40m
[2J[DX-TOP]  (q) Quit   (n) Next Page   (p) Prev Page   (h) Help
[2dMon Jul 13 17:12:24 2026
[3dDX-RT: v3.4.0     NPU Device driver: v2.5.1     DX-TOP: v1.1.0
[4d-
[198b-
[5;3H
[0;1m
[36m
[40mDevice :
[37m
[40m0
[18G
[0;1m
[36m
[40mVariant:
[37m
[40m    M1
[38G
[0;1m
[36m
[40mPCIe Bus Number:
[37m
[40m  01:00:00  
[39;49m
[37m
[40m  
[0;1m
[36m
[40mFirmware:
[37m
[40m  v2.7.1
[6;3H
[0;1m
[36m
[40mNPU Memory:
[39;49m
[37m
[40m  
[34m
[40m[
[20X
[6;37H]
[39;49m
[37m
[40m 
[34m
[40m119.81 MiB / 3.92 GiB (2.98%) 
[7;5H
[0;1m
[35m
[40mCore :
[37m
[40m0 
[39;49m
[37m
[40m  
[0;1m
[35m
[40mUtil:
[37m
[40m  40.3% 
[39;49m
[37m
[40m  
[0;1m
[35m
[40mTemp:
[32m
[40m 43 
[39;49m
[37m
[40m  
[0;1m
[35m
[40mVoltage:
[37m
[40m 750 mV 
[39;49m
[37m
[40m  
[0;1m
[35m
[40mClock:
[37m
[40m 1000 MHz
[8;5H
[0;1m
[35m
[40mCore :
[37m
[40m1 
[39;49m
[37m
[40m  
[0;1m
[35m
[40mUtil:
[37m
[40m  17.6% 
[39;49m
[37m
[40m  
[0;1m
[35m
[40mTemp:
[32m
[40m 43 
[39;49m
[37m
[40m  
[0;1m
[35m
[40mVoltage:
[37m
[40m 750 mV 
[39;49m
[37m
[40m  
[0;1m
[35m
[40mClock:
[37m
[40m 1000 MHz
[9;5H
[0;1m
[35m
[40mCore :
[37m
[40m2 
[39;49m
[37m
[40m  
[0;1m
[35m
[40mUtil:
[37m
[40m   5.4% 
[39;49m
[37m
[40m  
[0;1m
[35m
[40mTemp:
[32m
[40m 44 
[39;49m
[37m
[40m  
[0;1m
[35m
[40mVoltage:
[37m
[40m 750 mV 
[39;49m
[37m
[40m  
[0;1m
[35m
[40mClock:
[37m
[40m 1000 MHz
[10d
[39;49m
[37m
[40m-
[198b-
[50;1HTotal Devices: 1
[50;190HPage: 1 / 
[?7l1
[?7h
[39;49m
[37m
[40m
[2J[DX-TOP]  (q) Quit   (n) Next Page   (p) Prev Page   (h) Help
[2dMon Jul 13 17:12:26 2026
[3dDX-RT: v3.4.0     NPU Device driver: v2.5.1     DX-TOP: v1.1.0
[4d-
[198b-
[5;3H
[0;1m
[36m
[40mDevice :
[37m
[40m0
[18G
[0;1m
[36m
[40mVariant:
[37m
[40m    M1
[38G
[0;1m
[36m
[40mPCIe Bus Number:
[37m
[40m  01:00:00  
[39;49m
[37m
[40m  
[0;1m
[36m
[40mFirmware:
[37m
[40m  v2.7.1
[6;3H
[0;1m
[36m
[40mNPU Memory:
[39;49m
[37m
[40m  
[34m
[40m[
[20X
[6;37H]
[39;49m
[37m
[40m 
[34m
[40m119.81 MiB / 3.92 GiB (2.98%) 
[7;5H
[0;1m
[35m
[40mCore :
[37m
[40m0 
[39;49m
[37m
[40m  
[0;1m
[35m
[40mUtil:
[37m
[40m  40.0% 
[39;49m
[37m
[40m  
[0;1m
[35m
[40mTemp:
[32m
[40m 43 
[39;49m
[37m
[40m  
[0;1m
[35m
[40mVoltage:
[37m
[40m 750 mV 
[39;49m
[37m
[40m  
[0;1m
[35m
[40mClock:
[37m
[40m 1000 MHz
[8;5H
[0;1m
[35m
[40mCore :
[37m
[40m1 
[39;49m
[37m
[40m  
[0;1m
[35m
[40mUtil:
[37m
[40m  16.5% 
[39;49m
[37m
[40m  
[0;1m
[35m
[40mTemp:
[32m
[40m 43 
[39;49m
[37m
[40m  
[0;1m
[35m
[40mVoltage:
[37m
[40m 750 mV 
[39;49m
[37m
[40m  
[0;1m
[35m
[40mClock:
[37m
[40m 1000 MHz
[9;5H
[0;1m
[35m
[40mCore :
[37m
[40m2 
[39;49m
[37m
[40m  
[0;1m
[35m
[40mUtil:
[37m
[40m   5.5% 
[39;49m
[37m
[40m  
[0;1m
[35m
[40mTemp:
[32m
[40m 44 
[39;49m
[37m
[40m  
[0;1m
[35m
[40mVoltage:
[37m
[40m 750 mV 
[39;49m
[37m
[40m  
[0;1m
[35m
[40mClock:
[37m
[40m 1000 MHz
[10d
[39;49m
[37m
[40m-
[198b-
[50;1HTotal Devices: 1
[50;190HPage: 1 / 
[?7l1
[?7h
[39;49m
[37m
[40m
[2J[DX-TOP]  (q) Quit   (n) Next Page   (p) Prev Page   (h) Help
[2dMon Jul 13 17:12:28 2026
[3dDX-RT: v3.4.0     NPU Device driver: v2.5.1     DX-TOP: v1.1.0
[4d-
[198b-
[5;3H
[0;1m
[36m
[40mDevice :
[37m
[40m0
[18G
[0;1m
[36m
[40mVariant:
[37m
[40m    M1
[38G
[0;1m
[36m
[40mPCIe Bus Number:
[37m
[40m  01:00:00  
[39;49m
[37m
[40m  
[0;1m
[36m
[40mFirmware:
[37m
[40m  v2.7.1
[6;3H
[0;1m
[36m
[40mNPU Memory:
[39;49m
[37m
[40m  
[34m
[40m[
[20X
[6;37H]
[39;49m
[37m
[40m 
[34m
[40m119.81 MiB / 3.92 GiB (2.98%) 
[7;5H
[0;1m
[35m
[40mCore :
[37m
[40m0 
[39;49m
[37m
[40m  
[0;1m
[35m
[40mUtil:
[37m
[40m  35.6% 
[39;49m
[37m
[40m  
[0;1m
[35m
[40mTemp:
[32m
[40m 43 
[39;49m
[37m
[40m  
[0;1m
[35m
[40mVoltage:
[37m
[40m 750 mV 
[39;49m
[37m
[40m  
[0;1m
[35m
[40mClock:
[37m
[40m 1000 MHz
[8;5H
[0;1m
[35m
[40mCore :
[37m
[40m1 
[39;49m
[37m
[40m  
[0;1m
[35m
[40mUtil:
[37m
[40m  22.2% 
[39;49m
[37m
[40m  
[0;1m
[35m
[40mTemp:
[32m
[40m 44 
[39;49m
[37m
[40m  
[0;1m
[35m
[40mVoltage:
[37m
[40m 750 mV 
[39;49m
[37m
[40m  
[0;1m
[35m
[40mClock:
[37m
[40m 1000 MHz
[9;5H
[0;1m
[35m
[40mCore :
[37m
[40m2 
[39;49m
[37m
[40m  
[0;1m
[35m
[40mUtil:
[37m
[40m   7.1% 
[39;49m
[37m
[40m  
[0;1m
[35m
[40mTemp:
[32m
[40m 44 
[39;49m
[37m
[40m  
[0;1m
[35m
[40mVoltage:
[37m
[40m 750 mV 
[39;49m
[37m
[40m  
[0;1m
[35m
[40mClock:
[37m
[40m 1000 MHz
[10d
[39;49m
[37m
[40m-
[198b-
[50;1HTotal Devices: 1
[50;190HPage: 1 / 
[?7l1
[?7h
[39;49m
[37m
[40m
[2J[DX-TOP]  (q) Quit   (n) Next Page   (p) Prev Page   (h) Help
[2dMon Jul 13 17:12:30 2026
[3dDX-RT: v3.4.0     NPU Device driver: v2.5.1     DX-TOP: v1.1.0
[4d-
[198b-
[5;3H
[0;1m
[36m
[40mDevice :
[37m
[40m0
[18G
[0;1m
[36m
[40mVariant:
[37m
[40m    M1
[38G
[0;1m
[36m
[40mPCIe Bus Number:
[37m
[40m  01:00:00  
[39;49m
[37m
[40m  
[0;1m
[36m
[40mFirmware:
[37m
[40m  v2.7.1
[6;3H
[0;1m
[36m
[40mNPU Memory:
[39;49m
[37m
[40m  
[34m
[40m[
[20X
[6;37H]
[39;49m
[37m
[40m 
[34m
[40m119.81 MiB / 3.92 GiB (2.98%) 
[7;5H
[0;1m
[35m
[40mCore :
[37m
[40m0 
[39;49m
[37m
[40m  
[0;1m
[35m
[40mUtil:
[37m
[40m  41.5% 
[39;49m
[37m
[40m  
[0;1m
[35m
[40mTemp:
[32m
[40m 43 
[39;49m
[37m
[40m  
[0;1m
[35m
[40mVoltage:
[37m
[40m 750 mV 
[39;49m
[37m
[40m  
[0;1m
[35m
[40mClock:
[37m
[40m 1000 MHz
[8;5H
[0;1m
[35m
[40mCore :
[37m
[40m1 
[39;49m
[37m
[40m  
[0;1m
[35m
[40mUtil:
[37m
[40m  20.2% 
[39;49m
[37m
[40m  
[0;1m
[35m
[40mTemp:
[32m
[40m 44 
[39;49m
[37m
[40m  
[0;1m
[35m
[40mVoltage:
[37m
[40m 750 mV 
[39;49m
[37m
[40m  
[0;1m
[35m
[40mClock:
[37m
[40m 1000 MHz
[9;5H
[0;1m
[35m
[40mCore :
[37m
[40m2 
[39;49m
[37m
[40m  
[0;1m
[35m
[40mUtil:
[37m
[40m   1.8% 
[39;49m
[37m
[40m  
[0;1m
[35m
[40mTemp:
[32m
[40m 44 
[39;49m
[37m
[40m  
[0;1m
[35m
[40mVoltage:
[37m
[40m 750 mV 
[39;49m
[37m
[40m  
[0;1m
[35m
[40mClock:
[37m
[40m 1000 MHz
[10d
[39;49m
[37m
[40m-
[198b-
[50;1HTotal Devices: 1
[50;190HPage: 1 / 
[?7l1
[?7h
[39;49m
[37m
[40m
[2J[DX-TOP]  (q) Quit   (n) Next Page   (p) Prev Page   (h) Help
[2dMon Jul 13 17:12:32 2026
[3dDX-RT: v3.4.0     NPU Device driver: v2.5.1     DX-TOP: v1.1.0
[4d-
[198b-
[5;3H
[0;1m
[36m
[40mDevice :
[37m
[40m0
[18G
[0;1m
[36m
[40mVariant:
[37m
[40m    M1
[38G
[0;1m
[36m
[40mPCIe Bus Number:
[37m
[40m  01:00:00  
[39;49m
[37m
[40m  
[0;1m
[36m
[40mFirmware:
[37m
[40m  v2.7.1
[6;3H
[0;1m
[36m
[40mNPU Memory:
[39;49m
[37m
[40m  
[34m
[40m[
[20X
[6;37H]
[39;49m
[37m
[40m 
[34m
[40m119.81 MiB / 3.92 GiB (2.98%) 
[7;5H
[0;1m
[35m
[40mCore :
[37m
[40m0 
[39;49m
[37m
[40m  
[0;1m
[35m
[40mUtil:
[37m
[40m  38.0% 
[39;49m
[37m
[40m  
[0;1m
[35m
[40mTemp:
[32m
[40m 43 
[39;49m
[37m
[40m  
[0;1m
[35m
[40mVoltage:
[37m
[40m 750 mV 
[39;49m
[37m
[40m  
[0;1m
[35m
[40mClock:
[37m
[40m 1000 MHz
[8;5H
[0;1m
[35m
[40mCore :
[37m
[40m1 
[39;49m
[37m
[40m  
[0;1m
[35m
[40mUtil:
[37m
[40m  20.8% 
[39;49m
[37m
[40m  
[0;1m
[35m
[40mTemp:
[32m
[40m 44 
[39;49m
[37m
[40m  
[0;1m
[35m
[40mVoltage:
[37m
[40m 750 mV 
[39;49m
[37m
[40m  
[0;1m
[35m
[40mClock:
[37m
[40m 1000 MHz
[9;5H
[0;1m
[35m
[40mCore :
[37m
[40m2 
[39;49m
[37m
[40m  
[0;1m
[35m
[40mUtil:
[37m
[40m   6.4% 
[39;49m
[37m
[40m  
[0;1m
[35m
[40mTemp:
[32m
[40m 44 
[39;49m
[37m
[40m  
[0;1m
[35m
[40mVoltage:
[37m
[40m 750 mV 
[39;49m
[37m
[40m  
[0;1m
[35m
[40mClock:
[37m
[40m 1000 MHz
[10d
[39;49m
[37m
[40m-
[198b-
[50;1HTotal Devices: 1
[50;190HPage: 1 / 
[?7l1
[?7h
[39;49m
[37m
[40m
[2J[DX-TOP]  (q) Quit   (n) Next Page   (p) Prev Page   (h) Help
[2dMon Jul 13 17:12:34 2026
[3dDX-RT: v3.4.0     NPU Device driver: v2.5.1     DX-TOP: v1.1.0
[4d-
[198b-
[5;3H
[0;1m
[36m
[40mDevice :
[37m
[40m0
[18G
[0;1m
[36m
[40mVariant:
[37m
[40m    M1
[38G
[0;1m
[36m
[40mPCIe Bus Number:
[37m
[40m  01:00:00  
[39;49m
[37m
[40m  
[0;1m
[36m
[40mFirmware:
[37m
[40m  v2.7.1
[6;3H
[0;1m
[36m
[40mNPU Memory:
[39;49m
[37m
[40m  
[34m
[40m[
[20X
[6;37H]
[39;49m
[37m
[40m 
[34m
[40m119.81 MiB / 3.92 GiB (2.98%) 
[7;5H
[0;1m
[35m
[40mCore :
[37m
[40m0 
[39;49m
[37m
[40m  
[0;1m
[35m
[40mUtil:
[37m
[40m  36.9% 
[39;49m
[37m
[40m  
[0;1m
[35m
[40mTemp:
[32m
[40m 43 
[39;49m
[37m
[40m  
[0;1m
[35m
[40mVoltage:
[37m
[40m 750 mV 
[39;49m
[37m
[40m  
[0;1m
[35m
[40mClock:
[37m
[40m 1000 MHz
[8;5H
[0;1m
[35m
[40mCore :
[37m
[40m1 
[39;49m
[37m
[40m  
[0;1m
[35m
[40mUtil:
[37m
[40m  20.5% 
[39;49m
[37m
[40m  
[0;1m
[35m
[40mTemp:
[32m
[40m 43 
[39;49m
[37m
[40m  
[0;1m
[35m
[40mVoltage:
[37m
[40m 750 mV 
[39;49m
[37m
[40m  
[0;1m
[35m
[40mClock:
[37m
[40m 1000 MHz
[9;5H
[0;1m
[35m
[40mCore :
[37m
[40m2 
[39;49m
[37m
[40m  
[0;1m
[35m
[40mUtil:
[37m
[40m   4.6% 
[39;49m
[37m
[40m  
[0;1m
[35m
[40mTemp:
[32m
[40m 44 
[39;49m
[37m
[40m  
[0;1m
[35m
[40mVoltage:
[37m
[40m 750 mV 
[39;49m
[37m
[40m  
[0;1m
[35m
[40mClock:
[37m
[40m 1000 MHz
[10d
[39;49m
[37m
[40m-
[198b-
[50;1HTotal Devices: 1
[50;190HPage: 1 / 
[?7l1
[?7h
[39;49m
[37m
[40m
[2J[DX-TOP]  (q) Quit   (n) Next Page   (p) Prev Page   (h) Help
[2dMon Jul 13 17:12:36 2026
[3dDX-RT: v3.4.0     NPU Device driver: v2.5.1     DX-TOP: v1.1.0
[4d-
[198b-
[5;3H
[0;1m
[36m
[40mDevice :
[37m
[40m0
[18G
[0;1m
[36m
[40mVariant:
[37m
[40m    M1
[38G
[0;1m
[36m
[40mPCIe Bus Number:
[37m
[40m  01:00:00  
[39;49m
[37m
[40m  
[0;1m
[36m
[40mFirmware:
[37m
[40m  v2.7.1
[6;3H
[0;1m
[36m
[40mNPU Memory:
[39;49m
[37m
[40m  
[34m
[40m[
[20X
[6;37H]
[39;49m
[37m
[40m 
[34m
[40m119.81 MiB / 3.92 GiB (2.98%) 
[7;5H
[0;1m
[35m
[40mCore :
[37m
[40m0 
[39;49m
[37m
[40m  
[0;1m
[35m
[40mUtil:
[37m
[40m  41.6% 
[39;49m
[37m
[40m  
[0;1m
[35m
[40mTemp:
[32m
[40m 43 
[39;49m
[37m
[40m  
[0;1m
[35m
[40mVoltage:
[37m
[40m 750 mV 
[39;49m
[37m
[40m  
[0;1m
[35m
[40mClock:
[37m
[40m 1000 MHz
[8;5H
[0;1m
[35m
[40mCore :
[37m
[40m1 
[39;49m
[37m
[40m  
[0;1m
[35m
[40mUtil:
[37m
[40m  16.4% 
[39;49m
[37m
[40m  
[0;1m
[35m
[40mTemp:
[32m
[40m 43 
[39;49m
[37m
[40m  
[0;1m
[35m
[40mVoltage:
[37m
[40m 750 mV 
[39;49m
[37m
[40m  
[0;1m
[35m
[40mClock:
[37m
[40m 1000 MHz
[9;5H
[0;1m
[35m
[40mCore :
[37m
[40m2 
[39;49m
[37m
[40m  
[0;1m
[35m
[40mUtil:
[37m
[40m   4.5% 
[39;49m
[37m
[40m  
[0;1m
[35m
[40mTemp:
[32m
[40m 44 
[39;49m
[37m
[40m  
[0;1m
[35m
[40mVoltage:
[37m
[40m 750 mV 
[39;49m
[37m
[40m  
[0;1m
[35m
[40mClock:
[37m
[40m 1000 MHz
[10d
[39;49m
[37m
[40m-
[198b-
[50;1HTotal Devices: 1
[50;190HPage: 1 / 
[?7l1
[?7h
[39;49m
[37m
[40m
[2J[DX-TOP]  (q) Quit   (n) Next Page   (p) Prev Page   (h) Help
[2dMon Jul 13 17:12:38 2026
[3dDX-RT: v3.4.0     NPU Device driver: v2.5.1     DX-TOP: v1.1.0
[4d-
[198b-
[5;3H
[0;1m
[36m
[40mDevice :
[37m
[40m0
[18G
[0;1m
[36m
[40mVariant:
[37m
[40m    M1
[38G
[0;1m
[36m
[40mPCIe Bus Number:
[37m
[40m  01:00:00  
[39;49m
[37m
[40m  
[0;1m
[36m
[40mFirmware:
[37m
[40m  v2.7.1
[6;3H
[0;1m
[36m
[40mNPU Memory:
[39;49m
[37m
[40m  
[34m
[40m[
[20X
[6;37H]
[39;49m
[37m
[40m 
[34m
[40m119.81 MiB / 3.92 GiB (2.98%) 
[7;5H
[0;1m
[35m
[40mCore :
[37m
[40m0 
[39;49m
[37m
[40m  
[0;1m
[35m
[40mUtil:
[37m
[40m  38.8% 
[39;49m
[37m
[40m  
[0;1m
[35m
[40mTemp:
[32m
[40m 43 
[39;49m
[37m
[40m  
[0;1m
[35m
[40mVoltage:
[37m
[40m 750 mV 
[39;49m
[37m
[40m  
[0;1m
[35m
[40mClock:
[37m
[40m 1000 MHz
[8;5H
[0;1m
[35m
[40mCore :
[37m
[40m1 
[39;49m
[37m
[40m  
[0;1m
[35m
[40mUtil:
[37m
[40m  21.3% 
[39;49m
[37m
[40m  
[0;1m
[35m
[40mTemp:
[32m
[40m 44 
[39;49m
[37m
[40m  
[0;1m
[35m
[40mVoltage:
[37m
[40m 750 mV 
[39;49m
[37m
[40m  
[0;1m
[35m
[40mClock:
[37m
[40m 1000 MHz
[9;5H
[0;1m
[35m
[40mCore :
[37m
[40m2 
[39;49m
[37m
[40m  
[0;1m
[35m
[40mUtil:
[37m
[40m   2.6% 
[39;49m
[37m
[40m  
[0;1m
[35m
[40mTemp:
[32m
[40m 44 
[39;49m
[37m
[40m  
[0;1m
[35m
[40mVoltage:
[37m
[40m 750 mV 
[39;49m
[37m
[40m  
[0;1m
[35m
[40mClock:
[37m
[40m 1000 MHz
[10d
[39;49m
[37m
[40m-
[198b-
[50;1HTotal Devices: 1
[50;190HPage: 1 / 
[?7l1
[?7h
[39;49m
[37m
[40m
[2J[DX-TOP]  (q) Quit   (n) Next Page   (p) Prev Page   (h) Help
[2dMon Jul 13 17:12:40 2026
[3dDX-RT: v3.4.0     NPU Device driver: v2.5.1     DX-TOP: v1.1.0
[4d-
[198b-
[5;3H
[0;1m
[36m
[40mDevice :
[37m
[40m0
[18G
[0;1m
[36m
[40mVariant:
[37m
[40m    M1
[38G
[0;1m
[36m
[40mPCIe Bus Number:
[37m
[40m  01:00:00  
[39;49m
[37m
[40m  
[0;1m
[36m
[40mFirmware:
[37m
[40m  v2.7.1
[6;3H
[0;1m
[36m
[40mNPU Memory:
[39;49m
[37m
[40m  
[34m
[40m[
[20X
[6;37H]
[39;49m
[37m
[40m 
[34m
[40m119.81 MiB / 3.92 GiB (2.98%) 
[7;5H
[0;1m
[35m
[40mCore :
[37m
[40m0 
[39;49m
[37m
[40m  
[0;1m
[35m
[40mUtil:
[37m
[40m  38.7% 
[39;49m
[37m
[40m  
[0;1m
[35m
[40mTemp:
[32m
[40m 43 
[39;49m
[37m
[40m  
[0;1m
[35m
[40mVoltage:
[37m
[40m 750 mV 
[39;49m
[37m
[40m  
[0;1m
[35m
[40mClock:
[37m
[40m 1000 MHz
[8;5H
[0;1m
[35m
[40mCore :
[37m
[40m1 
[39;49m
[37m
[40m  
[0;1m
[35m
[40mUtil:
[37m
[40m  19.9% 
[39;49m
[37m
[40m  
[0;1m
[35m
[40mTemp:
[32m
[40m 44 
[39;49m
[37m
[40m  
[0;1m
[35m
[40mVoltage:
[37m
[40m 750 mV 
[39;49m
[37m
[40m  
[0;1m
[35m
[40mClock:
[37m
[40m 1000 MHz
[9;5H
[0;1m
[35m
[40mCore :
[37m
[40m2 
[39;49m
[37m
[40m  
[0;1m
[35m
[40mUtil:
[37m
[40m   5.5% 
[39;49m
[37m
[40m  
[0;1m
[35m
[40mTemp:
[32m
[40m 44 
[39;49m
[37m
[40m  
[0;1m
[35m
[40mVoltage:
[37m
[40m 750 mV 
[39;49m
[37m
[40m  
[0;1m
[35m
[40mClock:
[37m
[40m 1000 MHz
[10d
[39;49m
[37m
[40m-
[198b-
[50;1HTotal Devices: 1
[50;190HPage: 1 / 
[?7l1
[?7h
[39;49m
[37m
[40m
[2J[DX-TOP]  (q) Quit   (n) Next Page   (p) Prev Page   (h) Help
[2dMon Jul 13 17:12:42 2026
[3dDX-RT: v3.4.0     NPU Device driver: v2.5.1     DX-TOP: v1.1.0
[4d-
[198b-
[5;3H
[0;1m
[36m
[40mDevice :
[37m
[40m0
[18G
[0;1m
[36m
[40mVariant:
[37m
[40m    M1
[38G
[0;1m
[36m
[40mPCIe Bus Number:
[37m
[40m  01:00:00  
[39;49m
[37m
[40m  
[0;1m
[36m
[40mFirmware:
[37m
[40m  v2.7.1
[6;3H
[0;1m
[36m
[40mNPU Memory:
[39;49m
[37m
[40m  
[34m
[40m[
[20X
[6;37H]
[39;49m
[37m
[40m 
[34m
[40m119.81 MiB / 3.92 GiB (2.98%) 
[7;5H
[0;1m
[35m
[40mCore :
[37m
[40m0 
[39;49m
[37m
[40m  
[0;1m
[35m
[40mUtil:
[37m
[40m  39.7% 
[39;49m
[37m
[40m  
[0;1m
[35m
[40mTemp:
[32m
[40m 43 
[39;49m
[37m
[40m  
[0;1m
[35m
[40mVoltage:
[37m
[40m 750 mV 
[39;49m
[37m
[40m  
[0;1m
[35m
[40mClock:
[37m
[40m 1000 MHz
[8;5H
[0;1m
[35m
[40mCore :
[37m
[40m1 
[39;49m
[37m
[40m  
[0;1m
[35m
[40mUtil:
[37m
[40m  19.1% 
[39;49m
[37m
[40m  
[0;1m
[35m
[40mTemp:
[32m
[40m 43 
[39;49m
[37m
[40m  
[0;1m
[35m
[40mVoltage:
[37m
[40m 750 mV 
[39;49m
[37m
[40m  
[0;1m
[35m
[40mClock:
[37m
[40m 1000 MHz
[9;5H
[0;1m
[35m
[40mCore :
[37m
[40m2 
[39;49m
[37m
[40m  
[0;1m
[35m
[40mUtil:
[37m
[40m   4.2% 
[39;49m
[37m
[40m  
[0;1m
[35m
[40mTemp:
[32m
[40m 44 
[39;49m
[37m
[40m  
[0;1m
[35m
[40mVoltage:
[37m
[40m 750 mV 
[39;49m
[37m
[40m  
[0;1m
[35m
[40mClock:
[37m
[40m 1000 MHz
[10d
[39;49m
[37m
[40m-
[198b-
[50;1HTotal Devices: 1
[50;190HPage: 1 / 
[?7l1
[?7h
[39;49m
[37m
[40m
[2J[DX-TOP]  (q) Quit   (n) Next Page   (p) Prev Page   (h) Help
[2dMon Jul 13 17:12:44 2026
[3dDX-RT: v3.4.0     NPU Device driver: v2.5.1     DX-TOP: v1.1.0
[4d-
[198b-
[5;3H
[0;1m
[36m
[40mDevice :
[37m
[40m0
[18G
[0;1m
[36m
[40mVariant:
[37m
[40m    M1
[38G
[0;1m
[36m
[40mPCIe Bus Number:
[37m
[40m  01:00:00  
[39;49m
[37m
[40m  
[0;1m
[36m
[40mFirmware:
[37m
[40m  v2.7.1
[6;3H
[0;1m
[36m
[40mNPU Memory:
[39;49m
[37m
[40m  
[34m
[40m[
[20X
[6;37H]
[39;49m
[37m
[40m 
[34m
[40m119.81 MiB / 3.92 GiB (2.98%) 
[7;5H
[0;1m
[35m
[40mCore :
[37m
[40m0 
[39;49m
[37m
[40m  
[0;1m
[35m
[40mUtil:
[37m
[40m  36.4% 
[39;49m
[37m
[40m  
[0;1m
[35m
[40mTemp:
[32m
[40m 43 
[39;49m
[37m
[40m  
[0;1m
[35m
[40mVoltage:
[37m
[40m 750 mV 
[39;49m
[37m
[40m  
[0;1m
[35m
[40mClock:
[37m
[40m 1000 MHz
[8;5H
[0;1m
[35m
[40mCore :
[37m
[40m1 
[39;49m
[37m
[40m  
[0;1m
[35m
[40mUtil:
[37m
[40m  19.4% 
[39;49m
[37m
[40m  
[0;1m
[35m
[40mTemp:
[32m
[40m 43 
[39;49m
[37m
[40m  
[0;1m
[35m
[40mVoltage:
[37m
[40m 750 mV 
[39;49m
[37m
[40m  
[0;1m
[35m
[40mClock:
[37m
[40m 1000 MHz
[9;5H
[0;1m
[35m
[40mCore :
[37m
[40m2 
[39;49m
[37m
[40m  
[0;1m
[35m
[40mUtil:
[37m
[40m   7.1% 
[39;49m
[37m
[40m  
[0;1m
[35m
[40mTemp:
[32m
[40m 44 
[39;49m
[37m
[40m  
[0;1m
[35m
[40mVoltage:
[37m
[40m 750 mV 
[39;49m
[37m
[40m  
[0;1m
[35m
[40mClock:
[37m
[40m 1000 MHz
[10d
[39;49m
[37m
[40m-
[198b-
[50;1HTotal Devices: 1
[50;190HPage: 1 / 
[?7l1
[?7h
[39;49m
[37m
[40m
[2J[DX-TOP]  (q) Quit   (n) Next Page   (p) Prev Page   (h) Help
[2dMon Jul 13 17:12:46 2026
[3dDX-RT: v3.4.0     NPU Device driver: v2.5.1     DX-TOP: v1.1.0
[4d-
[198b-
[5;3H
[0;1m
[36m
[40mDevice :
[37m
[40m0
[18G
[0;1m
[36m
[40mVariant:
[37m
[40m    M1
[38G
[0;1m
[36m
[40mPCIe Bus Number:
[37m
[40m  01:00:00  
[39;49m
[37m
[40m  
[0;1m
[36m
[40mFirmware:
[37m
[40m  v2.7.1
[6;3H
[0;1m
[36m
[40mNPU Memory:
[39;49m
[37m
[40m  
[34m
[40m[
[20X
[6;37H]
[39;49m
[37m
[40m 
[34m
[40m119.81 MiB / 3.92 GiB (2.98%) 
[7;5H
[0;1m
[35m
[40mCore :
[37m
[40m0 
[39;49m
[37m
[40m  
[0;1m
[35m
[40mUtil:
[37m
[40m  35.5% 
[39;49m
[37m
[40m  
[0;1m
[35m
[40mTemp:
[32m
[40m 43 
[39;49m
[37m
[40m  
[0;1m
[35m
[40mVoltage:
[37m
[40m 750 mV 
[39;49m
[37m
[40m  
[0;1m
[35m
[40mClock:
[37m
[40m 1000 MHz
[8;5H
[0;1m
[35m
[40mCore :
[37m
[40m1 
[39;49m
[37m
[40m  
[0;1m
[35m
[40mUtil:
[37m
[40m  25.4% 
[39;49m
[37m
[40m  
[0;1m
[35m
[40mTemp:
[32m
[40m 44 
[39;49m
[37m
[40m  
[0;1m
[35m
[40mVoltage:
[37m
[40m 750 mV 
[39;49m
[37m
[40m  
[0;1m
[35m
[40mClock:
[37m
[40m 1000 MHz
[9;5H
[0;1m
[35m
[40mCore :
[37m
[40m2 
[39;49m
[37m
[40m  
[0;1m
[35m
[40mUtil:
[37m
[40m   4.8% 
[39;49m
[37m
[40m  
[0;1m
[35m
[40mTemp:
[32m
[40m 44 
[39;49m
[37m
[40m  
[0;1m
[35m
[40mVoltage:
[37m
[40m 750 mV 
[39;49m
[37m
[40m  
[0;1m
[35m
[40mClock:
[37m
[40m 1000 MHz
[10d
[39;49m
[37m
[40m-
[198b-
[50;1HTotal Devices: 1
[50;190HPage: 1 / 
[?7l1
[?7h
Script done on 2026-07-13 17:12:49+09:00 [COMMAND_EXIT_CODE="0"]
