Script started on 2026-07-13 23:02:11+09:00 [COMMAND="stty rows 50 cols 200 2>/dev/null; exec dxtop" TERM="xterm-256color" TTY="/dev/pts/0" COLUMNS="-1" LINES="-1"]
[?1049h
[22;0;0t
[1;50r
[?7h
[?1h
[?25l
[39;49m
[39;49m
[37m
[40m
[2J[DX-TOP]  (q) Quit   (n) Next Page   (p) Prev Page   (h) Help
[2dMon Jul 13 23:02:11 2026
[3dDX-RT: v3.4.0     NPU Device driver: v2.5.1     DX-TOP: v1.1.0
[4d-
[198b-
[5;3H
[0;1m
[36m
[40mDevice :
[37m
[40m0
[18G
[0;1m
[36m
[40mVariant:
[37m
[40m    M1
[38G
[0;1m
[36m
[40mPCIe Bus Number:
[37m
[40m  01:00:00  
[39;49m
[37m
[40m  
[0;1m
[36m
[40mFirmware:
[37m
[40m  v2.7.1
[6;3H
[0;1m
[36m
[40mNPU Memory:
[39;49m
[37m
[40m  
[34m
[40m[|
[19X
[6;37H]
[39;49m
[37m
[40m 
[34m
[40m272.85 MiB / 3.92 GiB (6.79%) 
[7;5H
[0;1m
[35m
[40mCore :
[37m
[40m0 
[39;49m
[37m
[40m  
[0;1m
[35m
[40mUtil:
[37m
[40m  69.4% 
[39;49m
[37m
[40m  
[0;1m
[35m
[40mTemp:
[33m
[40m 63 
[39;49m
[37m
[40m  
[0;1m
[35m
[40mVoltage:
[37m
[40m 765 mV 
[39;49m
[37m
[40m  
[0;1m
[35m
[40mClock:
[37m
[40m 1000 MHz
[8;5H
[0;1m
[35m
[40mCore :
[37m
[40m1 
[39;49m
[37m
[40m  
[0;1m
[35m
[40mUtil:
[37m
[40m  66.8% 
[39;49m
[37m
[40m  
[0;1m
[35m
[40mTemp:
[33m
[40m 63 
[39;49m
[37m
[40m  
[0;1m
[35m
[40mVoltage:
[37m
[40m 765 mV 
[39;49m
[37m
[40m  
[0;1m
[35m
[40mClock:
[37m
[40m 1000 MHz
[9;5H
[0;1m
[35m
[40mCore :
[37m
[40m2 
[39;49m
[37m
[40m  
[0;1m
[35m
[40mUtil:
[37m
[40m  27.3% 
[39;49m
[37m
[40m  
[0;1m
[35m
[40mTemp:
[33m
[40m 64 
[39;49m
[37m
[40m  
[0;1m
[35m
[40mVoltage:
[37m
[40m 765 mV 
[39;49m
[37m
[40m  
[0;1m
[35m
[40mClock:
[37m
[40m 1000 MHz
[10d
[39;49m
[37m
[40m-
[198b-
[50;1HTotal Devices: 1
[50;190HPage: 1 / 
[?7l1
[?7h
[39;49m
[37m
[40m
[2J[DX-TOP]  (q) Quit   (n) Next Page   (p) Prev Page   (h) Help
[2dMon Jul 13 23:02:14 2026
[3dDX-RT: v3.4.0     NPU Device driver: v2.5.1     DX-TOP: v1.1.0
[4d-
[198b-
[5;3H
[0;1m
[36m
[40mDevice :
[37m
[40m0
[18G
[0;1m
[36m
[40mVariant:
[37m
[40m    M1
[38G
[0;1m
[36m
[40mPCIe Bus Number:
[37m
[40m  01:00:00  
[39;49m
[37m
[40m  
[0;1m
[36m
[40mFirmware:
[37m
[40m  v2.7.1
[6;3H
[0;1m
[36m
[40mNPU Memory:
[39;49m
[37m
[40m  
[34m
[40m[|
[19X
[6;37H]
[39;49m
[37m
[40m 
[34m
[40m272.85 MiB / 3.92 GiB (6.79%) 
[7;5H
[0;1m
[35m
[40mCore :
[37m
[40m0 
[39;49m
[37m
[40m  
[0;1m
[35m
[40mUtil:
[37m
[40m  14.6% 
[39;49m
[37m
[40m  
[0;1m
[35m
[40mTemp:
[33m
[40m 64 
[39;49m
[37m
[40m  
[0;1m
[35m
[40mVoltage:
[37m
[40m 770 mV 
[39;49m
[37m
[40m  
[0;1m
[35m
[40mClock:
[37m
[40m 1000 MHz
[8;5H
[0;1m
[35m
[40mCore :
[37m
[40m1 
[39;49m
[37m
[40m  
[0;1m
[35m
[40mUtil:
[37m
[40m  15.1% 
[39;49m
[37m
[40m  
[0;1m
[35m
[40mTemp:
[33m
[40m 65 
[39;49m
[37m
[40m  
[0;1m
[35m
[40mVoltage:
[37m
[40m 770 mV 
[39;49m
[37m
[40m  
[0;1m
[35m
[40mClock:
[37m
[40m 1000 MHz
[9;5H
[0;1m
[35m
[40mCore :
[37m
[40m2 
[39;49m
[37m
[40m  
[0;1m
[35m
[40mUtil:
[37m
[40m  15.1% 
[39;49m
[37m
[40m  
[0;1m
[35m
[40mTemp:
[33m
[40m 65 
[39;49m
[37m
[40m  
[0;1m
[35m
[40mVoltage:
[37m
[40m 770 mV 
[39;49m
[37m
[40m  
[0;1m
[35m
[40mClock:
[37m
[40m 1000 MHz
[10d
[39;49m
[37m
[40m-
[198b-
[50;1HTotal Devices: 1
[50;190HPage: 1 / 
[?7l1
[?7h
[39;49m
[37m
[40m
[2J[DX-TOP]  (q) Quit   (n) Next Page   (p) Prev Page   (h) Help
[2dMon Jul 13 23:02:16 2026
[3dDX-RT: v3.4.0     NPU Device driver: v2.5.1     DX-TOP: v1.1.0
[4d-
[198b-
[5;3H
[0;1m
[36m
[40mDevice :
[37m
[40m0
[18G
[0;1m
[36m
[40mVariant:
[37m
[40m    M1
[38G
[0;1m
[36m
[40mPCIe Bus Number:
[37m
[40m  01:00:00  
[39;49m
[37m
[40m  
[0;1m
[36m
[40mFirmware:
[37m
[40m  v2.7.1
[6;3H
[0;1m
[36m
[40mNPU Memory:
[39;49m
[37m
[40m  
[34m
[40m[|
[19X
[6;37H]
[39;49m
[37m
[40m 
[34m
[40m272.85 MiB / 3.92 GiB (6.79%) 
[7;5H
[0;1m
[35m
[40mCore :
[37m
[40m0 
[39;49m
[37m
[40m  
[0;1m
[35m
[40mUtil:
[37m
[40m  63.4% 
[39;49m
[37m
[40m  
[0;1m
[35m
[40mTemp:
[33m
[40m 64 
[39;49m
[37m
[40m  
[0;1m
[35m
[40mVoltage:
[37m
[40m 770 mV 
[39;49m
[37m
[40m  
[0;1m
[35m
[40mClock:
[37m
[40m 1000 MHz
[8;5H
[0;1m
[35m
[40mCore :
[37m
[40m1 
[39;49m
[37m
[40m  
[0;1m
[35m
[40mUtil:
[37m
[40m  52.5% 
[39;49m
[37m
[40m  
[0;1m
[35m
[40mTemp:
[33m
[40m 66 
[39;49m
[37m
[40m  
[0;1m
[35m
[40mVoltage:
[37m
[40m 770 mV 
[39;49m
[37m
[40m  
[0;1m
[35m
[40mClock:
[37m
[40m 1000 MHz
[9;5H
[0;1m
[35m
[40mCore :
[37m
[40m2 
[39;49m
[37m
[40m  
[0;1m
[35m
[40mUtil:
[37m
[40m  35.0% 
[39;49m
[37m
[40m  
[0;1m
[35m
[40mTemp:
[33m
[40m 67 
[39;49m
[37m
[40m  
[0;1m
[35m
[40mVoltage:
[37m
[40m 770 mV 
[39;49m
[37m
[40m  
[0;1m
[35m
[40mClock:
[37m
[40m 1000 MHz
[10d
[39;49m
[37m
[40m-
[198b-
[50;1HTotal Devices: 1
[50;190HPage: 1 / 
[?7l1
[?7h
[39;49m
[37m
[40m
[2J[DX-TOP]  (q) Quit   (n) Next Page   (p) Prev Page   (h) Help
[2dMon Jul 13 23:02:18 2026
[3dDX-RT: v3.4.0     NPU Device driver: v2.5.1     DX-TOP: v1.1.0
[4d-
[198b-
[5;3H
[0;1m
[36m
[40mDevice :
[37m
[40m0
[18G
[0;1m
[36m
[40mVariant:
[37m
[40m    M1
[38G
[0;1m
[36m
[40mPCIe Bus Number:
[37m
[40m  01:00:00  
[39;49m
[37m
[40m  
[0;1m
[36m
[40mFirmware:
[37m
[40m  v2.7.1
[6;3H
[0;1m
[36m
[40mNPU Memory:
[39;49m
[37m
[40m  
[34m
[40m[|
[19X
[6;37H]
[39;49m
[37m
[40m 
[34m
[40m272.85 MiB / 3.92 GiB (6.79%) 
[7;5H
[0;1m
[35m
[40mCore :
[37m
[40m0 
[39;49m
[37m
[40m  
[0;1m
[35m
[40mUtil:
[37m
[40m  62.5% 
[39;49m
[37m
[40m  
[0;1m
[35m
[40mTemp:
[33m
[40m 65 
[39;49m
[37m
[40m  
[0;1m
[35m
[40mVoltage:
[37m
[40m 765 mV 
[39;49m
[37m
[40m  
[0;1m
[35m
[40mClock:
[37m
[40m 1000 MHz
[8;5H
[0;1m
[35m
[40mCore :
[37m
[40m1 
[39;49m
[37m
[40m  
[0;1m
[35m
[40mUtil:
[37m
[40m  52.0% 
[39;49m
[37m
[40m  
[0;1m
[35m
[40mTemp:
[33m
[40m 66 
[39;49m
[37m
[40m  
[0;1m
[35m
[40mVoltage:
[37m
[40m 765 mV 
[39;49m
[37m
[40m  
[0;1m
[35m
[40mClock:
[37m
[40m 1000 MHz
[9;5H
[0;1m
[35m
[40mCore :
[37m
[40m2 
[39;49m
[37m
[40m  
[0;1m
[35m
[40mUtil:
[37m
[40m  28.9% 
[39;49m
[37m
[40m  
[0;1m
[35m
[40mTemp:
[33m
[40m 67 
[39;49m
[37m
[40m  
[0;1m
[35m
[40mVoltage:
[37m
[40m 765 mV 
[39;49m
[37m
[40m  
[0;1m
[35m
[40mClock:
[37m
[40m 1000 MHz
[10d
[39;49m
[37m
[40m-
[198b-
[50;1HTotal Devices: 1
[50;190HPage: 1 / 
[?7l1
[?7h
[39;49m
[37m
[40m
[2J[DX-TOP]  (q) Quit   (n) Next Page   (p) Prev Page   (h) Help
[2dMon Jul 13 23:02:20 2026
[3dDX-RT: v3.4.0     NPU Device driver: v2.5.1     DX-TOP: v1.1.0
[4d-
[198b-
[5;3H
[0;1m
[36m
[40mDevice :
[37m
[40m0
[18G
[0;1m
[36m
[40mVariant:
[37m
[40m    M1
[38G
[0;1m
[36m
[40mPCIe Bus Number:
[37m
[40m  01:00:00  
[39;49m
[37m
[40m  
[0;1m
[36m
[40mFirmware:
[37m
[40m  v2.7.1
[6;3H
[0;1m
[36m
[40mNPU Memory:
[39;49m
[37m
[40m  
[34m
[40m[|
[19X
[6;37H]
[39;49m
[37m
[40m 
[34m
[40m272.85 MiB / 3.92 GiB (6.79%) 
[7;5H
[0;1m
[35m
[40mCore :
[37m
[40m0 
[39;49m
[37m
[40m  
[0;1m
[35m
[40mUtil:
[37m
[40m  65.6% 
[39;49m
[37m
[40m  
[0;1m
[35m
[40mTemp:
[33m
[40m 65 
[39;49m
[37m
[40m  
[0;1m
[35m
[40mVoltage:
[37m
[40m 765 mV 
[39;49m
[37m
[40m  
[0;1m
[35m
[40mClock:
[37m
[40m 1000 MHz
[8;5H
[0;1m
[35m
[40mCore :
[37m
[40m1 
[39;49m
[37m
[40m  
[0;1m
[35m
[40mUtil:
[37m
[40m  50.6% 
[39;49m
[37m
[40m  
[0;1m
[35m
[40mTemp:
[33m
[40m 66 
[39;49m
[37m
[40m  
[0;1m
[35m
[40mVoltage:
[37m
[40m 765 mV 
[39;49m
[37m
[40m  
[0;1m
[35m
[40mClock:
[37m
[40m 1000 MHz
[9;5H
[0;1m
[35m
[40mCore :
[37m
[40m2 
[39;49m
[37m
[40m  
[0;1m
[35m
[40mUtil:
[37m
[40m  28.1% 
[39;49m
[37m
[40m  
[0;1m
[35m
[40mTemp:
[33m
[40m 67 
[39;49m
[37m
[40m  
[0;1m
[35m
[40mVoltage:
[37m
[40m 765 mV 
[39;49m
[37m
[40m  
[0;1m
[35m
[40mClock:
[37m
[40m 1000 MHz
[10d
[39;49m
[37m
[40m-
[198b-
[50;1HTotal Devices: 1
[50;190HPage: 1 / 
[?7l1
[?7h
[39;49m
[37m
[40m
[2J[DX-TOP]  (q) Quit   (n) Next Page   (p) Prev Page   (h) Help
[2dMon Jul 13 23:02:22 2026
[3dDX-RT: v3.4.0     NPU Device driver: v2.5.1     DX-TOP: v1.1.0
[4d-
[198b-
[5;3H
[0;1m
[36m
[40mDevice :
[37m
[40m0
[18G
[0;1m
[36m
[40mVariant:
[37m
[40m    M1
[38G
[0;1m
[36m
[40mPCIe Bus Number:
[37m
[40m  01:00:00  
[39;49m
[37m
[40m  
[0;1m
[36m
[40mFirmware:
[37m
[40m  v2.7.1
[6;3H
[0;1m
[36m
[40mNPU Memory:
[39;49m
[37m
[40m  
[34m
[40m[|
[19X
[6;37H]
[39;49m
[37m
[40m 
[34m
[40m272.85 MiB / 3.92 GiB (6.79%) 
[7;5H
[0;1m
[35m
[40mCore :
[37m
[40m0 
[39;49m
[37m
[40m  
[0;1m
[35m
[40mUtil:
[37m
[40m  67.0% 
[39;49m
[37m
[40m  
[0;1m
[35m
[40mTemp:
[33m
[40m 65 
[39;49m
[37m
[40m  
[0;1m
[35m
[40mVoltage:
[37m
[40m 770 mV 
[39;49m
[37m
[40m  
[0;1m
[35m
[40mClock:
[37m
[40m 1000 MHz
[8;5H
[0;1m
[35m
[40mCore :
[37m
[40m1 
[39;49m
[37m
[40m  
[0;1m
[35m
[40mUtil:
[37m
[40m  52.0% 
[39;49m
[37m
[40m  
[0;1m
[35m
[40mTemp:
[33m
[40m 66 
[39;49m
[37m
[40m  
[0;1m
[35m
[40mVoltage:
[37m
[40m 770 mV 
[39;49m
[37m
[40m  
[0;1m
[35m
[40mClock:
[37m
[40m 1000 MHz
[9;5H
[0;1m
[35m
[40mCore :
[37m
[40m2 
[39;49m
[37m
[40m  
[0;1m
[35m
[40mUtil:
[37m
[40m  31.5% 
[39;49m
[37m
[40m  
[0;1m
[35m
[40mTemp:
[33m
[40m 68 
[39;49m
[37m
[40m  
[0;1m
[35m
[40mVoltage:
[37m
[40m 770 mV 
[39;49m
[37m
[40m  
[0;1m
[35m
[40mClock:
[37m
[40m 1000 MHz
[10d
[39;49m
[37m
[40m-
[198b-
[50;1HTotal Devices: 1
[50;190HPage: 1 / 
[?7l1
[?7h
[39;49m
[37m
[40m
[2J[DX-TOP]  (q) Quit   (n) Next Page   (p) Prev Page   (h) Help
[2dMon Jul 13 23:02:24 2026
[3dDX-RT: v3.4.0     NPU Device driver: v2.5.1     DX-TOP: v1.1.0
[4d-
[198b-
[5;3H
[0;1m
[36m
[40mDevice :
[37m
[40m0
[18G
[0;1m
[36m
[40mVariant:
[37m
[40m    M1
[38G
[0;1m
[36m
[40mPCIe Bus Number:
[37m
[40m  01:00:00  
[39;49m
[37m
[40m  
[0;1m
[36m
[40mFirmware:
[37m
[40m  v2.7.1
[6;3H
[0;1m
[36m
[40mNPU Memory:
[39;49m
[37m
[40m  
[34m
[40m[|
[19X
[6;37H]
[39;49m
[37m
[40m 
[34m
[40m272.85 MiB / 3.92 GiB (6.79%) 
[7;5H
[0;1m
[35m
[40mCore :
[37m
[40m0 
[39;49m
[37m
[40m  
[0;1m
[35m
[40mUtil:
[37m
[40m  61.3% 
[39;49m
[37m
[40m  
[0;1m
[35m
[40mTemp:
[33m
[40m 65 
[39;49m
[37m
[40m  
[0;1m
[35m
[40mVoltage:
[37m
[40m 760 mV 
[39;49m
[37m
[40m  
[0;1m
[35m
[40mClock:
[37m
[40m 1000 MHz
[8;5H
[0;1m
[35m
[40mCore :
[37m
[40m1 
[39;49m
[37m
[40m  
[0;1m
[35m
[40mUtil:
[37m
[40m  49.5% 
[39;49m
[37m
[40m  
[0;1m
[35m
[40mTemp:
[33m
[40m 66 
[39;49m
[37m
[40m  
[0;1m
[35m
[40mVoltage:
[37m
[40m 760 mV 
[39;49m
[37m
[40m  
[0;1m
[35m
[40mClock:
[37m
[40m 1000 MHz
[9;5H
[0;1m
[35m
[40mCore :
[37m
[40m2 
[39;49m
[37m
[40m  
[0;1m
[35m
[40mUtil:
[37m
[40m  27.2% 
[39;49m
[37m
[40m  
[0;1m
[35m
[40mTemp:
[33m
[40m 68 
[39;49m
[37m
[40m  
[0;1m
[35m
[40mVoltage:
[37m
[40m 760 mV 
[39;49m
[37m
[40m  
[0;1m
[35m
[40mClock:
[37m
[40m 1000 MHz
[10d
[39;49m
[37m
[40m-
[198b-
[50;1HTotal Devices: 1
[50;190HPage: 1 / 
[?7l1
[?7h
[39;49m
[37m
[40m
[2J[DX-TOP]  (q) Quit   (n) Next Page   (p) Prev Page   (h) Help
[2dMon Jul 13 23:02:26 2026
[3dDX-RT: v3.4.0     NPU Device driver: v2.5.1     DX-TOP: v1.1.0
[4d-
[198b-
[5;3H
[0;1m
[36m
[40mDevice :
[37m
[40m0
[18G
[0;1m
[36m
[40mVariant:
[37m
[40m    M1
[38G
[0;1m
[36m
[40mPCIe Bus Number:
[37m
[40m  01:00:00  
[39;49m
[37m
[40m  
[0;1m
[36m
[40mFirmware:
[37m
[40m  v2.7.1
[6;3H
[0;1m
[36m
[40mNPU Memory:
[39;49m
[37m
[40m  
[34m
[40m[|
[19X
[6;37H]
[39;49m
[37m
[40m 
[34m
[40m272.85 MiB / 3.92 GiB (6.79%) 
[7;5H
[0;1m
[35m
[40mCore :
[37m
[40m0 
[39;49m
[37m
[40m  
[0;1m
[35m
[40mUtil:
[37m
[40m  68.4% 
[39;49m
[37m
[40m  
[0;1m
[35m
[40mTemp:
[33m
[40m 65 
[39;49m
[37m
[40m  
[0;1m
[35m
[40mVoltage:
[37m
[40m 770 mV 
[39;49m
[37m
[40m  
[0;1m
[35m
[40mClock:
[37m
[40m 1000 MHz
[8;5H
[0;1m
[35m
[40mCore :
[37m
[40m1 
[39;49m
[37m
[40m  
[0;1m
[35m
[40mUtil:
[37m
[40m  53.8% 
[39;49m
[37m
[40m  
[0;1m
[35m
[40mTemp:
[33m
[40m 66 
[39;49m
[37m
[40m  
[0;1m
[35m
[40mVoltage:
[37m
[40m 770 mV 
[39;49m
[37m
[40m  
[0;1m
[35m
[40mClock:
[37m
[40m 1000 MHz
[9;5H
[0;1m
[35m
[40mCore :
[37m
[40m2 
[39;49m
[37m
[40m  
[0;1m
[35m
[40mUtil:
[37m
[40m  24.0% 
[39;49m
[37m
[40m  
[0;1m
[35m
[40mTemp:
[33m
[40m 67 
[39;49m
[37m
[40m  
[0;1m
[35m
[40mVoltage:
[37m
[40m 770 mV 
[39;49m
[37m
[40m  
[0;1m
[35m
[40mClock:
[37m
[40m 1000 MHz
[10d
[39;49m
[37m
[40m-
[198b-
[50;1HTotal Devices: 1
[50;190HPage: 1 / 
[?7l1
[?7h
[39;49m
[37m
[40m
[2J[DX-TOP]  (q) Quit   (n) Next Page   (p) Prev Page   (h) Help
[2dMon Jul 13 23:02:28 2026
[3dDX-RT: v3.4.0     NPU Device driver: v2.5.1     DX-TOP: v1.1.0
[4d-
[198b-
[5;3H
[0;1m
[36m
[40mDevice :
[37m
[40m0
[18G
[0;1m
[36m
[40mVariant:
[37m
[40m    M1
[38G
[0;1m
[36m
[40mPCIe Bus Number:
[37m
[40m  01:00:00  
[39;49m
[37m
[40m  
[0;1m
[36m
[40mFirmware:
[37m
[40m  v2.7.1
[6;3H
[0;1m
[36m
[40mNPU Memory:
[39;49m
[37m
[40m  
[34m
[40m[|
[19X
[6;37H]
[39;49m
[37m
[40m 
[34m
[40m272.85 MiB / 3.92 GiB (6.79%) 
[7;5H
[0;1m
[35m
[40mCore :
[37m
[40m0 
[39;49m
[37m
[40m  
[0;1m
[35m
[40mUtil:
[37m
[40m  71.3% 
[39;49m
[37m
[40m  
[0;1m
[35m
[40mTemp:
[33m
[40m 65 
[39;49m
[37m
[40m  
[0;1m
[35m
[40mVoltage:
[37m
[40m 765 mV 
[39;49m
[37m
[40m  
[0;1m
[35m
[40mClock:
[37m
[40m 1000 MHz
[8;5H
[0;1m
[35m
[40mCore :
[37m
[40m1 
[39;49m
[37m
[40m  
[0;1m
[35m
[40mUtil:
[37m
[40m  53.0% 
[39;49m
[37m
[40m  
[0;1m
[35m
[40mTemp:
[33m
[40m 65 
[39;49m
[37m
[40m  
[0;1m
[35m
[40mVoltage:
[37m
[40m 765 mV 
[39;49m
[37m
[40m  
[0;1m
[35m
[40mClock:
[37m
[40m 1000 MHz
[9;5H
[0;1m
[35m
[40mCore :
[37m
[40m2 
[39;49m
[37m
[40m  
[0;1m
[35m
[40mUtil:
[37m
[40m  13.5% 
[39;49m
[37m
[40m  
[0;1m
[35m
[40mTemp:
[33m
[40m 65 
[39;49m
[37m
[40m  
[0;1m
[35m
[40mVoltage:
[37m
[40m 765 mV 
[39;49m
[37m
[40m  
[0;1m
[35m
[40mClock:
[37m
[40m 1000 MHz
[10d
[39;49m
[37m
[40m-
[198b-
[50;1HTotal Devices: 1
[50;190HPage: 1 / 
[?7l1
[?7h
[39;49m
[37m
[40m
[2J[DX-TOP]  (q) Quit   (n) Next Page   (p) Prev Page   (h) Help
[2dMon Jul 13 23:02:30 2026
[3dDX-RT: v3.4.0     NPU Device driver: v2.5.1     DX-TOP: v1.1.0
[4d-
[198b-
[5;3H
[0;1m
[36m
[40mDevice :
[37m
[40m0
[18G
[0;1m
[36m
[40mVariant:
[37m
[40m    M1
[38G
[0;1m
[36m
[40mPCIe Bus Number:
[37m
[40m  01:00:00  
[39;49m
[37m
[40m  
[0;1m
[36m
[40mFirmware:
[37m
[40m  v2.7.1
[6;3H
[0;1m
[36m
[40mNPU Memory:
[39;49m
[37m
[40m  
[34m
[40m[|
[19X
[6;37H]
[39;49m
[37m
[40m 
[34m
[40m272.85 MiB / 3.92 GiB (6.79%) 
[7;5H
[0;1m
[35m
[40mCore :
[37m
[40m0 
[39;49m
[37m
[40m  
[0;1m
[35m
[40mUtil:
[37m
[40m  63.3% 
[39;49m
[37m
[40m  
[0;1m
[35m
[40mTemp:
[33m
[40m 65 
[39;49m
[37m
[40m  
[0;1m
[35m
[40mVoltage:
[37m
[40m 775 mV 
[39;49m
[37m
[40m  
[0;1m
[35m
[40mClock:
[37m
[40m 1000 MHz
[8;5H
[0;1m
[35m
[40mCore :
[37m
[40m1 
[39;49m
[37m
[40m  
[0;1m
[35m
[40mUtil:
[37m
[40m  53.6% 
[39;49m
[37m
[40m  
[0;1m
[35m
[40mTemp:
[33m
[40m 66 
[39;49m
[37m
[40m  
[0;1m
[35m
[40mVoltage:
[37m
[40m 775 mV 
[39;49m
[37m
[40m  
[0;1m
[35m
[40mClock:
[37m
[40m 1000 MHz
[9;5H
[0;1m
[35m
[40mCore :
[37m
[40m2 
[39;49m
[37m
[40m  
[0;1m
[35m
[40mUtil:
[37m
[40m  28.4% 
[39;49m
[37m
[40m  
[0;1m
[35m
[40mTemp:
[33m
[40m 67 
[39;49m
[37m
[40m  
[0;1m
[35m
[40mVoltage:
[37m
[40m 775 mV 
[39;49m
[37m
[40m  
[0;1m
[35m
[40mClock:
[37m
[40m 1000 MHz
[10d
[39;49m
[37m
[40m-
[198b-
[50;1HTotal Devices: 1
[50;190HPage: 1 / 
[?7l1
[?7h
[39;49m
[37m
[40m
[2J[DX-TOP]  (q) Quit   (n) Next Page   (p) Prev Page   (h) Help
[2dMon Jul 13 23:02:32 2026
[3dDX-RT: v3.4.0     NPU Device driver: v2.5.1     DX-TOP: v1.1.0
[4d-
[198b-
[5;3H
[0;1m
[36m
[40mDevice :
[37m
[40m0
[18G
[0;1m
[36m
[40mVariant:
[37m
[40m    M1
[38G
[0;1m
[36m
[40mPCIe Bus Number:
[37m
[40m  01:00:00  
[39;49m
[37m
[40m  
[0;1m
[36m
[40mFirmware:
[37m
[40m  v2.7.1
[6;3H
[0;1m
[36m
[40mNPU Memory:
[39;49m
[37m
[40m  
[34m
[40m[|
[19X
[6;37H]
[39;49m
[37m
[40m 
[34m
[40m272.85 MiB / 3.92 GiB (6.79%) 
[7;5H
[0;1m
[35m
[40mCore :
[37m
[40m0 
[39;49m
[37m
[40m  
[0;1m
[35m
[40mUtil:
[37m
[40m  66.3% 
[39;49m
[37m
[40m  
[0;1m
[35m
[40mTemp:
[33m
[40m 66 
[39;49m
[37m
[40m  
[0;1m
[35m
[40mVoltage:
[37m
[40m 765 mV 
[39;49m
[37m
[40m  
[0;1m
[35m
[40mClock:
[37m
[40m 1000 MHz
[8;5H
[0;1m
[35m
[40mCore :
[37m
[40m1 
[39;49m
[37m
[40m  
[0;1m
[35m
[40mUtil:
[37m
[40m  52.5% 
[39;49m
[37m
[40m  
[0;1m
[35m
[40mTemp:
[33m
[40m 66 
[39;49m
[37m
[40m  
[0;1m
[35m
[40mVoltage:
[37m
[40m 765 mV 
[39;49m
[37m
[40m  
[0;1m
[35m
[40mClock:
[37m
[40m 1000 MHz
[9;5H
[0;1m
[35m
[40mCore :
[37m
[40m2 
[39;49m
[37m
[40m  
[0;1m
[35m
[40mUtil:
[37m
[40m  29.3% 
[39;49m
[37m
[40m  
[0;1m
[35m
[40mTemp:
[33m
[40m 67 
[39;49m
[37m
[40m  
[0;1m
[35m
[40mVoltage:
[37m
[40m 765 mV 
[39;49m
[37m
[40m  
[0;1m
[35m
[40mClock:
[37m
[40m 1000 MHz
[10d
[39;49m
[37m
[40m-
[198b-
[50;1HTotal Devices: 1
[50;190HPage: 1 / 
[?7l1
[?7h
[39;49m
[37m
[40m
[2J[DX-TOP]  (q) Quit   (n) Next Page   (p) Prev Page   (h) Help
[2dMon Jul 13 23:02:34 2026
[3dDX-RT: v3.4.0     NPU Device driver: v2.5.1     DX-TOP: v1.1.0
[4d-
[198b-
[5;3H
[0;1m
[36m
[40mDevice :
[37m
[40m0
[18G
[0;1m
[36m
[40mVariant:
[37m
[40m    M1
[38G
[0;1m
[36m
[40mPCIe Bus Number:
[37m
[40m  01:00:00  
[39;49m
[37m
[40m  
[0;1m
[36m
[40mFirmware:
[37m
[40m  v2.7.1
[6;3H
[0;1m
[36m
[40mNPU Memory:
[39;49m
[37m
[40m  
[34m
[40m[|
[19X
[6;37H]
[39;49m
[37m
[40m 
[34m
[40m272.85 MiB / 3.92 GiB (6.79%) 
[7;5H
[0;1m
[35m
[40mCore :
[37m
[40m0 
[39;49m
[37m
[40m  
[0;1m
[35m
[40mUtil:
[37m
[40m  62.5% 
[39;49m
[37m
[40m  
[0;1m
[35m
[40mTemp:
[33m
[40m 65 
[39;49m
[37m
[40m  
[0;1m
[35m
[40mVoltage:
[37m
[40m 770 mV 
[39;49m
[37m
[40m  
[0;1m
[35m
[40mClock:
[37m
[40m 1000 MHz
[8;5H
[0;1m
[35m
[40mCore :
[37m
[40m1 
[39;49m
[37m
[40m  
[0;1m
[35m
[40mUtil:
[37m
[40m  50.7% 
[39;49m
[37m
[40m  
[0;1m
[35m
[40mTemp:
[33m
[40m 66 
[39;49m
[37m
[40m  
[0;1m
[35m
[40mVoltage:
[37m
[40m 770 mV 
[39;49m
[37m
[40m  
[0;1m
[35m
[40mClock:
[37m
[40m 1000 MHz
[9;5H
[0;1m
[35m
[40mCore :
[37m
[40m2 
[39;49m
[37m
[40m  
[0;1m
[35m
[40mUtil:
[37m
[40m  31.4% 
[39;49m
[37m
[40m  
[0;1m
[35m
[40mTemp:
[33m
[40m 66 
[39;49m
[37m
[40m  
[0;1m
[35m
[40mVoltage:
[37m
[40m 770 mV 
[39;49m
[37m
[40m  
[0;1m
[35m
[40mClock:
[37m
[40m 1000 MHz
[10d
[39;49m
[37m
[40m-
[198b-
[50;1HTotal Devices: 1
[50;190HPage: 1 / 
[?7l1
[?7h
[39;49m
[37m
[40m
[2J[DX-TOP]  (q) Quit   (n) Next Page   (p) Prev Page   (h) Help
[2dMon Jul 13 23:02:36 2026
[3dDX-RT: v3.4.0     NPU Device driver: v2.5.1     DX-TOP: v1.1.0
[4d-
[198b-
[5;3H
[0;1m
[36m
[40mDevice :
[37m
[40m0
[18G
[0;1m
[36m
[40mVariant:
[37m
[40m    M1
[38G
[0;1m
[36m
[40mPCIe Bus Number:
[37m
[40m  01:00:00  
[39;49m
[37m
[40m  
[0;1m
[36m
[40mFirmware:
[37m
[40m  v2.7.1
[6;3H
[0;1m
[36m
[40mNPU Memory:
[39;49m
[37m
[40m  
[34m
[40m[|
[19X
[6;37H]
[39;49m
[37m
[40m 
[34m
[40m272.85 MiB / 3.92 GiB (6.79%) 
[7;5H
[0;1m
[35m
[40mCore :
[37m
[40m0 
[39;49m
[37m
[40m  
[0;1m
[35m
[40mUtil:
[37m
[40m  68.5% 
[39;49m
[37m
[40m  
[0;1m
[35m
[40mTemp:
[33m
[40m 66 
[39;49m
[37m
[40m  
[0;1m
[35m
[40mVoltage:
[37m
[40m 775 mV 
[39;49m
[37m
[40m  
[0;1m
[35m
[40mClock:
[37m
[40m 1000 MHz
[8;5H
[0;1m
[35m
[40mCore :
[37m
[40m1 
[39;49m
[37m
[40m  
[0;1m
[35m
[40mUtil:
[37m
[40m  47.5% 
[39;49m
[37m
[40m  
[0;1m
[35m
[40mTemp:
[33m
[40m 66 
[39;49m
[37m
[40m  
[0;1m
[35m
[40mVoltage:
[37m
[40m 775 mV 
[39;49m
[37m
[40m  
[0;1m
[35m
[40mClock:
[37m
[40m 1000 MHz
[9;5H
[0;1m
[35m
[40mCore :
[37m
[40m2 
[39;49m
[37m
[40m  
[0;1m
[35m
[40mUtil:
[37m
[40m  24.7% 
[39;49m
[37m
[40m  
[0;1m
[35m
[40mTemp:
[33m
[40m 68 
[39;49m
[37m
[40m  
[0;1m
[35m
[40mVoltage:
[37m
[40m 775 mV 
[39;49m
[37m
[40m  
[0;1m
[35m
[40mClock:
[37m
[40m 1000 MHz
[10d
[39;49m
[37m
[40m-
[198b-
[50;1HTotal Devices: 1
[50;190HPage: 1 / 
[?7l1
[?7h
[39;49m
[37m
[40m
[2J[DX-TOP]  (q) Quit   (n) Next Page   (p) Prev Page   (h) Help
[2dMon Jul 13 23:02:38 2026
[3dDX-RT: v3.4.0     NPU Device driver: v2.5.1     DX-TOP: v1.1.0
[4d-
[198b-
[5;3H
[0;1m
[36m
[40mDevice :
[37m
[40m0
[18G
[0;1m
[36m
[40mVariant:
[37m
[40m    M1
[38G
[0;1m
[36m
[40mPCIe Bus Number:
[37m
[40m  01:00:00  
[39;49m
[37m
[40m  
[0;1m
[36m
[40mFirmware:
[37m
[40m  v2.7.1
[6;3H
[0;1m
[36m
[40mNPU Memory:
[39;49m
[37m
[40m  
[34m
[40m[|
[19X
[6;37H]
[39;49m
[37m
[40m 
[34m
[40m272.85 MiB / 3.92 GiB (6.79%) 
[7;5H
[0;1m
[35m
[40mCore :
[37m
[40m0 
[39;49m
[37m
[40m  
[0;1m
[35m
[40mUtil:
[37m
[40m  62.5% 
[39;49m
[37m
[40m  
[0;1m
[35m
[40mTemp:
[33m
[40m 65 
[39;49m
[37m
[40m  
[0;1m
[35m
[40mVoltage:
[37m
[40m 765 mV 
[39;49m
[37m
[40m  
[0;1m
[35m
[40mClock:
[37m
[40m 1000 MHz
[8;5H
[0;1m
[35m
[40mCore :
[37m
[40m1 
[39;49m
[37m
[40m  
[0;1m
[35m
[40mUtil:
[37m
[40m  48.0% 
[39;49m
[37m
[40m  
[0;1m
[35m
[40mTemp:
[33m
[40m 66 
[39;49m
[37m
[40m  
[0;1m
[35m
[40mVoltage:
[37m
[40m 765 mV 
[39;49m
[37m
[40m  
[0;1m
[35m
[40mClock:
[37m
[40m 1000 MHz
[9;5H
[0;1m
[35m
[40mCore :
[37m
[40m2 
[39;49m
[37m
[40m  
[0;1m
[35m
[40mUtil:
[37m
[40m  34.4% 
[39;49m
[37m
[40m  
[0;1m
[35m
[40mTemp:
[33m
[40m 68 
[39;49m
[37m
[40m  
[0;1m
[35m
[40mVoltage:
[37m
[40m 765 mV 
[39;49m
[37m
[40m  
[0;1m
[35m
[40mClock:
[37m
[40m 1000 MHz
[10d
[39;49m
[37m
[40m-
[198b-
[50;1HTotal Devices: 1
[50;190HPage: 1 / 
[?7l1
[?7h
[39;49m
[37m
[40m
[2J[DX-TOP]  (q) Quit   (n) Next Page   (p) Prev Page   (h) Help
[2dMon Jul 13 23:02:40 2026
[3dDX-RT: v3.4.0     NPU Device driver: v2.5.1     DX-TOP: v1.1.0
[4d-
[198b-
[5;3H
[0;1m
[36m
[40mDevice :
[37m
[40m0
[18G
[0;1m
[36m
[40mVariant:
[37m
[40m    M1
[38G
[0;1m
[36m
[40mPCIe Bus Number:
[37m
[40m  01:00:00  
[39;49m
[37m
[40m  
[0;1m
[36m
[40mFirmware:
[37m
[40m  v2.7.1
[6;3H
[0;1m
[36m
[40mNPU Memory:
[39;49m
[37m
[40m  
[34m
[40m[|
[19X
[6;37H]
[39;49m
[37m
[40m 
[34m
[40m272.85 MiB / 3.92 GiB (6.79%) 
[7;5H
[0;1m
[35m
[40mCore :
[37m
[40m0 
[39;49m
[37m
[40m  
[0;1m
[35m
[40mUtil:
[37m
[40m  60.2% 
[39;49m
[37m
[40m  
[0;1m
[35m
[40mTemp:
[33m
[40m 66 
[39;49m
[37m
[40m  
[0;1m
[35m
[40mVoltage:
[37m
[40m 775 mV 
[39;49m
[37m
[40m  
[0;1m
[35m
[40mClock:
[37m
[40m 1000 MHz
[8;5H
[0;1m
[35m
[40mCore :
[37m
[40m1 
[39;49m
[37m
[40m  
[0;1m
[35m
[40mUtil:
[37m
[40m  54.9% 
[39;49m
[37m
[40m  
[0;1m
[35m
[40mTemp:
[33m
[40m 66 
[39;49m
[37m
[40m  
[0;1m
[35m
[40mVoltage:
[37m
[40m 775 mV 
[39;49m
[37m
[40m  
[0;1m
[35m
[40mClock:
[37m
[40m 1000 MHz
[9;5H
[0;1m
[35m
[40mCore :
[37m
[40m2 
[39;49m
[37m
[40m  
[0;1m
[35m
[40mUtil:
[37m
[40m  27.9% 
[39;49m
[37m
[40m  
[0;1m
[35m
[40mTemp:
[33m
[40m 67 
[39;49m
[37m
[40m  
[0;1m
[35m
[40mVoltage:
[37m
[40m 775 mV 
[39;49m
[37m
[40m  
[0;1m
[35m
[40mClock:
[37m
[40m 1000 MHz
[10d
[39;49m
[37m
[40m-
[198b-
[50;1HTotal Devices: 1
[50;190HPage: 1 / 
[?7l1
[?7h
[39;49m
[37m
[40m
[2J[DX-TOP]  (q) Quit   (n) Next Page   (p) Prev Page   (h) Help
[2dMon Jul 13 23:02:42 2026
[3dDX-RT: v3.4.0     NPU Device driver: v2.5.1     DX-TOP: v1.1.0
[4d-
[198b-
[5;3H
[0;1m
[36m
[40mDevice :
[37m
[40m0
[18G
[0;1m
[36m
[40mVariant:
[37m
[40m    M1
[38G
[0;1m
[36m
[40mPCIe Bus Number:
[37m
[40m  01:00:00  
[39;49m
[37m
[40m  
[0;1m
[36m
[40mFirmware:
[37m
[40m  v2.7.1
[6;3H
[0;1m
[36m
[40mNPU Memory:
[39;49m
[37m
[40m  
[34m
[40m[|
[19X
[6;37H]
[39;49m
[37m
[40m 
[34m
[40m272.85 MiB / 3.92 GiB (6.79%) 
[7;5H
[0;1m
[35m
[40mCore :
[37m
[40m0 
[39;49m
[37m
[40m  
[0;1m
[35m
[40mUtil:
[37m
[40m  71.0% 
[39;49m
[37m
[40m  
[0;1m
[35m
[40mTemp:
[33m
[40m 65 
[39;49m
[37m
[40m  
[0;1m
[35m
[40mVoltage:
[37m
[40m 770 mV 
[39;49m
[37m
[40m  
[0;1m
[35m
[40mClock:
[37m
[40m 1000 MHz
[8;5H
[0;1m
[35m
[40mCore :
[37m
[40m1 
[39;49m
[37m
[40m  
[0;1m
[35m
[40mUtil:
[37m
[40m  49.6% 
[39;49m
[37m
[40m  
[0;1m
[35m
[40mTemp:
[33m
[40m 66 
[39;49m
[37m
[40m  
[0;1m
[35m
[40mVoltage:
[37m
[40m 770 mV 
[39;49m
[37m
[40m  
[0;1m
[35m
[40mClock:
[37m
[40m 1000 MHz
[9;5H
[0;1m
[35m
[40mCore :
[37m
[40m2 
[39;49m
[37m
[40m  
[0;1m
[35m
[40mUtil:
[37m
[40m  19.9% 
[39;49m
[37m
[40m  
[0;1m
[35m
[40mTemp:
[33m
[40m 66 
[39;49m
[37m
[40m  
[0;1m
[35m
[40mVoltage:
[37m
[40m 770 mV 
[39;49m
[37m
[40m  
[0;1m
[35m
[40mClock:
[37m
[40m 1000 MHz
[10d
[39;49m
[37m
[40m-
[198b-
[50;1HTotal Devices: 1
[50;190HPage: 1 / 
[?7l1
[?7h
[39;49m
[37m
[40m
[2J[DX-TOP]  (q) Quit   (n) Next Page   (p) Prev Page   (h) Help
[2dMon Jul 13 23:02:44 2026
[3dDX-RT: v3.4.0     NPU Device driver: v2.5.1     DX-TOP: v1.1.0
[4d-
[198b-
[5;3H
[0;1m
[36m
[40mDevice :
[37m
[40m0
[18G
[0;1m
[36m
[40mVariant:
[37m
[40m    M1
[38G
[0;1m
[36m
[40mPCIe Bus Number:
[37m
[40m  01:00:00  
[39;49m
[37m
[40m  
[0;1m
[36m
[40mFirmware:
[37m
[40m  v2.7.1
[6;3H
[0;1m
[36m
[40mNPU Memory:
[39;49m
[37m
[40m  
[34m
[40m[|
[19X
[6;37H]
[39;49m
[37m
[40m 
[34m
[40m272.85 MiB / 3.92 GiB (6.79%) 
[7;5H
[0;1m
[35m
[40mCore :
[37m
[40m0 
[39;49m
[37m
[40m  
[0;1m
[35m
[40mUtil:
[37m
[40m  68.6% 
[39;49m
[37m
[40m  
[0;1m
[35m
[40mTemp:
[33m
[40m 65 
[39;49m
[37m
[40m  
[0;1m
[35m
[40mVoltage:
[37m
[40m 775 mV 
[39;49m
[37m
[40m  
[0;1m
[35m
[40mClock:
[37m
[40m 1000 MHz
[8;5H
[0;1m
[35m
[40mCore :
[37m
[40m1 
[39;49m
[37m
[40m  
[0;1m
[35m
[40mUtil:
[37m
[40m  54.0% 
[39;49m
[37m
[40m  
[0;1m
[35m
[40mTemp:
[33m
[40m 66 
[39;49m
[37m
[40m  
[0;1m
[35m
[40mVoltage:
[37m
[40m 775 mV 
[39;49m
[37m
[40m  
[0;1m
[35m
[40mClock:
[37m
[40m 1000 MHz
[9;5H
[0;1m
[35m
[40mCore :
[37m
[40m2 
[39;49m
[37m
[40m  
[0;1m
[35m
[40mUtil:
[37m
[40m  24.8% 
[39;49m
[37m
[40m  
[0;1m
[35m
[40mTemp:
[33m
[40m 68 
[39;49m
[37m
[40m  
[0;1m
[35m
[40mVoltage:
[37m
[40m 775 mV 
[39;49m
[37m
[40m  
[0;1m
[35m
[40mClock:
[37m
[40m 1000 MHz
[10d
[39;49m
[37m
[40m-
[198b-
[50;1HTotal Devices: 1
[50;190HPage: 1 / 
[?7l1
[?7h
[39;49m
[37m
[40m
[2J[DX-TOP]  (q) Quit   (n) Next Page   (p) Prev Page   (h) Help
[2dMon Jul 13 23:02:46 2026
[3dDX-RT: v3.4.0     NPU Device driver: v2.5.1     DX-TOP: v1.1.0
[4d-
[198b-
[5;3H
[0;1m
[36m
[40mDevice :
[37m
[40m0
[18G
[0;1m
[36m
[40mVariant:
[37m
[40m    M1
[38G
[0;1m
[36m
[40mPCIe Bus Number:
[37m
[40m  01:00:00  
[39;49m
[37m
[40m  
[0;1m
[36m
[40mFirmware:
[37m
[40m  v2.7.1
[6;3H
[0;1m
[36m
[40mNPU Memory:
[39;49m
[37m
[40m  
[34m
[40m[|
[19X
[6;37H]
[39;49m
[37m
[40m 
[34m
[40m272.85 MiB / 3.92 GiB (6.79%) 
[7;5H
[0;1m
[35m
[40mCore :
[37m
[40m0 
[39;49m
[37m
[40m  
[0;1m
[35m
[40mUtil:
[37m
[40m  66.7% 
[39;49m
[37m
[40m  
[0;1m
[35m
[40mTemp:
[33m
[40m 65 
[39;49m
[37m
[40m  
[0;1m
[35m
[40mVoltage:
[37m
[40m 765 mV 
[39;49m
[37m
[40m  
[0;1m
[35m
[40mClock:
[37m
[40m 1000 MHz
[8;5H
[0;1m
[35m
[40mCore :
[37m
[40m1 
[39;49m
[37m
[40m  
[0;1m
[35m
[40mUtil:
[37m
[40m  51.8% 
[39;49m
[37m
[40m  
[0;1m
[35m
[40mTemp:
[33m
[40m 66 
[39;49m
[37m
[40m  
[0;1m
[35m
[40mVoltage:
[37m
[40m 765 mV 
[39;49m
[37m
[40m  
[0;1m
[35m
[40mClock:
[37m
[40m 1000 MHz
[9;5H
[0;1m
[35m
[40mCore :
[37m
[40m2 
[39;49m
[37m
[40m  
[0;1m
[35m
[40mUtil:
[37m
[40m  31.4% 
[39;49m
[37m
[40m  
[0;1m
[35m
[40mTemp:
[33m
[40m 67 
[39;49m
[37m
[40m  
[0;1m
[35m
[40mVoltage:
[37m
[40m 765 mV 
[39;49m
[37m
[40m  
[0;1m
[35m
[40mClock:
[37m
[40m 1000 MHz
[10d
[39;49m
[37m
[40m-
[198b-
[50;1HTotal Devices: 1
[50;190HPage: 1 / 
[?7l1
[?7h
[39;49m
[37m
[40m
[2J[DX-TOP]  (q) Quit   (n) Next Page   (p) Prev Page   (h) Help
[2dMon Jul 13 23:02:48 2026
[3dDX-RT: v3.4.0     NPU Device driver: v2.5.1     DX-TOP: v1.1.0
[4d-
[198b-
[5;3H
[0;1m
[36m
[40mDevice :
[37m
[40m0
[18G
[0;1m
[36m
[40mVariant:
[37m
[40m    M1
[38G
[0;1m
[36m
[40mPCIe Bus Number:
[37m
[40m  01:00:00  
[39;49m
[37m
[40m  
[0;1m
[36m
[40mFirmware:
[37m
[40m  v2.7.1
[6;3H
[0;1m
[36m
[40mNPU Memory:
[39;49m
[37m
[40m  
[34m
[40m[|
[19X
[6;37H]
[39;49m
[37m
[40m 
[34m
[40m272.85 MiB / 3.92 GiB (6.79%) 
[7;5H
[0;1m
[35m
[40mCore :
[37m
[40m0 
[39;49m
[37m
[40m  
[0;1m
[35m
[40mUtil:
[37m
[40m  65.8% 
[39;49m
[37m
[40m  
[0;1m
[35m
[40mTemp:
[33m
[40m 65 
[39;49m
[37m
[40m  
[0;1m
[35m
[40mVoltage:
[37m
[40m 770 mV 
[39;49m
[37m
[40m  
[0;1m
[35m
[40mClock:
[37m
[40m 1000 MHz
[8;5H
[0;1m
[35m
[40mCore :
[37m
[40m1 
[39;49m
[37m
[40m  
[0;1m
[35m
[40mUtil:
[37m
[40m  59.4% 
[39;49m
[37m
[40m  
[0;1m
[35m
[40mTemp:
[33m
[40m 66 
[39;49m
[37m
[40m  
[0;1m
[35m
[40mVoltage:
[37m
[40m 770 mV 
[39;49m
[37m
[40m  
[0;1m
[35m
[40mClock:
[37m
[40m 1000 MHz
[9;5H
[0;1m
[35m
[40mCore :
[37m
[40m2 
[39;49m
[37m
[40m  
[0;1m
[35m
[40mUtil:
[37m
[40m  16.7% 
[39;49m
[37m
[40m  
[0;1m
[35m
[40mTemp:
[33m
[40m 68 
[39;49m
[37m
[40m  
[0;1m
[35m
[40mVoltage:
[37m
[40m 770 mV 
[39;49m
[37m
[40m  
[0;1m
[35m
[40mClock:
[37m
[40m 1000 MHz
[10d
[39;49m
[37m
[40m-
[198b-
[50;1HTotal Devices: 1
[50;190HPage: 1 / 
[?7l1
[?7h
[39;49m
[37m
[40m
[2J[DX-TOP]  (q) Quit   (n) Next Page   (p) Prev Page   (h) Help
[2dMon Jul 13 23:02:50 2026
[3dDX-RT: v3.4.0     NPU Device driver: v2.5.1     DX-TOP: v1.1.0
[4d-
[198b-
[5;3H
[0;1m
[36m
[40mDevice :
[37m
[40m0
[18G
[0;1m
[36m
[40mVariant:
[37m
[40m    M1
[38G
[0;1m
[36m
[40mPCIe Bus Number:
[37m
[40m  01:00:00  
[39;49m
[37m
[40m  
[0;1m
[36m
[40mFirmware:
[37m
[40m  v2.7.1
[6;3H
[0;1m
[36m
[40mNPU Memory:
[39;49m
[37m
[40m  
[34m
[40m[|
[19X
[6;37H]
[39;49m
[37m
[40m 
[34m
[40m272.85 MiB / 3.92 GiB (6.79%) 
[7;5H
[0;1m
[35m
[40mCore :
[37m
[40m0 
[39;49m
[37m
[40m  
[0;1m
[35m
[40mUtil:
[37m
[40m  63.0% 
[39;49m
[37m
[40m  
[0;1m
[35m
[40mTemp:
[33m
[40m 66 
[39;49m
[37m
[40m  
[0;1m
[35m
[40mVoltage:
[37m
[40m 760 mV 
[39;49m
[37m
[40m  
[0;1m
[35m
[40mClock:
[37m
[40m 1000 MHz
[8;5H
[0;1m
[35m
[40mCore :
[37m
[40m1 
[39;49m
[37m
[40m  
[0;1m
[35m
[40mUtil:
[37m
[40m  51.5% 
[39;49m
[37m
[40m  
[0;1m
[35m
[40mTemp:
[33m
[40m 66 
[39;49m
[37m
[40m  
[0;1m
[35m
[40mVoltage:
[37m
[40m 760 mV 
[39;49m
[37m
[40m  
[0;1m
[35m
[40mClock:
[37m
[40m 1000 MHz
[9;5H
[0;1m
[35m
[40mCore :
[37m
[40m2 
[39;49m
[37m
[40m  
[0;1m
[35m
[40mUtil:
[37m
[40m  28.0% 
[39;49m
[37m
[40m  
[0;1m
[35m
[40mTemp:
[33m
[40m 67 
[39;49m
[37m
[40m  
[0;1m
[35m
[40mVoltage:
[37m
[40m 760 mV 
[39;49m
[37m
[40m  
[0;1m
[35m
[40mClock:
[37m
[40m 1000 MHz
[10d
[39;49m
[37m
[40m-
[198b-
[50;1HTotal Devices: 1
[50;190HPage: 1 / 
[?7l1
[?7h
[39;49m
[37m
[40m
[2J[DX-TOP]  (q) Quit   (n) Next Page   (p) Prev Page   (h) Help
[2dMon Jul 13 23:02:52 2026
[3dDX-RT: v3.4.0     NPU Device driver: v2.5.1     DX-TOP: v1.1.0
[4d-
[198b-
[5;3H
[0;1m
[36m
[40mDevice :
[37m
[40m0
[18G
[0;1m
[36m
[40mVariant:
[37m
[40m    M1
[38G
[0;1m
[36m
[40mPCIe Bus Number:
[37m
[40m  01:00:00  
[39;49m
[37m
[40m  
[0;1m
[36m
[40mFirmware:
[37m
[40m  v2.7.1
[6;3H
[0;1m
[36m
[40mNPU Memory:
[39;49m
[37m
[40m  
[34m
[40m[|
[19X
[6;37H]
[39;49m
[37m
[40m 
[34m
[40m272.85 MiB / 3.92 GiB (6.79%) 
[7;5H
[0;1m
[35m
[40mCore :
[37m
[40m0 
[39;49m
[37m
[40m  
[0;1m
[35m
[40mUtil:
[37m
[40m  63.3% 
[39;49m
[37m
[40m  
[0;1m
[35m
[40mTemp:
[33m
[40m 66 
[39;49m
[37m
[40m  
[0;1m
[35m
[40mVoltage:
[37m
[40m 765 mV 
[39;49m
[37m
[40m  
[0;1m
[35m
[40mClock:
[37m
[40m 1000 MHz
[8;5H
[0;1m
[35m
[40mCore :
[37m
[40m1 
[39;49m
[37m
[40m  
[0;1m
[35m
[40mUtil:
[37m
[40m  58.6% 
[39;49m
[37m
[40m  
[0;1m
[35m
[40mTemp:
[33m
[40m 67 
[39;49m
[37m
[40m  
[0;1m
[35m
[40mVoltage:
[37m
[40m 765 mV 
[39;49m
[37m
[40m  
[0;1m
[35m
[40mClock:
[37m
[40m 1000 MHz
[9;5H
[0;1m
[35m
[40mCore :
[37m
[40m2 
[39;49m
[37m
[40m  
[0;1m
[35m
[40mUtil:
[37m
[40m  21.2% 
[39;49m
[37m
[40m  
[0;1m
[35m
[40mTemp:
[33m
[40m 67 
[39;49m
[37m
[40m  
[0;1m
[35m
[40mVoltage:
[37m
[40m 765 mV 
[39;49m
[37m
[40m  
[0;1m
[35m
[40mClock:
[37m
[40m 1000 MHz
[10d
[39;49m
[37m
[40m-
[198b-
[50;1HTotal Devices: 1
[50;190HPage: 1 / 
[?7l1
[?7h
[39;49m
[37m
[40m
[2J[DX-TOP]  (q) Quit   (n) Next Page   (p) Prev Page   (h) Help
[2dMon Jul 13 23:02:54 2026
[3dDX-RT: v3.4.0     NPU Device driver: v2.5.1     DX-TOP: v1.1.0
[4d-
[198b-
[5;3H
[0;1m
[36m
[40mDevice :
[37m
[40m0
[18G
[0;1m
[36m
[40mVariant:
[37m
[40m    M1
[38G
[0;1m
[36m
[40mPCIe Bus Number:
[37m
[40m  01:00:00  
[39;49m
[37m
[40m  
[0;1m
[36m
[40mFirmware:
[37m
[40m  v2.7.1
[6;3H
[0;1m
[36m
[40mNPU Memory:
[39;49m
[37m
[40m  
[34m
[40m[|
[19X
[6;37H]
[39;49m
[37m
[40m 
[34m
[40m272.85 MiB / 3.92 GiB (6.79%) 
[7;5H
[0;1m
[35m
[40mCore :
[37m
[40m0 
[39;49m
[37m
[40m  
[0;1m
[35m
[40mUtil:
[37m
[40m  69.9% 
[39;49m
[37m
[40m  
[0;1m
[35m
[40mTemp:
[33m
[40m 65 
[39;49m
[37m
[40m  
[0;1m
[35m
[40mVoltage:
[37m
[40m 775 mV 
[39;49m
[37m
[40m  
[0;1m
[35m
[40mClock:
[37m
[40m 1000 MHz
[8;5H
[0;1m
[35m
[40mCore :
[37m
[40m1 
[39;49m
[37m
[40m  
[0;1m
[35m
[40mUtil:
[37m
[40m  51.6% 
[39;49m
[37m
[40m  
[0;1m
[35m
[40mTemp:
[33m
[40m 66 
[39;49m
[37m
[40m  
[0;1m
[35m
[40mVoltage:
[37m
[40m 775 mV 
[39;49m
[37m
[40m  
[0;1m
[35m
[40mClock:
[37m
[40m 1000 MHz
[9;5H
[0;1m
[35m
[40mCore :
[37m
[40m2 
[39;49m
[37m
[40m  
[0;1m
[35m
[40mUtil:
[37m
[40m  22.0% 
[39;49m
[37m
[40m  
[0;1m
[35m
[40mTemp:
[33m
[40m 67 
[39;49m
[37m
[40m  
[0;1m
[35m
[40mVoltage:
[37m
[40m 775 mV 
[39;49m
[37m
[40m  
[0;1m
[35m
[40mClock:
[37m
[40m 1000 MHz
[10d
[39;49m
[37m
[40m-
[198b-
[50;1HTotal Devices: 1
[50;190HPage: 1 / 
[?7l1
[?7h
[39;49m
[37m
[40m
[2J[DX-TOP]  (q) Quit   (n) Next Page   (p) Prev Page   (h) Help
[2dMon Jul 13 23:02:56 2026
[3dDX-RT: v3.4.0     NPU Device driver: v2.5.1     DX-TOP: v1.1.0
[4d-
[198b-
[5;3H
[0;1m
[36m
[40mDevice :
[37m
[40m0
[18G
[0;1m
[36m
[40mVariant:
[37m
[40m    M1
[38G
[0;1m
[36m
[40mPCIe Bus Number:
[37m
[40m  01:00:00  
[39;49m
[37m
[40m  
[0;1m
[36m
[40mFirmware:
[37m
[40m  v2.7.1
[6;3H
[0;1m
[36m
[40mNPU Memory:
[39;49m
[37m
[40m  
[34m
[40m[|
[19X
[6;37H]
[39;49m
[37m
[40m 
[34m
[40m272.85 MiB / 3.92 GiB (6.79%) 
[7;5H
[0;1m
[35m
[40mCore :
[37m
[40m0 
[39;49m
[37m
[40m  
[0;1m
[35m
[40mUtil:
[37m
[40m  63.3% 
[39;49m
[37m
[40m  
[0;1m
[35m
[40mTemp:
[33m
[40m 65 
[39;49m
[37m
[40m  
[0;1m
[35m
[40mVoltage:
[37m
[40m 765 mV 
[39;49m
[37m
[40m  
[0;1m
[35m
[40mClock:
[37m
[40m 1000 MHz
[8;5H
[0;1m
[35m
[40mCore :
[37m
[40m1 
[39;49m
[37m
[40m  
[0;1m
[35m
[40mUtil:
[37m
[40m  57.9% 
[39;49m
[37m
[40m  
[0;1m
[35m
[40mTemp:
[33m
[40m 66 
[39;49m
[37m
[40m  
[0;1m
[35m
[40mVoltage:
[37m
[40m 765 mV 
[39;49m
[37m
[40m  
[0;1m
[35m
[40mClock:
[37m
[40m 1000 MHz
[9;5H
[0;1m
[35m
[40mCore :
[37m
[40m2 
[39;49m
[37m
[40m  
[0;1m
[35m
[40mUtil:
[37m
[40m  23.8% 
[39;49m
[37m
[40m  
[0;1m
[35m
[40mTemp:
[33m
[40m 68 
[39;49m
[37m
[40m  
[0;1m
[35m
[40mVoltage:
[37m
[40m 765 mV 
[39;49m
[37m
[40m  
[0;1m
[35m
[40mClock:
[37m
[40m 1000 MHz
[10d
[39;49m
[37m
[40m-
[198b-
[50;1HTotal Devices: 1
[50;190HPage: 1 / 
[?7l1
[?7h
[39;49m
[37m
[40m
[2J[DX-TOP]  (q) Quit   (n) Next Page   (p) Prev Page   (h) Help
[2dMon Jul 13 23:02:58 2026
[3dDX-RT: v3.4.0     NPU Device driver: v2.5.1     DX-TOP: v1.1.0
[4d-
[198b-
[5;3H
[0;1m
[36m
[40mDevice :
[37m
[40m0
[18G
[0;1m
[36m
[40mVariant:
[37m
[40m    M1
[38G
[0;1m
[36m
[40mPCIe Bus Number:
[37m
[40m  01:00:00  
[39;49m
[37m
[40m  
[0;1m
[36m
[40mFirmware:
[37m
[40m  v2.7.1
[6;3H
[0;1m
[36m
[40mNPU Memory:
[39;49m
[37m
[40m  
[34m
[40m[|
[19X
[6;37H]
[39;49m
[37m
[40m 
[34m
[40m272.85 MiB / 3.92 GiB (6.79%) 
[7;5H
[0;1m
[35m
[40mCore :
[37m
[40m0 
[39;49m
[37m
[40m  
[0;1m
[35m
[40mUtil:
[37m
[40m  68.7% 
[39;49m
[37m
[40m  
[0;1m
[35m
[40mTemp:
[33m
[40m 66 
[39;49m
[37m
[40m  
[0;1m
[35m
[40mVoltage:
[37m
[40m 770 mV 
[39;49m
[37m
[40m  
[0;1m
[35m
[40mClock:
[37m
[40m 1000 MHz
[8;5H
[0;1m
[35m
[40mCore :
[37m
[40m1 
[39;49m
[37m
[40m  
[0;1m
[35m
[40mUtil:
[37m
[40m  50.7% 
[39;49m
[37m
[40m  
[0;1m
[35m
[40mTemp:
[33m
[40m 67 
[39;49m
[37m
[40m  
[0;1m
[35m
[40mVoltage:
[37m
[40m 770 mV 
[39;49m
[37m
[40m  
[0;1m
[35m
[40mClock:
[37m
[40m 1000 MHz
[9;5H
[0;1m
[35m
[40mCore :
[37m
[40m2 
[39;49m
[37m
[40m  
[0;1m
[35m
[40mUtil:
[37m
[40m  24.7% 
[39;49m
[37m
[40m  
[0;1m
[35m
[40mTemp:
[33m
[40m 68 
[39;49m
[37m
[40m  
[0;1m
[35m
[40mVoltage:
[37m
[40m 770 mV 
[39;49m
[37m
[40m  
[0;1m
[35m
[40mClock:
[37m
[40m 1000 MHz
[10d
[39;49m
[37m
[40m-
[198b-
[50;1HTotal Devices: 1
[50;190HPage: 1 / 
[?7l1
[?7h
[39;49m
[37m
[40m
[2J[DX-TOP]  (q) Quit   (n) Next Page   (p) Prev Page   (h) Help
[2dMon Jul 13 23:03:00 2026
[3dDX-RT: v3.4.0     NPU Device driver: v2.5.1     DX-TOP: v1.1.0
[4d-
[198b-
[5;3H
[0;1m
[36m
[40mDevice :
[37m
[40m0
[18G
[0;1m
[36m
[40mVariant:
[37m
[40m    M1
[38G
[0;1m
[36m
[40mPCIe Bus Number:
[37m
[40m  01:00:00  
[39;49m
[37m
[40m  
[0;1m
[36m
[40mFirmware:
[37m
[40m  v2.7.1
[6;3H
[0;1m
[36m
[40mNPU Memory:
[39;49m
[37m
[40m  
[34m
[40m[|
[19X
[6;37H]
[39;49m
[37m
[40m 
[34m
[40m272.85 MiB / 3.92 GiB (6.79%) 
[7;5H
[0;1m
[35m
[40mCore :
[37m
[40m0 
[39;49m
[37m
[40m  
[0;1m
[35m
[40mUtil:
[37m
[40m  65.4% 
[39;49m
[37m
[40m  
[0;1m
[35m
[40mTemp:
[33m
[40m 66 
[39;49m
[37m
[40m  
[0;1m
[35m
[40mVoltage:
[37m
[40m 765 mV 
[39;49m
[37m
[40m  
[0;1m
[35m
[40mClock:
[37m
[40m 1000 MHz
[8;5H
[0;1m
[35m
[40mCore :
[37m
[40m1 
[39;49m
[37m
[40m  
[0;1m
[35m
[40mUtil:
[37m
[40m  53.8% 
[39;49m
[37m
[40m  
[0;1m
[35m
[40mTemp:
[33m
[40m 67 
[39;49m
[37m
[40m  
[0;1m
[35m
[40mVoltage:
[37m
[40m 765 mV 
[39;49m
[37m
[40m  
[0;1m
[35m
[40mClock:
[37m
[40m 1000 MHz
[9;5H
[0;1m
[35m
[40mCore :
[37m
[40m2 
[39;49m
[37m
[40m  
[0;1m
[35m
[40mUtil:
[37m
[40m  27.1% 
[39;49m
[37m
[40m  
[0;1m
[35m
[40mTemp:
[33m
[40m 68 
[39;49m
[37m
[40m  
[0;1m
[35m
[40mVoltage:
[37m
[40m 765 mV 
[39;49m
[37m
[40m  
[0;1m
[35m
[40mClock:
[37m
[40m 1000 MHz
[10d
[39;49m
[37m
[40m-
[198b-
[50;1HTotal Devices: 1
[50;190HPage: 1 / 
[?7l1
[?7h
[39;49m
[37m
[40m
[2J[DX-TOP]  (q) Quit   (n) Next Page   (p) Prev Page   (h) Help
[2dMon Jul 13 23:03:02 2026
[3dDX-RT: v3.4.0     NPU Device driver: v2.5.1     DX-TOP: v1.1.0
[4d-
[198b-
[5;3H
[0;1m
[36m
[40mDevice :
[37m
[40m0
[18G
[0;1m
[36m
[40mVariant:
[37m
[40m    M1
[38G
[0;1m
[36m
[40mPCIe Bus Number:
[37m
[40m  01:00:00  
[39;49m
[37m
[40m  
[0;1m
[36m
[40mFirmware:
[37m
[40m  v2.7.1
[6;3H
[0;1m
[36m
[40mNPU Memory:
[39;49m
[37m
[40m  
[34m
[40m[|
[19X
[6;37H]
[39;49m
[37m
[40m 
[34m
[40m272.85 MiB / 3.92 GiB (6.79%) 
[7;5H
[0;1m
[35m
[40mCore :
[37m
[40m0 
[39;49m
[37m
[40m  
[0;1m
[35m
[40mUtil:
[37m
[40m  65.8% 
[39;49m
[37m
[40m  
[0;1m
[35m
[40mTemp:
[33m
[40m 66 
[39;49m
[37m
[40m  
[0;1m
[35m
[40mVoltage:
[37m
[40m 770 mV 
[39;49m
[37m
[40m  
[0;1m
[35m
[40mClock:
[37m
[40m 1000 MHz
[8;5H
[0;1m
[35m
[40mCore :
[37m
[40m1 
[39;49m
[37m
[40m  
[0;1m
[35m
[40mUtil:
[37m
[40m  47.3% 
[39;49m
[37m
[40m  
[0;1m
[35m
[40mTemp:
[33m
[40m 67 
[39;49m
[37m
[40m  
[0;1m
[35m
[40mVoltage:
[37m
[40m 770 mV 
[39;49m
[37m
[40m  
[0;1m
[35m
[40mClock:
[37m
[40m 1000 MHz
[9;5H
[0;1m
[35m
[40mCore :
[37m
[40m2 
[39;49m
[37m
[40m  
[0;1m
[35m
[40mUtil:
[37m
[40m  30.4% 
[39;49m
[37m
[40m  
[0;1m
[35m
[40mTemp:
[33m
[40m 68 
[39;49m
[37m
[40m  
[0;1m
[35m
[40mVoltage:
[37m
[40m 770 mV 
[39;49m
[37m
[40m  
[0;1m
[35m
[40mClock:
[37m
[40m 1000 MHz
[10d
[39;49m
[37m
[40m-
[198b-
[50;1HTotal Devices: 1
[50;190HPage: 1 / 
[?7l1
[?7h
[39;49m
[37m
[40m
[2J[DX-TOP]  (q) Quit   (n) Next Page   (p) Prev Page   (h) Help
[2dMon Jul 13 23:03:04 2026
[3dDX-RT: v3.4.0     NPU Device driver: v2.5.1     DX-TOP: v1.1.0
[4d-
[198b-
[5;3H
[0;1m
[36m
[40mDevice :
[37m
[40m0
[18G
[0;1m
[36m
[40mVariant:
[37m
[40m    M1
[38G
[0;1m
[36m
[40mPCIe Bus Number:
[37m
[40m  01:00:00  
[39;49m
[37m
[40m  
[0;1m
[36m
[40mFirmware:
[37m
[40m  v2.7.1
[6;3H
[0;1m
[36m
[40mNPU Memory:
[39;49m
[37m
[40m  
[34m
[40m[|
[19X
[6;37H]
[39;49m
[37m
[40m 
[34m
[40m272.85 MiB / 3.92 GiB (6.79%) 
[7;5H
[0;1m
[35m
[40mCore :
[37m
[40m0 
[39;49m
[37m
[40m  
[0;1m
[35m
[40mUtil:
[37m
[40m  62.2% 
[39;49m
[37m
[40m  
[0;1m
[35m
[40mTemp:
[33m
[40m 65 
[39;49m
[37m
[40m  
[0;1m
[35m
[40mVoltage:
[37m
[40m 765 mV 
[39;49m
[37m
[40m  
[0;1m
[35m
[40mClock:
[37m
[40m 1000 MHz
[8;5H
[0;1m
[35m
[40mCore :
[37m
[40m1 
[39;49m
[37m
[40m  
[0;1m
[35m
[40mUtil:
[37m
[40m  53.5% 
[39;49m
[37m
[40m  
[0;1m
[35m
[40mTemp:
[33m
[40m 66 
[39;49m
[37m
[40m  
[0;1m
[35m
[40mVoltage:
[37m
[40m 765 mV 
[39;49m
[37m
[40m  
[0;1m
[35m
[40mClock:
[37m
[40m 1000 MHz
[9;5H
[0;1m
[35m
[40mCore :
[37m
[40m2 
[39;49m
[37m
[40m  
[0;1m
[35m
[40mUtil:
[37m
[40m  20.2% 
[39;49m
[37m
[40m  
[0;1m
[35m
[40mTemp:
[33m
[40m 67 
[39;49m
[37m
[40m  
[0;1m
[35m
[40mVoltage:
[37m
[40m 765 mV 
[39;49m
[37m
[40m  
[0;1m
[35m
[40mClock:
[37m
[40m 1000 MHz
[10d
[39;49m
[37m
[40m-
[198b-
[50;1HTotal Devices: 1
[50;190HPage: 1 / 
[?7l1
[?7h
[39;49m
[37m
[40m
[2J[DX-TOP]  (q) Quit   (n) Next Page   (p) Prev Page   (h) Help
[2dMon Jul 13 23:03:06 2026
[3dDX-RT: v3.4.0     NPU Device driver: v2.5.1     DX-TOP: v1.1.0
[4d-
[198b-
[5;3H
[0;1m
[36m
[40mDevice :
[37m
[40m0
[18G
[0;1m
[36m
[40mVariant:
[37m
[40m    M1
[38G
[0;1m
[36m
[40mPCIe Bus Number:
[37m
[40m  01:00:00  
[39;49m
[37m
[40m  
[0;1m
[36m
[40mFirmware:
[37m
[40m  v2.7.1
[6;3H
[0;1m
[36m
[40mNPU Memory:
[39;49m
[37m
[40m  
[34m
[40m[|
[19X
[6;37H]
[39;49m
[37m
[40m 
[34m
[40m272.85 MiB / 3.92 GiB (6.79%) 
[7;5H
[0;1m
[35m
[40mCore :
[37m
[40m0 
[39;49m
[37m
[40m  
[0;1m
[35m
[40mUtil:
[37m
[40m  66.3% 
[39;49m
[37m
[40m  
[0;1m
[35m
[40mTemp:
[33m
[40m 66 
[39;49m
[37m
[40m  
[0;1m
[35m
[40mVoltage:
[37m
[40m 770 mV 
[39;49m
[37m
[40m  
[0;1m
[35m
[40mClock:
[37m
[40m 1000 MHz
[8;5H
[0;1m
[35m
[40mCore :
[37m
[40m1 
[39;49m
[37m
[40m  
[0;1m
[35m
[40mUtil:
[37m
[40m  54.5% 
[39;49m
[37m
[40m  
[0;1m
[35m
[40mTemp:
[33m
[40m 66 
[39;49m
[37m
[40m  
[0;1m
[35m
[40mVoltage:
[37m
[40m 770 mV 
[39;49m
[37m
[40m  
[0;1m
[35m
[40mClock:
[37m
[40m 1000 MHz
[9;5H
[0;1m
[35m
[40mCore :
[37m
[40m2 
[39;49m
[37m
[40m  
[0;1m
[35m
[40mUtil:
[37m
[40m  21.8% 
[39;49m
[37m
[40m  
[0;1m
[35m
[40mTemp:
[33m
[40m 68 
[39;49m
[37m
[40m  
[0;1m
[35m
[40mVoltage:
[37m
[40m 770 mV 
[39;49m
[37m
[40m  
[0;1m
[35m
[40mClock:
[37m
[40m 1000 MHz
[10d
[39;49m
[37m
[40m-
[198b-
[50;1HTotal Devices: 1
[50;190HPage: 1 / 
[?7l1
[?7h
[39;49m
[37m
[40m
[2J[DX-TOP]  (q) Quit   (n) Next Page   (p) Prev Page   (h) Help
[2dMon Jul 13 23:03:08 2026
[3dDX-RT: v3.4.0     NPU Device driver: v2.5.1     DX-TOP: v1.1.0
[4d-
[198b-
[5;3H
[0;1m
[36m
[40mDevice :
[37m
[40m0
[18G
[0;1m
[36m
[40mVariant:
[37m
[40m    M1
[38G
[0;1m
[36m
[40mPCIe Bus Number:
[37m
[40m  01:00:00  
[39;49m
[37m
[40m  
[0;1m
[36m
[40mFirmware:
[37m
[40m  v2.7.1
[6;3H
[0;1m
[36m
[40mNPU Memory:
[39;49m
[37m
[40m  
[34m
[40m[|
[19X
[6;37H]
[39;49m
[37m
[40m 
[34m
[40m272.85 MiB / 3.92 GiB (6.79%) 
[7;5H
[0;1m
[35m
[40mCore :
[37m
[40m0 
[39;49m
[37m
[40m  
[0;1m
[35m
[40mUtil:
[37m
[40m  67.3% 
[39;49m
[37m
[40m  
[0;1m
[35m
[40mTemp:
[33m
[40m 65 
[39;49m
[37m
[40m  
[0;1m
[35m
[40mVoltage:
[37m
[40m 770 mV 
[39;49m
[37m
[40m  
[0;1m
[35m
[40mClock:
[37m
[40m 1000 MHz
[8;5H
[0;1m
[35m
[40mCore :
[37m
[40m1 
[39;49m
[37m
[40m  
[0;1m
[35m
[40mUtil:
[37m
[40m  59.1% 
[39;49m
[37m
[40m  
[0;1m
[35m
[40mTemp:
[33m
[40m 67 
[39;49m
[37m
[40m  
[0;1m
[35m
[40mVoltage:
[37m
[40m 770 mV 
[39;49m
[37m
[40m  
[0;1m
[35m
[40mClock:
[37m
[40m 1000 MHz
[9;5H
[0;1m
[35m
[40mCore :
[37m
[40m2 
[39;49m
[37m
[40m  
[0;1m
[35m
[40mUtil:
[37m
[40m  24.2% 
[39;49m
[37m
[40m  
[0;1m
[35m
[40mTemp:
[33m
[40m 68 
[39;49m
[37m
[40m  
[0;1m
[35m
[40mVoltage:
[37m
[40m 770 mV 
[39;49m
[37m
[40m  
[0;1m
[35m
[40mClock:
[37m
[40m 1000 MHz
[10d
[39;49m
[37m
[40m-
[198b-
[50;1HTotal Devices: 1
[50;190HPage: 1 / 
[?7l1
[?7h
[39;49m
[37m
[40m
[2J[DX-TOP]  (q) Quit   (n) Next Page   (p) Prev Page   (h) Help
[2dMon Jul 13 23:03:10 2026
[3dDX-RT: v3.4.0     NPU Device driver: v2.5.1     DX-TOP: v1.1.0
[4d-
[198b-
[5;3H
[0;1m
[36m
[40mDevice :
[37m
[40m0
[18G
[0;1m
[36m
[40mVariant:
[37m
[40m    M1
[38G
[0;1m
[36m
[40mPCIe Bus Number:
[37m
[40m  01:00:00  
[39;49m
[37m
[40m  
[0;1m
[36m
[40mFirmware:
[37m
[40m  v2.7.1
[6;3H
[0;1m
[36m
[40mNPU Memory:
[39;49m
[37m
[40m  
[34m
[40m[|
[19X
[6;37H]
[39;49m
[37m
[40m 
[34m
[40m272.85 MiB / 3.92 GiB (6.79%) 
[7;5H
[0;1m
[35m
[40mCore :
[37m
[40m0 
[39;49m
[37m
[40m  
[0;1m
[35m
[40mUtil:
[37m
[40m  58.9% 
[39;49m
[37m
[40m  
[0;1m
[35m
[40mTemp:
[33m
[40m 66 
[39;49m
[37m
[40m  
[0;1m
[35m
[40mVoltage:
[37m
[40m 770 mV 
[39;49m
[37m
[40m  
[0;1m
[35m
[40mClock:
[37m
[40m 1000 MHz
[8;5H
[0;1m
[35m
[40mCore :
[37m
[40m1 
[39;49m
[37m
[40m  
[0;1m
[35m
[40mUtil:
[37m
[40m  57.3% 
[39;49m
[37m
[40m  
[0;1m
[35m
[40mTemp:
[33m
[40m 66 
[39;49m
[37m
[40m  
[0;1m
[35m
[40mVoltage:
[37m
[40m 770 mV 
[39;49m
[37m
[40m  
[0;1m
[35m
[40mClock:
[37m
[40m 1000 MHz
[9;5H
[0;1m
[35m
[40mCore :
[37m
[40m2 
[39;49m
[37m
[40m  
[0;1m
[35m
[40mUtil:
[37m
[40m  27.2% 
[39;49m
[37m
[40m  
[0;1m
[35m
[40mTemp:
[33m
[40m 67 
[39;49m
[37m
[40m  
[0;1m
[35m
[40mVoltage:
[37m
[40m 770 mV 
[39;49m
[37m
[40m  
[0;1m
[35m
[40mClock:
[37m
[40m 1000 MHz
[10d
[39;49m
[37m
[40m-
[198b-
[50;1HTotal Devices: 1
[50;190HPage: 1 / 
[?7l1
[?7h
[39;49m
[37m
[40m
[2J[DX-TOP]  (q) Quit   (n) Next Page   (p) Prev Page   (h) Help
[2dMon Jul 13 23:03:12 2026
[3dDX-RT: v3.4.0     NPU Device driver: v2.5.1     DX-TOP: v1.1.0
[4d-
[198b-
[5;3H
[0;1m
[36m
[40mDevice :
[37m
[40m0
[18G
[0;1m
[36m
[40mVariant:
[37m
[40m    M1
[38G
[0;1m
[36m
[40mPCIe Bus Number:
[37m
[40m  01:00:00  
[39;49m
[37m
[40m  
[0;1m
[36m
[40mFirmware:
[37m
[40m  v2.7.1
[6;3H
[0;1m
[36m
[40mNPU Memory:
[39;49m
[37m
[40m  
[34m
[40m[|
[19X
[6;37H]
[39;49m
[37m
[40m 
[34m
[40m272.85 MiB / 3.92 GiB (6.79%) 
[7;5H
[0;1m
[35m
[40mCore :
[37m
[40m0 
[39;49m
[37m
[40m  
[0;1m
[35m
[40mUtil:
[37m
[40m  74.2% 
[39;49m
[37m
[40m  
[0;1m
[35m
[40mTemp:
[33m
[40m 65 
[39;49m
[37m
[40m  
[0;1m
[35m
[40mVoltage:
[37m
[40m 765 mV 
[39;49m
[37m
[40m  
[0;1m
[35m
[40mClock:
[37m
[40m 1000 MHz
[8;5H
[0;1m
[35m
[40mCore :
[37m
[40m1 
[39;49m
[37m
[40m  
[0;1m
[35m
[40mUtil:
[37m
[40m  45.9% 
[39;49m
[37m
[40m  
[0;1m
[35m
[40mTemp:
[33m
[40m 66 
[39;49m
[37m
[40m  
[0;1m
[35m
[40mVoltage:
[37m
[40m 765 mV 
[39;49m
[37m
[40m  
[0;1m
[35m
[40mClock:
[37m
[40m 1000 MHz
[9;5H
[0;1m
[35m
[40mCore :
[37m
[40m2 
[39;49m
[37m
[40m  
[0;1m
[35m
[40mUtil:
[37m
[40m  20.6% 
[39;49m
[37m
[40m  
[0;1m
[35m
[40mTemp:
[33m
[40m 67 
[39;49m
[37m
[40m  
[0;1m
[35m
[40mVoltage:
[37m
[40m 765 mV 
[39;49m
[37m
[40m  
[0;1m
[35m
[40mClock:
[37m
[40m 1000 MHz
[10d
[39;49m
[37m
[40m-
[198b-
[50;1HTotal Devices: 1
[50;190HPage: 1 / 
[?7l1
[?7h
[39;49m
[37m
[40m
[2J[DX-TOP]  (q) Quit   (n) Next Page   (p) Prev Page   (h) Help
[2dMon Jul 13 23:03:14 2026
[3dDX-RT: v3.4.0     NPU Device driver: v2.5.1     DX-TOP: v1.1.0
[4d-
[198b-
[5;3H
[0;1m
[36m
[40mDevice :
[37m
[40m0
[18G
[0;1m
[36m
[40mVariant:
[37m
[40m    M1
[38G
[0;1m
[36m
[40mPCIe Bus Number:
[37m
[40m  01:00:00  
[39;49m
[37m
[40m  
[0;1m
[36m
[40mFirmware:
[37m
[40m  v2.7.1
[6;3H
[0;1m
[36m
[40mNPU Memory:
[39;49m
[37m
[40m  
[34m
[40m[|
[19X
[6;37H]
[39;49m
[37m
[40m 
[34m
[40m272.85 MiB / 3.92 GiB (6.79%) 
[7;5H
[0;1m
[35m
[40mCore :
[37m
[40m0 
[39;49m
[37m
[40m  
[0;1m
[35m
[40mUtil:
[37m
[40m  60.3% 
[39;49m
[37m
[40m  
[0;1m
[35m
[40mTemp:
[33m
[40m 66 
[39;49m
[37m
[40m  
[0;1m
[35m
[40mVoltage:
[37m
[40m 770 mV 
[39;49m
[37m
[40m  
[0;1m
[35m
[40mClock:
[37m
[40m 1000 MHz
[8;5H
[0;1m
[35m
[40mCore :
[37m
[40m1 
[39;49m
[37m
[40m  
[0;1m
[35m
[40mUtil:
[37m
[40m  51.5% 
[39;49m
[37m
[40m  
[0;1m
[35m
[40mTemp:
[33m
[40m 67 
[39;49m
[37m
[40m  
[0;1m
[35m
[40mVoltage:
[37m
[40m 770 mV 
[39;49m
[37m
[40m  
[0;1m
[35m
[40mClock:
[37m
[40m 1000 MHz
[9;5H
[0;1m
[35m
[40mCore :
[37m
[40m2 
[39;49m
[37m
[40m  
[0;1m
[35m
[40mUtil:
[37m
[40m  34.1% 
[39;49m
[37m
[40m  
[0;1m
[35m
[40mTemp:
[33m
[40m 68 
[39;49m
[37m
[40m  
[0;1m
[35m
[40mVoltage:
[37m
[40m 770 mV 
[39;49m
[37m
[40m  
[0;1m
[35m
[40mClock:
[37m
[40m 1000 MHz
[10d
[39;49m
[37m
[40m-
[198b-
[50;1HTotal Devices: 1
[50;190HPage: 1 / 
[?7l1
[?7h
[39;49m
[37m
[40m
[2J[DX-TOP]  (q) Quit   (n) Next Page   (p) Prev Page   (h) Help
[2dMon Jul 13 23:03:16 2026
[3dDX-RT: v3.4.0     NPU Device driver: v2.5.1     DX-TOP: v1.1.0
[4d-
[198b-
[5;3H
[0;1m
[36m
[40mDevice :
[37m
[40m0
[18G
[0;1m
[36m
[40mVariant:
[37m
[40m    M1
[38G
[0;1m
[36m
[40mPCIe Bus Number:
[37m
[40m  01:00:00  
[39;49m
[37m
[40m  
[0;1m
[36m
[40mFirmware:
[37m
[40m  v2.7.1
[6;3H
[0;1m
[36m
[40mNPU Memory:
[39;49m
[37m
[40m  
[34m
[40m[|
[19X
[6;37H]
[39;49m
[37m
[40m 
[34m
[40m272.85 MiB / 3.92 GiB (6.79%) 
[7;5H
[0;1m
[35m
[40mCore :
[37m
[40m0 
[39;49m
[37m
[40m  
[0;1m
[35m
[40mUtil:
[37m
[40m  69.3% 
[39;49m
[37m
[40m  
[0;1m
[35m
[40mTemp:
[33m
[40m 66 
[39;49m
[37m
[40m  
[0;1m
[35m
[40mVoltage:
[37m
[40m 775 mV 
[39;49m
[37m
[40m  
[0;1m
[35m
[40mClock:
[37m
[40m 1000 MHz
[8;5H
[0;1m
[35m
[40mCore :
[37m
[40m1 
[39;49m
[37m
[40m  
[0;1m
[35m
[40mUtil:
[37m
[40m  44.3% 
[39;49m
[37m
[40m  
[0;1m
[35m
[40mTemp:
[33m
[40m 67 
[39;49m
[37m
[40m  
[0;1m
[35m
[40mVoltage:
[37m
[40m 775 mV 
[39;49m
[37m
[40m  
[0;1m
[35m
[40mClock:
[37m
[40m 1000 MHz
[9;5H
[0;1m
[35m
[40mCore :
[37m
[40m2 
[39;49m
[37m
[40m  
[0;1m
[35m
[40mUtil:
[37m
[40m  31.7% 
[39;49m
[37m
[40m  
[0;1m
[35m
[40mTemp:
[33m
[40m 68 
[39;49m
[37m
[40m  
[0;1m
[35m
[40mVoltage:
[37m
[40m 775 mV 
[39;49m
[37m
[40m  
[0;1m
[35m
[40mClock:
[37m
[40m 1000 MHz
[10d
[39;49m
[37m
[40m-
[198b-
[50;1HTotal Devices: 1
[50;190HPage: 1 / 
[?7l1
[?7h
[39;49m
[37m
[40m
[2J[DX-TOP]  (q) Quit   (n) Next Page   (p) Prev Page   (h) Help
[2dMon Jul 13 23:03:18 2026
[3dDX-RT: v3.4.0     NPU Device driver: v2.5.1     DX-TOP: v1.1.0
[4d-
[198b-
[5;3H
[0;1m
[36m
[40mDevice :
[37m
[40m0
[18G
[0;1m
[36m
[40mVariant:
[37m
[40m    M1
[38G
[0;1m
[36m
[40mPCIe Bus Number:
[37m
[40m  01:00:00  
[39;49m
[37m
[40m  
[0;1m
[36m
[40mFirmware:
[37m
[40m  v2.7.1
[6;3H
[0;1m
[36m
[40mNPU Memory:
[39;49m
[37m
[40m  
[34m
[40m[|
[19X
[6;37H]
[39;49m
[37m
[40m 
[34m
[40m272.85 MiB / 3.92 GiB (6.79%) 
[7;5H
[0;1m
[35m
[40mCore :
[37m
[40m0 
[39;49m
[37m
[40m  
[0;1m
[35m
[40mUtil:
[37m
[40m  68.2% 
[39;49m
[37m
[40m  
[0;1m
[35m
[40mTemp:
[33m
[40m 65 
[39;49m
[37m
[40m  
[0;1m
[35m
[40mVoltage:
[37m
[40m 770 mV 
[39;49m
[37m
[40m  
[0;1m
[35m
[40mClock:
[37m
[40m 1000 MHz
[8;5H
[0;1m
[35m
[40mCore :
[37m
[40m1 
[39;49m
[37m
[40m  
[0;1m
[35m
[40mUtil:
[37m
[40m  53.5% 
[39;49m
[37m
[40m  
[0;1m
[35m
[40mTemp:
[33m
[40m 66 
[39;49m
[37m
[40m  
[0;1m
[35m
[40mVoltage:
[37m
[40m 770 mV 
[39;49m
[37m
[40m  
[0;1m
[35m
[40mClock:
[37m
[40m 1000 MHz
[9;5H
[0;1m
[35m
[40mCore :
[37m
[40m2 
[39;49m
[37m
[40m  
[0;1m
[35m
[40mUtil:
[37m
[40m  17.7% 
[39;49m
[37m
[40m  
[0;1m
[35m
[40mTemp:
[33m
[40m 67 
[39;49m
[37m
[40m  
[0;1m
[35m
[40mVoltage:
[37m
[40m 770 mV 
[39;49m
[37m
[40m  
[0;1m
[35m
[40mClock:
[37m
[40m 1000 MHz
[10d
[39;49m
[37m
[40m-
[198b-
[50;1HTotal Devices: 1
[50;190HPage: 1 / 
[?7l1
[?7h
[39;49m
[37m
[40m
[2J[DX-TOP]  (q) Quit   (n) Next Page   (p) Prev Page   (h) Help
[2dMon Jul 13 23:03:20 2026
[3dDX-RT: v3.4.0     NPU Device driver: v2.5.1     DX-TOP: v1.1.0
[4d-
[198b-
[5;3H
[0;1m
[36m
[40mDevice :
[37m
[40m0
[18G
[0;1m
[36m
[40mVariant:
[37m
[40m    M1
[38G
[0;1m
[36m
[40mPCIe Bus Number:
[37m
[40m  01:00:00  
[39;49m
[37m
[40m  
[0;1m
[36m
[40mFirmware:
[37m
[40m  v2.7.1
[6;3H
[0;1m
[36m
[40mNPU Memory:
[39;49m
[37m
[40m  
[34m
[40m[|
[19X
[6;37H]
[39;49m
[37m
[40m 
[34m
[40m272.85 MiB / 3.92 GiB (6.79%) 
[7;5H
[0;1m
[35m
[40mCore :
[37m
[40m0 
[39;49m
[37m
[40m  
[0;1m
[35m
[40mUtil:
[37m
[40m  62.0% 
[39;49m
[37m
[40m  
[0;1m
[35m
[40mTemp:
[33m
[40m 66 
[39;49m
[37m
[40m  
[0;1m
[35m
[40mVoltage:
[37m
[40m 770 mV 
[39;49m
[37m
[40m  
[0;1m
[35m
[40mClock:
[37m
[40m 1000 MHz
[8;5H
[0;1m
[35m
[40mCore :
[37m
[40m1 
[39;49m
[37m
[40m  
[0;1m
[35m
[40mUtil:
[37m
[40m  50.3% 
[39;49m
[37m
[40m  
[0;1m
[35m
[40mTemp:
[33m
[40m 67 
[39;49m
[37m
[40m  
[0;1m
[35m
[40mVoltage:
[37m
[40m 770 mV 
[39;49m
[37m
[40m  
[0;1m
[35m
[40mClock:
[37m
[40m 1000 MHz
[9;5H
[0;1m
[35m
[40mCore :
[37m
[40m2 
[39;49m
[37m
[40m  
[0;1m
[35m
[40mUtil:
[37m
[40m  27.0% 
[39;49m
[37m
[40m  
[0;1m
[35m
[40mTemp:
[33m
[40m 69 
[39;49m
[37m
[40m  
[0;1m
[35m
[40mVoltage:
[37m
[40m 770 mV 
[39;49m
[37m
[40m  
[0;1m
[35m
[40mClock:
[37m
[40m 1000 MHz
[10d
[39;49m
[37m
[40m-
[198b-
[50;1HTotal Devices: 1
[50;190HPage: 1 / 
[?7l1
[?7h
[39;49m
[37m
[40m
[2J[DX-TOP]  (q) Quit   (n) Next Page   (p) Prev Page   (h) Help
[2dMon Jul 13 23:03:22 2026
[3dDX-RT: v3.4.0     NPU Device driver: v2.5.1     DX-TOP: v1.1.0
[4d-
[198b-
[5;3H
[0;1m
[36m
[40mDevice :
[37m
[40m0
[18G
[0;1m
[36m
[40mVariant:
[37m
[40m    M1
[38G
[0;1m
[36m
[40mPCIe Bus Number:
[37m
[40m  01:00:00  
[39;49m
[37m
[40m  
[0;1m
[36m
[40mFirmware:
[37m
[40m  v2.7.1
[6;3H
[0;1m
[36m
[40mNPU Memory:
[39;49m
[37m
[40m  
[34m
[40m[|
[19X
[6;37H]
[39;49m
[37m
[40m 
[34m
[40m272.85 MiB / 3.92 GiB (6.79%) 
[7;5H
[0;1m
[35m
[40mCore :
[37m
[40m0 
[39;49m
[37m
[40m  
[0;1m
[35m
[40mUtil:
[37m
[40m  69.3% 
[39;49m
[37m
[40m  
[0;1m
[35m
[40mTemp:
[33m
[40m 66 
[39;49m
[37m
[40m  
[0;1m
[35m
[40mVoltage:
[37m
[40m 775 mV 
[39;49m
[37m
[40m  
[0;1m
[35m
[40mClock:
[37m
[40m 1000 MHz
[8;5H
[0;1m
[35m
[40mCore :
[37m
[40m1 
[39;49m
[37m
[40m  
[0;1m
[35m
[40mUtil:
[37m
[40m  50.6% 
[39;49m
[37m
[40m  
[0;1m
[35m
[40mTemp:
[33m
[40m 67 
[39;49m
[37m
[40m  
[0;1m
[35m
[40mVoltage:
[37m
[40m 775 mV 
[39;49m
[37m
[40m  
[0;1m
[35m
[40mClock:
[37m
[40m 1000 MHz
[9;5H
[0;1m
[35m
[40mCore :
[37m
[40m2 
[39;49m
[37m
[40m  
[0;1m
[35m
[40mUtil:
[37m
[40m  20.9% 
[39;49m
[37m
[40m  
[0;1m
[35m
[40mTemp:
[33m
[40m 68 
[39;49m
[37m
[40m  
[0;1m
[35m
[40mVoltage:
[37m
[40m 775 mV 
[39;49m
[37m
[40m  
[0;1m
[35m
[40mClock:
[37m
[40m 1000 MHz
[10d
[39;49m
[37m
[40m-
[198b-
[50;1HTotal Devices: 1
[50;190HPage: 1 / 
[?7l1
[?7h
[39;49m
[37m
[40m
[2J[DX-TOP]  (q) Quit   (n) Next Page   (p) Prev Page   (h) Help
[2dMon Jul 13 23:03:24 2026
[3dDX-RT: v3.4.0     NPU Device driver: v2.5.1     DX-TOP: v1.1.0
[4d-
[198b-
[5;3H
[0;1m
[36m
[40mDevice :
[37m
[40m0
[18G
[0;1m
[36m
[40mVariant:
[37m
[40m    M1
[38G
[0;1m
[36m
[40mPCIe Bus Number:
[37m
[40m  01:00:00  
[39;49m
[37m
[40m  
[0;1m
[36m
[40mFirmware:
[37m
[40m  v2.7.1
[6;3H
[0;1m
[36m
[40mNPU Memory:
[39;49m
[37m
[40m  
[34m
[40m[|
[19X
[6;37H]
[39;49m
[37m
[40m 
[34m
[40m272.85 MiB / 3.92 GiB (6.79%) 
[7;5H
[0;1m
[35m
[40mCore :
[37m
[40m0 
[39;49m
[37m
[40m  
[0;1m
[35m
[40mUtil:
[37m
[40m  65.4% 
[39;49m
[37m
[40m  
[0;1m
[35m
[40mTemp:
[33m
[40m 65 
[39;49m
[37m
[40m  
[0;1m
[35m
[40mVoltage:
[37m
[40m 765 mV 
[39;49m
[37m
[40m  
[0;1m
[35m
[40mClock:
[37m
[40m 1000 MHz
[8;5H
[0;1m
[35m
[40mCore :
[37m
[40m1 
[39;49m
[37m
[40m  
[0;1m
[35m
[40mUtil:
[37m
[40m  48.0% 
[39;49m
[37m
[40m  
[0;1m
[35m
[40mTemp:
[33m
[40m 66 
[39;49m
[37m
[40m  
[0;1m
[35m
[40mVoltage:
[37m
[40m 765 mV 
[39;49m
[37m
[40m  
[0;1m
[35m
[40mClock:
[37m
[40m 1000 MHz
[9;5H
[0;1m
[35m
[40mCore :
[37m
[40m2 
[39;49m
[37m
[40m  
[0;1m
[35m
[40mUtil:
[37m
[40m  24.7% 
[39;49m
[37m
[40m  
[0;1m
[35m
[40mTemp:
[33m
[40m 67 
[39;49m
[37m
[40m  
[0;1m
[35m
[40mVoltage:
[37m
[40m 765 mV 
[39;49m
[37m
[40m  
[0;1m
[35m
[40mClock:
[37m
[40m 1000 MHz
[10d
[39;49m
[37m
[40m-
[198b-
[50;1HTotal Devices: 1
[50;190HPage: 1 / 
[?7l1
[?7h
[39;49m
[37m
[40m
[2J[DX-TOP]  (q) Quit   (n) Next Page   (p) Prev Page   (h) Help
[2dMon Jul 13 23:03:26 2026
[3dDX-RT: v3.4.0     NPU Device driver: v2.5.1     DX-TOP: v1.1.0
[4d-
[198b-
[5;3H
[0;1m
[36m
[40mDevice :
[37m
[40m0
[18G
[0;1m
[36m
[40mVariant:
[37m
[40m    M1
[38G
[0;1m
[36m
[40mPCIe Bus Number:
[37m
[40m  01:00:00  
[39;49m
[37m
[40m  
[0;1m
[36m
[40mFirmware:
[37m
[40m  v2.7.1
[6;3H
[0;1m
[36m
[40mNPU Memory:
[39;49m
[37m
[40m  
[34m
[40m[|
[19X
[6;37H]
[39;49m
[37m
[40m 
[34m
[40m272.85 MiB / 3.92 GiB (6.79%) 
[7;5H
[0;1m
[35m
[40mCore :
[37m
[40m0 
[39;49m
[37m
[40m  
[0;1m
[35m
[40mUtil:
[37m
[40m  69.0% 
[39;49m
[37m
[40m  
[0;1m
[35m
[40mTemp:
[33m
[40m 66 
[39;49m
[37m
[40m  
[0;1m
[35m
[40mVoltage:
[37m
[40m 770 mV 
[39;49m
[37m
[40m  
[0;1m
[35m
[40mClock:
[37m
[40m 1000 MHz
[8;5H
[0;1m
[35m
[40mCore :
[37m
[40m1 
[39;49m
[37m
[40m  
[0;1m
[35m
[40mUtil:
[37m
[40m  50.4% 
[39;49m
[37m
[40m  
[0;1m
[35m
[40mTemp:
[33m
[40m 67 
[39;49m
[37m
[40m  
[0;1m
[35m
[40mVoltage:
[37m
[40m 770 mV 
[39;49m
[37m
[40m  
[0;1m
[35m
[40mClock:
[37m
[40m 1000 MHz
[9;5H
[0;1m
[35m
[40mCore :
[37m
[40m2 
[39;49m
[37m
[40m  
[0;1m
[35m
[40mUtil:
[37m
[40m  20.5% 
[39;49m
[37m
[40m  
[0;1m
[35m
[40mTemp:
[33m
[40m 69 
[39;49m
[37m
[40m  
[0;1m
[35m
[40mVoltage:
[37m
[40m 770 mV 
[39;49m
[37m
[40m  
[0;1m
[35m
[40mClock:
[37m
[40m 1000 MHz
[10d
[39;49m
[37m
[40m-
[198b-
[50;1HTotal Devices: 1
[50;190HPage: 1 / 
[?7l1
[?7h
[39;49m
[37m
[40m
[2J[DX-TOP]  (q) Quit   (n) Next Page   (p) Prev Page   (h) Help
[2dMon Jul 13 23:03:28 2026
[3dDX-RT: v3.4.0     NPU Device driver: v2.5.1     DX-TOP: v1.1.0
[4d-
[198b-
[5;3H
[0;1m
[36m
[40mDevice :
[37m
[40m0
[18G
[0;1m
[36m
[40mVariant:
[37m
[40m    M1
[38G
[0;1m
[36m
[40mPCIe Bus Number:
[37m
[40m  01:00:00  
[39;49m
[37m
[40m  
[0;1m
[36m
[40mFirmware:
[37m
[40m  v2.7.1
[6;3H
[0;1m
[36m
[40mNPU Memory:
[39;49m
[37m
[40m  
[34m
[40m[|
[19X
[6;37H]
[39;49m
[37m
[40m 
[34m
[40m272.85 MiB / 3.92 GiB (6.79%) 
[7;5H
[0;1m
[35m
[40mCore :
[37m
[40m0 
[39;49m
[37m
[40m  
[0;1m
[35m
[40mUtil:
[37m
[40m  67.7% 
[39;49m
[37m
[40m  
[0;1m
[35m
[40mTemp:
[33m
[40m 67 
[39;49m
[37m
[40m  
[0;1m
[35m
[40mVoltage:
[37m
[40m 765 mV 
[39;49m
[37m
[40m  
[0;1m
[35m
[40mClock:
[37m
[40m 1000 MHz
[8;5H
[0;1m
[35m
[40mCore :
[37m
[40m1 
[39;49m
[37m
[40m  
[0;1m
[35m
[40mUtil:
[37m
[40m  53.0% 
[39;49m
[37m
[40m  
[0;1m
[35m
[40mTemp:
[33m
[40m 66 
[39;49m
[37m
[40m  
[0;1m
[35m
[40mVoltage:
[37m
[40m 765 mV 
[39;49m
[37m
[40m  
[0;1m
[35m
[40mClock:
[37m
[40m 1000 MHz
[9;5H
[0;1m
[35m
[40mCore :
[37m
[40m2 
[39;49m
[37m
[40m  
[0;1m
[35m
[40mUtil:
[37m
[40m  17.7% 
[39;49m
[37m
[40m  
[0;1m
[35m
[40mTemp:
[33m
[40m 67 
[39;49m
[37m
[40m  
[0;1m
[35m
[40mVoltage:
[37m
[40m 765 mV 
[39;49m
[37m
[40m  
[0;1m
[35m
[40mClock:
[37m
[40m 1000 MHz
[10d
[39;49m
[37m
[40m-
[198b-
[50;1HTotal Devices: 1
[50;190HPage: 1 / 
[?7l1
[?7h
[39;49m
[37m
[40m
[2J[DX-TOP]  (q) Quit   (n) Next Page   (p) Prev Page   (h) Help
[2dMon Jul 13 23:03:30 2026
[3dDX-RT: v3.4.0     NPU Device driver: v2.5.1     DX-TOP: v1.1.0
[4d-
[198b-
[5;3H
[0;1m
[36m
[40mDevice :
[37m
[40m0
[18G
[0;1m
[36m
[40mVariant:
[37m
[40m    M1
[38G
[0;1m
[36m
[40mPCIe Bus Number:
[37m
[40m  01:00:00  
[39;49m
[37m
[40m  
[0;1m
[36m
[40mFirmware:
[37m
[40m  v2.7.1
[6;3H
[0;1m
[36m
[40mNPU Memory:
[39;49m
[37m
[40m  
[34m
[40m[|
[19X
[6;37H]
[39;49m
[37m
[40m 
[34m
[40m272.85 MiB / 3.92 GiB (6.79%) 
[7;5H
[0;1m
[35m
[40mCore :
[37m
[40m0 
[39;49m
[37m
[40m  
[0;1m
[35m
[40mUtil:
[37m
[40m  66.2% 
[39;49m
[37m
[40m  
[0;1m
[35m
[40mTemp:
[33m
[40m 65 
[39;49m
[37m
[40m  
[0;1m
[35m
[40mVoltage:
[37m
[40m 770 mV 
[39;49m
[37m
[40m  
[0;1m
[35m
[40mClock:
[37m
[40m 1000 MHz
[8;5H
[0;1m
[35m
[40mCore :
[37m
[40m1 
[39;49m
[37m
[40m  
[0;1m
[35m
[40mUtil:
[37m
[40m  57.2% 
[39;49m
[37m
[40m  
[0;1m
[35m
[40mTemp:
[33m
[40m 67 
[39;49m
[37m
[40m  
[0;1m
[35m
[40mVoltage:
[37m
[40m 770 mV 
[39;49m
[37m
[40m  
[0;1m
[35m
[40mClock:
[37m
[40m 1000 MHz
[9;5H
[0;1m
[35m
[40mCore :
[37m
[40m2 
[39;49m
[37m
[40m  
[0;1m
[35m
[40mUtil:
[37m
[40m  24.8% 
[39;49m
[37m
[40m  
[0;1m
[35m
[40mTemp:
[33m
[40m 68 
[39;49m
[37m
[40m  
[0;1m
[35m
[40mVoltage:
[37m
[40m 770 mV 
[39;49m
[37m
[40m  
[0;1m
[35m
[40mClock:
[37m
[40m 1000 MHz
[10d
[39;49m
[37m
[40m-
[198b-
[50;1HTotal Devices: 1
[50;190HPage: 1 / 
[?7l1
[?7h
[39;49m
[37m
[40m
[2J[DX-TOP]  (q) Quit   (n) Next Page   (p) Prev Page   (h) Help
[2dMon Jul 13 23:03:32 2026
[3dDX-RT: v3.4.0     NPU Device driver: v2.5.1     DX-TOP: v1.1.0
[4d-
[198b-
[5;3H
[0;1m
[36m
[40mDevice :
[37m
[40m0
[18G
[0;1m
[36m
[40mVariant:
[37m
[40m    M1
[38G
[0;1m
[36m
[40mPCIe Bus Number:
[37m
[40m  01:00:00  
[39;49m
[37m
[40m  
[0;1m
[36m
[40mFirmware:
[37m
[40m  v2.7.1
[6;3H
[0;1m
[36m
[40mNPU Memory:
[39;49m
[37m
[40m  
[34m
[40m[|
[19X
[6;37H]
[39;49m
[37m
[40m 
[34m
[40m272.85 MiB / 3.92 GiB (6.79%) 
[7;5H
[0;1m
[35m
[40mCore :
[37m
[40m0 
[39;49m
[37m
[40m  
[0;1m
[35m
[40mUtil:
[37m
[40m  61.3% 
[39;49m
[37m
[40m  
[0;1m
[35m
[40mTemp:
[33m
[40m 65 
[39;49m
[37m
[40m  
[0;1m
[35m
[40mVoltage:
[37m
[40m 775 mV 
[39;49m
[37m
[40m  
[0;1m
[35m
[40mClock:
[37m
[40m 1000 MHz
[8;5H
[0;1m
[35m
[40mCore :
[37m
[40m1 
[39;49m
[37m
[40m  
[0;1m
[35m
[40mUtil:
[37m
[40m  56.4% 
[39;49m
[37m
[40m  
[0;1m
[35m
[40mTemp:
[33m
[40m 66 
[39;49m
[37m
[40m  
[0;1m
[35m
[40mVoltage:
[37m
[40m 775 mV 
[39;49m
[37m
[40m  
[0;1m
[35m
[40mClock:
[37m
[40m 1000 MHz
[9;5H
[0;1m
[35m
[40mCore :
[37m
[40m2 
[39;49m
[37m
[40m  
[0;1m
[35m
[40mUtil:
[37m
[40m  32.8% 
[39;49m
[37m
[40m  
[0;1m
[35m
[40mTemp:
[33m
[40m 67 
[39;49m
[37m
[40m  
[0;1m
[35m
[40mVoltage:
[37m
[40m 775 mV 
[39;49m
[37m
[40m  
[0;1m
[35m
[40mClock:
[37m
[40m 1000 MHz
[10d
[39;49m
[37m
[40m-
[198b-
[50;1HTotal Devices: 1
[50;190HPage: 1 / 
[?7l1
[?7h
[39;49m
[37m
[40m
[2J[DX-TOP]  (q) Quit   (n) Next Page   (p) Prev Page   (h) Help
[2dMon Jul 13 23:03:34 2026
[3dDX-RT: v3.4.0     NPU Device driver: v2.5.1     DX-TOP: v1.1.0
[4d-
[198b-
[5;3H
[0;1m
[36m
[40mDevice :
[37m
[40m0
[18G
[0;1m
[36m
[40mVariant:
[37m
[40m    M1
[38G
[0;1m
[36m
[40mPCIe Bus Number:
[37m
[40m  01:00:00  
[39;49m
[37m
[40m  
[0;1m
[36m
[40mFirmware:
[37m
[40m  v2.7.1
[6;3H
[0;1m
[36m
[40mNPU Memory:
[39;49m
[37m
[40m  
[34m
[40m[|
[19X
[6;37H]
[39;49m
[37m
[40m 
[34m
[40m272.85 MiB / 3.92 GiB (6.79%) 
[7;5H
[0;1m
[35m
[40mCore :
[37m
[40m0 
[39;49m
[37m
[40m  
[0;1m
[35m
[40mUtil:
[37m
[40m  63.4% 
[39;49m
[37m
[40m  
[0;1m
[35m
[40mTemp:
[33m
[40m 67 
[39;49m
[37m
[40m  
[0;1m
[35m
[40mVoltage:
[37m
[40m 770 mV 
[39;49m
[37m
[40m  
[0;1m
[35m
[40mClock:
[37m
[40m 1000 MHz
[8;5H
[0;1m
[35m
[40mCore :
[37m
[40m1 
[39;49m
[37m
[40m  
[0;1m
[35m
[40mUtil:
[37m
[40m  54.7% 
[39;49m
[37m
[40m  
[0;1m
[35m
[40mTemp:
[33m
[40m 67 
[39;49m
[37m
[40m  
[0;1m
[35m
[40mVoltage:
[37m
[40m 770 mV 
[39;49m
[37m
[40m  
[0;1m
[35m
[40mClock:
[37m
[40m 1000 MHz
[9;5H
[0;1m
[35m
[40mCore :
[37m
[40m2 
[39;49m
[37m
[40m  
[0;1m
[35m
[40mUtil:
[37m
[40m  28.3% 
[39;49m
[37m
[40m  
[0;1m
[35m
[40mTemp:
[33m
[40m 68 
[39;49m
[37m
[40m  
[0;1m
[35m
[40mVoltage:
[37m
[40m 770 mV 
[39;49m
[37m
[40m  
[0;1m
[35m
[40mClock:
[37m
[40m 1000 MHz
[10d
[39;49m
[37m
[40m-
[198b-
[50;1HTotal Devices: 1
[50;190HPage: 1 / 
[?7l1
[?7h
[39;49m
[37m
[40m
[2J[DX-TOP]  (q) Quit   (n) Next Page   (p) Prev Page   (h) Help
[2dMon Jul 13 23:03:36 2026
[3dDX-RT: v3.4.0     NPU Device driver: v2.5.1     DX-TOP: v1.1.0
[4d-
[198b-
[5;3H
[0;1m
[36m
[40mDevice :
[37m
[40m0
[18G
[0;1m
[36m
[40mVariant:
[37m
[40m    M1
[38G
[0;1m
[36m
[40mPCIe Bus Number:
[37m
[40m  01:00:00  
[39;49m
[37m
[40m  
[0;1m
[36m
[40mFirmware:
[37m
[40m  v2.7.1
[6;3H
[0;1m
[36m
[40mNPU Memory:
[39;49m
[37m
[40m  
[34m
[40m[|
[19X
[6;37H]
[39;49m
[37m
[40m 
[34m
[40m272.85 MiB / 3.92 GiB (6.79%) 
[7;5H
[0;1m
[35m
[40mCore :
[37m
[40m0 
[39;49m
[37m
[40m  
[0;1m
[35m
[40mUtil:
[37m
[40m  65.7% 
[39;49m
[37m
[40m  
[0;1m
[35m
[40mTemp:
[33m
[40m 65 
[39;49m
[37m
[40m  
[0;1m
[35m
[40mVoltage:
[37m
[40m 765 mV 
[39;49m
[37m
[40m  
[0;1m
[35m
[40mClock:
[37m
[40m 1000 MHz
[8;5H
[0;1m
[35m
[40mCore :
[37m
[40m1 
[39;49m
[37m
[40m  
[0;1m
[35m
[40mUtil:
[37m
[40m  56.6% 
[39;49m
[37m
[40m  
[0;1m
[35m
[40mTemp:
[33m
[40m 67 
[39;49m
[37m
[40m  
[0;1m
[35m
[40mVoltage:
[37m
[40m 765 mV 
[39;49m
[37m
[40m  
[0;1m
[35m
[40mClock:
[37m
[40m 1000 MHz
[9;5H
[0;1m
[35m
[40mCore :
[37m
[40m2 
[39;49m
[37m
[40m  
[0;1m
[35m
[40mUtil:
[37m
[40m  13.6% 
[39;49m
[37m
[40m  
[0;1m
[35m
[40mTemp:
[33m
[40m 69 
[39;49m
[37m
[40m  
[0;1m
[35m
[40mVoltage:
[37m
[40m 765 mV 
[39;49m
[37m
[40m  
[0;1m
[35m
[40mClock:
[37m
[40m 1000 MHz
[10d
[39;49m
[37m
[40m-
[198b-
[50;1HTotal Devices: 1
[50;190HPage: 1 / 
[?7l1
[?7h
[39;49m
[37m
[40m
[2J[DX-TOP]  (q) Quit   (n) Next Page   (p) Prev Page   (h) Help
[2dMon Jul 13 23:03:38 2026
[3dDX-RT: v3.4.0     NPU Device driver: v2.5.1     DX-TOP: v1.1.0
[4d-
[198b-
[5;3H
[0;1m
[36m
[40mDevice :
[37m
[40m0
[18G
[0;1m
[36m
[40mVariant:
[37m
[40m    M1
[38G
[0;1m
[36m
[40mPCIe Bus Number:
[37m
[40m  01:00:00  
[39;49m
[37m
[40m  
[0;1m
[36m
[40mFirmware:
[37m
[40m  v2.7.1
[6;3H
[0;1m
[36m
[40mNPU Memory:
[39;49m
[37m
[40m  
[34m
[40m[|
[19X
[6;37H]
[39;49m
[37m
[40m 
[34m
[40m272.85 MiB / 3.92 GiB (6.79%) 
[7;5H
[0;1m
[35m
[40mCore :
[37m
[40m0 
[39;49m
[37m
[40m  
[0;1m
[35m
[40mUtil:
[37m
[40m  67.1% 
[39;49m
[37m
[40m  
[0;1m
[35m
[40mTemp:
[33m
[40m 67 
[39;49m
[37m
[40m  
[0;1m
[35m
[40mVoltage:
[37m
[40m 775 mV 
[39;49m
[37m
[40m  
[0;1m
[35m
[40mClock:
[37m
[40m 1000 MHz
[8;5H
[0;1m
[35m
[40mCore :
[37m
[40m1 
[39;49m
[37m
[40m  
[0;1m
[35m
[40mUtil:
[37m
[40m  56.2% 
[39;49m
[37m
[40m  
[0;1m
[35m
[40mTemp:
[33m
[40m 67 
[39;49m
[37m
[40m  
[0;1m
[35m
[40mVoltage:
[37m
[40m 775 mV 
[39;49m
[37m
[40m  
[0;1m
[35m
[40mClock:
[37m
[40m 1000 MHz
[9;5H
[0;1m
[35m
[40mCore :
[37m
[40m2 
[39;49m
[37m
[40m  
[0;1m
[35m
[40mUtil:
[37m
[40m  26.1% 
[39;49m
[37m
[40m  
[0;1m
[35m
[40mTemp:
[33m
[40m 68 
[39;49m
[37m
[40m  
[0;1m
[35m
[40mVoltage:
[37m
[40m 775 mV 
[39;49m
[37m
[40m  
[0;1m
[35m
[40mClock:
[37m
[40m 1000 MHz
[10d
[39;49m
[37m
[40m-
[198b-
[50;1HTotal Devices: 1
[50;190HPage: 1 / 
[?7l1
[?7h
[39;49m
[37m
[40m
[2J[DX-TOP]  (q) Quit   (n) Next Page   (p) Prev Page   (h) Help
[2dMon Jul 13 23:03:40 2026
[3dDX-RT: v3.4.0     NPU Device driver: v2.5.1     DX-TOP: v1.1.0
[4d-
[198b-
[5;3H
[0;1m
[36m
[40mDevice :
[37m
[40m0
[18G
[0;1m
[36m
[40mVariant:
[37m
[40m    M1
[38G
[0;1m
[36m
[40mPCIe Bus Number:
[37m
[40m  01:00:00  
[39;49m
[37m
[40m  
[0;1m
[36m
[40mFirmware:
[37m
[40m  v2.7.1
[6;3H
[0;1m
[36m
[40mNPU Memory:
[39;49m
[37m
[40m  
[34m
[40m[|
[19X
[6;37H]
[39;49m
[37m
[40m 
[34m
[40m272.85 MiB / 3.92 GiB (6.79%) 
[7;5H
[0;1m
[35m
[40mCore :
[37m
[40m0 
[39;49m
[37m
[40m  
[0;1m
[35m
[40mUtil:
[37m
[40m  62.9% 
[39;49m
[37m
[40m  
[0;1m
[35m
[40mTemp:
[33m
[40m 66 
[39;49m
[37m
[40m  
[0;1m
[35m
[40mVoltage:
[37m
[40m 770 mV 
[39;49m
[37m
[40m  
[0;1m
[35m
[40mClock:
[37m
[40m 1000 MHz
[8;5H
[0;1m
[35m
[40mCore :
[37m
[40m1 
[39;49m
[37m
[40m  
[0;1m
[35m
[40mUtil:
[37m
[40m  47.7% 
[39;49m
[37m
[40m  
[0;1m
[35m
[40mTemp:
[33m
[40m 66 
[39;49m
[37m
[40m  
[0;1m
[35m
[40mVoltage:
[37m
[40m 770 mV 
[39;49m
[37m
[40m  
[0;1m
[35m
[40mClock:
[37m
[40m 1000 MHz
[9;5H
[0;1m
[35m
[40mCore :
[37m
[40m2 
[39;49m
[37m
[40m  
[0;1m
[35m
[40mUtil:
[37m
[40m  31.3% 
[39;49m
[37m
[40m  
[0;1m
[35m
[40mTemp:
[33m
[40m 67 
[39;49m
[37m
[40m  
[0;1m
[35m
[40mVoltage:
[37m
[40m 770 mV 
[39;49m
[37m
[40m  
[0;1m
[35m
[40mClock:
[37m
[40m 1000 MHz
[10d
[39;49m
[37m
[40m-
[198b-
[50;1HTotal Devices: 1
[50;190HPage: 1 / 
[?7l1
[?7h
[39;49m
[37m
[40m
[2J[DX-TOP]  (q) Quit   (n) Next Page   (p) Prev Page   (h) Help
[2dMon Jul 13 23:03:42 2026
[3dDX-RT: v3.4.0     NPU Device driver: v2.5.1     DX-TOP: v1.1.0
[4d-
[198b-
[5;3H
[0;1m
[36m
[40mDevice :
[37m
[40m0
[18G
[0;1m
[36m
[40mVariant:
[37m
[40m    M1
[38G
[0;1m
[36m
[40mPCIe Bus Number:
[37m
[40m  01:00:00  
[39;49m
[37m
[40m  
[0;1m
[36m
[40mFirmware:
[37m
[40m  v2.7.1
[6;3H
[0;1m
[36m
[40mNPU Memory:
[39;49m
[37m
[40m  
[34m
[40m[|
[19X
[6;37H]
[39;49m
[37m
[40m 
[34m
[40m272.85 MiB / 3.92 GiB (6.79%) 
[7;5H
[0;1m
[35m
[40mCore :
[37m
[40m0 
[39;49m
[37m
[40m  
[0;1m
[35m
[40mUtil:
[37m
[40m  61.2% 
[39;49m
[37m
[40m  
[0;1m
[35m
[40mTemp:
[33m
[40m 65 
[39;49m
[37m
[40m  
[0;1m
[35m
[40mVoltage:
[37m
[40m 765 mV 
[39;49m
[37m
[40m  
[0;1m
[35m
[40mClock:
[37m
[40m 1000 MHz
[8;5H
[0;1m
[35m
[40mCore :
[37m
[40m1 
[39;49m
[37m
[40m  
[0;1m
[35m
[40mUtil:
[37m
[40m  55.8% 
[39;49m
[37m
[40m  
[0;1m
[35m
[40mTemp:
[33m
[40m 66 
[39;49m
[37m
[40m  
[0;1m
[35m
[40mVoltage:
[37m
[40m 765 mV 
[39;49m
[37m
[40m  
[0;1m
[35m
[40mClock:
[37m
[40m 1000 MHz
[9;5H
[0;1m
[35m
[40mCore :
[37m
[40m2 
[39;49m
[37m
[40m  
[0;1m
[35m
[40mUtil:
[37m
[40m  16.8% 
[39;49m
[37m
[40m  
[0;1m
[35m
[40mTemp:
[33m
[40m 67 
[39;49m
[37m
[40m  
[0;1m
[35m
[40mVoltage:
[37m
[40m 765 mV 
[39;49m
[37m
[40m  
[0;1m
[35m
[40mClock:
[37m
[40m 1000 MHz
[10d
[39;49m
[37m
[40m-
[198b-
[50;1HTotal Devices: 1
[50;190HPage: 1 / 
[?7l1
[?7h
[39;49m
[37m
[40m
[2J[DX-TOP]  (q) Quit   (n) Next Page   (p) Prev Page   (h) Help
[2dMon Jul 13 23:03:44 2026
[3dDX-RT: v3.4.0     NPU Device driver: v2.5.1     DX-TOP: v1.1.0
[4d-
[198b-
[5;3H
[0;1m
[36m
[40mDevice :
[37m
[40m0
[18G
[0;1m
[36m
[40mVariant:
[37m
[40m    M1
[38G
[0;1m
[36m
[40mPCIe Bus Number:
[37m
[40m  01:00:00  
[39;49m
[37m
[40m  
[0;1m
[36m
[40mFirmware:
[37m
[40m  v2.7.1
[6;3H
[0;1m
[36m
[40mNPU Memory:
[39;49m
[37m
[40m  
[34m
[40m[|
[19X
[6;37H]
[39;49m
[37m
[40m 
[34m
[40m272.85 MiB / 3.92 GiB (6.79%) 
[7;5H
[0;1m
[35m
[40mCore :
[37m
[40m0 
[39;49m
[37m
[40m  
[0;1m
[35m
[40mUtil:
[37m
[40m  60.8% 
[39;49m
[37m
[40m  
[0;1m
[35m
[40mTemp:
[33m
[40m 65 
[39;49m
[37m
[40m  
[0;1m
[35m
[40mVoltage:
[37m
[40m 765 mV 
[39;49m
[37m
[40m  
[0;1m
[35m
[40mClock:
[37m
[40m 1000 MHz
[8;5H
[0;1m
[35m
[40mCore :
[37m
[40m1 
[39;49m
[37m
[40m  
[0;1m
[35m
[40mUtil:
[37m
[40m  58.5% 
[39;49m
[37m
[40m  
[0;1m
[35m
[40mTemp:
[33m
[40m 66 
[39;49m
[37m
[40m  
[0;1m
[35m
[40mVoltage:
[37m
[40m 765 mV 
[39;49m
[37m
[40m  
[0;1m
[35m
[40mClock:
[37m
[40m 1000 MHz
[9;5H
[0;1m
[35m
[40mCore :
[37m
[40m2 
[39;49m
[37m
[40m  
[0;1m
[35m
[40mUtil:
[37m
[40m  27.7% 
[39;49m
[37m
[40m  
[0;1m
[35m
[40mTemp:
[33m
[40m 68 
[39;49m
[37m
[40m  
[0;1m
[35m
[40mVoltage:
[37m
[40m 765 mV 
[39;49m
[37m
[40m  
[0;1m
[35m
[40mClock:
[37m
[40m 1000 MHz
[10d
[39;49m
[37m
[40m-
[198b-
[50;1HTotal Devices: 1
[50;190HPage: 1 / 
[?7l1
[?7h
[39;49m
[37m
[40m
[2J[DX-TOP]  (q) Quit   (n) Next Page   (p) Prev Page   (h) Help
[2dMon Jul 13 23:03:46 2026
[3dDX-RT: v3.4.0     NPU Device driver: v2.5.1     DX-TOP: v1.1.0
[4d-
[198b-
[5;3H
[0;1m
[36m
[40mDevice :
[37m
[40m0
[18G
[0;1m
[36m
[40mVariant:
[37m
[40m    M1
[38G
[0;1m
[36m
[40mPCIe Bus Number:
[37m
[40m  01:00:00  
[39;49m
[37m
[40m  
[0;1m
[36m
[40mFirmware:
[37m
[40m  v2.7.1
[6;3H
[0;1m
[36m
[40mNPU Memory:
[39;49m
[37m
[40m  
[34m
[40m[|
[19X
[6;37H]
[39;49m
[37m
[40m 
[34m
[40m272.85 MiB / 3.92 GiB (6.79%) 
[7;5H
[0;1m
[35m
[40mCore :
[37m
[40m0 
[39;49m
[37m
[40m  
[0;1m
[35m
[40mUtil:
[37m
[40m  60.8% 
[39;49m
[37m
[40m  
[0;1m
[35m
[40mTemp:
[33m
[40m 65 
[39;49m
[37m
[40m  
[0;1m
[35m
[40mVoltage:
[37m
[40m 765 mV 
[39;49m
[37m
[40m  
[0;1m
[35m
[40mClock:
[37m
[40m 1000 MHz
[8;5H
[0;1m
[35m
[40mCore :
[37m
[40m1 
[39;49m
[37m
[40m  
[0;1m
[35m
[40mUtil:
[37m
[40m  51.4% 
[39;49m
[37m
[40m  
[0;1m
[35m
[40mTemp:
[33m
[40m 66 
[39;49m
[37m
[40m  
[0;1m
[35m
[40mVoltage:
[37m
[40m 765 mV 
[39;49m
[37m
[40m  
[0;1m
[35m
[40mClock:
[37m
[40m 1000 MHz
[9;5H
[0;1m
[35m
[40mCore :
[37m
[40m2 
[39;49m
[37m
[40m  
[0;1m
[35m
[40mUtil:
[37m
[40m  28.5% 
[39;49m
[37m
[40m  
[0;1m
[35m
[40mTemp:
[33m
[40m 67 
[39;49m
[37m
[40m  
[0;1m
[35m
[40mVoltage:
[37m
[40m 765 mV 
[39;49m
[37m
[40m  
[0;1m
[35m
[40mClock:
[37m
[40m 1000 MHz
[10d
[39;49m
[37m
[40m-
[198b-
[50;1HTotal Devices: 1
[50;190HPage: 1 / 
[?7l1
[?7h
[39;49m
[37m
[40m
[2J[DX-TOP]  (q) Quit   (n) Next Page   (p) Prev Page   (h) Help
[2dMon Jul 13 23:03:48 2026
[3dDX-RT: v3.4.0     NPU Device driver: v2.5.1     DX-TOP: v1.1.0
[4d-
[198b-
[5;3H
[0;1m
[36m
[40mDevice :
[37m
[40m0
[18G
[0;1m
[36m
[40mVariant:
[37m
[40m    M1
[38G
[0;1m
[36m
[40mPCIe Bus Number:
[37m
[40m  01:00:00  
[39;49m
[37m
[40m  
[0;1m
[36m
[40mFirmware:
[37m
[40m  v2.7.1
[6;3H
[0;1m
[36m
[40mNPU Memory:
[39;49m
[37m
[40m  
[34m
[40m[|
[19X
[6;37H]
[39;49m
[37m
[40m 
[34m
[40m272.85 MiB / 3.92 GiB (6.79%) 
[7;5H
[0;1m
[35m
[40mCore :
[37m
[40m0 
[39;49m
[37m
[40m  
[0;1m
[35m
[40mUtil:
[37m
[40m  60.7% 
[39;49m
[37m
[40m  
[0;1m
[35m
[40mTemp:
[33m
[40m 65 
[39;49m
[37m
[40m  
[0;1m
[35m
[40mVoltage:
[37m
[40m 765 mV 
[39;49m
[37m
[40m  
[0;1m
[35m
[40mClock:
[37m
[40m 1000 MHz
[8;5H
[0;1m
[35m
[40mCore :
[37m
[40m1 
[39;49m
[37m
[40m  
[0;1m
[35m
[40mUtil:
[37m
[40m  51.8% 
[39;49m
[37m
[40m  
[0;1m
[35m
[40mTemp:
[33m
[40m 67 
[39;49m
[37m
[40m  
[0;1m
[35m
[40mVoltage:
[37m
[40m 765 mV 
[39;49m
[37m
[40m  
[0;1m
[35m
[40mClock:
[37m
[40m 1000 MHz
[9;5H
[0;1m
[35m
[40mCore :
[37m
[40m2 
[39;49m
[37m
[40m  
[0;1m
[35m
[40mUtil:
[37m
[40m  27.8% 
[39;49m
[37m
[40m  
[0;1m
[35m
[40mTemp:
[33m
[40m 67 
[39;49m
[37m
[40m  
[0;1m
[35m
[40mVoltage:
[37m
[40m 765 mV 
[39;49m
[37m
[40m  
[0;1m
[35m
[40mClock:
[37m
[40m 1000 MHz
[10d
[39;49m
[37m
[40m-
[198b-
[50;1HTotal Devices: 1
[50;190HPage: 1 / 
[?7l1
[?7h
[39;49m
[37m
[40m
[2J[DX-TOP]  (q) Quit   (n) Next Page   (p) Prev Page   (h) Help
[2dMon Jul 13 23:03:50 2026
[3dDX-RT: v3.4.0     NPU Device driver: v2.5.1     DX-TOP: v1.1.0
[4d-
[198b-
[5;3H
[0;1m
[36m
[40mDevice :
[37m
[40m0
[18G
[0;1m
[36m
[40mVariant:
[37m
[40m    M1
[38G
[0;1m
[36m
[40mPCIe Bus Number:
[37m
[40m  01:00:00  
[39;49m
[37m
[40m  
[0;1m
[36m
[40mFirmware:
[37m
[40m  v2.7.1
[6;3H
[0;1m
[36m
[40mNPU Memory:
[39;49m
[37m
[40m  
[34m
[40m[|
[19X
[6;37H]
[39;49m
[37m
[40m 
[34m
[40m272.85 MiB / 3.92 GiB (6.79%) 
[7;5H
[0;1m
[35m
[40mCore :
[37m
[40m0 
[39;49m
[37m
[40m  
[0;1m
[35m
[40mUtil:
[37m
[40m  62.1% 
[39;49m
[37m
[40m  
[0;1m
[35m
[40mTemp:
[33m
[40m 66 
[39;49m
[37m
[40m  
[0;1m
[35m
[40mVoltage:
[37m
[40m 760 mV 
[39;49m
[37m
[40m  
[0;1m
[35m
[40mClock:
[37m
[40m 1000 MHz
[8;5H
[0;1m
[35m
[40mCore :
[37m
[40m1 
[39;49m
[37m
[40m  
[0;1m
[35m
[40mUtil:
[37m
[40m  50.2% 
[39;49m
[37m
[40m  
[0;1m
[35m
[40mTemp:
[33m
[40m 67 
[39;49m
[37m
[40m  
[0;1m
[35m
[40mVoltage:
[37m
[40m 760 mV 
[39;49m
[37m
[40m  
[0;1m
[35m
[40mClock:
[37m
[40m 1000 MHz
[9;5H
[0;1m
[35m
[40mCore :
[37m
[40m2 
[39;49m
[37m
[40m  
[0;1m
[35m
[40mUtil:
[37m
[40m  20.9% 
[39;49m
[37m
[40m  
[0;1m
[35m
[40mTemp:
[33m
[40m 69 
[39;49m
[37m
[40m  
[0;1m
[35m
[40mVoltage:
[37m
[40m 760 mV 
[39;49m
[37m
[40m  
[0;1m
[35m
[40mClock:
[37m
[40m 1000 MHz
[10d
[39;49m
[37m
[40m-
[198b-
[50;1HTotal Devices: 1
[50;190HPage: 1 / 
[?7l1
[?7h
[39;49m
[37m
[40m
[2J[DX-TOP]  (q) Quit   (n) Next Page   (p) Prev Page   (h) Help
[2dMon Jul 13 23:03:52 2026
[3dDX-RT: v3.4.0     NPU Device driver: v2.5.1     DX-TOP: v1.1.0
[4d-
[198b-
[5;3H
[0;1m
[36m
[40mDevice :
[37m
[40m0
[18G
[0;1m
[36m
[40mVariant:
[37m
[40m    M1
[38G
[0;1m
[36m
[40mPCIe Bus Number:
[37m
[40m  01:00:00  
[39;49m
[37m
[40m  
[0;1m
[36m
[40mFirmware:
[37m
[40m  v2.7.1
[6;3H
[0;1m
[36m
[40mNPU Memory:
[39;49m
[37m
[40m  
[34m
[40m[|
[19X
[6;37H]
[39;49m
[37m
[40m 
[34m
[40m272.85 MiB / 3.92 GiB (6.79%) 
[7;5H
[0;1m
[35m
[40mCore :
[37m
[40m0 
[39;49m
[37m
[40m  
[0;1m
[35m
[40mUtil:
[37m
[40m  59.6% 
[39;49m
[37m
[40m  
[0;1m
[35m
[40mTemp:
[33m
[40m 65 
[39;49m
[37m
[40m  
[0;1m
[35m
[40mVoltage:
[37m
[40m 765 mV 
[39;49m
[37m
[40m  
[0;1m
[35m
[40mClock:
[37m
[40m 1000 MHz
[8;5H
[0;1m
[35m
[40mCore :
[37m
[40m1 
[39;49m
[37m
[40m  
[0;1m
[35m
[40mUtil:
[37m
[40m  56.6% 
[39;49m
[37m
[40m  
[0;1m
[35m
[40mTemp:
[33m
[40m 67 
[39;49m
[37m
[40m  
[0;1m
[35m
[40mVoltage:
[37m
[40m 765 mV 
[39;49m
[37m
[40m  
[0;1m
[35m
[40mClock:
[37m
[40m 1000 MHz
[9;5H
[0;1m
[35m
[40mCore :
[37m
[40m2 
[39;49m
[37m
[40m  
[0;1m
[35m
[40mUtil:
[37m
[40m  20.1% 
[39;49m
[37m
[40m  
[0;1m
[35m
[40mTemp:
[33m
[40m 69 
[39;49m
[37m
[40m  
[0;1m
[35m
[40mVoltage:
[37m
[40m 765 mV 
[39;49m
[37m
[40m  
[0;1m
[35m
[40mClock:
[37m
[40m 1000 MHz
[10d
[39;49m
[37m
[40m-
[198b-
[50;1HTotal Devices: 1
[50;190HPage: 1 / 
[?7l1
[?7h
[39;49m
[37m
[40m
[2J[DX-TOP]  (q) Quit   (n) Next Page   (p) Prev Page   (h) Help
[2dMon Jul 13 23:03:54 2026
[3dDX-RT: v3.4.0     NPU Device driver: v2.5.1     DX-TOP: v1.1.0
[4d-
[198b-
[5;3H
[0;1m
[36m
[40mDevice :
[37m
[40m0
[18G
[0;1m
[36m
[40mVariant:
[37m
[40m    M1
[38G
[0;1m
[36m
[40mPCIe Bus Number:
[37m
[40m  01:00:00  
[39;49m
[37m
[40m  
[0;1m
[36m
[40mFirmware:
[37m
[40m  v2.7.1
[6;3H
[0;1m
[36m
[40mNPU Memory:
[39;49m
[37m
[40m  
[34m
[40m[|
[19X
[6;37H]
[39;49m
[37m
[40m 
[34m
[40m272.85 MiB / 3.92 GiB (6.79%) 
[7;5H
[0;1m
[35m
[40mCore :
[37m
[40m0 
[39;49m
[37m
[40m  
[0;1m
[35m
[40mUtil:
[37m
[40m  64.7% 
[39;49m
[37m
[40m  
[0;1m
[35m
[40mTemp:
[33m
[40m 65 
[39;49m
[37m
[40m  
[0;1m
[35m
[40mVoltage:
[37m
[40m 765 mV 
[39;49m
[37m
[40m  
[0;1m
[35m
[40mClock:
[37m
[40m 1000 MHz
[8;5H
[0;1m
[35m
[40mCore :
[37m
[40m1 
[39;49m
[37m
[40m  
[0;1m
[35m
[40mUtil:
[37m
[40m  50.0% 
[39;49m
[37m
[40m  
[0;1m
[35m
[40mTemp:
[33m
[40m 67 
[39;49m
[37m
[40m  
[0;1m
[35m
[40mVoltage:
[37m
[40m 765 mV 
[39;49m
[37m
[40m  
[0;1m
[35m
[40mClock:
[37m
[40m 1000 MHz
[9;5H
[0;1m
[35m
[40mCore :
[37m
[40m2 
[39;49m
[37m
[40m  
[0;1m
[35m
[40mUtil:
[37m
[40m  20.8% 
[39;49m
[37m
[40m  
[0;1m
[35m
[40mTemp:
[33m
[40m 68 
[39;49m
[37m
[40m  
[0;1m
[35m
[40mVoltage:
[37m
[40m 765 mV 
[39;49m
[37m
[40m  
[0;1m
[35m
[40mClock:
[37m
[40m 1000 MHz
[10d
[39;49m
[37m
[40m-
[198b-
[50;1HTotal Devices: 1
[50;190HPage: 1 / 
[?7l1
[?7h
[39;49m
[37m
[40m
[2J[DX-TOP]  (q) Quit   (n) Next Page   (p) Prev Page   (h) Help
[2dMon Jul 13 23:03:56 2026
[3dDX-RT: v3.4.0     NPU Device driver: v2.5.1     DX-TOP: v1.1.0
[4d-
[198b-
[5;3H
[0;1m
[36m
[40mDevice :
[37m
[40m0
[18G
[0;1m
[36m
[40mVariant:
[37m
[40m    M1
[38G
[0;1m
[36m
[40mPCIe Bus Number:
[37m
[40m  01:00:00  
[39;49m
[37m
[40m  
[0;1m
[36m
[40mFirmware:
[37m
[40m  v2.7.1
[6;3H
[0;1m
[36m
[40mNPU Memory:
[39;49m
[37m
[40m  
[34m
[40m[|
[19X
[6;37H]
[39;49m
[37m
[40m 
[34m
[40m272.85 MiB / 3.92 GiB (6.79%) 
[7;5H
[0;1m
[35m
[40mCore :
[37m
[40m0 
[39;49m
[37m
[40m  
[0;1m
[35m
[40mUtil:
[37m
[40m  63.9% 
[39;49m
[37m
[40m  
[0;1m
[35m
[40mTemp:
[33m
[40m 65 
[39;49m
[37m
[40m  
[0;1m
[35m
[40mVoltage:
[37m
[40m 770 mV 
[39;49m
[37m
[40m  
[0;1m
[35m
[40mClock:
[37m
[40m 1000 MHz
[8;5H
[0;1m
[35m
[40mCore :
[37m
[40m1 
[39;49m
[37m
[40m  
[0;1m
[35m
[40mUtil:
[37m
[40m  44.3% 
[39;49m
[37m
[40m  
[0;1m
[35m
[40mTemp:
[33m
[40m 66 
[39;49m
[37m
[40m  
[0;1m
[35m
[40mVoltage:
[37m
[40m 770 mV 
[39;49m
[37m
[40m  
[0;1m
[35m
[40mClock:
[37m
[40m 1000 MHz
[9;5H
[0;1m
[35m
[40mCore :
[37m
[40m2 
[39;49m
[37m
[40m  
[0;1m
[35m
[40mUtil:
[37m
[40m  24.4% 
[39;49m
[37m
[40m  
[0;1m
[35m
[40mTemp:
[33m
[40m 68 
[39;49m
[37m
[40m  
[0;1m
[35m
[40mVoltage:
[37m
[40m 770 mV 
[39;49m
[37m
[40m  
[0;1m
[35m
[40mClock:
[37m
[40m 1000 MHz
[10d
[39;49m
[37m
[40m-
[198b-
[50;1HTotal Devices: 1
[50;190HPage: 1 / 
[?7l1
[?7h
[39;49m
[37m
[40m
[2J[DX-TOP]  (q) Quit   (n) Next Page   (p) Prev Page   (h) Help
[2dMon Jul 13 23:03:58 2026
[3dDX-RT: v3.4.0     NPU Device driver: v2.5.1     DX-TOP: v1.1.0
[4d-
[198b-
[5;3H
[0;1m
[36m
[40mDevice :
[37m
[40m0
[18G
[0;1m
[36m
[40mVariant:
[37m
[40m    M1
[38G
[0;1m
[36m
[40mPCIe Bus Number:
[37m
[40m  01:00:00  
[39;49m
[37m
[40m  
[0;1m
[36m
[40mFirmware:
[37m
[40m  v2.7.1
[6;3H
[0;1m
[36m
[40mNPU Memory:
[39;49m
[37m
[40m  
[34m
[40m[|
[19X
[6;37H]
[39;49m
[37m
[40m 
[34m
[40m272.85 MiB / 3.92 GiB (6.79%) 
[7;5H
[0;1m
[35m
[40mCore :
[37m
[40m0 
[39;49m
[37m
[40m  
[0;1m
[35m
[40mUtil:
[37m
[40m  67.7% 
[39;49m
[37m
[40m  
[0;1m
[35m
[40mTemp:
[33m
[40m 66 
[39;49m
[37m
[40m  
[0;1m
[35m
[40mVoltage:
[37m
[40m 765 mV 
[39;49m
[37m
[40m  
[0;1m
[35m
[40mClock:
[37m
[40m 1000 MHz
[8;5H
[0;1m
[35m
[40mCore :
[37m
[40m1 
[39;49m
[37m
[40m  
[0;1m
[35m
[40mUtil:
[37m
[40m  50.3% 
[39;49m
[37m
[40m  
[0;1m
[35m
[40mTemp:
[33m
[40m 67 
[39;49m
[37m
[40m  
[0;1m
[35m
[40mVoltage:
[37m
[40m 765 mV 
[39;49m
[37m
[40m  
[0;1m
[35m
[40mClock:
[37m
[40m 1000 MHz
[9;5H
[0;1m
[35m
[40mCore :
[37m
[40m2 
[39;49m
[37m
[40m  
[0;1m
[35m
[40mUtil:
[37m
[40m  17.4% 
[39;49m
[37m
[40m  
[0;1m
[35m
[40mTemp:
[33m
[40m 69 
[39;49m
[37m
[40m  
[0;1m
[35m
[40mVoltage:
[37m
[40m 765 mV 
[39;49m
[37m
[40m  
[0;1m
[35m
[40mClock:
[37m
[40m 1000 MHz
[10d
[39;49m
[37m
[40m-
[198b-
[50;1HTotal Devices: 1
[50;190HPage: 1 / 
[?7l1
[?7h
[39;49m
[37m
[40m
[2J[DX-TOP]  (q) Quit   (n) Next Page   (p) Prev Page   (h) Help
[2dMon Jul 13 23:04:00 2026
[3dDX-RT: v3.4.0     NPU Device driver: v2.5.1     DX-TOP: v1.1.0
[4d-
[198b-
[5;3H
[0;1m
[36m
[40mDevice :
[37m
[40m0
[18G
[0;1m
[36m
[40mVariant:
[37m
[40m    M1
[38G
[0;1m
[36m
[40mPCIe Bus Number:
[37m
[40m  01:00:00  
[39;49m
[37m
[40m  
[0;1m
[36m
[40mFirmware:
[37m
[40m  v2.7.1
[6;3H
[0;1m
[36m
[40mNPU Memory:
[39;49m
[37m
[40m  
[34m
[40m[|
[19X
[6;37H]
[39;49m
[37m
[40m 
[34m
[40m272.85 MiB / 3.92 GiB (6.79%) 
[7;5H
[0;1m
[35m
[40mCore :
[37m
[40m0 
[39;49m
[37m
[40m  
[0;1m
[35m
[40mUtil:
[37m
[40m  68.6% 
[39;49m
[37m
[40m  
[0;1m
[35m
[40mTemp:
[33m
[40m 66 
[39;49m
[37m
[40m  
[0;1m
[35m
[40mVoltage:
[37m
[40m 765 mV 
[39;49m
[37m
[40m  
[0;1m
[35m
[40mClock:
[37m
[40m 1000 MHz
[8;5H
[0;1m
[35m
[40mCore :
[37m
[40m1 
[39;49m
[37m
[40m  
[0;1m
[35m
[40mUtil:
[37m
[40m  56.2% 
[39;49m
[37m
[40m  
[0;1m
[35m
[40mTemp:
[33m
[40m 67 
[39;49m
[37m
[40m  
[0;1m
[35m
[40mVoltage:
[37m
[40m 765 mV 
[39;49m
[37m
[40m  
[0;1m
[35m
[40mClock:
[37m
[40m 1000 MHz
[9;5H
[0;1m
[35m
[40mCore :
[37m
[40m2 
[39;49m
[37m
[40m  
[0;1m
[35m
[40mUtil:
[37m
[40m  10.6% 
[39;49m
[37m
[40m  
[0;1m
[35m
[40mTemp:
[33m
[40m 68 
[39;49m
[37m
[40m  
[0;1m
[35m
[40mVoltage:
[37m
[40m 765 mV 
[39;49m
[37m
[40m  
[0;1m
[35m
[40mClock:
[37m
[40m 1000 MHz
[10d
[39;49m
[37m
[40m-
[198b-
[50;1HTotal Devices: 1
[50;190HPage: 1 / 
[?7l1
[?7h
[39;49m
[37m
[40m
[2J[DX-TOP]  (q) Quit   (n) Next Page   (p) Prev Page   (h) Help
[2dMon Jul 13 23:04:02 2026
[3dDX-RT: v3.4.0     NPU Device driver: v2.5.1     DX-TOP: v1.1.0
[4d-
[198b-
[5;3H
[0;1m
[36m
[40mDevice :
[37m
[40m0
[18G
[0;1m
[36m
[40mVariant:
[37m
[40m    M1
[38G
[0;1m
[36m
[40mPCIe Bus Number:
[37m
[40m  01:00:00  
[39;49m
[37m
[40m  
[0;1m
[36m
[40mFirmware:
[37m
[40m  v2.7.1
[6;3H
[0;1m
[36m
[40mNPU Memory:
[39;49m
[37m
[40m  
[34m
[40m[|
[19X
[6;37H]
[39;49m
[37m
[40m 
[34m
[40m272.85 MiB / 3.92 GiB (6.79%) 
[7;5H
[0;1m
[35m
[40mCore :
[37m
[40m0 
[39;49m
[37m
[40m  
[0;1m
[35m
[40mUtil:
[37m
[40m  61.7% 
[39;49m
[37m
[40m  
[0;1m
[35m
[40mTemp:
[33m
[40m 66 
[39;49m
[37m
[40m  
[0;1m
[35m
[40mVoltage:
[37m
[40m 760 mV 
[39;49m
[37m
[40m  
[0;1m
[35m
[40mClock:
[37m
[40m 1000 MHz
[8;5H
[0;1m
[35m
[40mCore :
[37m
[40m1 
[39;49m
[37m
[40m  
[0;1m
[35m
[40mUtil:
[37m
[40m  59.6% 
[39;49m
[37m
[40m  
[0;1m
[35m
[40mTemp:
[33m
[40m 66 
[39;49m
[37m
[40m  
[0;1m
[35m
[40mVoltage:
[37m
[40m 760 mV 
[39;49m
[37m
[40m  
[0;1m
[35m
[40mClock:
[37m
[40m 1000 MHz
[9;5H
[0;1m
[35m
[40mCore :
[37m
[40m2 
[39;49m
[37m
[40m  
[0;1m
[35m
[40mUtil:
[37m
[40m  16.7% 
[39;49m
[37m
[40m  
[0;1m
[35m
[40mTemp:
[33m
[40m 67 
[39;49m
[37m
[40m  
[0;1m
[35m
[40mVoltage:
[37m
[40m 760 mV 
[39;49m
[37m
[40m  
[0;1m
[35m
[40mClock:
[37m
[40m 1000 MHz
[10d
[39;49m
[37m
[40m-
[198b-
[50;1HTotal Devices: 1
[50;190HPage: 1 / 
[?7l1
[?7h
[39;49m
[37m
[40m
[2J[DX-TOP]  (q) Quit   (n) Next Page   (p) Prev Page   (h) Help
[2dMon Jul 13 23:04:04 2026
[3dDX-RT: v3.4.0     NPU Device driver: v2.5.1     DX-TOP: v1.1.0
[4d-
[198b-
[5;3H
[0;1m
[36m
[40mDevice :
[37m
[40m0
[18G
[0;1m
[36m
[40mVariant:
[37m
[40m    M1
[38G
[0;1m
[36m
[40mPCIe Bus Number:
[37m
[40m  01:00:00  
[39;49m
[37m
[40m  
[0;1m
[36m
[40mFirmware:
[37m
[40m  v2.7.1
[6;3H
[0;1m
[36m
[40mNPU Memory:
[39;49m
[37m
[40m  
[34m
[40m[|
[19X
[6;37H]
[39;49m
[37m
[40m 
[34m
[40m272.85 MiB / 3.92 GiB (6.79%) 
[7;5H
[0;1m
[35m
[40mCore :
[37m
[40m0 
[39;49m
[37m
[40m  
[0;1m
[35m
[40mUtil:
[37m
[40m  62.6% 
[39;49m
[37m
[40m  
[0;1m
[35m
[40mTemp:
[33m
[40m 66 
[39;49m
[37m
[40m  
[0;1m
[35m
[40mVoltage:
[37m
[40m 775 mV 
[39;49m
[37m
[40m  
[0;1m
[35m
[40mClock:
[37m
[40m 1000 MHz
[8;5H
[0;1m
[35m
[40mCore :
[37m
[40m1 
[39;49m
[37m
[40m  
[0;1m
[35m
[40mUtil:
[37m
[40m  51.0% 
[39;49m
[37m
[40m  
[0;1m
[35m
[40mTemp:
[33m
[40m 67 
[39;49m
[37m
[40m  
[0;1m
[35m
[40mVoltage:
[37m
[40m 775 mV 
[39;49m
[37m
[40m  
[0;1m
[35m
[40mClock:
[37m
[40m 1000 MHz
[9;5H
[0;1m
[35m
[40mCore :
[37m
[40m2 
[39;49m
[37m
[40m  
[0;1m
[35m
[40mUtil:
[37m
[40m  27.0% 
[39;49m
[37m
[40m  
[0;1m
[35m
[40mTemp:
[33m
[40m 69 
[39;49m
[37m
[40m  
[0;1m
[35m
[40mVoltage:
[37m
[40m 775 mV 
[39;49m
[37m
[40m  
[0;1m
[35m
[40mClock:
[37m
[40m 1000 MHz
[10d
[39;49m
[37m
[40m-
[198b-
[50;1HTotal Devices: 1
[50;190HPage: 1 / 
[?7l1
[?7h
[39;49m
[37m
[40m
[2J[DX-TOP]  (q) Quit   (n) Next Page   (p) Prev Page   (h) Help
[2dMon Jul 13 23:04:06 2026
[3dDX-RT: v3.4.0     NPU Device driver: v2.5.1     DX-TOP: v1.1.0
[4d-
[198b-
[5;3H
[0;1m
[36m
[40mDevice :
[37m
[40m0
[18G
[0;1m
[36m
[40mVariant:
[37m
[40m    M1
[38G
[0;1m
[36m
[40mPCIe Bus Number:
[37m
[40m  01:00:00  
[39;49m
[37m
[40m  
[0;1m
[36m
[40mFirmware:
[37m
[40m  v2.7.1
[6;3H
[0;1m
[36m
[40mNPU Memory:
[39;49m
[37m
[40m  
[34m
[40m[|
[19X
[6;37H]
[39;49m
[37m
[40m 
[34m
[40m272.85 MiB / 3.92 GiB (6.79%) 
[7;5H
[0;1m
[35m
[40mCore :
[37m
[40m0 
[39;49m
[37m
[40m  
[0;1m
[35m
[40mUtil:
[37m
[40m  60.0% 
[39;49m
[37m
[40m  
[0;1m
[35m
[40mTemp:
[33m
[40m 65 
[39;49m
[37m
[40m  
[0;1m
[35m
[40mVoltage:
[37m
[40m 775 mV 
[39;49m
[37m
[40m  
[0;1m
[35m
[40mClock:
[37m
[40m 1000 MHz
[8;5H
[0;1m
[35m
[40mCore :
[37m
[40m1 
[39;49m
[37m
[40m  
[0;1m
[35m
[40mUtil:
[37m
[40m  51.3% 
[39;49m
[37m
[40m  
[0;1m
[35m
[40mTemp:
[33m
[40m 65 
[39;49m
[37m
[40m  
[0;1m
[35m
[40mVoltage:
[37m
[40m 775 mV 
[39;49m
[37m
[40m  
[0;1m
[35m
[40mClock:
[37m
[40m 1000 MHz
[9;5H
[0;1m
[35m
[40mCore :
[37m
[40m2 
[39;49m
[37m
[40m  
[0;1m
[35m
[40mUtil:
[37m
[40m  27.8% 
[39;49m
[37m
[40m  
[0;1m
[35m
[40mTemp:
[33m
[40m 66 
[39;49m
[37m
[40m  
[0;1m
[35m
[40mVoltage:
[37m
[40m 775 mV 
[39;49m
[37m
[40m  
[0;1m
[35m
[40mClock:
[37m
[40m 1000 MHz
[10d
[39;49m
[37m
[40m-
[198b-
[50;1HTotal Devices: 1
[50;190HPage: 1 / 
[?7l1
[?7h
[39;49m
[37m
[40m
[2J[DX-TOP]  (q) Quit   (n) Next Page   (p) Prev Page   (h) Help
[2dMon Jul 13 23:04:08 2026
[3dDX-RT: v3.4.0     NPU Device driver: v2.5.1     DX-TOP: v1.1.0
[4d-
[198b-
[5;3H
[0;1m
[36m
[40mDevice :
[37m
[40m0
[18G
[0;1m
[36m
[40mVariant:
[37m
[40m    M1
[38G
[0;1m
[36m
[40mPCIe Bus Number:
[37m
[40m  01:00:00  
[39;49m
[37m
[40m  
[0;1m
[36m
[40mFirmware:
[37m
[40m  v2.7.1
[6;3H
[0;1m
[36m
[40mNPU Memory:
[39;49m
[37m
[40m  
[34m
[40m[|
[19X
[6;37H]
[39;49m
[37m
[40m 
[34m
[40m272.85 MiB / 3.92 GiB (6.79%) 
[7;5H
[0;1m
[35m
[40mCore :
[37m
[40m0 
[39;49m
[37m
[40m  
[0;1m
[35m
[40mUtil:
[37m
[40m  60.4% 
[39;49m
[37m
[40m  
[0;1m
[35m
[40mTemp:
[33m
[40m 65 
[39;49m
[37m
[40m  
[0;1m
[35m
[40mVoltage:
[37m
[40m 765 mV 
[39;49m
[37m
[40m  
[0;1m
[35m
[40mClock:
[37m
[40m 1000 MHz
[8;5H
[0;1m
[35m
[40mCore :
[37m
[40m1 
[39;49m
[37m
[40m  
[0;1m
[35m
[40mUtil:
[37m
[40m  54.7% 
[39;49m
[37m
[40m  
[0;1m
[35m
[40mTemp:
[33m
[40m 67 
[39;49m
[37m
[40m  
[0;1m
[35m
[40mVoltage:
[37m
[40m 765 mV 
[39;49m
[37m
[40m  
[0;1m
[35m
[40mClock:
[37m
[40m 1000 MHz
[9;5H
[0;1m
[35m
[40mCore :
[37m
[40m2 
[39;49m
[37m
[40m  
[0;1m
[35m
[40mUtil:
[37m
[40m  22.2% 
[39;49m
[37m
[40m  
[0;1m
[35m
[40mTemp:
[33m
[40m 68 
[39;49m
[37m
[40m  
[0;1m
[35m
[40mVoltage:
[37m
[40m 765 mV 
[39;49m
[37m
[40m  
[0;1m
[35m
[40mClock:
[37m
[40m 1000 MHz
[10d
[39;49m
[37m
[40m-
[198b-
[50;1HTotal Devices: 1
[50;190HPage: 1 / 
[?7l1
[?7h
[39;49m
[37m
[40m
[2J[DX-TOP]  (q) Quit   (n) Next Page   (p) Prev Page   (h) Help
[2dMon Jul 13 23:04:10 2026
[3dDX-RT: v3.4.0     NPU Device driver: v2.5.1     DX-TOP: v1.1.0
[4d-
[198b-
[5;3H
[0;1m
[36m
[40mDevice :
[37m
[40m0
[18G
[0;1m
[36m
[40mVariant:
[37m
[40m    M1
[38G
[0;1m
[36m
[40mPCIe Bus Number:
[37m
[40m  01:00:00  
[39;49m
[37m
[40m  
[0;1m
[36m
[40mFirmware:
[37m
[40m  v2.7.1
[6;3H
[0;1m
[36m
[40mNPU Memory:
[39;49m
[37m
[40m  
[34m
[40m[|
[19X
[6;37H]
[39;49m
[37m
[40m 
[34m
[40m272.85 MiB / 3.92 GiB (6.79%) 
[7;5H
[0;1m
[35m
[40mCore :
[37m
[40m0 
[39;49m
[37m
[40m  
[0;1m
[35m
[40mUtil:
[37m
[40m  62.6% 
[39;49m
[37m
[40m  
[0;1m
[35m
[40mTemp:
[33m
[40m 66 
[39;49m
[37m
[40m  
[0;1m
[35m
[40mVoltage:
[37m
[40m 770 mV 
[39;49m
[37m
[40m  
[0;1m
[35m
[40mClock:
[37m
[40m 1000 MHz
[8;5H
[0;1m
[35m
[40mCore :
[37m
[40m1 
[39;49m
[37m
[40m  
[0;1m
[35m
[40mUtil:
[37m
[40m  45.2% 
[39;49m
[37m
[40m  
[0;1m
[35m
[40mTemp:
[33m
[40m 67 
[39;49m
[37m
[40m  
[0;1m
[35m
[40mVoltage:
[37m
[40m 770 mV 
[39;49m
[37m
[40m  
[0;1m
[35m
[40mClock:
[37m
[40m 1000 MHz
[9;5H
[0;1m
[35m
[40mCore :
[37m
[40m2 
[39;49m
[37m
[40m  
[0;1m
[35m
[40mUtil:
[37m
[40m  31.4% 
[39;49m
[37m
[40m  
[0;1m
[35m
[40mTemp:
[33m
[40m 68 
[39;49m
[37m
[40m  
[0;1m
[35m
[40mVoltage:
[37m
[40m 770 mV 
[39;49m
[37m
[40m  
[0;1m
[35m
[40mClock:
[37m
[40m 1000 MHz
[10d
[39;49m
[37m
[40m-
[198b-
[50;1HTotal Devices: 1
[50;190HPage: 1 / 
[?7l1
[?7h
[39;49m
[37m
[40m
[2J[DX-TOP]  (q) Quit   (n) Next Page   (p) Prev Page   (h) Help
[2dMon Jul 13 23:04:12 2026
[3dDX-RT: v3.4.0     NPU Device driver: v2.5.1     DX-TOP: v1.1.0
[4d-
[198b-
[5;3H
[0;1m
[36m
[40mDevice :
[37m
[40m0
[18G
[0;1m
[36m
[40mVariant:
[37m
[40m    M1
[38G
[0;1m
[36m
[40mPCIe Bus Number:
[37m
[40m  01:00:00  
[39;49m
[37m
[40m  
[0;1m
[36m
[40mFirmware:
[37m
[40m  v2.7.1
[6;3H
[0;1m
[36m
[40mNPU Memory:
[39;49m
[37m
[40m  
[34m
[40m[|
[19X
[6;37H]
[39;49m
[37m
[40m 
[34m
[40m272.85 MiB / 3.92 GiB (6.79%) 
[7;5H
[0;1m
[35m
[40mCore :
[37m
[40m0 
[39;49m
[37m
[40m  
[0;1m
[35m
[40mUtil:
[37m
[40m  59.2% 
[39;49m
[37m
[40m  
[0;1m
[35m
[40mTemp:
[33m
[40m 66 
[39;49m
[37m
[40m  
[0;1m
[35m
[40mVoltage:
[37m
[40m 765 mV 
[39;49m
[37m
[40m  
[0;1m
[35m
[40mClock:
[37m
[40m 1000 MHz
[8;5H
[0;1m
[35m
[40mCore :
[37m
[40m1 
[39;49m
[37m
[40m  
[0;1m
[35m
[40mUtil:
[37m
[40m  47.9% 
[39;49m
[37m
[40m  
[0;1m
[35m
[40mTemp:
[33m
[40m 67 
[39;49m
[37m
[40m  
[0;1m
[35m
[40mVoltage:
[37m
[40m 765 mV 
[39;49m
[37m
[40m  
[0;1m
[35m
[40mClock:
[37m
[40m 1000 MHz
[9;5H
[0;1m
[35m
[40mCore :
[37m
[40m2 
[39;49m
[37m
[40m  
[0;1m
[35m
[40mUtil:
[37m
[40m  24.7% 
[39;49m
[37m
[40m  
[0;1m
[35m
[40mTemp:
[33m
[40m 68 
[39;49m
[37m
[40m  
[0;1m
[35m
[40mVoltage:
[37m
[40m 765 mV 
[39;49m
[37m
[40m  
[0;1m
[35m
[40mClock:
[37m
[40m 1000 MHz
[10d
[39;49m
[37m
[40m-
[198b-
[50;1HTotal Devices: 1
[50;190HPage: 1 / 
[?7l1
[?7h
[39;49m
[37m
[40m
[2J[DX-TOP]  (q) Quit   (n) Next Page   (p) Prev Page   (h) Help
[2dMon Jul 13 23:04:14 2026
[3dDX-RT: v3.4.0     NPU Device driver: v2.5.1     DX-TOP: v1.1.0
[4d-
[198b-
[5;3H
[0;1m
[36m
[40mDevice :
[37m
[40m0
[18G
[0;1m
[36m
[40mVariant:
[37m
[40m    M1
[38G
[0;1m
[36m
[40mPCIe Bus Number:
[37m
[40m  01:00:00  
[39;49m
[37m
[40m  
[0;1m
[36m
[40mFirmware:
[37m
[40m  v2.7.1
[6;3H
[0;1m
[36m
[40mNPU Memory:
[39;49m
[37m
[40m  
[34m
[40m[|
[19X
[6;37H]
[39;49m
[37m
[40m 
[34m
[40m272.85 MiB / 3.92 GiB (6.79%) 
[7;5H
[0;1m
[35m
[40mCore :
[37m
[40m0 
[39;49m
[37m
[40m  
[0;1m
[35m
[40mUtil:
[37m
[40m  64.6% 
[39;49m
[37m
[40m  
[0;1m
[35m
[40mTemp:
[33m
[40m 67 
[39;49m
[37m
[40m  
[0;1m
[35m
[40mVoltage:
[37m
[40m 775 mV 
[39;49m
[37m
[40m  
[0;1m
[35m
[40mClock:
[37m
[40m 1000 MHz
[8;5H
[0;1m
[35m
[40mCore :
[37m
[40m1 
[39;49m
[37m
[40m  
[0;1m
[35m
[40mUtil:
[37m
[40m  50.4% 
[39;49m
[37m
[40m  
[0;1m
[35m
[40mTemp:
[33m
[40m 67 
[39;49m
[37m
[40m  
[0;1m
[35m
[40mVoltage:
[37m
[40m 775 mV 
[39;49m
[37m
[40m  
[0;1m
[35m
[40mClock:
[37m
[40m 1000 MHz
[9;5H
[0;1m
[35m
[40mCore :
[37m
[40m2 
[39;49m
[37m
[40m  
[0;1m
[35m
[40mUtil:
[37m
[40m  17.4% 
[39;49m
[37m
[40m  
[0;1m
[35m
[40mTemp:
[33m
[40m 69 
[39;49m
[37m
[40m  
[0;1m
[35m
[40mVoltage:
[37m
[40m 775 mV 
[39;49m
[37m
[40m  
[0;1m
[35m
[40mClock:
[37m
[40m 1000 MHz
[10d
[39;49m
[37m
[40m-
[198b-
[50;1HTotal Devices: 1
[50;190HPage: 1 / 
[?7l1
[?7h
[39;49m
[37m
[40m
[2J[DX-TOP]  (q) Quit   (n) Next Page   (p) Prev Page   (h) Help
[2dMon Jul 13 23:04:16 2026
[3dDX-RT: v3.4.0     NPU Device driver: v2.5.1     DX-TOP: v1.1.0
[4d-
[198b-
[5;3H
[0;1m
[36m
[40mDevice :
[37m
[40m0
[18G
[0;1m
[36m
[40mVariant:
[37m
[40m    M1
[38G
[0;1m
[36m
[40mPCIe Bus Number:
[37m
[40m  01:00:00  
[39;49m
[37m
[40m  
[0;1m
[36m
[40mFirmware:
[37m
[40m  v2.7.1
[6;3H
[0;1m
[36m
[40mNPU Memory:
[39;49m
[37m
[40m  
[34m
[40m[|
[19X
[6;37H]
[39;49m
[37m
[40m 
[34m
[40m272.85 MiB / 3.92 GiB (6.79%) 
[7;5H
[0;1m
[35m
[40mCore :
[37m
[40m0 
[39;49m
[37m
[40m  
[0;1m
[35m
[40mUtil:
[37m
[40m  58.2% 
[39;49m
[37m
[40m  
[0;1m
[35m
[40mTemp:
[33m
[40m 65 
[39;49m
[37m
[40m  
[0;1m
[35m
[40mVoltage:
[37m
[40m 775 mV 
[39;49m
[37m
[40m  
[0;1m
[35m
[40mClock:
[37m
[40m 1000 MHz
[8;5H
[0;1m
[35m
[40mCore :
[37m
[40m1 
[39;49m
[37m
[40m  
[0;1m
[35m
[40mUtil:
[37m
[40m  50.0% 
[39;49m
[37m
[40m  
[0;1m
[35m
[40mTemp:
[33m
[40m 66 
[39;49m
[37m
[40m  
[0;1m
[35m
[40mVoltage:
[37m
[40m 775 mV 
[39;49m
[37m
[40m  
[0;1m
[35m
[40mClock:
[37m
[40m 1000 MHz
[9;5H
[0;1m
[35m
[40mCore :
[37m
[40m2 
[39;49m
[37m
[40m  
[0;1m
[35m
[40mUtil:
[37m
[40m  29.6% 
[39;49m
[37m
[40m  
[0;1m
[35m
[40mTemp:
[33m
[40m 67 
[39;49m
[37m
[40m  
[0;1m
[35m
[40mVoltage:
[37m
[40m 775 mV 
[39;49m
[37m
[40m  
[0;1m
[35m
[40mClock:
[37m
[40m 1000 MHz
[10d
[39;49m
[37m
[40m-
[198b-
[50;1HTotal Devices: 1
[50;190HPage: 1 / 
[?7l1
[?7h
[39;49m
[37m
[40m
[2J[DX-TOP]  (q) Quit   (n) Next Page   (p) Prev Page   (h) Help
[2dMon Jul 13 23:04:18 2026
[3dDX-RT: v3.4.0     NPU Device driver: v2.5.1     DX-TOP: v1.1.0
[4d-
[198b-
[5;3H
[0;1m
[36m
[40mDevice :
[37m
[40m0
[18G
[0;1m
[36m
[40mVariant:
[37m
[40m    M1
[38G
[0;1m
[36m
[40mPCIe Bus Number:
[37m
[40m  01:00:00  
[39;49m
[37m
[40m  
[0;1m
[36m
[40mFirmware:
[37m
[40m  v2.7.1
[6;3H
[0;1m
[36m
[40mNPU Memory:
[39;49m
[37m
[40m  
[34m
[40m[|
[19X
[6;37H]
[39;49m
[37m
[40m 
[34m
[40m272.85 MiB / 3.92 GiB (6.79%) 
[7;5H
[0;1m
[35m
[40mCore :
[37m
[40m0 
[39;49m
[37m
[40m  
[0;1m
[35m
[40mUtil:
[37m
[40m  68.1% 
[39;49m
[37m
[40m  
[0;1m
[35m
[40mTemp:
[33m
[40m 66 
[39;49m
[37m
[40m  
[0;1m
[35m
[40mVoltage:
[37m
[40m 770 mV 
[39;49m
[37m
[40m  
[0;1m
[35m
[40mClock:
[37m
[40m 1000 MHz
[8;5H
[0;1m
[35m
[40mCore :
[37m
[40m1 
[39;49m
[37m
[40m  
[0;1m
[35m
[40mUtil:
[37m
[40m  49.9% 
[39;49m
[37m
[40m  
[0;1m
[35m
[40mTemp:
[33m
[40m 66 
[39;49m
[37m
[40m  
[0;1m
[35m
[40mVoltage:
[37m
[40m 770 mV 
[39;49m
[37m
[40m  
[0;1m
[35m
[40mClock:
[37m
[40m 1000 MHz
[9;5H
[0;1m
[35m
[40mCore :
[37m
[40m2 
[39;49m
[37m
[40m  
[0;1m
[35m
[40mUtil:
[37m
[40m  20.5% 
[39;49m
[37m
[40m  
[0;1m
[35m
[40mTemp:
[33m
[40m 68 
[39;49m
[37m
[40m  
[0;1m
[35m
[40mVoltage:
[37m
[40m 770 mV 
[39;49m
[37m
[40m  
[0;1m
[35m
[40mClock:
[37m
[40m 1000 MHz
[10d
[39;49m
[37m
[40m-
[198b-
[50;1HTotal Devices: 1
[50;190HPage: 1 / 
[?7l1
[?7h
[39;49m
[37m
[40m
[2J[DX-TOP]  (q) Quit   (n) Next Page   (p) Prev Page   (h) Help
[2dMon Jul 13 23:04:20 2026
[3dDX-RT: v3.4.0     NPU Device driver: v2.5.1     DX-TOP: v1.1.0
[4d-
[198b-
[5;3H
[0;1m
[36m
[40mDevice :
[37m
[40m0
[18G
[0;1m
[36m
[40mVariant:
[37m
[40m    M1
[38G
[0;1m
[36m
[40mPCIe Bus Number:
[37m
[40m  01:00:00  
[39;49m
[37m
[40m  
[0;1m
[36m
[40mFirmware:
[37m
[40m  v2.7.1
[6;3H
[0;1m
[36m
[40mNPU Memory:
[39;49m
[37m
[40m  
[34m
[40m[|
[19X
[6;37H]
[39;49m
[37m
[40m 
[34m
[40m272.85 MiB / 3.92 GiB (6.79%) 
[7;5H
[0;1m
[35m
[40mCore :
[37m
[40m0 
[39;49m
[37m
[40m  
[0;1m
[35m
[40mUtil:
[37m
[40m  58.3% 
[39;49m
[37m
[40m  
[0;1m
[35m
[40mTemp:
[33m
[40m 66 
[39;49m
[37m
[40m  
[0;1m
[35m
[40mVoltage:
[37m
[40m 770 mV 
[39;49m
[37m
[40m  
[0;1m
[35m
[40mClock:
[37m
[40m 1000 MHz
[8;5H
[0;1m
[35m
[40mCore :
[37m
[40m1 
[39;49m
[37m
[40m  
[0;1m
[35m
[40mUtil:
[37m
[40m  52.9% 
[39;49m
[37m
[40m  
[0;1m
[35m
[40mTemp:
[33m
[40m 66 
[39;49m
[37m
[40m  
[0;1m
[35m
[40mVoltage:
[37m
[40m 770 mV 
[39;49m
[37m
[40m  
[0;1m
[35m
[40mClock:
[37m
[40m 1000 MHz
[9;5H
[0;1m
[35m
[40mCore :
[37m
[40m2 
[39;49m
[37m
[40m  
[0;1m
[35m
[40mUtil:
[37m
[40m  34.9% 
[39;49m
[37m
[40m  
[0;1m
[35m
[40mTemp:
[33m
[40m 67 
[39;49m
[37m
[40m  
[0;1m
[35m
[40mVoltage:
[37m
[40m 770 mV 
[39;49m
[37m
[40m  
[0;1m
[35m
[40mClock:
[37m
[40m 1000 MHz
[10d
[39;49m
[37m
[40m-
[198b-
[50;1HTotal Devices: 1
[50;190HPage: 1 / 
[?7l1
[?7h
[39;49m
[37m
[40m
[2J[DX-TOP]  (q) Quit   (n) Next Page   (p) Prev Page   (h) Help
[2dMon Jul 13 23:04:22 2026
[3dDX-RT: v3.4.0     NPU Device driver: v2.5.1     DX-TOP: v1.1.0
[4d-
[198b-
[5;3H
[0;1m
[36m
[40mDevice :
[37m
[40m0
[18G
[0;1m
[36m
[40mVariant:
[37m
[40m    M1
[38G
[0;1m
[36m
[40mPCIe Bus Number:
[37m
[40m  01:00:00  
[39;49m
[37m
[40m  
[0;1m
[36m
[40mFirmware:
[37m
[40m  v2.7.1
[6;3H
[0;1m
[36m
[40mNPU Memory:
[39;49m
[37m
[40m  
[34m
[40m[|
[19X
[6;37H]
[39;49m
[37m
[40m 
[34m
[40m272.85 MiB / 3.92 GiB (6.79%) 
[7;5H
[0;1m
[35m
[40mCore :
[37m
[40m0 
[39;49m
[37m
[40m  
[0;1m
[35m
[40mUtil:
[37m
[40m  55.5% 
[39;49m
[37m
[40m  
[0;1m
[35m
[40mTemp:
[33m
[40m 66 
[39;49m
[37m
[40m  
[0;1m
[35m
[40mVoltage:
[37m
[40m 765 mV 
[39;49m
[37m
[40m  
[0;1m
[35m
[40mClock:
[37m
[40m 1000 MHz
[8;5H
[0;1m
[35m
[40mCore :
[37m
[40m1 
[39;49m
[37m
[40m  
[0;1m
[35m
[40mUtil:
[37m
[40m  50.9% 
[39;49m
[37m
[40m  
[0;1m
[35m
[40mTemp:
[33m
[40m 66 
[39;49m
[37m
[40m  
[0;1m
[35m
[40mVoltage:
[37m
[40m 765 mV 
[39;49m
[37m
[40m  
[0;1m
[35m
[40mClock:
[37m
[40m 1000 MHz
[9;5H
[0;1m
[35m
[40mCore :
[37m
[40m2 
[39;49m
[37m
[40m  
[0;1m
[35m
[40mUtil:
[37m
[40m  31.0% 
[39;49m
[37m
[40m  
[0;1m
[35m
[40mTemp:
[33m
[40m 67 
[39;49m
[37m
[40m  
[0;1m
[35m
[40mVoltage:
[37m
[40m 765 mV 
[39;49m
[37m
[40m  
[0;1m
[35m
[40mClock:
[37m
[40m 1000 MHz
[10d
[39;49m
[37m
[40m-
[198b-
[50;1HTotal Devices: 1
[50;190HPage: 1 / 
[?7l1
[?7h
[39;49m
[37m
[40m
[2J[DX-TOP]  (q) Quit   (n) Next Page   (p) Prev Page   (h) Help
[2dMon Jul 13 23:04:24 2026
[3dDX-RT: v3.4.0     NPU Device driver: v2.5.1     DX-TOP: v1.1.0
[4d-
[198b-
[5;3H
[0;1m
[36m
[40mDevice :
[37m
[40m0
[18G
[0;1m
[36m
[40mVariant:
[37m
[40m    M1
[38G
[0;1m
[36m
[40mPCIe Bus Number:
[37m
[40m  01:00:00  
[39;49m
[37m
[40m  
[0;1m
[36m
[40mFirmware:
[37m
[40m  v2.7.1
[6;3H
[0;1m
[36m
[40mNPU Memory:
[39;49m
[37m
[40m  
[34m
[40m[|
[19X
[6;37H]
[39;49m
[37m
[40m 
[34m
[40m272.85 MiB / 3.92 GiB (6.79%) 
[7;5H
[0;1m
[35m
[40mCore :
[37m
[40m0 
[39;49m
[37m
[40m  
[0;1m
[35m
[40mUtil:
[37m
[40m  65.7% 
[39;49m
[37m
[40m  
[0;1m
[35m
[40mTemp:
[33m
[40m 66 
[39;49m
[37m
[40m  
[0;1m
[35m
[40mVoltage:
[37m
[40m 770 mV 
[39;49m
[37m
[40m  
[0;1m
[35m
[40mClock:
[37m
[40m 1000 MHz
[8;5H
[0;1m
[35m
[40mCore :
[37m
[40m1 
[39;49m
[37m
[40m  
[0;1m
[35m
[40mUtil:
[37m
[40m  44.8% 
[39;49m
[37m
[40m  
[0;1m
[35m
[40mTemp:
[33m
[40m 66 
[39;49m
[37m
[40m  
[0;1m
[35m
[40mVoltage:
[37m
[40m 770 mV 
[39;49m
[37m
[40m  
[0;1m
[35m
[40mClock:
[37m
[40m 1000 MHz
[9;5H
[0;1m
[35m
[40mCore :
[37m
[40m2 
[39;49m
[37m
[40m  
[0;1m
[35m
[40mUtil:
[37m
[40m  32.2% 
[39;49m
[37m
[40m  
[0;1m
[35m
[40mTemp:
[33m
[40m 67 
[39;49m
[37m
[40m  
[0;1m
[35m
[40mVoltage:
[37m
[40m 770 mV 
[39;49m
[37m
[40m  
[0;1m
[35m
[40mClock:
[37m
[40m 1000 MHz
[10d
[39;49m
[37m
[40m-
[198b-
[50;1HTotal Devices: 1
[50;190HPage: 1 / 
[?7l1
[?7h
[39;49m
[37m
[40m
[2J[DX-TOP]  (q) Quit   (n) Next Page   (p) Prev Page   (h) Help
[2dMon Jul 13 23:04:26 2026
[3dDX-RT: v3.4.0     NPU Device driver: v2.5.1     DX-TOP: v1.1.0
[4d-
[198b-
[5;3H
[0;1m
[36m
[40mDevice :
[37m
[40m0
[18G
[0;1m
[36m
[40mVariant:
[37m
[40m    M1
[38G
[0;1m
[36m
[40mPCIe Bus Number:
[37m
[40m  01:00:00  
[39;49m
[37m
[40m  
[0;1m
[36m
[40mFirmware:
[37m
[40m  v2.7.1
[6;3H
[0;1m
[36m
[40mNPU Memory:
[39;49m
[37m
[40m  
[34m
[40m[|
[19X
[6;37H]
[39;49m
[37m
[40m 
[34m
[40m272.85 MiB / 3.92 GiB (6.79%) 
[7;5H
[0;1m
[35m
[40mCore :
[37m
[40m0 
[39;49m
[37m
[40m  
[0;1m
[35m
[40mUtil:
[37m
[40m  64.0% 
[39;49m
[37m
[40m  
[0;1m
[35m
[40mTemp:
[33m
[40m 66 
[39;49m
[37m
[40m  
[0;1m
[35m
[40mVoltage:
[37m
[40m 760 mV 
[39;49m
[37m
[40m  
[0;1m
[35m
[40mClock:
[37m
[40m 1000 MHz
[8;5H
[0;1m
[35m
[40mCore :
[37m
[40m1 
[39;49m
[37m
[40m  
[0;1m
[35m
[40mUtil:
[37m
[40m  52.9% 
[39;49m
[37m
[40m  
[0;1m
[35m
[40mTemp:
[33m
[40m 67 
[39;49m
[37m
[40m  
[0;1m
[35m
[40mVoltage:
[37m
[40m 760 mV 
[39;49m
[37m
[40m  
[0;1m
[35m
[40mClock:
[37m
[40m 1000 MHz
[9;5H
[0;1m
[35m
[40mCore :
[37m
[40m2 
[39;49m
[37m
[40m  
[0;1m
[35m
[40mUtil:
[37m
[40m  23.4% 
[39;49m
[37m
[40m  
[0;1m
[35m
[40mTemp:
[33m
[40m 68 
[39;49m
[37m
[40m  
[0;1m
[35m
[40mVoltage:
[37m
[40m 760 mV 
[39;49m
[37m
[40m  
[0;1m
[35m
[40mClock:
[37m
[40m 1000 MHz
[10d
[39;49m
[37m
[40m-
[198b-
[50;1HTotal Devices: 1
[50;190HPage: 1 / 
[?7l1
[?7h
[39;49m
[37m
[40m
[2J[DX-TOP]  (q) Quit   (n) Next Page   (p) Prev Page   (h) Help
[2dMon Jul 13 23:04:28 2026
[3dDX-RT: v3.4.0     NPU Device driver: v2.5.1     DX-TOP: v1.1.0
[4d-
[198b-
[5;3H
[0;1m
[36m
[40mDevice :
[37m
[40m0
[18G
[0;1m
[36m
[40mVariant:
[37m
[40m    M1
[38G
[0;1m
[36m
[40mPCIe Bus Number:
[37m
[40m  01:00:00  
[39;49m
[37m
[40m  
[0;1m
[36m
[40mFirmware:
[37m
[40m  v2.7.1
[6;3H
[0;1m
[36m
[40mNPU Memory:
[39;49m
[37m
[40m  
[34m
[40m[|
[19X
[6;37H]
[39;49m
[37m
[40m 
[34m
[40m272.85 MiB / 3.92 GiB (6.79%) 
[7;5H
[0;1m
[35m
[40mCore :
[37m
[40m0 
[39;49m
[37m
[40m  
[0;1m
[35m
[40mUtil:
[37m
[40m  67.8% 
[39;49m
[37m
[40m  
[0;1m
[35m
[40mTemp:
[33m
[40m 66 
[39;49m
[37m
[40m  
[0;1m
[35m
[40mVoltage:
[37m
[40m 770 mV 
[39;49m
[37m
[40m  
[0;1m
[35m
[40mClock:
[37m
[40m 1000 MHz
[8;5H
[0;1m
[35m
[40mCore :
[37m
[40m1 
[39;49m
[37m
[40m  
[0;1m
[35m
[40mUtil:
[37m
[40m  46.7% 
[39;49m
[37m
[40m  
[0;1m
[35m
[40mTemp:
[33m
[40m 67 
[39;49m
[37m
[40m  
[0;1m
[35m
[40mVoltage:
[37m
[40m 770 mV 
[39;49m
[37m
[40m  
[0;1m
[35m
[40mClock:
[37m
[40m 1000 MHz
[9;5H
[0;1m
[35m
[40mCore :
[37m
[40m2 
[39;49m
[37m
[40m  
[0;1m
[35m
[40mUtil:
[37m
[40m  24.0% 
[39;49m
[37m
[40m  
[0;1m
[35m
[40mTemp:
[33m
[40m 67 
[39;49m
[37m
[40m  
[0;1m
[35m
[40mVoltage:
[37m
[40m 770 mV 
[39;49m
[37m
[40m  
[0;1m
[35m
[40mClock:
[37m
[40m 1000 MHz
[10d
[39;49m
[37m
[40m-
[198b-
[50;1HTotal Devices: 1
[50;190HPage: 1 / 
[?7l1
[?7h
[39;49m
[37m
[40m
[2J[DX-TOP]  (q) Quit   (n) Next Page   (p) Prev Page   (h) Help
[2dMon Jul 13 23:04:30 2026
[3dDX-RT: v3.4.0     NPU Device driver: v2.5.1     DX-TOP: v1.1.0
[4d-
[198b-
[5;3H
[0;1m
[36m
[40mDevice :
[37m
[40m0
[18G
[0;1m
[36m
[40mVariant:
[37m
[40m    M1
[38G
[0;1m
[36m
[40mPCIe Bus Number:
[37m
[40m  01:00:00  
[39;49m
[37m
[40m  
[0;1m
[36m
[40mFirmware:
[37m
[40m  v2.7.1
[6;3H
[0;1m
[36m
[40mNPU Memory:
[39;49m
[37m
[40m  
[34m
[40m[|
[19X
[6;37H]
[39;49m
[37m
[40m 
[34m
[40m272.85 MiB / 3.92 GiB (6.79%) 
[7;5H
[0;1m
[35m
[40mCore :
[37m
[40m0 
[39;49m
[37m
[40m  
[0;1m
[35m
[40mUtil:
[37m
[40m  67.3% 
[39;49m
[37m
[40m  
[0;1m
[35m
[40mTemp:
[33m
[40m 68 
[39;49m
[37m
[40m  
[0;1m
[35m
[40mVoltage:
[37m
[40m 770 mV 
[39;49m
[37m
[40m  
[0;1m
[35m
[40mClock:
[37m
[40m 1000 MHz
[8;5H
[0;1m
[35m
[40mCore :
[37m
[40m1 
[39;49m
[37m
[40m  
[0;1m
[35m
[40mUtil:
[37m
[40m  52.5% 
[39;49m
[37m
[40m  
[0;1m
[35m
[40mTemp:
[33m
[40m 66 
[39;49m
[37m
[40m  
[0;1m
[35m
[40mVoltage:
[37m
[40m 770 mV 
[39;49m
[37m
[40m  
[0;1m
[35m
[40mClock:
[37m
[40m 1000 MHz
[9;5H
[0;1m
[35m
[40mCore :
[37m
[40m2 
[39;49m
[37m
[40m  
[0;1m
[35m
[40mUtil:
[37m
[40m   9.9% 
[39;49m
[37m
[40m  
[0;1m
[35m
[40mTemp:
[33m
[40m 68 
[39;49m
[37m
[40m  
[0;1m
[35m
[40mVoltage:
[37m
[40m 770 mV 
[39;49m
[37m
[40m  
[0;1m
[35m
[40mClock:
[37m
[40m 1000 MHz
[10d
[39;49m
[37m
[40m-
[198b-
[50;1HTotal Devices: 1
[50;190HPage: 1 / 
[?7l1
[?7h
[39;49m
[37m
[40m
[2J[DX-TOP]  (q) Quit   (n) Next Page   (p) Prev Page   (h) Help
[2dMon Jul 13 23:04:32 2026
[3dDX-RT: v3.4.0     NPU Device driver: v2.5.1     DX-TOP: v1.1.0
[4d-
[198b-
[5;3H
[0;1m
[36m
[40mDevice :
[37m
[40m0
[18G
[0;1m
[36m
[40mVariant:
[37m
[40m    M1
[38G
[0;1m
[36m
[40mPCIe Bus Number:
[37m
[40m  01:00:00  
[39;49m
[37m
[40m  
[0;1m
[36m
[40mFirmware:
[37m
[40m  v2.7.1
[6;3H
[0;1m
[36m
[40mNPU Memory:
[39;49m
[37m
[40m  
[34m
[40m[|
[19X
[6;37H]
[39;49m
[37m
[40m 
[34m
[40m272.85 MiB / 3.92 GiB (6.79%) 
[7;5H
[0;1m
[35m
[40mCore :
[37m
[40m0 
[39;49m
[37m
[40m  
[0;1m
[35m
[40mUtil:
[37m
[40m  65.7% 
[39;49m
[37m
[40m  
[0;1m
[35m
[40mTemp:
[33m
[40m 65 
[39;49m
[37m
[40m  
[0;1m
[35m
[40mVoltage:
[37m
[40m 760 mV 
[39;49m
[37m
[40m  
[0;1m
[35m
[40mClock:
[37m
[40m 1000 MHz
[8;5H
[0;1m
[35m
[40mCore :
[37m
[40m1 
[39;49m
[37m
[40m  
[0;1m
[35m
[40mUtil:
[37m
[40m  50.7% 
[39;49m
[37m
[40m  
[0;1m
[35m
[40mTemp:
[33m
[40m 67 
[39;49m
[37m
[40m  
[0;1m
[35m
[40mVoltage:
[37m
[40m 760 mV 
[39;49m
[37m
[40m  
[0;1m
[35m
[40mClock:
[37m
[40m 1000 MHz
[9;5H
[0;1m
[35m
[40mCore :
[37m
[40m2 
[39;49m
[37m
[40m  
[0;1m
[35m
[40mUtil:
[37m
[40m  21.8% 
[39;49m
[37m
[40m  
[0;1m
[35m
[40mTemp:
[33m
[40m 67 
[39;49m
[37m
[40m  
[0;1m
[35m
[40mVoltage:
[37m
[40m 760 mV 
[39;49m
[37m
[40m  
[0;1m
[35m
[40mClock:
[37m
[40m 1000 MHz
[10d
[39;49m
[37m
[40m-
[198b-
[50;1HTotal Devices: 1
[50;190HPage: 1 / 
[?7l1
[?7h
[39;49m
[37m
[40m
[2J[DX-TOP]  (q) Quit   (n) Next Page   (p) Prev Page   (h) Help
[2dMon Jul 13 23:04:34 2026
[3dDX-RT: v3.4.0     NPU Device driver: v2.5.1     DX-TOP: v1.1.0
[4d-
[198b-
[5;3H
[0;1m
[36m
[40mDevice :
[37m
[40m0
[18G
[0;1m
[36m
[40mVariant:
[37m
[40m    M1
[38G
[0;1m
[36m
[40mPCIe Bus Number:
[37m
[40m  01:00:00  
[39;49m
[37m
[40m  
[0;1m
[36m
[40mFirmware:
[37m
[40m  v2.7.1
[6;3H
[0;1m
[36m
[40mNPU Memory:
[39;49m
[37m
[40m  
[34m
[40m[|
[19X
[6;37H]
[39;49m
[37m
[40m 
[34m
[40m272.85 MiB / 3.92 GiB (6.79%) 
[7;5H
[0;1m
[35m
[40mCore :
[37m
[40m0 
[39;49m
[37m
[40m  
[0;1m
[35m
[40mUtil:
[37m
[40m  56.7% 
[39;49m
[37m
[40m  
[0;1m
[35m
[40mTemp:
[33m
[40m 66 
[39;49m
[37m
[40m  
[0;1m
[35m
[40mVoltage:
[37m
[40m 770 mV 
[39;49m
[37m
[40m  
[0;1m
[35m
[40mClock:
[37m
[40m 1000 MHz
[8;5H
[0;1m
[35m
[40mCore :
[37m
[40m1 
[39;49m
[37m
[40m  
[0;1m
[35m
[40mUtil:
[37m
[40m  53.9% 
[39;49m
[37m
[40m  
[0;1m
[35m
[40mTemp:
[33m
[40m 67 
[39;49m
[37m
[40m  
[0;1m
[35m
[40mVoltage:
[37m
[40m 770 mV 
[39;49m
[37m
[40m  
[0;1m
[35m
[40mClock:
[37m
[40m 1000 MHz
[9;5H
[0;1m
[35m
[40mCore :
[37m
[40m2 
[39;49m
[37m
[40m  
[0;1m
[35m
[40mUtil:
[37m
[40m  25.4% 
[39;49m
[37m
[40m  
[0;1m
[35m
[40mTemp:
[33m
[40m 68 
[39;49m
[37m
[40m  
[0;1m
[35m
[40mVoltage:
[37m
[40m 770 mV 
[39;49m
[37m
[40m  
[0;1m
[35m
[40mClock:
[37m
[40m 1000 MHz
[10d
[39;49m
[37m
[40m-
[198b-
[50;1HTotal Devices: 1
[50;190HPage: 1 / 
[?7l1
[?7h
[39;49m
[37m
[40m
[2J[DX-TOP]  (q) Quit   (n) Next Page   (p) Prev Page   (h) Help
[2dMon Jul 13 23:04:36 2026
[3dDX-RT: v3.4.0     NPU Device driver: v2.5.1     DX-TOP: v1.1.0
[4d-
[198b-
[5;3H
[0;1m
[36m
[40mDevice :
[37m
[40m0
[18G
[0;1m
[36m
[40mVariant:
[37m
[40m    M1
[38G
[0;1m
[36m
[40mPCIe Bus Number:
[37m
[40m  01:00:00  
[39;49m
[37m
[40m  
[0;1m
[36m
[40mFirmware:
[37m
[40m  v2.7.1
[6;3H
[0;1m
[36m
[40mNPU Memory:
[39;49m
[37m
[40m  
[34m
[40m[|
[19X
[6;37H]
[39;49m
[37m
[40m 
[34m
[40m272.85 MiB / 3.92 GiB (6.79%) 
[7;5H
[0;1m
[35m
[40mCore :
[37m
[40m0 
[39;49m
[37m
[40m  
[0;1m
[35m
[40mUtil:
[37m
[40m  69.2% 
[39;49m
[37m
[40m  
[0;1m
[35m
[40mTemp:
[33m
[40m 66 
[39;49m
[37m
[40m  
[0;1m
[35m
[40mVoltage:
[37m
[40m 775 mV 
[39;49m
[37m
[40m  
[0;1m
[35m
[40mClock:
[37m
[40m 1000 MHz
[8;5H
[0;1m
[35m
[40mCore :
[37m
[40m1 
[39;49m
[37m
[40m  
[0;1m
[35m
[40mUtil:
[37m
[40m  51.7% 
[39;49m
[37m
[40m  
[0;1m
[35m
[40mTemp:
[33m
[40m 67 
[39;49m
[37m
[40m  
[0;1m
[35m
[40mVoltage:
[37m
[40m 775 mV 
[39;49m
[37m
[40m  
[0;1m
[35m
[40mClock:
[37m
[40m 1000 MHz
[9;5H
[0;1m
[35m
[40mCore :
[37m
[40m2 
[39;49m
[37m
[40m  
[0;1m
[35m
[40mUtil:
[37m
[40m  21.4% 
[39;49m
[37m
[40m  
[0;1m
[35m
[40mTemp:
[33m
[40m 68 
[39;49m
[37m
[40m  
[0;1m
[35m
[40mVoltage:
[37m
[40m 775 mV 
[39;49m
[37m
[40m  
[0;1m
[35m
[40mClock:
[37m
[40m 1000 MHz
[10d
[39;49m
[37m
[40m-
[198b-
[50;1HTotal Devices: 1
[50;190HPage: 1 / 
[?7l1
[?7h
[39;49m
[37m
[40m
[2J[DX-TOP]  (q) Quit   (n) Next Page   (p) Prev Page   (h) Help
[2dMon Jul 13 23:04:38 2026
[3dDX-RT: v3.4.0     NPU Device driver: v2.5.1     DX-TOP: v1.1.0
[4d-
[198b-
[5;3H
[0;1m
[36m
[40mDevice :
[37m
[40m0
[18G
[0;1m
[36m
[40mVariant:
[37m
[40m    M1
[38G
[0;1m
[36m
[40mPCIe Bus Number:
[37m
[40m  01:00:00  
[39;49m
[37m
[40m  
[0;1m
[36m
[40mFirmware:
[37m
[40m  v2.7.1
[6;3H
[0;1m
[36m
[40mNPU Memory:
[39;49m
[37m
[40m  
[34m
[40m[|
[19X
[6;37H]
[39;49m
[37m
[40m 
[34m
[40m272.85 MiB / 3.92 GiB (6.79%) 
[7;5H
[0;1m
[35m
[40mCore :
[37m
[40m0 
[39;49m
[37m
[40m  
[0;1m
[35m
[40mUtil:
[37m
[40m  53.6% 
[39;49m
[37m
[40m  
[0;1m
[35m
[40mTemp:
[33m
[40m 66 
[39;49m
[37m
[40m  
[0;1m
[35m
[40mVoltage:
[37m
[40m 765 mV 
[39;49m
[37m
[40m  
[0;1m
[35m
[40mClock:
[37m
[40m 1000 MHz
[8;5H
[0;1m
[35m
[40mCore :
[37m
[40m1 
[39;49m
[37m
[40m  
[0;1m
[35m
[40mUtil:
[37m
[40m  51.2% 
[39;49m
[37m
[40m  
[0;1m
[35m
[40mTemp:
[33m
[40m 67 
[39;49m
[37m
[40m  
[0;1m
[35m
[40mVoltage:
[37m
[40m 765 mV 
[39;49m
[37m
[40m  
[0;1m
[35m
[40mClock:
[37m
[40m 1000 MHz
[9;5H
[0;1m
[35m
[40mCore :
[37m
[40m2 
[39;49m
[37m
[40m  
[0;1m
[35m
[40mUtil:
[37m
[40m  31.0% 
[39;49m
[37m
[40m  
[0;1m
[35m
[40mTemp:
[33m
[40m 67 
[39;49m
[37m
[40m  
[0;1m
[35m
[40mVoltage:
[37m
[40m 765 mV 
[39;49m
[37m
[40m  
[0;1m
[35m
[40mClock:
[37m
[40m 1000 MHz
[10d
[39;49m
[37m
[40m-
[198b-
[50;1HTotal Devices: 1
[50;190HPage: 1 / 
[?7l1
[?7h
[39;49m
[37m
[40m
[2J[DX-TOP]  (q) Quit   (n) Next Page   (p) Prev Page   (h) Help
[2dMon Jul 13 23:04:40 2026
[3dDX-RT: v3.4.0     NPU Device driver: v2.5.1     DX-TOP: v1.1.0
[4d-
[198b-
[5;3H
[0;1m
[36m
[40mDevice :
[37m
[40m0
[18G
[0;1m
[36m
[40mVariant:
[37m
[40m    M1
[38G
[0;1m
[36m
[40mPCIe Bus Number:
[37m
[40m  01:00:00  
[39;49m
[37m
[40m  
[0;1m
[36m
[40mFirmware:
[37m
[40m  v2.7.1
[6;3H
[0;1m
[36m
[40mNPU Memory:
[39;49m
[37m
[40m  
[34m
[40m[|
[19X
[6;37H]
[39;49m
[37m
[40m 
[34m
[40m272.85 MiB / 3.92 GiB (6.79%) 
[7;5H
[0;1m
[35m
[40mCore :
[37m
[40m0 
[39;49m
[37m
[40m  
[0;1m
[35m
[40mUtil:
[37m
[40m  63.6% 
[39;49m
[37m
[40m  
[0;1m
[35m
[40mTemp:
[33m
[40m 66 
[39;49m
[37m
[40m  
[0;1m
[35m
[40mVoltage:
[37m
[40m 765 mV 
[39;49m
[37m
[40m  
[0;1m
[35m
[40mClock:
[37m
[40m 1000 MHz
[8;5H
[0;1m
[35m
[40mCore :
[37m
[40m1 
[39;49m
[37m
[40m  
[0;1m
[35m
[40mUtil:
[37m
[40m  49.6% 
[39;49m
[37m
[40m  
[0;1m
[35m
[40mTemp:
[33m
[40m 67 
[39;49m
[37m
[40m  
[0;1m
[35m
[40mVoltage:
[37m
[40m 765 mV 
[39;49m
[37m
[40m  
[0;1m
[35m
[40mClock:
[37m
[40m 1000 MHz
[9;5H
[0;1m
[35m
[40mCore :
[37m
[40m2 
[39;49m
[37m
[40m  
[0;1m
[35m
[40mUtil:
[37m
[40m  31.8% 
[39;49m
[37m
[40m  
[0;1m
[35m
[40mTemp:
[33m
[40m 68 
[39;49m
[37m
[40m  
[0;1m
[35m
[40mVoltage:
[37m
[40m 765 mV 
[39;49m
[37m
[40m  
[0;1m
[35m
[40mClock:
[37m
[40m 1000 MHz
[10d
[39;49m
[37m
[40m-
[198b-
[50;1HTotal Devices: 1
[50;190HPage: 1 / 
[?7l1
[?7h
[39;49m
[37m
[40m
[2J[DX-TOP]  (q) Quit   (n) Next Page   (p) Prev Page   (h) Help
[2dMon Jul 13 23:04:42 2026
[3dDX-RT: v3.4.0     NPU Device driver: v2.5.1     DX-TOP: v1.1.0
[4d-
[198b-
[5;3H
[0;1m
[36m
[40mDevice :
[37m
[40m0
[18G
[0;1m
[36m
[40mVariant:
[37m
[40m    M1
[38G
[0;1m
[36m
[40mPCIe Bus Number:
[37m
[40m  01:00:00  
[39;49m
[37m
[40m  
[0;1m
[36m
[40mFirmware:
[37m
[40m  v2.7.1
[6;3H
[0;1m
[36m
[40mNPU Memory:
[39;49m
[37m
[40m  
[34m
[40m[|
[19X
[6;37H]
[39;49m
[37m
[40m 
[34m
[40m272.85 MiB / 3.92 GiB (6.79%) 
[7;5H
[0;1m
[35m
[40mCore :
[37m
[40m0 
[39;49m
[37m
[40m  
[0;1m
[35m
[40mUtil:
[37m
[40m  63.2% 
[39;49m
[37m
[40m  
[0;1m
[35m
[40mTemp:
[33m
[40m 65 
[39;49m
[37m
[40m  
[0;1m
[35m
[40mVoltage:
[37m
[40m 760 mV 
[39;49m
[37m
[40m  
[0;1m
[35m
[40mClock:
[37m
[40m 1000 MHz
[8;5H
[0;1m
[35m
[40mCore :
[37m
[40m1 
[39;49m
[37m
[40m  
[0;1m
[35m
[40mUtil:
[37m
[40m  51.3% 
[39;49m
[37m
[40m  
[0;1m
[35m
[40mTemp:
[33m
[40m 67 
[39;49m
[37m
[40m  
[0;1m
[35m
[40mVoltage:
[37m
[40m 760 mV 
[39;49m
[37m
[40m  
[0;1m
[35m
[40mClock:
[37m
[40m 1000 MHz
[9;5H
[0;1m
[35m
[40mCore :
[37m
[40m2 
[39;49m
[37m
[40m  
[0;1m
[35m
[40mUtil:
[37m
[40m  28.0% 
[39;49m
[37m
[40m  
[0;1m
[35m
[40mTemp:
[33m
[40m 67 
[39;49m
[37m
[40m  
[0;1m
[35m
[40mVoltage:
[37m
[40m 760 mV 
[39;49m
[37m
[40m  
[0;1m
[35m
[40mClock:
[37m
[40m 1000 MHz
[10d
[39;49m
[37m
[40m-
[198b-
[50;1HTotal Devices: 1
[50;190HPage: 1 / 
[?7l1
[?7h
[39;49m
[37m
[40m
[2J[DX-TOP]  (q) Quit   (n) Next Page   (p) Prev Page   (h) Help
[2dMon Jul 13 23:04:44 2026
[3dDX-RT: v3.4.0     NPU Device driver: v2.5.1     DX-TOP: v1.1.0
[4d-
[198b-
[5;3H
[0;1m
[36m
[40mDevice :
[37m
[40m0
[18G
[0;1m
[36m
[40mVariant:
[37m
[40m    M1
[38G
[0;1m
[36m
[40mPCIe Bus Number:
[37m
[40m  01:00:00  
[39;49m
[37m
[40m  
[0;1m
[36m
[40mFirmware:
[37m
[40m  v2.7.1
[6;3H
[0;1m
[36m
[40mNPU Memory:
[39;49m
[37m
[40m  
[34m
[40m[|
[19X
[6;37H]
[39;49m
[37m
[40m 
[34m
[40m272.85 MiB / 3.92 GiB (6.79%) 
[7;5H
[0;1m
[35m
[40mCore :
[37m
[40m0 
[39;49m
[37m
[40m  
[0;1m
[35m
[40mUtil:
[37m
[40m  64.6% 
[39;49m
[37m
[40m  
[0;1m
[35m
[40mTemp:
[33m
[40m 66 
[39;49m
[37m
[40m  
[0;1m
[35m
[40mVoltage:
[37m
[40m 770 mV 
[39;49m
[37m
[40m  
[0;1m
[35m
[40mClock:
[37m
[40m 1000 MHz
[8;5H
[0;1m
[35m
[40mCore :
[37m
[40m1 
[39;49m
[37m
[40m  
[0;1m
[35m
[40mUtil:
[37m
[40m  46.5% 
[39;49m
[37m
[40m  
[0;1m
[35m
[40mTemp:
[33m
[40m 67 
[39;49m
[37m
[40m  
[0;1m
[35m
[40mVoltage:
[37m
[40m 770 mV 
[39;49m
[37m
[40m  
[0;1m
[35m
[40mClock:
[37m
[40m 1000 MHz
[9;5H
[0;1m
[35m
[40mCore :
[37m
[40m2 
[39;49m
[37m
[40m  
[0;1m
[35m
[40mUtil:
[37m
[40m  20.2% 
[39;49m
[37m
[40m  
[0;1m
[35m
[40mTemp:
[33m
[40m 68 
[39;49m
[37m
[40m  
[0;1m
[35m
[40mVoltage:
[37m
[40m 770 mV 
[39;49m
[37m
[40m  
[0;1m
[35m
[40mClock:
[37m
[40m 1000 MHz
[10d
[39;49m
[37m
[40m-
[198b-
[50;1HTotal Devices: 1
[50;190HPage: 1 / 
[?7l1
[?7h
[39;49m
[37m
[40m
[2J[DX-TOP]  (q) Quit   (n) Next Page   (p) Prev Page   (h) Help
[2dMon Jul 13 23:04:46 2026
[3dDX-RT: v3.4.0     NPU Device driver: v2.5.1     DX-TOP: v1.1.0
[4d-
[198b-
[5;3H
[0;1m
[36m
[40mDevice :
[37m
[40m0
[18G
[0;1m
[36m
[40mVariant:
[37m
[40m    M1
[38G
[0;1m
[36m
[40mPCIe Bus Number:
[37m
[40m  01:00:00  
[39;49m
[37m
[40m  
[0;1m
[36m
[40mFirmware:
[37m
[40m  v2.7.1
[6;3H
[0;1m
[36m
[40mNPU Memory:
[39;49m
[37m
[40m  
[34m
[40m[|
[19X
[6;37H]
[39;49m
[37m
[40m 
[34m
[40m272.85 MiB / 3.92 GiB (6.79%) 
[7;5H
[0;1m
[35m
[40mCore :
[37m
[40m0 
[39;49m
[37m
[40m  
[0;1m
[35m
[40mUtil:
[37m
[40m  69.4% 
[39;49m
[37m
[40m  
[0;1m
[35m
[40mTemp:
[33m
[40m 66 
[39;49m
[37m
[40m  
[0;1m
[35m
[40mVoltage:
[37m
[40m 765 mV 
[39;49m
[37m
[40m  
[0;1m
[35m
[40mClock:
[37m
[40m 1000 MHz
[8;5H
[0;1m
[35m
[40mCore :
[37m
[40m1 
[39;49m
[37m
[40m  
[0;1m
[35m
[40mUtil:
[37m
[40m  50.7% 
[39;49m
[37m
[40m  
[0;1m
[35m
[40mTemp:
[33m
[40m 67 
[39;49m
[37m
[40m  
[0;1m
[35m
[40mVoltage:
[37m
[40m 765 mV 
[39;49m
[37m
[40m  
[0;1m
[35m
[40mClock:
[37m
[40m 1000 MHz
[9;5H
[0;1m
[35m
[40mCore :
[37m
[40m2 
[39;49m
[37m
[40m  
[0;1m
[35m
[40mUtil:
[37m
[40m  17.5% 
[39;49m
[37m
[40m  
[0;1m
[35m
[40mTemp:
[33m
[40m 68 
[39;49m
[37m
[40m  
[0;1m
[35m
[40mVoltage:
[37m
[40m 765 mV 
[39;49m
[37m
[40m  
[0;1m
[35m
[40mClock:
[37m
[40m 1000 MHz
[10d
[39;49m
[37m
[40m-
[198b-
[50;1HTotal Devices: 1
[50;190HPage: 1 / 
[?7l1
[?7h
[39;49m
[37m
[40m
[2J[DX-TOP]  (q) Quit   (n) Next Page   (p) Prev Page   (h) Help
[2dMon Jul 13 23:04:48 2026
[3dDX-RT: v3.4.0     NPU Device driver: v2.5.1     DX-TOP: v1.1.0
[4d-
[198b-
[5;3H
[0;1m
[36m
[40mDevice :
[37m
[40m0
[18G
[0;1m
[36m
[40mVariant:
[37m
[40m    M1
[38G
[0;1m
[36m
[40mPCIe Bus Number:
[37m
[40m  01:00:00  
[39;49m
[37m
[40m  
[0;1m
[36m
[40mFirmware:
[37m
[40m  v2.7.1
[6;3H
[0;1m
[36m
[40mNPU Memory:
[39;49m
[37m
[40m  
[34m
[40m[|
[19X
[6;37H]
[39;49m
[37m
[40m 
[34m
[40m272.85 MiB / 3.92 GiB (6.79%) 
[7;5H
[0;1m
[35m
[40mCore :
[37m
[40m0 
[39;49m
[37m
[40m  
[0;1m
[35m
[40mUtil:
[37m
[40m  67.8% 
[39;49m
[37m
[40m  
[0;1m
[35m
[40mTemp:
[33m
[40m 66 
[39;49m
[37m
[40m  
[0;1m
[35m
[40mVoltage:
[37m
[40m 765 mV 
[39;49m
[37m
[40m  
[0;1m
[35m
[40mClock:
[37m
[40m 1000 MHz
[8;5H
[0;1m
[35m
[40mCore :
[37m
[40m1 
[39;49m
[37m
[40m  
[0;1m
[35m
[40mUtil:
[37m
[40m  56.2% 
[39;49m
[37m
[40m  
[0;1m
[35m
[40mTemp:
[33m
[40m 66 
[39;49m
[37m
[40m  
[0;1m
[35m
[40mVoltage:
[37m
[40m 765 mV 
[39;49m
[37m
[40m  
[0;1m
[35m
[40mClock:
[37m
[40m 1000 MHz
[9;5H
[0;1m
[35m
[40mCore :
[37m
[40m2 
[39;49m
[37m
[40m  
[0;1m
[35m
[40mUtil:
[37m
[40m  10.6% 
[39;49m
[37m
[40m  
[0;1m
[35m
[40mTemp:
[33m
[40m 67 
[39;49m
[37m
[40m  
[0;1m
[35m
[40mVoltage:
[37m
[40m 765 mV 
[39;49m
[37m
[40m  
[0;1m
[35m
[40mClock:
[37m
[40m 1000 MHz
[10d
[39;49m
[37m
[40m-
[198b-
[50;1HTotal Devices: 1
[50;190HPage: 1 / 
[?7l1
[?7h
[39;49m
[37m
[40m
[2J[DX-TOP]  (q) Quit   (n) Next Page   (p) Prev Page   (h) Help
[2dMon Jul 13 23:04:50 2026
[3dDX-RT: v3.4.0     NPU Device driver: v2.5.1     DX-TOP: v1.1.0
[4d-
[198b-
[5;3H
[0;1m
[36m
[40mDevice :
[37m
[40m0
[18G
[0;1m
[36m
[40mVariant:
[37m
[40m    M1
[38G
[0;1m
[36m
[40mPCIe Bus Number:
[37m
[40m  01:00:00  
[39;49m
[37m
[40m  
[0;1m
[36m
[40mFirmware:
[37m
[40m  v2.7.1
[6;3H
[0;1m
[36m
[40mNPU Memory:
[39;49m
[37m
[40m  
[34m
[40m[|
[19X
[6;37H]
[39;49m
[37m
[40m 
[34m
[40m272.85 MiB / 3.92 GiB (6.79%) 
[7;5H
[0;1m
[35m
[40mCore :
[37m
[40m0 
[39;49m
[37m
[40m  
[0;1m
[35m
[40mUtil:
[37m
[40m  65.7% 
[39;49m
[37m
[40m  
[0;1m
[35m
[40mTemp:
[33m
[40m 66 
[39;49m
[37m
[40m  
[0;1m
[35m
[40mVoltage:
[37m
[40m 760 mV 
[39;49m
[37m
[40m  
[0;1m
[35m
[40mClock:
[37m
[40m 1000 MHz
[8;5H
[0;1m
[35m
[40mCore :
[37m
[40m1 
[39;49m
[37m
[40m  
[0;1m
[35m
[40mUtil:
[37m
[40m  44.3% 
[39;49m
[37m
[40m  
[0;1m
[35m
[40mTemp:
[33m
[40m 66 
[39;49m
[37m
[40m  
[0;1m
[35m
[40mVoltage:
[37m
[40m 760 mV 
[39;49m
[37m
[40m  
[0;1m
[35m
[40mClock:
[37m
[40m 1000 MHz
[9;5H
[0;1m
[35m
[40mCore :
[37m
[40m2 
[39;49m
[37m
[40m  
[0;1m
[35m
[40mUtil:
[37m
[40m  25.1% 
[39;49m
[37m
[40m  
[0;1m
[35m
[40mTemp:
[33m
[40m 68 
[39;49m
[37m
[40m  
[0;1m
[35m
[40mVoltage:
[37m
[40m 760 mV 
[39;49m
[37m
[40m  
[0;1m
[35m
[40mClock:
[37m
[40m 1000 MHz
[10d
[39;49m
[37m
[40m-
[198b-
[50;1HTotal Devices: 1
[50;190HPage: 1 / 
[?7l1
[?7h
[39;49m
[37m
[40m
[2J[DX-TOP]  (q) Quit   (n) Next Page   (p) Prev Page   (h) Help
[2dMon Jul 13 23:04:52 2026
[3dDX-RT: v3.4.0     NPU Device driver: v2.5.1     DX-TOP: v1.1.0
[4d-
[198b-
[5;3H
[0;1m
[36m
[40mDevice :
[37m
[40m0
[18G
[0;1m
[36m
[40mVariant:
[37m
[40m    M1
[38G
[0;1m
[36m
[40mPCIe Bus Number:
[37m
[40m  01:00:00  
[39;49m
[37m
[40m  
[0;1m
[36m
[40mFirmware:
[37m
[40m  v2.7.1
[6;3H
[0;1m
[36m
[40mNPU Memory:
[39;49m
[37m
[40m  
[34m
[40m[|
[19X
[6;37H]
[39;49m
[37m
[40m 
[34m
[40m272.85 MiB / 3.92 GiB (6.79%) 
[7;5H
[0;1m
[35m
[40mCore :
[37m
[40m0 
[39;49m
[37m
[40m  
[0;1m
[35m
[40mUtil:
[37m
[40m  62.2% 
[39;49m
[37m
[40m  
[0;1m
[35m
[40mTemp:
[33m
[40m 67 
[39;49m
[37m
[40m  
[0;1m
[35m
[40mVoltage:
[37m
[40m 765 mV 
[39;49m
[37m
[40m  
[0;1m
[35m
[40mClock:
[37m
[40m 1000 MHz
[8;5H
[0;1m
[35m
[40mCore :
[37m
[40m1 
[39;49m
[37m
[40m  
[0;1m
[35m
[40mUtil:
[37m
[40m  50.4% 
[39;49m
[37m
[40m  
[0;1m
[35m
[40mTemp:
[33m
[40m 67 
[39;49m
[37m
[40m  
[0;1m
[35m
[40mVoltage:
[37m
[40m 765 mV 
[39;49m
[37m
[40m  
[0;1m
[35m
[40mClock:
[37m
[40m 1000 MHz
[9;5H
[0;1m
[35m
[40mCore :
[37m
[40m2 
[39;49m
[37m
[40m  
[0;1m
[35m
[40mUtil:
[37m
[40m  23.6% 
[39;49m
[37m
[40m  
[0;1m
[35m
[40mTemp:
[33m
[40m 68 
[39;49m
[37m
[40m  
[0;1m
[35m
[40mVoltage:
[37m
[40m 765 mV 
[39;49m
[37m
[40m  
[0;1m
[35m
[40mClock:
[37m
[40m 1000 MHz
[10d
[39;49m
[37m
[40m-
[198b-
[50;1HTotal Devices: 1
[50;190HPage: 1 / 
[?7l1
[?7h
[39;49m
[37m
[40m
[2J[DX-TOP]  (q) Quit   (n) Next Page   (p) Prev Page   (h) Help
[2dMon Jul 13 23:04:54 2026
[3dDX-RT: v3.4.0     NPU Device driver: v2.5.1     DX-TOP: v1.1.0
[4d-
[198b-
[5;3H
[0;1m
[36m
[40mDevice :
[37m
[40m0
[18G
[0;1m
[36m
[40mVariant:
[37m
[40m    M1
[38G
[0;1m
[36m
[40mPCIe Bus Number:
[37m
[40m  01:00:00  
[39;49m
[37m
[40m  
[0;1m
[36m
[40mFirmware:
[37m
[40m  v2.7.1
[6;3H
[0;1m
[36m
[40mNPU Memory:
[39;49m
[37m
[40m  
[34m
[40m[|
[19X
[6;37H]
[39;49m
[37m
[40m 
[34m
[40m272.85 MiB / 3.92 GiB (6.79%) 
[7;5H
[0;1m
[35m
[40mCore :
[37m
[40m0 
[39;49m
[37m
[40m  
[0;1m
[35m
[40mUtil:
[37m
[40m  59.4% 
[39;49m
[37m
[40m  
[0;1m
[35m
[40mTemp:
[33m
[40m 66 
[39;49m
[37m
[40m  
[0;1m
[35m
[40mVoltage:
[37m
[40m 770 mV 
[39;49m
[37m
[40m  
[0;1m
[35m
[40mClock:
[37m
[40m 1000 MHz
[8;5H
[0;1m
[35m
[40mCore :
[37m
[40m1 
[39;49m
[37m
[40m  
[0;1m
[35m
[40mUtil:
[37m
[40m  53.9% 
[39;49m
[37m
[40m  
[0;1m
[35m
[40mTemp:
[33m
[40m 67 
[39;49m
[37m
[40m  
[0;1m
[35m
[40mVoltage:
[37m
[40m 770 mV 
[39;49m
[37m
[40m  
[0;1m
[35m
[40mClock:
[37m
[40m 1000 MHz
[9;5H
[0;1m
[35m
[40mCore :
[37m
[40m2 
[39;49m
[37m
[40m  
[0;1m
[35m
[40mUtil:
[37m
[40m  24.7% 
[39;49m
[37m
[40m  
[0;1m
[35m
[40mTemp:
[33m
[40m 68 
[39;49m
[37m
[40m  
[0;1m
[35m
[40mVoltage:
[37m
[40m 770 mV 
[39;49m
[37m
[40m  
[0;1m
[35m
[40mClock:
[37m
[40m 1000 MHz
[10d
[39;49m
[37m
[40m-
[198b-
[50;1HTotal Devices: 1
[50;190HPage: 1 / 
[?7l1
[?7h
[39;49m
[37m
[40m
[2J[DX-TOP]  (q) Quit   (n) Next Page   (p) Prev Page   (h) Help
[2dMon Jul 13 23:04:56 2026
[3dDX-RT: v3.4.0     NPU Device driver: v2.5.1     DX-TOP: v1.1.0
[4d-
[198b-
[5;3H
[0;1m
[36m
[40mDevice :
[37m
[40m0
[18G
[0;1m
[36m
[40mVariant:
[37m
[40m    M1
[38G
[0;1m
[36m
[40mPCIe Bus Number:
[37m
[40m  01:00:00  
[39;49m
[37m
[40m  
[0;1m
[36m
[40mFirmware:
[37m
[40m  v2.7.1
[6;3H
[0;1m
[36m
[40mNPU Memory:
[39;49m
[37m
[40m  
[34m
[40m[|
[19X
[6;37H]
[39;49m
[37m
[40m 
[34m
[40m272.85 MiB / 3.92 GiB (6.79%) 
[7;5H
[0;1m
[35m
[40mCore :
[37m
[40m0 
[39;49m
[37m
[40m  
[0;1m
[35m
[40mUtil:
[37m
[40m  69.0% 
[39;49m
[37m
[40m  
[0;1m
[35m
[40mTemp:
[33m
[40m 66 
[39;49m
[37m
[40m  
[0;1m
[35m
[40mVoltage:
[37m
[40m 760 mV 
[39;49m
[37m
[40m  
[0;1m
[35m
[40mClock:
[37m
[40m 1000 MHz
[8;5H
[0;1m
[35m
[40mCore :
[37m
[40m1 
[39;49m
[37m
[40m  
[0;1m
[35m
[40mUtil:
[37m
[40m  47.8% 
[39;49m
[37m
[40m  
[0;1m
[35m
[40mTemp:
[33m
[40m 67 
[39;49m
[37m
[40m  
[0;1m
[35m
[40mVoltage:
[37m
[40m 760 mV 
[39;49m
[37m
[40m  
[0;1m
[35m
[40mClock:
[37m
[40m 1000 MHz
[9;5H
[0;1m
[35m
[40mCore :
[37m
[40m2 
[39;49m
[37m
[40m  
[0;1m
[35m
[40mUtil:
[37m
[40m  24.0% 
[39;49m
[37m
[40m  
[0;1m
[35m
[40mTemp:
[33m
[40m 68 
[39;49m
[37m
[40m  
[0;1m
[35m
[40mVoltage:
[37m
[40m 760 mV 
[39;49m
[37m
[40m  
[0;1m
[35m
[40mClock:
[37m
[40m 1000 MHz
[10d
[39;49m
[37m
[40m-
[198b-
[50;1HTotal Devices: 1
[50;190HPage: 1 / 
[?7l1
[?7h
[39;49m
[37m
[40m
[2J[DX-TOP]  (q) Quit   (n) Next Page   (p) Prev Page   (h) Help
[2dMon Jul 13 23:04:58 2026
[3dDX-RT: v3.4.0     NPU Device driver: v2.5.1     DX-TOP: v1.1.0
[4d-
[198b-
[5;3H
[0;1m
[36m
[40mDevice :
[37m
[40m0
[18G
[0;1m
[36m
[40mVariant:
[37m
[40m    M1
[38G
[0;1m
[36m
[40mPCIe Bus Number:
[37m
[40m  01:00:00  
[39;49m
[37m
[40m  
[0;1m
[36m
[40mFirmware:
[37m
[40m  v2.7.1
[6;3H
[0;1m
[36m
[40mNPU Memory:
[39;49m
[37m
[40m  
[34m
[40m[|
[19X
[6;37H]
[39;49m
[37m
[40m 
[34m
[40m272.85 MiB / 3.92 GiB (6.79%) 
[7;5H
[0;1m
[35m
[40mCore :
[37m
[40m0 
[39;49m
[37m
[40m  
[0;1m
[35m
[40mUtil:
[37m
[40m  70.7% 
[39;49m
[37m
[40m  
[0;1m
[35m
[40mTemp:
[33m
[40m 66 
[39;49m
[37m
[40m  
[0;1m
[35m
[40mVoltage:
[37m
[40m 760 mV 
[39;49m
[37m
[40m  
[0;1m
[35m
[40mClock:
[37m
[40m 1000 MHz
[8;5H
[0;1m
[35m
[40mCore :
[37m
[40m1 
[39;49m
[37m
[40m  
[0;1m
[35m
[40mUtil:
[37m
[40m  46.5% 
[39;49m
[37m
[40m  
[0;1m
[35m
[40mTemp:
[33m
[40m 66 
[39;49m
[37m
[40m  
[0;1m
[35m
[40mVoltage:
[37m
[40m 760 mV 
[39;49m
[37m
[40m  
[0;1m
[35m
[40mClock:
[37m
[40m 1000 MHz
[9;5H
[0;1m
[35m
[40mCore :
[37m
[40m2 
[39;49m
[37m
[40m  
[0;1m
[35m
[40mUtil:
[37m
[40m  17.3% 
[39;49m
[37m
[40m  
[0;1m
[35m
[40mTemp:
[33m
[40m 67 
[39;49m
[37m
[40m  
[0;1m
[35m
[40mVoltage:
[37m
[40m 760 mV 
[39;49m
[37m
[40m  
[0;1m
[35m
[40mClock:
[37m
[40m 1000 MHz
[10d
[39;49m
[37m
[40m-
[198b-
[50;1HTotal Devices: 1
[50;190HPage: 1 / 
[?7l1
[?7h
[39;49m
[37m
[40m
[2J[DX-TOP]  (q) Quit   (n) Next Page   (p) Prev Page   (h) Help
[2dMon Jul 13 23:05:00 2026
[3dDX-RT: v3.4.0     NPU Device driver: v2.5.1     DX-TOP: v1.1.0
[4d-
[198b-
[5;3H
[0;1m
[36m
[40mDevice :
[37m
[40m0
[18G
[0;1m
[36m
[40mVariant:
[37m
[40m    M1
[38G
[0;1m
[36m
[40mPCIe Bus Number:
[37m
[40m  01:00:00  
[39;49m
[37m
[40m  
[0;1m
[36m
[40mFirmware:
[37m
[40m  v2.7.1
[6;3H
[0;1m
[36m
[40mNPU Memory:
[39;49m
[37m
[40m  
[34m
[40m[|
[19X
[6;37H]
[39;49m
[37m
[40m 
[34m
[40m272.85 MiB / 3.92 GiB (6.79%) 
[7;5H
[0;1m
[35m
[40mCore :
[37m
[40m0 
[39;49m
[37m
[40m  
[0;1m
[35m
[40mUtil:
[37m
[40m  68.0% 
[39;49m
[37m
[40m  
[0;1m
[35m
[40mTemp:
[33m
[40m 63 
[39;49m
[37m
[40m  
[0;1m
[35m
[40mVoltage:
[37m
[40m 760 mV 
[39;49m
[37m
[40m  
[0;1m
[35m
[40mClock:
[37m
[40m 1000 MHz
[8;5H
[0;1m
[35m
[40mCore :
[37m
[40m1 
[39;49m
[37m
[40m  
[0;1m
[35m
[40mUtil:
[37m
[40m  50.1% 
[39;49m
[37m
[40m  
[0;1m
[35m
[40mTemp:
[33m
[40m 63 
[39;49m
[37m
[40m  
[0;1m
[35m
[40mVoltage:
[37m
[40m 760 mV 
[39;49m
[37m
[40m  
[0;1m
[35m
[40mClock:
[37m
[40m 1000 MHz
[9;5H
[0;1m
[35m
[40mCore :
[37m
[40m2 
[39;49m
[37m
[40m  
[0;1m
[35m
[40mUtil:
[37m
[40m  24.3% 
[39;49m
[37m
[40m  
[0;1m
[35m
[40mTemp:
[33m
[40m 64 
[39;49m
[37m
[40m  
[0;1m
[35m
[40mVoltage:
[37m
[40m 760 mV 
[39;49m
[37m
[40m  
[0;1m
[35m
[40mClock:
[37m
[40m 1000 MHz
[10d
[39;49m
[37m
[40m-
[198b-
[50;1HTotal Devices: 1
[50;190HPage: 1 / 
[?7l1
[?7h
Script done on 2026-07-13 23:05:02+09:00 [COMMAND_EXIT_CODE="0"]
