Script started on 2026-07-13 15:51:21+09:00 [COMMAND="stty rows 50 cols 200 2>/dev/null; exec dxtop" TERM="xterm-256color" TTY="/dev/pts/0" COLUMNS="-1" LINES="-1"]
[?1049h
[22;0;0t
[1;50r
[?7h
[?1h
[?25l
[39;49m
[39;49m
[37m
[40m
[2J[DX-TOP]  (q) Quit   (n) Next Page   (p) Prev Page   (h) Help
[2dMon Jul 13 15:51:21 2026
[3dDX-RT: v3.4.0     NPU Device driver: v2.5.1     DX-TOP: v1.1.0
[4d-
[198b-
[5;3H
[0;1m
[36m
[40mDevice :
[37m
[40m0
[18G
[0;1m
[36m
[40mVariant:
[37m
[40m    M1
[38G
[0;1m
[36m
[40mPCIe Bus Number:
[37m
[40m  01:00:00  
[39;49m
[37m
[40m  
[0;1m
[36m
[40mFirmware:
[37m
[40m  v2.7.1
[6;3H
[0;1m
[36m
[40mNPU Memory:
[39;49m
[37m
[40m  
[34m
[40m[
[20X
[6;37H]
[39;49m
[37m
[40m 
[34m
[40m4.00 KiB / 3.92 GiB (0.00%)   
[7;5H
[0;1m
[35m
[40mCore :
[37m
[40m0 
[39;49m
[37m
[40m  
[0;1m
[35m
[40mUtil:
[37m
[40m   0.0% 
[39;49m
[37m
[40m  
[0;1m
[35m
[40mTemp:
[33m
[40m 66 
[39;49m
[37m
[40m  
[0;1m
[35m
[40mVoltage:
[37m
[40m 750 mV 
[39;49m
[37m
[40m  
[0;1m
[35m
[40mClock:
[37m
[40m 1000 MHz
[8;5H
[0;1m
[35m
[40mCore :
[37m
[40m1 
[39;49m
[37m
[40m  
[0;1m
[35m
[40mUtil:
[37m
[40m   0.0% 
[39;49m
[37m
[40m  
[0;1m
[35m
[40mTemp:
[33m
[40m 66 
[39;49m
[37m
[40m  
[0;1m
[35m
[40mVoltage:
[37m
[40m 750 mV 
[39;49m
[37m
[40m  
[0;1m
[35m
[40mClock:
[37m
[40m 1000 MHz
[9;5H
[0;1m
[35m
[40mCore :
[37m
[40m2 
[39;49m
[37m
[40m  
[0;1m
[35m
[40mUtil:
[37m
[40m   0.0% 
[39;49m
[37m
[40m  
[0;1m
[35m
[40mTemp:
[33m
[40m 67 
[39;49m
[37m
[40m  
[0;1m
[35m
[40mVoltage:
[37m
[40m 750 mV 
[39;49m
[37m
[40m  
[0;1m
[35m
[40mClock:
[37m
[40m 1000 MHz
[10d
[39;49m
[37m
[40m-
[198b-
[50;1HTotal Devices: 1
[50;190HPage: 1 / 
[?7l1
[?7h
[39;49m
[37m
[40m
[2J[DX-TOP]  (q) Quit   (n) Next Page   (p) Prev Page   (h) Help
[2dMon Jul 13 15:51:23 2026
[3dDX-RT: v3.4.0     NPU Device driver: v2.5.1     DX-TOP: v1.1.0
[4d-
[198b-
[5;3H
[0;1m
[36m
[40mDevice :
[37m
[40m0
[18G
[0;1m
[36m
[40mVariant:
[37m
[40m    M1
[38G
[0;1m
[36m
[40mPCIe Bus Number:
[37m
[40m  01:00:00  
[39;49m
[37m
[40m  
[0;1m
[36m
[40mFirmware:
[37m
[40m  v2.7.1
[6;3H
[0;1m
[36m
[40mNPU Memory:
[39;49m
[37m
[40m  
[34m
[40m[|
[19X
[6;37H]
[39;49m
[37m
[40m 
[34m
[40m297.57 MiB / 3.92 GiB (7.41%) 
[7;5H
[0;1m
[35m
[40mCore :
[37m
[40m0 
[39;49m
[37m
[40m  
[0;1m
[35m
[40mUtil:
[37m
[40m  33.8% 
[39;49m
[37m
[40m  
[0;1m
[35m
[40mTemp:
[33m
[40m 70 
[39;49m
[37m
[40m  
[0;1m
[35m
[40mVoltage:
[37m
[40m 765 mV 
[39;49m
[37m
[40m  
[0;1m
[35m
[40mClock:
[37m
[40m 1000 MHz
[8;5H
[0;1m
[35m
[40mCore :
[37m
[40m1 
[39;49m
[37m
[40m  
[0;1m
[35m
[40mUtil:
[37m
[40m  25.7% 
[39;49m
[37m
[40m  
[0;1m
[35m
[40mTemp:
[33m
[40m 70 
[39;49m
[37m
[40m  
[0;1m
[35m
[40mVoltage:
[37m
[40m 765 mV 
[39;49m
[37m
[40m  
[0;1m
[35m
[40mClock:
[37m
[40m 1000 MHz
[9;5H
[0;1m
[35m
[40mCore :
[37m
[40m2 
[39;49m
[37m
[40m  
[0;1m
[35m
[40mUtil:
[37m
[40m  22.8% 
[39;49m
[37m
[40m  
[0;1m
[35m
[40mTemp:
[33m
[40m 72 
[39;49m
[37m
[40m  
[0;1m
[35m
[40mVoltage:
[37m
[40m 765 mV 
[39;49m
[37m
[40m  
[0;1m
[35m
[40mClock:
[37m
[40m 1000 MHz
[10d
[39;49m
[37m
[40m-
[198b-
[50;1HTotal Devices: 1
[50;190HPage: 1 / 
[?7l1
[?7h
[39;49m
[37m
[40m
[2J[DX-TOP]  (q) Quit   (n) Next Page   (p) Prev Page   (h) Help
[2dMon Jul 13 15:51:25 2026
[3dDX-RT: v3.4.0     NPU Device driver: v2.5.1     DX-TOP: v1.1.0
[4d-
[198b-
[5;3H
[0;1m
[36m
[40mDevice :
[37m
[40m0
[18G
[0;1m
[36m
[40mVariant:
[37m
[40m    M1
[38G
[0;1m
[36m
[40mPCIe Bus Number:
[37m
[40m  01:00:00  
[39;49m
[37m
[40m  
[0;1m
[36m
[40mFirmware:
[37m
[40m  v2.7.1
[6;3H
[0;1m
[36m
[40mNPU Memory:
[39;49m
[37m
[40m  
[34m
[40m[|
[19X
[6;37H]
[39;49m
[37m
[40m 
[34m
[40m297.57 MiB / 3.92 GiB (7.41%) 
[7;5H
[0;1m
[35m
[40mCore :
[37m
[40m0 
[39;49m
[37m
[40m  
[0;1m
[35m
[40mUtil:
[37m
[40m  84.6% 
[39;49m
[37m
[40m  
[0;1m
[35m
[40mTemp:
[33m
[40m 72 
[39;49m
[37m
[40m  
[0;1m
[35m
[40mVoltage:
[37m
[40m 765 mV 
[39;49m
[37m
[40m  
[0;1m
[35m
[40mClock:
[37m
[40m 1000 MHz
[8;5H
[0;1m
[35m
[40mCore :
[37m
[40m1 
[39;49m
[37m
[40m  
[0;1m
[35m
[40mUtil:
[37m
[40m  85.0% 
[39;49m
[37m
[40m  
[0;1m
[35m
[40mTemp:
[33m
[40m 72 
[39;49m
[37m
[40m  
[0;1m
[35m
[40mVoltage:
[37m
[40m 765 mV 
[39;49m
[37m
[40m  
[0;1m
[35m
[40mClock:
[37m
[40m 1000 MHz
[9;5H
[0;1m
[35m
[40mCore :
[37m
[40m2 
[39;49m
[37m
[40m  
[0;1m
[35m
[40mUtil:
[37m
[40m  78.8% 
[39;49m
[37m
[40m  
[0;1m
[35m
[40mTemp:
[33m
[40m 73 
[39;49m
[37m
[40m  
[0;1m
[35m
[40mVoltage:
[37m
[40m 765 mV 
[39;49m
[37m
[40m  
[0;1m
[35m
[40mClock:
[37m
[40m 1000 MHz
[10d
[39;49m
[37m
[40m-
[198b-
[50;1HTotal Devices: 1
[50;190HPage: 1 / 
[?7l1
[?7h
[39;49m
[37m
[40m
[2J[DX-TOP]  (q) Quit   (n) Next Page   (p) Prev Page   (h) Help
[2dMon Jul 13 15:51:27 2026
[3dDX-RT: v3.4.0     NPU Device driver: v2.5.1     DX-TOP: v1.1.0
[4d-
[198b-
[5;3H
[0;1m
[36m
[40mDevice :
[37m
[40m0
[18G
[0;1m
[36m
[40mVariant:
[37m
[40m    M1
[38G
[0;1m
[36m
[40mPCIe Bus Number:
[37m
[40m  01:00:00  
[39;49m
[37m
[40m  
[0;1m
[36m
[40mFirmware:
[37m
[40m  v2.7.1
[6;3H
[0;1m
[36m
[40mNPU Memory:
[39;49m
[37m
[40m  
[34m
[40m[|
[19X
[6;37H]
[39;49m
[37m
[40m 
[34m
[40m297.57 MiB / 3.92 GiB (7.41%) 
[7;5H
[0;1m
[35m
[40mCore :
[37m
[40m0 
[39;49m
[37m
[40m  
[0;1m
[35m
[40mUtil:
[37m
[40m  83.7% 
[39;49m
[37m
[40m  
[0;1m
[35m
[40mTemp:
[33m
[40m 72 
[39;49m
[37m
[40m  
[0;1m
[35m
[40mVoltage:
[37m
[40m 760 mV 
[39;49m
[37m
[40m  
[0;1m
[35m
[40mClock:
[37m
[40m 1000 MHz
[8;5H
[0;1m
[35m
[40mCore :
[37m
[40m1 
[39;49m
[37m
[40m  
[0;1m
[35m
[40mUtil:
[37m
[40m  74.8% 
[39;49m
[37m
[40m  
[0;1m
[35m
[40mTemp:
[33m
[40m 72 
[39;49m
[37m
[40m  
[0;1m
[35m
[40mVoltage:
[37m
[40m 760 mV 
[39;49m
[37m
[40m  
[0;1m
[35m
[40mClock:
[37m
[40m 1000 MHz
[9;5H
[0;1m
[35m
[40mCore :
[37m
[40m2 
[39;49m
[37m
[40m  
[0;1m
[35m
[40mUtil:
[37m
[40m  68.5% 
[39;49m
[37m
[40m  
[0;1m
[35m
[40mTemp:
[33m
[40m 73 
[39;49m
[37m
[40m  
[0;1m
[35m
[40mVoltage:
[37m
[40m 760 mV 
[39;49m
[37m
[40m  
[0;1m
[35m
[40mClock:
[37m
[40m 1000 MHz
[10d
[39;49m
[37m
[40m-
[198b-
[50;1HTotal Devices: 1
[50;190HPage: 1 / 
[?7l1
[?7h
[39;49m
[37m
[40m
[2J[DX-TOP]  (q) Quit   (n) Next Page   (p) Prev Page   (h) Help
[2dMon Jul 13 15:51:29 2026
[3dDX-RT: v3.4.0     NPU Device driver: v2.5.1     DX-TOP: v1.1.0
[4d-
[198b-
[5;3H
[0;1m
[36m
[40mDevice :
[37m
[40m0
[18G
[0;1m
[36m
[40mVariant:
[37m
[40m    M1
[38G
[0;1m
[36m
[40mPCIe Bus Number:
[37m
[40m  01:00:00  
[39;49m
[37m
[40m  
[0;1m
[36m
[40mFirmware:
[37m
[40m  v2.7.1
[6;3H
[0;1m
[36m
[40mNPU Memory:
[39;49m
[37m
[40m  
[34m
[40m[|
[19X
[6;37H]
[39;49m
[37m
[40m 
[34m
[40m297.57 MiB / 3.92 GiB (7.41%) 
[7;5H
[0;1m
[35m
[40mCore :
[37m
[40m0 
[39;49m
[37m
[40m  
[0;1m
[35m
[40mUtil:
[37m
[40m  80.7% 
[39;49m
[37m
[40m  
[0;1m
[35m
[40mTemp:
[33m
[40m 71 
[39;49m
[37m
[40m  
[0;1m
[35m
[40mVoltage:
[37m
[40m 765 mV 
[39;49m
[37m
[40m  
[0;1m
[35m
[40mClock:
[37m
[40m 1000 MHz
[8;5H
[0;1m
[35m
[40mCore :
[37m
[40m1 
[39;49m
[37m
[40m  
[0;1m
[35m
[40mUtil:
[37m
[40m  80.4% 
[39;49m
[37m
[40m  
[0;1m
[35m
[40mTemp:
[33m
[40m 72 
[39;49m
[37m
[40m  
[0;1m
[35m
[40mVoltage:
[37m
[40m 765 mV 
[39;49m
[37m
[40m  
[0;1m
[35m
[40mClock:
[37m
[40m 1000 MHz
[9;5H
[0;1m
[35m
[40mCore :
[37m
[40m2 
[39;49m
[37m
[40m  
[0;1m
[35m
[40mUtil:
[37m
[40m  59.2% 
[39;49m
[37m
[40m  
[0;1m
[35m
[40mTemp:
[33m
[40m 74 
[39;49m
[37m
[40m  
[0;1m
[35m
[40mVoltage:
[37m
[40m 765 mV 
[39;49m
[37m
[40m  
[0;1m
[35m
[40mClock:
[37m
[40m 1000 MHz
[10d
[39;49m
[37m
[40m-
[198b-
[50;1HTotal Devices: 1
[50;190HPage: 1 / 
[?7l1
[?7h
[39;49m
[37m
[40m
[2J[DX-TOP]  (q) Quit   (n) Next Page   (p) Prev Page   (h) Help
[2dMon Jul 13 15:51:31 2026
[3dDX-RT: v3.4.0     NPU Device driver: v2.5.1     DX-TOP: v1.1.0
[4d-
[198b-
[5;3H
[0;1m
[36m
[40mDevice :
[37m
[40m0
[18G
[0;1m
[36m
[40mVariant:
[37m
[40m    M1
[38G
[0;1m
[36m
[40mPCIe Bus Number:
[37m
[40m  01:00:00  
[39;49m
[37m
[40m  
[0;1m
[36m
[40mFirmware:
[37m
[40m  v2.7.1
[6;3H
[0;1m
[36m
[40mNPU Memory:
[39;49m
[37m
[40m  
[34m
[40m[|
[19X
[6;37H]
[39;49m
[37m
[40m 
[34m
[40m297.57 MiB / 3.92 GiB (7.41%) 
[7;5H
[0;1m
[35m
[40mCore :
[37m
[40m0 
[39;49m
[37m
[40m  
[0;1m
[35m
[40mUtil:
[37m
[40m  84.2% 
[39;49m
[37m
[40m  
[0;1m
[35m
[40mTemp:
[33m
[40m 72 
[39;49m
[37m
[40m  
[0;1m
[35m
[40mVoltage:
[37m
[40m 770 mV 
[39;49m
[37m
[40m  
[0;1m
[35m
[40mClock:
[37m
[40m 1000 MHz
[8;5H
[0;1m
[35m
[40mCore :
[37m
[40m1 
[39;49m
[37m
[40m  
[0;1m
[35m
[40mUtil:
[37m
[40m  81.3% 
[39;49m
[37m
[40m  
[0;1m
[35m
[40mTemp:
[33m
[40m 72 
[39;49m
[37m
[40m  
[0;1m
[35m
[40mVoltage:
[37m
[40m 770 mV 
[39;49m
[37m
[40m  
[0;1m
[35m
[40mClock:
[37m
[40m 1000 MHz
[9;5H
[0;1m
[35m
[40mCore :
[37m
[40m2 
[39;49m
[37m
[40m  
[0;1m
[35m
[40mUtil:
[37m
[40m  78.3% 
[39;49m
[37m
[40m  
[0;1m
[35m
[40mTemp:
[33m
[40m 74 
[39;49m
[37m
[40m  
[0;1m
[35m
[40mVoltage:
[37m
[40m 770 mV 
[39;49m
[37m
[40m  
[0;1m
[35m
[40mClock:
[37m
[40m 1000 MHz
[10d
[39;49m
[37m
[40m-
[198b-
[50;1HTotal Devices: 1
[50;190HPage: 1 / 
[?7l1
[?7h
[39;49m
[37m
[40m
[2J[DX-TOP]  (q) Quit   (n) Next Page   (p) Prev Page   (h) Help
[2dMon Jul 13 15:51:33 2026
[3dDX-RT: v3.4.0     NPU Device driver: v2.5.1     DX-TOP: v1.1.0
[4d-
[198b-
[5;3H
[0;1m
[36m
[40mDevice :
[37m
[40m0
[18G
[0;1m
[36m
[40mVariant:
[37m
[40m    M1
[38G
[0;1m
[36m
[40mPCIe Bus Number:
[37m
[40m  01:00:00  
[39;49m
[37m
[40m  
[0;1m
[36m
[40mFirmware:
[37m
[40m  v2.7.1
[6;3H
[0;1m
[36m
[40mNPU Memory:
[39;49m
[37m
[40m  
[34m
[40m[|
[19X
[6;37H]
[39;49m
[37m
[40m 
[34m
[40m297.57 MiB / 3.92 GiB (7.41%) 
[7;5H
[0;1m
[35m
[40mCore :
[37m
[40m0 
[39;49m
[37m
[40m  
[0;1m
[35m
[40mUtil:
[37m
[40m  81.9% 
[39;49m
[37m
[40m  
[0;1m
[35m
[40mTemp:
[33m
[40m 72 
[39;49m
[37m
[40m  
[0;1m
[35m
[40mVoltage:
[37m
[40m 765 mV 
[39;49m
[37m
[40m  
[0;1m
[35m
[40mClock:
[37m
[40m 1000 MHz
[8;5H
[0;1m
[35m
[40mCore :
[37m
[40m1 
[39;49m
[37m
[40m  
[0;1m
[35m
[40mUtil:
[37m
[40m  85.0% 
[39;49m
[37m
[40m  
[0;1m
[35m
[40mTemp:
[33m
[40m 73 
[39;49m
[37m
[40m  
[0;1m
[35m
[40mVoltage:
[37m
[40m 765 mV 
[39;49m
[37m
[40m  
[0;1m
[35m
[40mClock:
[37m
[40m 1000 MHz
[9;5H
[0;1m
[35m
[40mCore :
[37m
[40m2 
[39;49m
[37m
[40m  
[0;1m
[35m
[40mUtil:
[37m
[40m  73.1% 
[39;49m
[37m
[40m  
[0;1m
[35m
[40mTemp:
[33m
[40m 74 
[39;49m
[37m
[40m  
[0;1m
[35m
[40mVoltage:
[37m
[40m 765 mV 
[39;49m
[37m
[40m  
[0;1m
[35m
[40mClock:
[37m
[40m 1000 MHz
[10d
[39;49m
[37m
[40m-
[198b-
[50;1HTotal Devices: 1
[50;190HPage: 1 / 
[?7l1
[?7h
[39;49m
[37m
[40m
[2J[DX-TOP]  (q) Quit   (n) Next Page   (p) Prev Page   (h) Help
[2dMon Jul 13 15:51:35 2026
[3dDX-RT: v3.4.0     NPU Device driver: v2.5.1     DX-TOP: v1.1.0
[4d-
[198b-
[5;3H
[0;1m
[36m
[40mDevice :
[37m
[40m0
[18G
[0;1m
[36m
[40mVariant:
[37m
[40m    M1
[38G
[0;1m
[36m
[40mPCIe Bus Number:
[37m
[40m  01:00:00  
[39;49m
[37m
[40m  
[0;1m
[36m
[40mFirmware:
[37m
[40m  v2.7.1
[6;3H
[0;1m
[36m
[40mNPU Memory:
[39;49m
[37m
[40m  
[34m
[40m[|
[19X
[6;37H]
[39;49m
[37m
[40m 
[34m
[40m297.57 MiB / 3.92 GiB (7.41%) 
[7;5H
[0;1m
[35m
[40mCore :
[37m
[40m0 
[39;49m
[37m
[40m  
[0;1m
[35m
[40mUtil:
[37m
[40m  81.8% 
[39;49m
[37m
[40m  
[0;1m
[35m
[40mTemp:
[33m
[40m 73 
[39;49m
[37m
[40m  
[0;1m
[35m
[40mVoltage:
[37m
[40m 770 mV 
[39;49m
[37m
[40m  
[0;1m
[35m
[40mClock:
[37m
[40m 1000 MHz
[8;5H
[0;1m
[35m
[40mCore :
[37m
[40m1 
[39;49m
[37m
[40m  
[0;1m
[35m
[40mUtil:
[37m
[40m  70.2% 
[39;49m
[37m
[40m  
[0;1m
[35m
[40mTemp:
[33m
[40m 72 
[39;49m
[37m
[40m  
[0;1m
[35m
[40mVoltage:
[37m
[40m 770 mV 
[39;49m
[37m
[40m  
[0;1m
[35m
[40mClock:
[37m
[40m 1000 MHz
[9;5H
[0;1m
[35m
[40mCore :
[37m
[40m2 
[39;49m
[37m
[40m  
[0;1m
[35m
[40mUtil:
[37m
[40m  61.1% 
[39;49m
[37m
[40m  
[0;1m
[35m
[40mTemp:
[33m
[40m 74 
[39;49m
[37m
[40m  
[0;1m
[35m
[40mVoltage:
[37m
[40m 770 mV 
[39;49m
[37m
[40m  
[0;1m
[35m
[40mClock:
[37m
[40m 1000 MHz
[10d
[39;49m
[37m
[40m-
[198b-
[50;1HTotal Devices: 1
[50;190HPage: 1 / 
[?7l1
[?7h
[39;49m
[37m
[40m
[2J[DX-TOP]  (q) Quit   (n) Next Page   (p) Prev Page   (h) Help
[2dMon Jul 13 15:51:37 2026
[3dDX-RT: v3.4.0     NPU Device driver: v2.5.1     DX-TOP: v1.1.0
[4d-
[198b-
[5;3H
[0;1m
[36m
[40mDevice :
[37m
[40m0
[18G
[0;1m
[36m
[40mVariant:
[37m
[40m    M1
[38G
[0;1m
[36m
[40mPCIe Bus Number:
[37m
[40m  01:00:00  
[39;49m
[37m
[40m  
[0;1m
[36m
[40mFirmware:
[37m
[40m  v2.7.1
[6;3H
[0;1m
[36m
[40mNPU Memory:
[39;49m
[37m
[40m  
[34m
[40m[|
[19X
[6;37H]
[39;49m
[37m
[40m 
[34m
[40m297.57 MiB / 3.92 GiB (7.41%) 
[7;5H
[0;1m
[35m
[40mCore :
[37m
[40m0 
[39;49m
[37m
[40m  
[0;1m
[35m
[40mUtil:
[37m
[40m  81.4% 
[39;49m
[37m
[40m  
[0;1m
[35m
[40mTemp:
[33m
[40m 72 
[39;49m
[37m
[40m  
[0;1m
[35m
[40mVoltage:
[37m
[40m 770 mV 
[39;49m
[37m
[40m  
[0;1m
[35m
[40mClock:
[37m
[40m 1000 MHz
[8;5H
[0;1m
[35m
[40mCore :
[37m
[40m1 
[39;49m
[37m
[40m  
[0;1m
[35m
[40mUtil:
[37m
[40m  84.6% 
[39;49m
[37m
[40m  
[0;1m
[35m
[40mTemp:
[33m
[40m 73 
[39;49m
[37m
[40m  
[0;1m
[35m
[40mVoltage:
[37m
[40m 770 mV 
[39;49m
[37m
[40m  
[0;1m
[35m
[40mClock:
[37m
[40m 1000 MHz
[9;5H
[0;1m
[35m
[40mCore :
[37m
[40m2 
[39;49m
[37m
[40m  
[0;1m
[35m
[40mUtil:
[37m
[40m  78.6% 
[39;49m
[37m
[40m  
[0;1m
[35m
[40mTemp:
[33m
[40m 74 
[39;49m
[37m
[40m  
[0;1m
[35m
[40mVoltage:
[37m
[40m 770 mV 
[39;49m
[37m
[40m  
[0;1m
[35m
[40mClock:
[37m
[40m 1000 MHz
[10d
[39;49m
[37m
[40m-
[198b-
[50;1HTotal Devices: 1
[50;190HPage: 1 / 
[?7l1
[?7h
[39;49m
[37m
[40m
[2J[DX-TOP]  (q) Quit   (n) Next Page   (p) Prev Page   (h) Help
[2dMon Jul 13 15:51:39 2026
[3dDX-RT: v3.4.0     NPU Device driver: v2.5.1     DX-TOP: v1.1.0
[4d-
[198b-
[5;3H
[0;1m
[36m
[40mDevice :
[37m
[40m0
[18G
[0;1m
[36m
[40mVariant:
[37m
[40m    M1
[38G
[0;1m
[36m
[40mPCIe Bus Number:
[37m
[40m  01:00:00  
[39;49m
[37m
[40m  
[0;1m
[36m
[40mFirmware:
[37m
[40m  v2.7.1
[6;3H
[0;1m
[36m
[40mNPU Memory:
[39;49m
[37m
[40m  
[34m
[40m[|
[19X
[6;37H]
[39;49m
[37m
[40m 
[34m
[40m297.57 MiB / 3.92 GiB (7.41%) 
[7;5H
[0;1m
[35m
[40mCore :
[37m
[40m0 
[39;49m
[37m
[40m  
[0;1m
[35m
[40mUtil:
[37m
[40m  79.4% 
[39;49m
[37m
[40m  
[0;1m
[35m
[40mTemp:
[33m
[40m 73 
[39;49m
[37m
[40m  
[0;1m
[35m
[40mVoltage:
[37m
[40m 770 mV 
[39;49m
[37m
[40m  
[0;1m
[35m
[40mClock:
[37m
[40m 1000 MHz
[8;5H
[0;1m
[35m
[40mCore :
[37m
[40m1 
[39;49m
[37m
[40m  
[0;1m
[35m
[40mUtil:
[37m
[40m  76.1% 
[39;49m
[37m
[40m  
[0;1m
[35m
[40mTemp:
[33m
[40m 73 
[39;49m
[37m
[40m  
[0;1m
[35m
[40mVoltage:
[37m
[40m 770 mV 
[39;49m
[37m
[40m  
[0;1m
[35m
[40mClock:
[37m
[40m 1000 MHz
[9;5H
[0;1m
[35m
[40mCore :
[37m
[40m2 
[39;49m
[37m
[40m  
[0;1m
[35m
[40mUtil:
[37m
[40m  78.8% 
[39;49m
[37m
[40m  
[0;1m
[35m
[40mTemp:
[33m
[40m 75 
[39;49m
[37m
[40m  
[0;1m
[35m
[40mVoltage:
[37m
[40m 770 mV 
[39;49m
[37m
[40m  
[0;1m
[35m
[40mClock:
[37m
[40m 1000 MHz
[10d
[39;49m
[37m
[40m-
[198b-
[50;1HTotal Devices: 1
[50;190HPage: 1 / 
[?7l1
[?7h
[39;49m
[37m
[40m
[2J[DX-TOP]  (q) Quit   (n) Next Page   (p) Prev Page   (h) Help
[2dMon Jul 13 15:51:41 2026
[3dDX-RT: v3.4.0     NPU Device driver: v2.5.1     DX-TOP: v1.1.0
[4d-
[198b-
[5;3H
[0;1m
[36m
[40mDevice :
[37m
[40m0
[18G
[0;1m
[36m
[40mVariant:
[37m
[40m    M1
[38G
[0;1m
[36m
[40mPCIe Bus Number:
[37m
[40m  01:00:00  
[39;49m
[37m
[40m  
[0;1m
[36m
[40mFirmware:
[37m
[40m  v2.7.1
[6;3H
[0;1m
[36m
[40mNPU Memory:
[39;49m
[37m
[40m  
[34m
[40m[|
[19X
[6;37H]
[39;49m
[37m
[40m 
[34m
[40m297.57 MiB / 3.92 GiB (7.41%) 
[7;5H
[0;1m
[35m
[40mCore :
[37m
[40m0 
[39;49m
[37m
[40m  
[0;1m
[35m
[40mUtil:
[37m
[40m  80.5% 
[39;49m
[37m
[40m  
[0;1m
[35m
[40mTemp:
[33m
[40m 73 
[39;49m
[37m
[40m  
[0;1m
[35m
[40mVoltage:
[37m
[40m 765 mV 
[39;49m
[37m
[40m  
[0;1m
[35m
[40mClock:
[37m
[40m 1000 MHz
[8;5H
[0;1m
[35m
[40mCore :
[37m
[40m1 
[39;49m
[37m
[40m  
[0;1m
[35m
[40mUtil:
[37m
[40m  80.2% 
[39;49m
[37m
[40m  
[0;1m
[35m
[40mTemp:
[33m
[40m 72 
[39;49m
[37m
[40m  
[0;1m
[35m
[40mVoltage:
[37m
[40m 765 mV 
[39;49m
[37m
[40m  
[0;1m
[35m
[40mClock:
[37m
[40m 1000 MHz
[9;5H
[0;1m
[35m
[40mCore :
[37m
[40m2 
[39;49m
[37m
[40m  
[0;1m
[35m
[40mUtil:
[37m
[40m  77.6% 
[39;49m
[37m
[40m  
[0;1m
[35m
[40mTemp:
[33m
[40m 73 
[39;49m
[37m
[40m  
[0;1m
[35m
[40mVoltage:
[37m
[40m 765 mV 
[39;49m
[37m
[40m  
[0;1m
[35m
[40mClock:
[37m
[40m 1000 MHz
[10d
[39;49m
[37m
[40m-
[198b-
[50;1HTotal Devices: 1
[50;190HPage: 1 / 
[?7l1
[?7h
[39;49m
[37m
[40m
[2J[DX-TOP]  (q) Quit   (n) Next Page   (p) Prev Page   (h) Help
[2dMon Jul 13 15:51:43 2026
[3dDX-RT: v3.4.0     NPU Device driver: v2.5.1     DX-TOP: v1.1.0
[4d-
[198b-
[5;3H
[0;1m
[36m
[40mDevice :
[37m
[40m0
[18G
[0;1m
[36m
[40mVariant:
[37m
[40m    M1
[38G
[0;1m
[36m
[40mPCIe Bus Number:
[37m
[40m  01:00:00  
[39;49m
[37m
[40m  
[0;1m
[36m
[40mFirmware:
[37m
[40m  v2.7.1
[6;3H
[0;1m
[36m
[40mNPU Memory:
[39;49m
[37m
[40m  
[34m
[40m[|
[19X
[6;37H]
[39;49m
[37m
[40m 
[34m
[40m297.57 MiB / 3.92 GiB (7.41%) 
[7;5H
[0;1m
[35m
[40mCore :
[37m
[40m0 
[39;49m
[37m
[40m  
[0;1m
[35m
[40mUtil:
[37m
[40m  84.5% 
[39;49m
[37m
[40m  
[0;1m
[35m
[40mTemp:
[33m
[40m 73 
[39;49m
[37m
[40m  
[0;1m
[35m
[40mVoltage:
[37m
[40m 775 mV 
[39;49m
[37m
[40m  
[0;1m
[35m
[40mClock:
[37m
[40m 1000 MHz
[8;5H
[0;1m
[35m
[40mCore :
[37m
[40m1 
[39;49m
[37m
[40m  
[0;1m
[35m
[40mUtil:
[37m
[40m  84.4% 
[39;49m
[37m
[40m  
[0;1m
[35m
[40mTemp:
[33m
[40m 73 
[39;49m
[37m
[40m  
[0;1m
[35m
[40mVoltage:
[37m
[40m 775 mV 
[39;49m
[37m
[40m  
[0;1m
[35m
[40mClock:
[37m
[40m 1000 MHz
[9;5H
[0;1m
[35m
[40mCore :
[37m
[40m2 
[39;49m
[37m
[40m  
[0;1m
[35m
[40mUtil:
[37m
[40m  78.4% 
[39;49m
[37m
[40m  
[0;1m
[35m
[40mTemp:
[33m
[40m 74 
[39;49m
[37m
[40m  
[0;1m
[35m
[40mVoltage:
[37m
[40m 775 mV 
[39;49m
[37m
[40m  
[0;1m
[35m
[40mClock:
[37m
[40m 1000 MHz
[10d
[39;49m
[37m
[40m-
[198b-
[50;1HTotal Devices: 1
[50;190HPage: 1 / 
[?7l1
[?7h
[39;49m
[37m
[40m
[2J[DX-TOP]  (q) Quit   (n) Next Page   (p) Prev Page   (h) Help
[2dMon Jul 13 15:51:45 2026
[3dDX-RT: v3.4.0     NPU Device driver: v2.5.1     DX-TOP: v1.1.0
[4d-
[198b-
[5;3H
[0;1m
[36m
[40mDevice :
[37m
[40m0
[18G
[0;1m
[36m
[40mVariant:
[37m
[40m    M1
[38G
[0;1m
[36m
[40mPCIe Bus Number:
[37m
[40m  01:00:00  
[39;49m
[37m
[40m  
[0;1m
[36m
[40mFirmware:
[37m
[40m  v2.7.1
[6;3H
[0;1m
[36m
[40mNPU Memory:
[39;49m
[37m
[40m  
[34m
[40m[|
[19X
[6;37H]
[39;49m
[37m
[40m 
[34m
[40m297.57 MiB / 3.92 GiB (7.41%) 
[7;5H
[0;1m
[35m
[40mCore :
[37m
[40m0 
[39;49m
[37m
[40m  
[0;1m
[35m
[40mUtil:
[37m
[40m  84.3% 
[39;49m
[37m
[40m  
[0;1m
[35m
[40mTemp:
[33m
[40m 73 
[39;49m
[37m
[40m  
[0;1m
[35m
[40mVoltage:
[37m
[40m 765 mV 
[39;49m
[37m
[40m  
[0;1m
[35m
[40mClock:
[37m
[40m 1000 MHz
[8;5H
[0;1m
[35m
[40mCore :
[37m
[40m1 
[39;49m
[37m
[40m  
[0;1m
[35m
[40mUtil:
[37m
[40m  80.7% 
[39;49m
[37m
[40m  
[0;1m
[35m
[40mTemp:
[33m
[40m 72 
[39;49m
[37m
[40m  
[0;1m
[35m
[40mVoltage:
[37m
[40m 765 mV 
[39;49m
[37m
[40m  
[0;1m
[35m
[40mClock:
[37m
[40m 1000 MHz
[9;5H
[0;1m
[35m
[40mCore :
[37m
[40m2 
[39;49m
[37m
[40m  
[0;1m
[35m
[40mUtil:
[37m
[40m  81.0% 
[39;49m
[37m
[40m  
[0;1m
[35m
[40mTemp:
[33m
[40m 74 
[39;49m
[37m
[40m  
[0;1m
[35m
[40mVoltage:
[37m
[40m 765 mV 
[39;49m
[37m
[40m  
[0;1m
[35m
[40mClock:
[37m
[40m 1000 MHz
[10d
[39;49m
[37m
[40m-
[198b-
[50;1HTotal Devices: 1
[50;190HPage: 1 / 
[?7l1
[?7h
[39;49m
[37m
[40m
[2J[DX-TOP]  (q) Quit   (n) Next Page   (p) Prev Page   (h) Help
[2dMon Jul 13 15:51:47 2026
[3dDX-RT: v3.4.0     NPU Device driver: v2.5.1     DX-TOP: v1.1.0
[4d-
[198b-
[5;3H
[0;1m
[36m
[40mDevice :
[37m
[40m0
[18G
[0;1m
[36m
[40mVariant:
[37m
[40m    M1
[38G
[0;1m
[36m
[40mPCIe Bus Number:
[37m
[40m  01:00:00  
[39;49m
[37m
[40m  
[0;1m
[36m
[40mFirmware:
[37m
[40m  v2.7.1
[6;3H
[0;1m
[36m
[40mNPU Memory:
[39;49m
[37m
[40m  
[34m
[40m[|
[19X
[6;37H]
[39;49m
[37m
[40m 
[34m
[40m297.57 MiB / 3.92 GiB (7.41%) 
[7;5H
[0;1m
[35m
[40mCore :
[37m
[40m0 
[39;49m
[37m
[40m  
[0;1m
[35m
[40mUtil:
[37m
[40m  84.3% 
[39;49m
[37m
[40m  
[0;1m
[35m
[40mTemp:
[33m
[40m 73 
[39;49m
[37m
[40m  
[0;1m
[35m
[40mVoltage:
[37m
[40m 760 mV 
[39;49m
[37m
[40m  
[0;1m
[35m
[40mClock:
[37m
[40m 1000 MHz
[8;5H
[0;1m
[35m
[40mCore :
[37m
[40m1 
[39;49m
[37m
[40m  
[0;1m
[35m
[40mUtil:
[37m
[40m  84.3% 
[39;49m
[37m
[40m  
[0;1m
[35m
[40mTemp:
[33m
[40m 73 
[39;49m
[37m
[40m  
[0;1m
[35m
[40mVoltage:
[37m
[40m 760 mV 
[39;49m
[37m
[40m  
[0;1m
[35m
[40mClock:
[37m
[40m 1000 MHz
[9;5H
[0;1m
[35m
[40mCore :
[37m
[40m2 
[39;49m
[37m
[40m  
[0;1m
[35m
[40mUtil:
[37m
[40m  75.5% 
[39;49m
[37m
[40m  
[0;1m
[35m
[40mTemp:
[33m
[40m 74 
[39;49m
[37m
[40m  
[0;1m
[35m
[40mVoltage:
[37m
[40m 760 mV 
[39;49m
[37m
[40m  
[0;1m
[35m
[40mClock:
[37m
[40m 1000 MHz
[10d
[39;49m
[37m
[40m-
[198b-
[50;1HTotal Devices: 1
[50;190HPage: 1 / 
[?7l1
[?7h
[39;49m
[37m
[40m
[2J[DX-TOP]  (q) Quit   (n) Next Page   (p) Prev Page   (h) Help
[2dMon Jul 13 15:51:49 2026
[3dDX-RT: v3.4.0     NPU Device driver: v2.5.1     DX-TOP: v1.1.0
[4d-
[198b-
[5;3H
[0;1m
[36m
[40mDevice :
[37m
[40m0
[18G
[0;1m
[36m
[40mVariant:
[37m
[40m    M1
[38G
[0;1m
[36m
[40mPCIe Bus Number:
[37m
[40m  01:00:00  
[39;49m
[37m
[40m  
[0;1m
[36m
[40mFirmware:
[37m
[40m  v2.7.1
[6;3H
[0;1m
[36m
[40mNPU Memory:
[39;49m
[37m
[40m  
[34m
[40m[|
[19X
[6;37H]
[39;49m
[37m
[40m 
[34m
[40m297.57 MiB / 3.92 GiB (7.41%) 
[7;5H
[0;1m
[35m
[40mCore :
[37m
[40m0 
[39;49m
[37m
[40m  
[0;1m
[35m
[40mUtil:
[37m
[40m  85.6% 
[39;49m
[37m
[40m  
[0;1m
[35m
[40mTemp:
[33m
[40m 73 
[39;49m
[37m
[40m  
[0;1m
[35m
[40mVoltage:
[37m
[40m 765 mV 
[39;49m
[37m
[40m  
[0;1m
[35m
[40mClock:
[37m
[40m 1000 MHz
[8;5H
[0;1m
[35m
[40mCore :
[37m
[40m1 
[39;49m
[37m
[40m  
[0;1m
[35m
[40mUtil:
[37m
[40m  82.3% 
[39;49m
[37m
[40m  
[0;1m
[35m
[40mTemp:
[33m
[40m 73 
[39;49m
[37m
[40m  
[0;1m
[35m
[40mVoltage:
[37m
[40m 765 mV 
[39;49m
[37m
[40m  
[0;1m
[35m
[40mClock:
[37m
[40m 1000 MHz
[9;5H
[0;1m
[35m
[40mCore :
[37m
[40m2 
[39;49m
[37m
[40m  
[0;1m
[35m
[40mUtil:
[37m
[40m  82.0% 
[39;49m
[37m
[40m  
[0;1m
[35m
[40mTemp:
[33m
[40m 74 
[39;49m
[37m
[40m  
[0;1m
[35m
[40mVoltage:
[37m
[40m 765 mV 
[39;49m
[37m
[40m  
[0;1m
[35m
[40mClock:
[37m
[40m 1000 MHz
[10d
[39;49m
[37m
[40m-
[198b-
[50;1HTotal Devices: 1
[50;190HPage: 1 / 
[?7l1
[?7h
[39;49m
[37m
[40m
[2J[DX-TOP]  (q) Quit   (n) Next Page   (p) Prev Page   (h) Help
[2dMon Jul 13 15:51:51 2026
[3dDX-RT: v3.4.0     NPU Device driver: v2.5.1     DX-TOP: v1.1.0
[4d-
[198b-
[5;3H
[0;1m
[36m
[40mDevice :
[37m
[40m0
[18G
[0;1m
[36m
[40mVariant:
[37m
[40m    M1
[38G
[0;1m
[36m
[40mPCIe Bus Number:
[37m
[40m  01:00:00  
[39;49m
[37m
[40m  
[0;1m
[36m
[40mFirmware:
[37m
[40m  v2.7.1
[6;3H
[0;1m
[36m
[40mNPU Memory:
[39;49m
[37m
[40m  
[34m
[40m[|
[19X
[6;37H]
[39;49m
[37m
[40m 
[34m
[40m297.57 MiB / 3.92 GiB (7.41%) 
[7;5H
[0;1m
[35m
[40mCore :
[37m
[40m0 
[39;49m
[37m
[40m  
[0;1m
[35m
[40mUtil:
[37m
[40m  84.4% 
[39;49m
[37m
[40m  
[0;1m
[35m
[40mTemp:
[33m
[40m 73 
[39;49m
[37m
[40m  
[0;1m
[35m
[40mVoltage:
[37m
[40m 765 mV 
[39;49m
[37m
[40m  
[0;1m
[35m
[40mClock:
[37m
[40m 1000 MHz
[8;5H
[0;1m
[35m
[40mCore :
[37m
[40m1 
[39;49m
[37m
[40m  
[0;1m
[35m
[40mUtil:
[37m
[40m  81.0% 
[39;49m
[37m
[40m  
[0;1m
[35m
[40mTemp:
[33m
[40m 73 
[39;49m
[37m
[40m  
[0;1m
[35m
[40mVoltage:
[37m
[40m 765 mV 
[39;49m
[37m
[40m  
[0;1m
[35m
[40mClock:
[37m
[40m 1000 MHz
[9;5H
[0;1m
[35m
[40mCore :
[37m
[40m2 
[39;49m
[37m
[40m  
[0;1m
[35m
[40mUtil:
[37m
[40m  81.5% 
[39;49m
[37m
[40m  
[0;1m
[35m
[40mTemp:
[33m
[40m 74 
[39;49m
[37m
[40m  
[0;1m
[35m
[40mVoltage:
[37m
[40m 765 mV 
[39;49m
[37m
[40m  
[0;1m
[35m
[40mClock:
[37m
[40m 1000 MHz
[10d
[39;49m
[37m
[40m-
[198b-
[50;1HTotal Devices: 1
[50;190HPage: 1 / 
[?7l1
[?7h
[39;49m
[37m
[40m
[2J[DX-TOP]  (q) Quit   (n) Next Page   (p) Prev Page   (h) Help
[2dMon Jul 13 15:51:53 2026
[3dDX-RT: v3.4.0     NPU Device driver: v2.5.1     DX-TOP: v1.1.0
[4d-
[198b-
[5;3H
[0;1m
[36m
[40mDevice :
[37m
[40m0
[18G
[0;1m
[36m
[40mVariant:
[37m
[40m    M1
[38G
[0;1m
[36m
[40mPCIe Bus Number:
[37m
[40m  01:00:00  
[39;49m
[37m
[40m  
[0;1m
[36m
[40mFirmware:
[37m
[40m  v2.7.1
[6;3H
[0;1m
[36m
[40mNPU Memory:
[39;49m
[37m
[40m  
[34m
[40m[|
[19X
[6;37H]
[39;49m
[37m
[40m 
[34m
[40m297.57 MiB / 3.92 GiB (7.41%) 
[7;5H
[0;1m
[35m
[40mCore :
[37m
[40m0 
[39;49m
[37m
[40m  
[0;1m
[35m
[40mUtil:
[37m
[40m  79.6% 
[39;49m
[37m
[40m  
[0;1m
[35m
[40mTemp:
[33m
[40m 73 
[39;49m
[37m
[40m  
[0;1m
[35m
[40mVoltage:
[37m
[40m 765 mV 
[39;49m
[37m
[40m  
[0;1m
[35m
[40mClock:
[37m
[40m 1000 MHz
[8;5H
[0;1m
[35m
[40mCore :
[37m
[40m1 
[39;49m
[37m
[40m  
[0;1m
[35m
[40mUtil:
[37m
[40m  76.3% 
[39;49m
[37m
[40m  
[0;1m
[35m
[40mTemp:
[33m
[40m 72 
[39;49m
[37m
[40m  
[0;1m
[35m
[40mVoltage:
[37m
[40m 765 mV 
[39;49m
[37m
[40m  
[0;1m
[35m
[40mClock:
[37m
[40m 1000 MHz
[9;5H
[0;1m
[35m
[40mCore :
[37m
[40m2 
[39;49m
[37m
[40m  
[0;1m
[35m
[40mUtil:
[37m
[40m  59.1% 
[39;49m
[37m
[40m  
[0;1m
[35m
[40mTemp:
[33m
[40m 74 
[39;49m
[37m
[40m  
[0;1m
[35m
[40mVoltage:
[37m
[40m 765 mV 
[39;49m
[37m
[40m  
[0;1m
[35m
[40mClock:
[37m
[40m 1000 MHz
[10d
[39;49m
[37m
[40m-
[198b-
[50;1HTotal Devices: 1
[50;190HPage: 1 / 
[?7l1
[?7h
[39;49m
[37m
[40m
[2J[DX-TOP]  (q) Quit   (n) Next Page   (p) Prev Page   (h) Help
[2dMon Jul 13 15:51:55 2026
[3dDX-RT: v3.4.0     NPU Device driver: v2.5.1     DX-TOP: v1.1.0
[4d-
[198b-
[5;3H
[0;1m
[36m
[40mDevice :
[37m
[40m0
[18G
[0;1m
[36m
[40mVariant:
[37m
[40m    M1
[38G
[0;1m
[36m
[40mPCIe Bus Number:
[37m
[40m  01:00:00  
[39;49m
[37m
[40m  
[0;1m
[36m
[40mFirmware:
[37m
[40m  v2.7.1
[6;3H
[0;1m
[36m
[40mNPU Memory:
[39;49m
[37m
[40m  
[34m
[40m[|
[19X
[6;37H]
[39;49m
[37m
[40m 
[34m
[40m297.57 MiB / 3.92 GiB (7.41%) 
[7;5H
[0;1m
[35m
[40mCore :
[37m
[40m0 
[39;49m
[37m
[40m  
[0;1m
[35m
[40mUtil:
[37m
[40m  84.4% 
[39;49m
[37m
[40m  
[0;1m
[35m
[40mTemp:
[33m
[40m 73 
[39;49m
[37m
[40m  
[0;1m
[35m
[40mVoltage:
[37m
[40m 760 mV 
[39;49m
[37m
[40m  
[0;1m
[35m
[40mClock:
[37m
[40m 1000 MHz
[8;5H
[0;1m
[35m
[40mCore :
[37m
[40m1 
[39;49m
[37m
[40m  
[0;1m
[35m
[40mUtil:
[37m
[40m  78.5% 
[39;49m
[37m
[40m  
[0;1m
[35m
[40mTemp:
[33m
[40m 73 
[39;49m
[37m
[40m  
[0;1m
[35m
[40mVoltage:
[37m
[40m 760 mV 
[39;49m
[37m
[40m  
[0;1m
[35m
[40mClock:
[37m
[40m 1000 MHz
[9;5H
[0;1m
[35m
[40mCore :
[37m
[40m2 
[39;49m
[37m
[40m  
[0;1m
[35m
[40mUtil:
[37m
[40m  78.1% 
[39;49m
[37m
[40m  
[0;1m
[35m
[40mTemp:
[33m
[40m 75 
[39;49m
[37m
[40m  
[0;1m
[35m
[40mVoltage:
[37m
[40m 760 mV 
[39;49m
[37m
[40m  
[0;1m
[35m
[40mClock:
[37m
[40m 1000 MHz
[10d
[39;49m
[37m
[40m-
[198b-
[50;1HTotal Devices: 1
[50;190HPage: 1 / 
[?7l1
[?7h
[39;49m
[37m
[40m
[2J[DX-TOP]  (q) Quit   (n) Next Page   (p) Prev Page   (h) Help
[2dMon Jul 13 15:51:57 2026
[3dDX-RT: v3.4.0     NPU Device driver: v2.5.1     DX-TOP: v1.1.0
[4d-
[198b-
[5;3H
[0;1m
[36m
[40mDevice :
[37m
[40m0
[18G
[0;1m
[36m
[40mVariant:
[37m
[40m    M1
[38G
[0;1m
[36m
[40mPCIe Bus Number:
[37m
[40m  01:00:00  
[39;49m
[37m
[40m  
[0;1m
[36m
[40mFirmware:
[37m
[40m  v2.7.1
[6;3H
[0;1m
[36m
[40mNPU Memory:
[39;49m
[37m
[40m  
[34m
[40m[|
[19X
[6;37H]
[39;49m
[37m
[40m 
[34m
[40m297.57 MiB / 3.92 GiB (7.41%) 
[7;5H
[0;1m
[35m
[40mCore :
[37m
[40m0 
[39;49m
[37m
[40m  
[0;1m
[35m
[40mUtil:
[37m
[40m  85.1% 
[39;49m
[37m
[40m  
[0;1m
[35m
[40mTemp:
[33m
[40m 73 
[39;49m
[37m
[40m  
[0;1m
[35m
[40mVoltage:
[37m
[40m 770 mV 
[39;49m
[37m
[40m  
[0;1m
[35m
[40mClock:
[37m
[40m 1000 MHz
[8;5H
[0;1m
[35m
[40mCore :
[37m
[40m1 
[39;49m
[37m
[40m  
[0;1m
[35m
[40mUtil:
[37m
[40m  79.7% 
[39;49m
[37m
[40m  
[0;1m
[35m
[40mTemp:
[33m
[40m 73 
[39;49m
[37m
[40m  
[0;1m
[35m
[40mVoltage:
[37m
[40m 770 mV 
[39;49m
[37m
[40m  
[0;1m
[35m
[40mClock:
[37m
[40m 1000 MHz
[9;5H
[0;1m
[35m
[40mCore :
[37m
[40m2 
[39;49m
[37m
[40m  
[0;1m
[35m
[40mUtil:
[37m
[40m  44.5% 
[39;49m
[37m
[40m  
[0;1m
[35m
[40mTemp:
[33m
[40m 74 
[39;49m
[37m
[40m  
[0;1m
[35m
[40mVoltage:
[37m
[40m 770 mV 
[39;49m
[37m
[40m  
[0;1m
[35m
[40mClock:
[37m
[40m 1000 MHz
[10d
[39;49m
[37m
[40m-
[198b-
[50;1HTotal Devices: 1
[50;190HPage: 1 / 
[?7l1
[?7h
[39;49m
[37m
[40m
[2J[DX-TOP]  (q) Quit   (n) Next Page   (p) Prev Page   (h) Help
[2dMon Jul 13 15:51:59 2026
[3dDX-RT: v3.4.0     NPU Device driver: v2.5.1     DX-TOP: v1.1.0
[4d-
[198b-
[5;3H
[0;1m
[36m
[40mDevice :
[37m
[40m0
[18G
[0;1m
[36m
[40mVariant:
[37m
[40m    M1
[38G
[0;1m
[36m
[40mPCIe Bus Number:
[37m
[40m  01:00:00  
[39;49m
[37m
[40m  
[0;1m
[36m
[40mFirmware:
[37m
[40m  v2.7.1
[6;3H
[0;1m
[36m
[40mNPU Memory:
[39;49m
[37m
[40m  
[34m
[40m[|
[19X
[6;37H]
[39;49m
[37m
[40m 
[34m
[40m297.57 MiB / 3.92 GiB (7.41%) 
[7;5H
[0;1m
[35m
[40mCore :
[37m
[40m0 
[39;49m
[37m
[40m  
[0;1m
[35m
[40mUtil:
[37m
[40m  84.2% 
[39;49m
[37m
[40m  
[0;1m
[35m
[40mTemp:
[33m
[40m 73 
[39;49m
[37m
[40m  
[0;1m
[35m
[40mVoltage:
[37m
[40m 770 mV 
[39;49m
[37m
[40m  
[0;1m
[35m
[40mClock:
[37m
[40m 1000 MHz
[8;5H
[0;1m
[35m
[40mCore :
[37m
[40m1 
[39;49m
[37m
[40m  
[0;1m
[35m
[40mUtil:
[37m
[40m  81.4% 
[39;49m
[37m
[40m  
[0;1m
[35m
[40mTemp:
[33m
[40m 73 
[39;49m
[37m
[40m  
[0;1m
[35m
[40mVoltage:
[37m
[40m 770 mV 
[39;49m
[37m
[40m  
[0;1m
[35m
[40mClock:
[37m
[40m 1000 MHz
[9;5H
[0;1m
[35m
[40mCore :
[37m
[40m2 
[39;49m
[37m
[40m  
[0;1m
[35m
[40mUtil:
[37m
[40m  78.2% 
[39;49m
[37m
[40m  
[0;1m
[35m
[40mTemp:
[33m
[40m 75 
[39;49m
[37m
[40m  
[0;1m
[35m
[40mVoltage:
[37m
[40m 770 mV 
[39;49m
[37m
[40m  
[0;1m
[35m
[40mClock:
[37m
[40m 1000 MHz
[10d
[39;49m
[37m
[40m-
[198b-
[50;1HTotal Devices: 1
[50;190HPage: 1 / 
[?7l1
[?7h
[39;49m
[37m
[40m
[2J[DX-TOP]  (q) Quit   (n) Next Page   (p) Prev Page   (h) Help
[2dMon Jul 13 15:52:01 2026
[3dDX-RT: v3.4.0     NPU Device driver: v2.5.1     DX-TOP: v1.1.0
[4d-
[198b-
[5;3H
[0;1m
[36m
[40mDevice :
[37m
[40m0
[18G
[0;1m
[36m
[40mVariant:
[37m
[40m    M1
[38G
[0;1m
[36m
[40mPCIe Bus Number:
[37m
[40m  01:00:00  
[39;49m
[37m
[40m  
[0;1m
[36m
[40mFirmware:
[37m
[40m  v2.7.1
[6;3H
[0;1m
[36m
[40mNPU Memory:
[39;49m
[37m
[40m  
[34m
[40m[|
[19X
[6;37H]
[39;49m
[37m
[40m 
[34m
[40m297.57 MiB / 3.92 GiB (7.41%) 
[7;5H
[0;1m
[35m
[40mCore :
[37m
[40m0 
[39;49m
[37m
[40m  
[0;1m
[35m
[40mUtil:
[37m
[40m  84.7% 
[39;49m
[37m
[40m  
[0;1m
[35m
[40mTemp:
[33m
[40m 73 
[39;49m
[37m
[40m  
[0;1m
[35m
[40mVoltage:
[37m
[40m 765 mV 
[39;49m
[37m
[40m  
[0;1m
[35m
[40mClock:
[37m
[40m 1000 MHz
[8;5H
[0;1m
[35m
[40mCore :
[37m
[40m1 
[39;49m
[37m
[40m  
[0;1m
[35m
[40mUtil:
[37m
[40m  84.4% 
[39;49m
[37m
[40m  
[0;1m
[35m
[40mTemp:
[33m
[40m 73 
[39;49m
[37m
[40m  
[0;1m
[35m
[40mVoltage:
[37m
[40m 765 mV 
[39;49m
[37m
[40m  
[0;1m
[35m
[40mClock:
[37m
[40m 1000 MHz
[9;5H
[0;1m
[35m
[40mCore :
[37m
[40m2 
[39;49m
[37m
[40m  
[0;1m
[35m
[40mUtil:
[37m
[40m  78.8% 
[39;49m
[37m
[40m  
[0;1m
[35m
[40mTemp:
[33m
[40m 74 
[39;49m
[37m
[40m  
[0;1m
[35m
[40mVoltage:
[37m
[40m 765 mV 
[39;49m
[37m
[40m  
[0;1m
[35m
[40mClock:
[37m
[40m 1000 MHz
[10d
[39;49m
[37m
[40m-
[198b-
[50;1HTotal Devices: 1
[50;190HPage: 1 / 
[?7l1
[?7h
[39;49m
[37m
[40m
[2J[DX-TOP]  (q) Quit   (n) Next Page   (p) Prev Page   (h) Help
[2dMon Jul 13 15:52:03 2026
[3dDX-RT: v3.4.0     NPU Device driver: v2.5.1     DX-TOP: v1.1.0
[4d-
[198b-
[5;3H
[0;1m
[36m
[40mDevice :
[37m
[40m0
[18G
[0;1m
[36m
[40mVariant:
[37m
[40m    M1
[38G
[0;1m
[36m
[40mPCIe Bus Number:
[37m
[40m  01:00:00  
[39;49m
[37m
[40m  
[0;1m
[36m
[40mFirmware:
[37m
[40m  v2.7.1
[6;3H
[0;1m
[36m
[40mNPU Memory:
[39;49m
[37m
[40m  
[34m
[40m[|
[19X
[6;37H]
[39;49m
[37m
[40m 
[34m
[40m297.57 MiB / 3.92 GiB (7.41%) 
[7;5H
[0;1m
[35m
[40mCore :
[37m
[40m0 
[39;49m
[37m
[40m  
[0;1m
[35m
[40mUtil:
[37m
[40m  88.1% 
[39;49m
[37m
[40m  
[0;1m
[35m
[40mTemp:
[33m
[40m 73 
[39;49m
[37m
[40m  
[0;1m
[35m
[40mVoltage:
[37m
[40m 760 mV 
[39;49m
[37m
[40m  
[0;1m
[35m
[40mClock:
[37m
[40m 1000 MHz
[8;5H
[0;1m
[35m
[40mCore :
[37m
[40m1 
[39;49m
[37m
[40m  
[0;1m
[35m
[40mUtil:
[37m
[40m  82.1% 
[39;49m
[37m
[40m  
[0;1m
[35m
[40mTemp:
[33m
[40m 73 
[39;49m
[37m
[40m  
[0;1m
[35m
[40mVoltage:
[37m
[40m 760 mV 
[39;49m
[37m
[40m  
[0;1m
[35m
[40mClock:
[37m
[40m 1000 MHz
[9;5H
[0;1m
[35m
[40mCore :
[37m
[40m2 
[39;49m
[37m
[40m  
[0;1m
[35m
[40mUtil:
[37m
[40m  79.3% 
[39;49m
[37m
[40m  
[0;1m
[35m
[40mTemp:
[33m
[40m 75 
[39;49m
[37m
[40m  
[0;1m
[35m
[40mVoltage:
[37m
[40m 760 mV 
[39;49m
[37m
[40m  
[0;1m
[35m
[40mClock:
[37m
[40m 1000 MHz
[10d
[39;49m
[37m
[40m-
[198b-
[50;1HTotal Devices: 1
[50;190HPage: 1 / 
[?7l1
[?7h
[39;49m
[37m
[40m
[2J[DX-TOP]  (q) Quit   (n) Next Page   (p) Prev Page   (h) Help
[2dMon Jul 13 15:52:05 2026
[3dDX-RT: v3.4.0     NPU Device driver: v2.5.1     DX-TOP: v1.1.0
[4d-
[198b-
[5;3H
[0;1m
[36m
[40mDevice :
[37m
[40m0
[18G
[0;1m
[36m
[40mVariant:
[37m
[40m    M1
[38G
[0;1m
[36m
[40mPCIe Bus Number:
[37m
[40m  01:00:00  
[39;49m
[37m
[40m  
[0;1m
[36m
[40mFirmware:
[37m
[40m  v2.7.1
[6;3H
[0;1m
[36m
[40mNPU Memory:
[39;49m
[37m
[40m  
[34m
[40m[|
[19X
[6;37H]
[39;49m
[37m
[40m 
[34m
[40m297.57 MiB / 3.92 GiB (7.41%) 
[7;5H
[0;1m
[35m
[40mCore :
[37m
[40m0 
[39;49m
[37m
[40m  
[0;1m
[35m
[40mUtil:
[37m
[40m  84.3% 
[39;49m
[37m
[40m  
[0;1m
[35m
[40mTemp:
[33m
[40m 73 
[39;49m
[37m
[40m  
[0;1m
[35m
[40mVoltage:
[37m
[40m 770 mV 
[39;49m
[37m
[40m  
[0;1m
[35m
[40mClock:
[37m
[40m 1000 MHz
[8;5H
[0;1m
[35m
[40mCore :
[37m
[40m1 
[39;49m
[37m
[40m  
[0;1m
[35m
[40mUtil:
[37m
[40m  84.1% 
[39;49m
[37m
[40m  
[0;1m
[35m
[40mTemp:
[33m
[40m 73 
[39;49m
[37m
[40m  
[0;1m
[35m
[40mVoltage:
[37m
[40m 770 mV 
[39;49m
[37m
[40m  
[0;1m
[35m
[40mClock:
[37m
[40m 1000 MHz
[9;5H
[0;1m
[35m
[40mCore :
[37m
[40m2 
[39;49m
[37m
[40m  
[0;1m
[35m
[40mUtil:
[37m
[40m  74.9% 
[39;49m
[37m
[40m  
[0;1m
[35m
[40mTemp:
[33m
[40m 74 
[39;49m
[37m
[40m  
[0;1m
[35m
[40mVoltage:
[37m
[40m 770 mV 
[39;49m
[37m
[40m  
[0;1m
[35m
[40mClock:
[37m
[40m 1000 MHz
[10d
[39;49m
[37m
[40m-
[198b-
[50;1HTotal Devices: 1
[50;190HPage: 1 / 
[?7l1
[?7h
[39;49m
[37m
[40m
[2J[DX-TOP]  (q) Quit   (n) Next Page   (p) Prev Page   (h) Help
[2dMon Jul 13 15:52:07 2026
[3dDX-RT: v3.4.0     NPU Device driver: v2.5.1     DX-TOP: v1.1.0
[4d-
[198b-
[5;3H
[0;1m
[36m
[40mDevice :
[37m
[40m0
[18G
[0;1m
[36m
[40mVariant:
[37m
[40m    M1
[38G
[0;1m
[36m
[40mPCIe Bus Number:
[37m
[40m  01:00:00  
[39;49m
[37m
[40m  
[0;1m
[36m
[40mFirmware:
[37m
[40m  v2.7.1
[6;3H
[0;1m
[36m
[40mNPU Memory:
[39;49m
[37m
[40m  
[34m
[40m[|
[19X
[6;37H]
[39;49m
[37m
[40m 
[34m
[40m297.57 MiB / 3.92 GiB (7.41%) 
[7;5H
[0;1m
[35m
[40mCore :
[37m
[40m0 
[39;49m
[37m
[40m  
[0;1m
[35m
[40mUtil:
[37m
[40m  85.1% 
[39;49m
[37m
[40m  
[0;1m
[35m
[40mTemp:
[33m
[40m 73 
[39;49m
[37m
[40m  
[0;1m
[35m
[40mVoltage:
[37m
[40m 775 mV 
[39;49m
[37m
[40m  
[0;1m
[35m
[40mClock:
[37m
[40m 1000 MHz
[8;5H
[0;1m
[35m
[40mCore :
[37m
[40m1 
[39;49m
[37m
[40m  
[0;1m
[35m
[40mUtil:
[37m
[40m  82.9% 
[39;49m
[37m
[40m  
[0;1m
[35m
[40mTemp:
[33m
[40m 73 
[39;49m
[37m
[40m  
[0;1m
[35m
[40mVoltage:
[37m
[40m 775 mV 
[39;49m
[37m
[40m  
[0;1m
[35m
[40mClock:
[37m
[40m 1000 MHz
[9;5H
[0;1m
[35m
[40mCore :
[37m
[40m2 
[39;49m
[37m
[40m  
[0;1m
[35m
[40mUtil:
[37m
[40m  79.4% 
[39;49m
[37m
[40m  
[0;1m
[35m
[40mTemp:
[33m
[40m 74 
[39;49m
[37m
[40m  
[0;1m
[35m
[40mVoltage:
[37m
[40m 775 mV 
[39;49m
[37m
[40m  
[0;1m
[35m
[40mClock:
[37m
[40m 1000 MHz
[10d
[39;49m
[37m
[40m-
[198b-
[50;1HTotal Devices: 1
[50;190HPage: 1 / 
[?7l1
[?7h
[39;49m
[37m
[40m
[2J[DX-TOP]  (q) Quit   (n) Next Page   (p) Prev Page   (h) Help
[2dMon Jul 13 15:52:09 2026
[3dDX-RT: v3.4.0     NPU Device driver: v2.5.1     DX-TOP: v1.1.0
[4d-
[198b-
[5;3H
[0;1m
[36m
[40mDevice :
[37m
[40m0
[18G
[0;1m
[36m
[40mVariant:
[37m
[40m    M1
[38G
[0;1m
[36m
[40mPCIe Bus Number:
[37m
[40m  01:00:00  
[39;49m
[37m
[40m  
[0;1m
[36m
[40mFirmware:
[37m
[40m  v2.7.1
[6;3H
[0;1m
[36m
[40mNPU Memory:
[39;49m
[37m
[40m  
[34m
[40m[|
[19X
[6;37H]
[39;49m
[37m
[40m 
[34m
[40m297.57 MiB / 3.92 GiB (7.41%) 
[7;5H
[0;1m
[35m
[40mCore :
[37m
[40m0 
[39;49m
[37m
[40m  
[0;1m
[35m
[40mUtil:
[37m
[40m  84.8% 
[39;49m
[37m
[40m  
[0;1m
[35m
[40mTemp:
[33m
[40m 73 
[39;49m
[37m
[40m  
[0;1m
[35m
[40mVoltage:
[37m
[40m 760 mV 
[39;49m
[37m
[40m  
[0;1m
[35m
[40mClock:
[37m
[40m 1000 MHz
[8;5H
[0;1m
[35m
[40mCore :
[37m
[40m1 
[39;49m
[37m
[40m  
[0;1m
[35m
[40mUtil:
[37m
[40m  82.0% 
[39;49m
[37m
[40m  
[0;1m
[35m
[40mTemp:
[33m
[40m 73 
[39;49m
[37m
[40m  
[0;1m
[35m
[40mVoltage:
[37m
[40m 760 mV 
[39;49m
[37m
[40m  
[0;1m
[35m
[40mClock:
[37m
[40m 1000 MHz
[9;5H
[0;1m
[35m
[40mCore :
[37m
[40m2 
[39;49m
[37m
[40m  
[0;1m
[35m
[40mUtil:
[37m
[40m  79.5% 
[39;49m
[37m
[40m  
[0;1m
[35m
[40mTemp:
[33m
[40m 75 
[39;49m
[37m
[40m  
[0;1m
[35m
[40mVoltage:
[37m
[40m 760 mV 
[39;49m
[37m
[40m  
[0;1m
[35m
[40mClock:
[37m
[40m 1000 MHz
[10d
[39;49m
[37m
[40m-
[198b-
[50;1HTotal Devices: 1
[50;190HPage: 1 / 
[?7l1
[?7h
[39;49m
[37m
[40m
[2J[DX-TOP]  (q) Quit   (n) Next Page   (p) Prev Page   (h) Help
[2dMon Jul 13 15:52:11 2026
[3dDX-RT: v3.4.0     NPU Device driver: v2.5.1     DX-TOP: v1.1.0
[4d-
[198b-
[5;3H
[0;1m
[36m
[40mDevice :
[37m
[40m0
[18G
[0;1m
[36m
[40mVariant:
[37m
[40m    M1
[38G
[0;1m
[36m
[40mPCIe Bus Number:
[37m
[40m  01:00:00  
[39;49m
[37m
[40m  
[0;1m
[36m
[40mFirmware:
[37m
[40m  v2.7.1
[6;3H
[0;1m
[36m
[40mNPU Memory:
[39;49m
[37m
[40m  
[34m
[40m[|
[19X
[6;37H]
[39;49m
[37m
[40m 
[34m
[40m297.57 MiB / 3.92 GiB (7.41%) 
[7;5H
[0;1m
[35m
[40mCore :
[37m
[40m0 
[39;49m
[37m
[40m  
[0;1m
[35m
[40mUtil:
[37m
[40m  87.5% 
[39;49m
[37m
[40m  
[0;1m
[35m
[40mTemp:
[33m
[40m 73 
[39;49m
[37m
[40m  
[0;1m
[35m
[40mVoltage:
[37m
[40m 770 mV 
[39;49m
[37m
[40m  
[0;1m
[35m
[40mClock:
[37m
[40m 1000 MHz
[8;5H
[0;1m
[35m
[40mCore :
[37m
[40m1 
[39;49m
[37m
[40m  
[0;1m
[35m
[40mUtil:
[37m
[40m  81.8% 
[39;49m
[37m
[40m  
[0;1m
[35m
[40mTemp:
[33m
[40m 73 
[39;49m
[37m
[40m  
[0;1m
[35m
[40mVoltage:
[37m
[40m 770 mV 
[39;49m
[37m
[40m  
[0;1m
[35m
[40mClock:
[37m
[40m 1000 MHz
[9;5H
[0;1m
[35m
[40mCore :
[37m
[40m2 
[39;49m
[37m
[40m  
[0;1m
[35m
[40mUtil:
[37m
[40m  81.5% 
[39;49m
[37m
[40m  
[0;1m
[35m
[40mTemp:
[33m
[40m 75 
[39;49m
[37m
[40m  
[0;1m
[35m
[40mVoltage:
[37m
[40m 770 mV 
[39;49m
[37m
[40m  
[0;1m
[35m
[40mClock:
[37m
[40m 1000 MHz
[10d
[39;49m
[37m
[40m-
[198b-
[50;1HTotal Devices: 1
[50;190HPage: 1 / 
[?7l1
[?7h
[39;49m
[37m
[40m
[2J[DX-TOP]  (q) Quit   (n) Next Page   (p) Prev Page   (h) Help
[2dMon Jul 13 15:52:13 2026
[3dDX-RT: v3.4.0     NPU Device driver: v2.5.1     DX-TOP: v1.1.0
[4d-
[198b-
[5;3H
[0;1m
[36m
[40mDevice :
[37m
[40m0
[18G
[0;1m
[36m
[40mVariant:
[37m
[40m    M1
[38G
[0;1m
[36m
[40mPCIe Bus Number:
[37m
[40m  01:00:00  
[39;49m
[37m
[40m  
[0;1m
[36m
[40mFirmware:
[37m
[40m  v2.7.1
[6;3H
[0;1m
[36m
[40mNPU Memory:
[39;49m
[37m
[40m  
[34m
[40m[|
[19X
[6;37H]
[39;49m
[37m
[40m 
[34m
[40m297.57 MiB / 3.92 GiB (7.41%) 
[7;5H
[0;1m
[35m
[40mCore :
[37m
[40m0 
[39;49m
[37m
[40m  
[0;1m
[35m
[40mUtil:
[37m
[40m  88.8% 
[39;49m
[37m
[40m  
[0;1m
[35m
[40mTemp:
[33m
[40m 73 
[39;49m
[37m
[40m  
[0;1m
[35m
[40mVoltage:
[37m
[40m 765 mV 
[39;49m
[37m
[40m  
[0;1m
[35m
[40mClock:
[37m
[40m 1000 MHz
[8;5H
[0;1m
[35m
[40mCore :
[37m
[40m1 
[39;49m
[37m
[40m  
[0;1m
[35m
[40mUtil:
[37m
[40m  79.8% 
[39;49m
[37m
[40m  
[0;1m
[35m
[40mTemp:
[33m
[40m 73 
[39;49m
[37m
[40m  
[0;1m
[35m
[40mVoltage:
[37m
[40m 765 mV 
[39;49m
[37m
[40m  
[0;1m
[35m
[40mClock:
[37m
[40m 1000 MHz
[9;5H
[0;1m
[35m
[40mCore :
[37m
[40m2 
[39;49m
[37m
[40m  
[0;1m
[35m
[40mUtil:
[37m
[40m  82.4% 
[39;49m
[37m
[40m  
[0;1m
[35m
[40mTemp:
[33m
[40m 74 
[39;49m
[37m
[40m  
[0;1m
[35m
[40mVoltage:
[37m
[40m 765 mV 
[39;49m
[37m
[40m  
[0;1m
[35m
[40mClock:
[37m
[40m 1000 MHz
[10d
[39;49m
[37m
[40m-
[198b-
[50;1HTotal Devices: 1
[50;190HPage: 1 / 
[?7l1
[?7h
[39;49m
[37m
[40m
[2J[DX-TOP]  (q) Quit   (n) Next Page   (p) Prev Page   (h) Help
[2dMon Jul 13 15:52:15 2026
[3dDX-RT: v3.4.0     NPU Device driver: v2.5.1     DX-TOP: v1.1.0
[4d-
[198b-
[5;3H
[0;1m
[36m
[40mDevice :
[37m
[40m0
[18G
[0;1m
[36m
[40mVariant:
[37m
[40m    M1
[38G
[0;1m
[36m
[40mPCIe Bus Number:
[37m
[40m  01:00:00  
[39;49m
[37m
[40m  
[0;1m
[36m
[40mFirmware:
[37m
[40m  v2.7.1
[6;3H
[0;1m
[36m
[40mNPU Memory:
[39;49m
[37m
[40m  
[34m
[40m[|
[19X
[6;37H]
[39;49m
[37m
[40m 
[34m
[40m297.57 MiB / 3.92 GiB (7.41%) 
[7;5H
[0;1m
[35m
[40mCore :
[37m
[40m0 
[39;49m
[37m
[40m  
[0;1m
[35m
[40mUtil:
[37m
[40m  81.3% 
[39;49m
[37m
[40m  
[0;1m
[35m
[40mTemp:
[33m
[40m 73 
[39;49m
[37m
[40m  
[0;1m
[35m
[40mVoltage:
[37m
[40m 775 mV 
[39;49m
[37m
[40m  
[0;1m
[35m
[40mClock:
[37m
[40m 1000 MHz
[8;5H
[0;1m
[35m
[40mCore :
[37m
[40m1 
[39;49m
[37m
[40m  
[0;1m
[35m
[40mUtil:
[37m
[40m  84.4% 
[39;49m
[37m
[40m  
[0;1m
[35m
[40mTemp:
[33m
[40m 73 
[39;49m
[37m
[40m  
[0;1m
[35m
[40mVoltage:
[37m
[40m 775 mV 
[39;49m
[37m
[40m  
[0;1m
[35m
[40mClock:
[37m
[40m 1000 MHz
[9;5H
[0;1m
[35m
[40mCore :
[37m
[40m2 
[39;49m
[37m
[40m  
[0;1m
[35m
[40mUtil:
[37m
[40m  81.2% 
[39;49m
[37m
[40m  
[0;1m
[35m
[40mTemp:
[33m
[40m 75 
[39;49m
[37m
[40m  
[0;1m
[35m
[40mVoltage:
[37m
[40m 775 mV 
[39;49m
[37m
[40m  
[0;1m
[35m
[40mClock:
[37m
[40m 1000 MHz
[10d
[39;49m
[37m
[40m-
[198b-
[50;1HTotal Devices: 1
[50;190HPage: 1 / 
[?7l1
[?7h
[39;49m
[37m
[40m
[2J[DX-TOP]  (q) Quit   (n) Next Page   (p) Prev Page   (h) Help
[2dMon Jul 13 15:52:17 2026
[3dDX-RT: v3.4.0     NPU Device driver: v2.5.1     DX-TOP: v1.1.0
[4d-
[198b-
[5;3H
[0;1m
[36m
[40mDevice :
[37m
[40m0
[18G
[0;1m
[36m
[40mVariant:
[37m
[40m    M1
[38G
[0;1m
[36m
[40mPCIe Bus Number:
[37m
[40m  01:00:00  
[39;49m
[37m
[40m  
[0;1m
[36m
[40mFirmware:
[37m
[40m  v2.7.1
[6;3H
[0;1m
[36m
[40mNPU Memory:
[39;49m
[37m
[40m  
[34m
[40m[|
[19X
[6;37H]
[39;49m
[37m
[40m 
[34m
[40m297.57 MiB / 3.92 GiB (7.41%) 
[7;5H
[0;1m
[35m
[40mCore :
[37m
[40m0 
[39;49m
[37m
[40m  
[0;1m
[35m
[40mUtil:
[37m
[40m  84.8% 
[39;49m
[37m
[40m  
[0;1m
[35m
[40mTemp:
[33m
[40m 72 
[39;49m
[37m
[40m  
[0;1m
[35m
[40mVoltage:
[37m
[40m 760 mV 
[39;49m
[37m
[40m  
[0;1m
[35m
[40mClock:
[37m
[40m 1000 MHz
[8;5H
[0;1m
[35m
[40mCore :
[37m
[40m1 
[39;49m
[37m
[40m  
[0;1m
[35m
[40mUtil:
[37m
[40m  84.8% 
[39;49m
[37m
[40m  
[0;1m
[35m
[40mTemp:
[33m
[40m 72 
[39;49m
[37m
[40m  
[0;1m
[35m
[40mVoltage:
[37m
[40m 760 mV 
[39;49m
[37m
[40m  
[0;1m
[35m
[40mClock:
[37m
[40m 1000 MHz
[9;5H
[0;1m
[35m
[40mCore :
[37m
[40m2 
[39;49m
[37m
[40m  
[0;1m
[35m
[40mUtil:
[37m
[40m  78.6% 
[39;49m
[37m
[40m  
[0;1m
[35m
[40mTemp:
[33m
[40m 74 
[39;49m
[37m
[40m  
[0;1m
[35m
[40mVoltage:
[37m
[40m 760 mV 
[39;49m
[37m
[40m  
[0;1m
[35m
[40mClock:
[37m
[40m 1000 MHz
[10d
[39;49m
[37m
[40m-
[198b-
[50;1HTotal Devices: 1
[50;190HPage: 1 / 
[?7l1
[?7h
[39;49m
[37m
[40m
[2J[DX-TOP]  (q) Quit   (n) Next Page   (p) Prev Page   (h) Help
[2dMon Jul 13 15:52:19 2026
[3dDX-RT: v3.4.0     NPU Device driver: v2.5.1     DX-TOP: v1.1.0
[4d-
[198b-
[5;3H
[0;1m
[36m
[40mDevice :
[37m
[40m0
[18G
[0;1m
[36m
[40mVariant:
[37m
[40m    M1
[38G
[0;1m
[36m
[40mPCIe Bus Number:
[37m
[40m  01:00:00  
[39;49m
[37m
[40m  
[0;1m
[36m
[40mFirmware:
[37m
[40m  v2.7.1
[6;3H
[0;1m
[36m
[40mNPU Memory:
[39;49m
[37m
[40m  
[34m
[40m[|
[19X
[6;37H]
[39;49m
[37m
[40m 
[34m
[40m297.57 MiB / 3.92 GiB (7.41%) 
[7;5H
[0;1m
[35m
[40mCore :
[37m
[40m0 
[39;49m
[37m
[40m  
[0;1m
[35m
[40mUtil:
[37m
[40m  86.5% 
[39;49m
[37m
[40m  
[0;1m
[35m
[40mTemp:
[33m
[40m 73 
[39;49m
[37m
[40m  
[0;1m
[35m
[40mVoltage:
[37m
[40m 765 mV 
[39;49m
[37m
[40m  
[0;1m
[35m
[40mClock:
[37m
[40m 1000 MHz
[8;5H
[0;1m
[35m
[40mCore :
[37m
[40m1 
[39;49m
[37m
[40m  
[0;1m
[35m
[40mUtil:
[37m
[40m  85.9% 
[39;49m
[37m
[40m  
[0;1m
[35m
[40mTemp:
[33m
[40m 73 
[39;49m
[37m
[40m  
[0;1m
[35m
[40mVoltage:
[37m
[40m 765 mV 
[39;49m
[37m
[40m  
[0;1m
[35m
[40mClock:
[37m
[40m 1000 MHz
[9;5H
[0;1m
[35m
[40mCore :
[37m
[40m2 
[39;49m
[37m
[40m  
[0;1m
[35m
[40mUtil:
[37m
[40m  83.7% 
[39;49m
[37m
[40m  
[0;1m
[35m
[40mTemp:
[33m
[40m 74 
[39;49m
[37m
[40m  
[0;1m
[35m
[40mVoltage:
[37m
[40m 765 mV 
[39;49m
[37m
[40m  
[0;1m
[35m
[40mClock:
[37m
[40m 1000 MHz
[10d
[39;49m
[37m
[40m-
[198b-
[50;1HTotal Devices: 1
[50;190HPage: 1 / 
[?7l1
[?7h
[39;49m
[37m
[40m
[2J[DX-TOP]  (q) Quit   (n) Next Page   (p) Prev Page   (h) Help
[2dMon Jul 13 15:52:21 2026
[3dDX-RT: v3.4.0     NPU Device driver: v2.5.1     DX-TOP: v1.1.0
[4d-
[198b-
[5;3H
[0;1m
[36m
[40mDevice :
[37m
[40m0
[18G
[0;1m
[36m
[40mVariant:
[37m
[40m    M1
[38G
[0;1m
[36m
[40mPCIe Bus Number:
[37m
[40m  01:00:00  
[39;49m
[37m
[40m  
[0;1m
[36m
[40mFirmware:
[37m
[40m  v2.7.1
[6;3H
[0;1m
[36m
[40mNPU Memory:
[39;49m
[37m
[40m  
[34m
[40m[|
[19X
[6;37H]
[39;49m
[37m
[40m 
[34m
[40m297.57 MiB / 3.92 GiB (7.41%) 
[7;5H
[0;1m
[35m
[40mCore :
[37m
[40m0 
[39;49m
[37m
[40m  
[0;1m
[35m
[40mUtil:
[37m
[40m  81.4% 
[39;49m
[37m
[40m  
[0;1m
[35m
[40mTemp:
[33m
[40m 73 
[39;49m
[37m
[40m  
[0;1m
[35m
[40mVoltage:
[37m
[40m 765 mV 
[39;49m
[37m
[40m  
[0;1m
[35m
[40mClock:
[37m
[40m 1000 MHz
[8;5H
[0;1m
[35m
[40mCore :
[37m
[40m1 
[39;49m
[37m
[40m  
[0;1m
[35m
[40mUtil:
[37m
[40m  81.5% 
[39;49m
[37m
[40m  
[0;1m
[35m
[40mTemp:
[33m
[40m 73 
[39;49m
[37m
[40m  
[0;1m
[35m
[40mVoltage:
[37m
[40m 765 mV 
[39;49m
[37m
[40m  
[0;1m
[35m
[40mClock:
[37m
[40m 1000 MHz
[9;5H
[0;1m
[35m
[40mCore :
[37m
[40m2 
[39;49m
[37m
[40m  
[0;1m
[35m
[40mUtil:
[37m
[40m  78.4% 
[39;49m
[37m
[40m  
[0;1m
[35m
[40mTemp:
[33m
[40m 75 
[39;49m
[37m
[40m  
[0;1m
[35m
[40mVoltage:
[37m
[40m 765 mV 
[39;49m
[37m
[40m  
[0;1m
[35m
[40mClock:
[37m
[40m 1000 MHz
[10d
[39;49m
[37m
[40m-
[198b-
[50;1HTotal Devices: 1
[50;190HPage: 1 / 
[?7l1
[?7h
[39;49m
[37m
[40m
[2J[DX-TOP]  (q) Quit   (n) Next Page   (p) Prev Page   (h) Help
[2dMon Jul 13 15:52:23 2026
[3dDX-RT: v3.4.0     NPU Device driver: v2.5.1     DX-TOP: v1.1.0
[4d-
[198b-
[5;3H
[0;1m
[36m
[40mDevice :
[37m
[40m0
[18G
[0;1m
[36m
[40mVariant:
[37m
[40m    M1
[38G
[0;1m
[36m
[40mPCIe Bus Number:
[37m
[40m  01:00:00  
[39;49m
[37m
[40m  
[0;1m
[36m
[40mFirmware:
[37m
[40m  v2.7.1
[6;3H
[0;1m
[36m
[40mNPU Memory:
[39;49m
[37m
[40m  
[34m
[40m[|
[19X
[6;37H]
[39;49m
[37m
[40m 
[34m
[40m297.57 MiB / 3.92 GiB (7.41%) 
[7;5H
[0;1m
[35m
[40mCore :
[37m
[40m0 
[39;49m
[37m
[40m  
[0;1m
[35m
[40mUtil:
[37m
[40m  84.6% 
[39;49m
[37m
[40m  
[0;1m
[35m
[40mTemp:
[33m
[40m 73 
[39;49m
[37m
[40m  
[0;1m
[35m
[40mVoltage:
[37m
[40m 770 mV 
[39;49m
[37m
[40m  
[0;1m
[35m
[40mClock:
[37m
[40m 1000 MHz
[8;5H
[0;1m
[35m
[40mCore :
[37m
[40m1 
[39;49m
[37m
[40m  
[0;1m
[35m
[40mUtil:
[37m
[40m  81.6% 
[39;49m
[37m
[40m  
[0;1m
[35m
[40mTemp:
[33m
[40m 73 
[39;49m
[37m
[40m  
[0;1m
[35m
[40mVoltage:
[37m
[40m 770 mV 
[39;49m
[37m
[40m  
[0;1m
[35m
[40mClock:
[37m
[40m 1000 MHz
[9;5H
[0;1m
[35m
[40mCore :
[37m
[40m2 
[39;49m
[37m
[40m  
[0;1m
[35m
[40mUtil:
[37m
[40m  78.4% 
[39;49m
[37m
[40m  
[0;1m
[35m
[40mTemp:
[33m
[40m 75 
[39;49m
[37m
[40m  
[0;1m
[35m
[40mVoltage:
[37m
[40m 770 mV 
[39;49m
[37m
[40m  
[0;1m
[35m
[40mClock:
[37m
[40m 1000 MHz
[10d
[39;49m
[37m
[40m-
[198b-
[50;1HTotal Devices: 1
[50;190HPage: 1 / 
[?7l1
[?7h
[39;49m
[37m
[40m
[2J[DX-TOP]  (q) Quit   (n) Next Page   (p) Prev Page   (h) Help
[2dMon Jul 13 15:52:25 2026
[3dDX-RT: v3.4.0     NPU Device driver: v2.5.1     DX-TOP: v1.1.0
[4d-
[198b-
[5;3H
[0;1m
[36m
[40mDevice :
[37m
[40m0
[18G
[0;1m
[36m
[40mVariant:
[37m
[40m    M1
[38G
[0;1m
[36m
[40mPCIe Bus Number:
[37m
[40m  01:00:00  
[39;49m
[37m
[40m  
[0;1m
[36m
[40mFirmware:
[37m
[40m  v2.7.1
[6;3H
[0;1m
[36m
[40mNPU Memory:
[39;49m
[37m
[40m  
[34m
[40m[|
[19X
[6;37H]
[39;49m
[37m
[40m 
[34m
[40m297.57 MiB / 3.92 GiB (7.41%) 
[7;5H
[0;1m
[35m
[40mCore :
[37m
[40m0 
[39;49m
[37m
[40m  
[0;1m
[35m
[40mUtil:
[37m
[40m  85.7% 
[39;49m
[37m
[40m  
[0;1m
[35m
[40mTemp:
[33m
[40m 72 
[39;49m
[37m
[40m  
[0;1m
[35m
[40mVoltage:
[37m
[40m 760 mV 
[39;49m
[37m
[40m  
[0;1m
[35m
[40mClock:
[37m
[40m 1000 MHz
[8;5H
[0;1m
[35m
[40mCore :
[37m
[40m1 
[39;49m
[37m
[40m  
[0;1m
[35m
[40mUtil:
[37m
[40m  85.8% 
[39;49m
[37m
[40m  
[0;1m
[35m
[40mTemp:
[33m
[40m 73 
[39;49m
[37m
[40m  
[0;1m
[35m
[40mVoltage:
[37m
[40m 760 mV 
[39;49m
[37m
[40m  
[0;1m
[35m
[40mClock:
[37m
[40m 1000 MHz
[9;5H
[0;1m
[35m
[40mCore :
[37m
[40m2 
[39;49m
[37m
[40m  
[0;1m
[35m
[40mUtil:
[37m
[40m  82.7% 
[39;49m
[37m
[40m  
[0;1m
[35m
[40mTemp:
[33m
[40m 74 
[39;49m
[37m
[40m  
[0;1m
[35m
[40mVoltage:
[37m
[40m 760 mV 
[39;49m
[37m
[40m  
[0;1m
[35m
[40mClock:
[37m
[40m 1000 MHz
[10d
[39;49m
[37m
[40m-
[198b-
[50;1HTotal Devices: 1
[50;190HPage: 1 / 
[?7l1
[?7h
[39;49m
[37m
[40m
[2J[DX-TOP]  (q) Quit   (n) Next Page   (p) Prev Page   (h) Help
[2dMon Jul 13 15:52:27 2026
[3dDX-RT: v3.4.0     NPU Device driver: v2.5.1     DX-TOP: v1.1.0
[4d-
[198b-
[5;3H
[0;1m
[36m
[40mDevice :
[37m
[40m0
[18G
[0;1m
[36m
[40mVariant:
[37m
[40m    M1
[38G
[0;1m
[36m
[40mPCIe Bus Number:
[37m
[40m  01:00:00  
[39;49m
[37m
[40m  
[0;1m
[36m
[40mFirmware:
[37m
[40m  v2.7.1
[6;3H
[0;1m
[36m
[40mNPU Memory:
[39;49m
[37m
[40m  
[34m
[40m[|
[19X
[6;37H]
[39;49m
[37m
[40m 
[34m
[40m297.57 MiB / 3.92 GiB (7.41%) 
[7;5H
[0;1m
[35m
[40mCore :
[37m
[40m0 
[39;49m
[37m
[40m  
[0;1m
[35m
[40mUtil:
[37m
[40m  83.4% 
[39;49m
[37m
[40m  
[0;1m
[35m
[40mTemp:
[33m
[40m 73 
[39;49m
[37m
[40m  
[0;1m
[35m
[40mVoltage:
[37m
[40m 765 mV 
[39;49m
[37m
[40m  
[0;1m
[35m
[40mClock:
[37m
[40m 1000 MHz
[8;5H
[0;1m
[35m
[40mCore :
[37m
[40m1 
[39;49m
[37m
[40m  
[0;1m
[35m
[40mUtil:
[37m
[40m  77.3% 
[39;49m
[37m
[40m  
[0;1m
[35m
[40mTemp:
[33m
[40m 73 
[39;49m
[37m
[40m  
[0;1m
[35m
[40mVoltage:
[37m
[40m 765 mV 
[39;49m
[37m
[40m  
[0;1m
[35m
[40mClock:
[37m
[40m 1000 MHz
[9;5H
[0;1m
[35m
[40mCore :
[37m
[40m2 
[39;49m
[37m
[40m  
[0;1m
[35m
[40mUtil:
[37m
[40m  71.2% 
[39;49m
[37m
[40m  
[0;1m
[35m
[40mTemp:
[33m
[40m 74 
[39;49m
[37m
[40m  
[0;1m
[35m
[40mVoltage:
[37m
[40m 765 mV 
[39;49m
[37m
[40m  
[0;1m
[35m
[40mClock:
[37m
[40m 1000 MHz
[10d
[39;49m
[37m
[40m-
[198b-
[50;1HTotal Devices: 1
[50;190HPage: 1 / 
[?7l1
[?7h
[39;49m
[37m
[40m
[2J[DX-TOP]  (q) Quit   (n) Next Page   (p) Prev Page   (h) Help
[2dMon Jul 13 15:52:29 2026
[3dDX-RT: v3.4.0     NPU Device driver: v2.5.1     DX-TOP: v1.1.0
[4d-
[198b-
[5;3H
[0;1m
[36m
[40mDevice :
[37m
[40m0
[18G
[0;1m
[36m
[40mVariant:
[37m
[40m    M1
[38G
[0;1m
[36m
[40mPCIe Bus Number:
[37m
[40m  01:00:00  
[39;49m
[37m
[40m  
[0;1m
[36m
[40mFirmware:
[37m
[40m  v2.7.1
[6;3H
[0;1m
[36m
[40mNPU Memory:
[39;49m
[37m
[40m  
[34m
[40m[|
[19X
[6;37H]
[39;49m
[37m
[40m 
[34m
[40m297.57 MiB / 3.92 GiB (7.41%) 
[7;5H
[0;1m
[35m
[40mCore :
[37m
[40m0 
[39;49m
[37m
[40m  
[0;1m
[35m
[40mUtil:
[37m
[40m  83.8% 
[39;49m
[37m
[40m  
[0;1m
[35m
[40mTemp:
[33m
[40m 73 
[39;49m
[37m
[40m  
[0;1m
[35m
[40mVoltage:
[37m
[40m 770 mV 
[39;49m
[37m
[40m  
[0;1m
[35m
[40mClock:
[37m
[40m 1000 MHz
[8;5H
[0;1m
[35m
[40mCore :
[37m
[40m1 
[39;49m
[37m
[40m  
[0;1m
[35m
[40mUtil:
[37m
[40m  81.1% 
[39;49m
[37m
[40m  
[0;1m
[35m
[40mTemp:
[33m
[40m 73 
[39;49m
[37m
[40m  
[0;1m
[35m
[40mVoltage:
[37m
[40m 770 mV 
[39;49m
[37m
[40m  
[0;1m
[35m
[40mClock:
[37m
[40m 1000 MHz
[9;5H
[0;1m
[35m
[40mCore :
[37m
[40m2 
[39;49m
[37m
[40m  
[0;1m
[35m
[40mUtil:
[37m
[40m  75.4% 
[39;49m
[37m
[40m  
[0;1m
[35m
[40mTemp:
[33m
[40m 75 
[39;49m
[37m
[40m  
[0;1m
[35m
[40mVoltage:
[37m
[40m 770 mV 
[39;49m
[37m
[40m  
[0;1m
[35m
[40mClock:
[37m
[40m 1000 MHz
[10d
[39;49m
[37m
[40m-
[198b-
[50;1HTotal Devices: 1
[50;190HPage: 1 / 
[?7l1
[?7h
[39;49m
[37m
[40m
[2J[DX-TOP]  (q) Quit   (n) Next Page   (p) Prev Page   (h) Help
[2dMon Jul 13 15:52:31 2026
[3dDX-RT: v3.4.0     NPU Device driver: v2.5.1     DX-TOP: v1.1.0
[4d-
[198b-
[5;3H
[0;1m
[36m
[40mDevice :
[37m
[40m0
[18G
[0;1m
[36m
[40mVariant:
[37m
[40m    M1
[38G
[0;1m
[36m
[40mPCIe Bus Number:
[37m
[40m  01:00:00  
[39;49m
[37m
[40m  
[0;1m
[36m
[40mFirmware:
[37m
[40m  v2.7.1
[6;3H
[0;1m
[36m
[40mNPU Memory:
[39;49m
[37m
[40m  
[34m
[40m[|
[19X
[6;37H]
[39;49m
[37m
[40m 
[34m
[40m297.57 MiB / 3.92 GiB (7.41%) 
[7;5H
[0;1m
[35m
[40mCore :
[37m
[40m0 
[39;49m
[37m
[40m  
[0;1m
[35m
[40mUtil:
[37m
[40m  89.0% 
[39;49m
[37m
[40m  
[0;1m
[35m
[40mTemp:
[33m
[40m 74 
[39;49m
[37m
[40m  
[0;1m
[35m
[40mVoltage:
[37m
[40m 760 mV 
[39;49m
[37m
[40m  
[0;1m
[35m
[40mClock:
[37m
[40m 1000 MHz
[8;5H
[0;1m
[35m
[40mCore :
[37m
[40m1 
[39;49m
[37m
[40m  
[0;1m
[35m
[40mUtil:
[37m
[40m  82.8% 
[39;49m
[37m
[40m  
[0;1m
[35m
[40mTemp:
[33m
[40m 73 
[39;49m
[37m
[40m  
[0;1m
[35m
[40mVoltage:
[37m
[40m 760 mV 
[39;49m
[37m
[40m  
[0;1m
[35m
[40mClock:
[37m
[40m 1000 MHz
[9;5H
[0;1m
[35m
[40mCore :
[37m
[40m2 
[39;49m
[37m
[40m  
[0;1m
[35m
[40mUtil:
[37m
[40m  73.9% 
[39;49m
[37m
[40m  
[0;1m
[35m
[40mTemp:
[33m
[40m 74 
[39;49m
[37m
[40m  
[0;1m
[35m
[40mVoltage:
[37m
[40m 760 mV 
[39;49m
[37m
[40m  
[0;1m
[35m
[40mClock:
[37m
[40m 1000 MHz
[10d
[39;49m
[37m
[40m-
[198b-
[50;1HTotal Devices: 1
[50;190HPage: 1 / 
[?7l1
[?7h
[39;49m
[37m
[40m
[2J[DX-TOP]  (q) Quit   (n) Next Page   (p) Prev Page   (h) Help
[2dMon Jul 13 15:52:33 2026
[3dDX-RT: v3.4.0     NPU Device driver: v2.5.1     DX-TOP: v1.1.0
[4d-
[198b-
[5;3H
[0;1m
[36m
[40mDevice :
[37m
[40m0
[18G
[0;1m
[36m
[40mVariant:
[37m
[40m    M1
[38G
[0;1m
[36m
[40mPCIe Bus Number:
[37m
[40m  01:00:00  
[39;49m
[37m
[40m  
[0;1m
[36m
[40mFirmware:
[37m
[40m  v2.7.1
[6;3H
[0;1m
[36m
[40mNPU Memory:
[39;49m
[37m
[40m  
[34m
[40m[|
[19X
[6;37H]
[39;49m
[37m
[40m 
[34m
[40m297.57 MiB / 3.92 GiB (7.41%) 
[7;5H
[0;1m
[35m
[40mCore :
[37m
[40m0 
[39;49m
[37m
[40m  
[0;1m
[35m
[40mUtil:
[37m
[40m  84.6% 
[39;49m
[37m
[40m  
[0;1m
[35m
[40mTemp:
[33m
[40m 73 
[39;49m
[37m
[40m  
[0;1m
[35m
[40mVoltage:
[37m
[40m 765 mV 
[39;49m
[37m
[40m  
[0;1m
[35m
[40mClock:
[37m
[40m 1000 MHz
[8;5H
[0;1m
[35m
[40mCore :
[37m
[40m1 
[39;49m
[37m
[40m  
[0;1m
[35m
[40mUtil:
[37m
[40m  75.2% 
[39;49m
[37m
[40m  
[0;1m
[35m
[40mTemp:
[33m
[40m 73 
[39;49m
[37m
[40m  
[0;1m
[35m
[40mVoltage:
[37m
[40m 765 mV 
[39;49m
[37m
[40m  
[0;1m
[35m
[40mClock:
[37m
[40m 1000 MHz
[9;5H
[0;1m
[35m
[40mCore :
[37m
[40m2 
[39;49m
[37m
[40m  
[0;1m
[35m
[40mUtil:
[37m
[40m  78.8% 
[39;49m
[37m
[40m  
[0;1m
[35m
[40mTemp:
[33m
[40m 75 
[39;49m
[37m
[40m  
[0;1m
[35m
[40mVoltage:
[37m
[40m 765 mV 
[39;49m
[37m
[40m  
[0;1m
[35m
[40mClock:
[37m
[40m 1000 MHz
[10d
[39;49m
[37m
[40m-
[198b-
[50;1HTotal Devices: 1
[50;190HPage: 1 / 
[?7l1
[?7h
[39;49m
[37m
[40m
[2J[DX-TOP]  (q) Quit   (n) Next Page   (p) Prev Page   (h) Help
[2dMon Jul 13 15:52:35 2026
[3dDX-RT: v3.4.0     NPU Device driver: v2.5.1     DX-TOP: v1.1.0
[4d-
[198b-
[5;3H
[0;1m
[36m
[40mDevice :
[37m
[40m0
[18G
[0;1m
[36m
[40mVariant:
[37m
[40m    M1
[38G
[0;1m
[36m
[40mPCIe Bus Number:
[37m
[40m  01:00:00  
[39;49m
[37m
[40m  
[0;1m
[36m
[40mFirmware:
[37m
[40m  v2.7.1
[6;3H
[0;1m
[36m
[40mNPU Memory:
[39;49m
[37m
[40m  
[34m
[40m[|
[19X
[6;37H]
[39;49m
[37m
[40m 
[34m
[40m297.57 MiB / 3.92 GiB (7.41%) 
[7;5H
[0;1m
[35m
[40mCore :
[37m
[40m0 
[39;49m
[37m
[40m  
[0;1m
[35m
[40mUtil:
[37m
[40m  83.2% 
[39;49m
[37m
[40m  
[0;1m
[35m
[40mTemp:
[33m
[40m 73 
[39;49m
[37m
[40m  
[0;1m
[35m
[40mVoltage:
[37m
[40m 765 mV 
[39;49m
[37m
[40m  
[0;1m
[35m
[40mClock:
[37m
[40m 1000 MHz
[8;5H
[0;1m
[35m
[40mCore :
[37m
[40m1 
[39;49m
[37m
[40m  
[0;1m
[35m
[40mUtil:
[37m
[40m  76.9% 
[39;49m
[37m
[40m  
[0;1m
[35m
[40mTemp:
[33m
[40m 73 
[39;49m
[37m
[40m  
[0;1m
[35m
[40mVoltage:
[37m
[40m 765 mV 
[39;49m
[37m
[40m  
[0;1m
[35m
[40mClock:
[37m
[40m 1000 MHz
[9;5H
[0;1m
[35m
[40mCore :
[37m
[40m2 
[39;49m
[37m
[40m  
[0;1m
[35m
[40mUtil:
[37m
[40m  71.1% 
[39;49m
[37m
[40m  
[0;1m
[35m
[40mTemp:
[33m
[40m 75 
[39;49m
[37m
[40m  
[0;1m
[35m
[40mVoltage:
[37m
[40m 765 mV 
[39;49m
[37m
[40m  
[0;1m
[35m
[40mClock:
[37m
[40m 1000 MHz
[10d
[39;49m
[37m
[40m-
[198b-
[50;1HTotal Devices: 1
[50;190HPage: 1 / 
[?7l1
[?7h
[39;49m
[37m
[40m
[2J[DX-TOP]  (q) Quit   (n) Next Page   (p) Prev Page   (h) Help
[2dMon Jul 13 15:52:37 2026
[3dDX-RT: v3.4.0     NPU Device driver: v2.5.1     DX-TOP: v1.1.0
[4d-
[198b-
[5;3H
[0;1m
[36m
[40mDevice :
[37m
[40m0
[18G
[0;1m
[36m
[40mVariant:
[37m
[40m    M1
[38G
[0;1m
[36m
[40mPCIe Bus Number:
[37m
[40m  01:00:00  
[39;49m
[37m
[40m  
[0;1m
[36m
[40mFirmware:
[37m
[40m  v2.7.1
[6;3H
[0;1m
[36m
[40mNPU Memory:
[39;49m
[37m
[40m  
[34m
[40m[|
[19X
[6;37H]
[39;49m
[37m
[40m 
[34m
[40m297.57 MiB / 3.92 GiB (7.41%) 
[7;5H
[0;1m
[35m
[40mCore :
[37m
[40m0 
[39;49m
[37m
[40m  
[0;1m
[35m
[40mUtil:
[37m
[40m  81.2% 
[39;49m
[37m
[40m  
[0;1m
[35m
[40mTemp:
[33m
[40m 72 
[39;49m
[37m
[40m  
[0;1m
[35m
[40mVoltage:
[37m
[40m 765 mV 
[39;49m
[37m
[40m  
[0;1m
[35m
[40mClock:
[37m
[40m 1000 MHz
[8;5H
[0;1m
[35m
[40mCore :
[37m
[40m1 
[39;49m
[37m
[40m  
[0;1m
[35m
[40mUtil:
[37m
[40m  84.0% 
[39;49m
[37m
[40m  
[0;1m
[35m
[40mTemp:
[33m
[40m 72 
[39;49m
[37m
[40m  
[0;1m
[35m
[40mVoltage:
[37m
[40m 765 mV 
[39;49m
[37m
[40m  
[0;1m
[35m
[40mClock:
[37m
[40m 1000 MHz
[9;5H
[0;1m
[35m
[40mCore :
[37m
[40m2 
[39;49m
[37m
[40m  
[0;1m
[35m
[40mUtil:
[37m
[40m  74.7% 
[39;49m
[37m
[40m  
[0;1m
[35m
[40mTemp:
[33m
[40m 74 
[39;49m
[37m
[40m  
[0;1m
[35m
[40mVoltage:
[37m
[40m 765 mV 
[39;49m
[37m
[40m  
[0;1m
[35m
[40mClock:
[37m
[40m 1000 MHz
[10d
[39;49m
[37m
[40m-
[198b-
[50;1HTotal Devices: 1
[50;190HPage: 1 / 
[?7l1
[?7h
[39;49m
[37m
[40m
[2J[DX-TOP]  (q) Quit   (n) Next Page   (p) Prev Page   (h) Help
[2dMon Jul 13 15:52:39 2026
[3dDX-RT: v3.4.0     NPU Device driver: v2.5.1     DX-TOP: v1.1.0
[4d-
[198b-
[5;3H
[0;1m
[36m
[40mDevice :
[37m
[40m0
[18G
[0;1m
[36m
[40mVariant:
[37m
[40m    M1
[38G
[0;1m
[36m
[40mPCIe Bus Number:
[37m
[40m  01:00:00  
[39;49m
[37m
[40m  
[0;1m
[36m
[40mFirmware:
[37m
[40m  v2.7.1
[6;3H
[0;1m
[36m
[40mNPU Memory:
[39;49m
[37m
[40m  
[34m
[40m[|
[19X
[6;37H]
[39;49m
[37m
[40m 
[34m
[40m297.57 MiB / 3.92 GiB (7.41%) 
[7;5H
[0;1m
[35m
[40mCore :
[37m
[40m0 
[39;49m
[37m
[40m  
[0;1m
[35m
[40mUtil:
[37m
[40m  84.2% 
[39;49m
[37m
[40m  
[0;1m
[35m
[40mTemp:
[33m
[40m 72 
[39;49m
[37m
[40m  
[0;1m
[35m
[40mVoltage:
[37m
[40m 765 mV 
[39;49m
[37m
[40m  
[0;1m
[35m
[40mClock:
[37m
[40m 1000 MHz
[8;5H
[0;1m
[35m
[40mCore :
[37m
[40m1 
[39;49m
[37m
[40m  
[0;1m
[35m
[40mUtil:
[37m
[40m  81.0% 
[39;49m
[37m
[40m  
[0;1m
[35m
[40mTemp:
[33m
[40m 72 
[39;49m
[37m
[40m  
[0;1m
[35m
[40mVoltage:
[37m
[40m 765 mV 
[39;49m
[37m
[40m  
[0;1m
[35m
[40mClock:
[37m
[40m 1000 MHz
[9;5H
[0;1m
[35m
[40mCore :
[37m
[40m2 
[39;49m
[37m
[40m  
[0;1m
[35m
[40mUtil:
[37m
[40m  74.8% 
[39;49m
[37m
[40m  
[0;1m
[35m
[40mTemp:
[33m
[40m 75 
[39;49m
[37m
[40m  
[0;1m
[35m
[40mVoltage:
[37m
[40m 765 mV 
[39;49m
[37m
[40m  
[0;1m
[35m
[40mClock:
[37m
[40m 1000 MHz
[10d
[39;49m
[37m
[40m-
[198b-
[50;1HTotal Devices: 1
[50;190HPage: 1 / 
[?7l1
[?7h
[39;49m
[37m
[40m
[2J[DX-TOP]  (q) Quit   (n) Next Page   (p) Prev Page   (h) Help
[2dMon Jul 13 15:52:41 2026
[3dDX-RT: v3.4.0     NPU Device driver: v2.5.1     DX-TOP: v1.1.0
[4d-
[198b-
[5;3H
[0;1m
[36m
[40mDevice :
[37m
[40m0
[18G
[0;1m
[36m
[40mVariant:
[37m
[40m    M1
[38G
[0;1m
[36m
[40mPCIe Bus Number:
[37m
[40m  01:00:00  
[39;49m
[37m
[40m  
[0;1m
[36m
[40mFirmware:
[37m
[40m  v2.7.1
[6;3H
[0;1m
[36m
[40mNPU Memory:
[39;49m
[37m
[40m  
[34m
[40m[|
[19X
[6;37H]
[39;49m
[37m
[40m 
[34m
[40m297.57 MiB / 3.92 GiB (7.41%) 
[7;5H
[0;1m
[35m
[40mCore :
[37m
[40m0 
[39;49m
[37m
[40m  
[0;1m
[35m
[40mUtil:
[37m
[40m  81.3% 
[39;49m
[37m
[40m  
[0;1m
[35m
[40mTemp:
[33m
[40m 73 
[39;49m
[37m
[40m  
[0;1m
[35m
[40mVoltage:
[37m
[40m 765 mV 
[39;49m
[37m
[40m  
[0;1m
[35m
[40mClock:
[37m
[40m 1000 MHz
[8;5H
[0;1m
[35m
[40mCore :
[37m
[40m1 
[39;49m
[37m
[40m  
[0;1m
[35m
[40mUtil:
[37m
[40m  81.2% 
[39;49m
[37m
[40m  
[0;1m
[35m
[40mTemp:
[33m
[40m 73 
[39;49m
[37m
[40m  
[0;1m
[35m
[40mVoltage:
[37m
[40m 765 mV 
[39;49m
[37m
[40m  
[0;1m
[35m
[40mClock:
[37m
[40m 1000 MHz
[9;5H
[0;1m
[35m
[40mCore :
[37m
[40m2 
[39;49m
[37m
[40m  
[0;1m
[35m
[40mUtil:
[37m
[40m  78.2% 
[39;49m
[37m
[40m  
[0;1m
[35m
[40mTemp:
[33m
[40m 75 
[39;49m
[37m
[40m  
[0;1m
[35m
[40mVoltage:
[37m
[40m 765 mV 
[39;49m
[37m
[40m  
[0;1m
[35m
[40mClock:
[37m
[40m 1000 MHz
[10d
[39;49m
[37m
[40m-
[198b-
[50;1HTotal Devices: 1
[50;190HPage: 1 / 
[?7l1
[?7h
[39;49m
[37m
[40m
[2J[DX-TOP]  (q) Quit   (n) Next Page   (p) Prev Page   (h) Help
[2dMon Jul 13 15:52:43 2026
[3dDX-RT: v3.4.0     NPU Device driver: v2.5.1     DX-TOP: v1.1.0
[4d-
[198b-
[5;3H
[0;1m
[36m
[40mDevice :
[37m
[40m0
[18G
[0;1m
[36m
[40mVariant:
[37m
[40m    M1
[38G
[0;1m
[36m
[40mPCIe Bus Number:
[37m
[40m  01:00:00  
[39;49m
[37m
[40m  
[0;1m
[36m
[40mFirmware:
[37m
[40m  v2.7.1
[6;3H
[0;1m
[36m
[40mNPU Memory:
[39;49m
[37m
[40m  
[34m
[40m[|
[19X
[6;37H]
[39;49m
[37m
[40m 
[34m
[40m297.57 MiB / 3.92 GiB (7.41%) 
[7;5H
[0;1m
[35m
[40mCore :
[37m
[40m0 
[39;49m
[37m
[40m  
[0;1m
[35m
[40mUtil:
[37m
[40m  84.3% 
[39;49m
[37m
[40m  
[0;1m
[35m
[40mTemp:
[33m
[40m 73 
[39;49m
[37m
[40m  
[0;1m
[35m
[40mVoltage:
[37m
[40m 770 mV 
[39;49m
[37m
[40m  
[0;1m
[35m
[40mClock:
[37m
[40m 1000 MHz
[8;5H
[0;1m
[35m
[40mCore :
[37m
[40m1 
[39;49m
[37m
[40m  
[0;1m
[35m
[40mUtil:
[37m
[40m  84.1% 
[39;49m
[37m
[40m  
[0;1m
[35m
[40mTemp:
[33m
[40m 73 
[39;49m
[37m
[40m  
[0;1m
[35m
[40mVoltage:
[37m
[40m 770 mV 
[39;49m
[37m
[40m  
[0;1m
[35m
[40mClock:
[37m
[40m 1000 MHz
[9;5H
[0;1m
[35m
[40mCore :
[37m
[40m2 
[39;49m
[37m
[40m  
[0;1m
[35m
[40mUtil:
[37m
[40m  75.2% 
[39;49m
[37m
[40m  
[0;1m
[35m
[40mTemp:
[33m
[40m 75 
[39;49m
[37m
[40m  
[0;1m
[35m
[40mVoltage:
[37m
[40m 770 mV 
[39;49m
[37m
[40m  
[0;1m
[35m
[40mClock:
[37m
[40m 1000 MHz
[10d
[39;49m
[37m
[40m-
[198b-
[50;1HTotal Devices: 1
[50;190HPage: 1 / 
[?7l1
[?7h
[39;49m
[37m
[40m
[2J[DX-TOP]  (q) Quit   (n) Next Page   (p) Prev Page   (h) Help
[2dMon Jul 13 15:52:45 2026
[3dDX-RT: v3.4.0     NPU Device driver: v2.5.1     DX-TOP: v1.1.0
[4d-
[198b-
[5;3H
[0;1m
[36m
[40mDevice :
[37m
[40m0
[18G
[0;1m
[36m
[40mVariant:
[37m
[40m    M1
[38G
[0;1m
[36m
[40mPCIe Bus Number:
[37m
[40m  01:00:00  
[39;49m
[37m
[40m  
[0;1m
[36m
[40mFirmware:
[37m
[40m  v2.7.1
[6;3H
[0;1m
[36m
[40mNPU Memory:
[39;49m
[37m
[40m  
[34m
[40m[|
[19X
[6;37H]
[39;49m
[37m
[40m 
[34m
[40m297.57 MiB / 3.92 GiB (7.41%) 
[7;5H
[0;1m
[35m
[40mCore :
[37m
[40m0 
[39;49m
[37m
[40m  
[0;1m
[35m
[40mUtil:
[37m
[40m  83.9% 
[39;49m
[37m
[40m  
[0;1m
[35m
[40mTemp:
[33m
[40m 73 
[39;49m
[37m
[40m  
[0;1m
[35m
[40mVoltage:
[37m
[40m 765 mV 
[39;49m
[37m
[40m  
[0;1m
[35m
[40mClock:
[37m
[40m 1000 MHz
[8;5H
[0;1m
[35m
[40mCore :
[37m
[40m1 
[39;49m
[37m
[40m  
[0;1m
[35m
[40mUtil:
[37m
[40m  80.8% 
[39;49m
[37m
[40m  
[0;1m
[35m
[40mTemp:
[33m
[40m 73 
[39;49m
[37m
[40m  
[0;1m
[35m
[40mVoltage:
[37m
[40m 765 mV 
[39;49m
[37m
[40m  
[0;1m
[35m
[40mClock:
[37m
[40m 1000 MHz
[9;5H
[0;1m
[35m
[40mCore :
[37m
[40m2 
[39;49m
[37m
[40m  
[0;1m
[35m
[40mUtil:
[37m
[40m  69.2% 
[39;49m
[37m
[40m  
[0;1m
[35m
[40mTemp:
[33m
[40m 75 
[39;49m
[37m
[40m  
[0;1m
[35m
[40mVoltage:
[37m
[40m 765 mV 
[39;49m
[37m
[40m  
[0;1m
[35m
[40mClock:
[37m
[40m 1000 MHz
[10d
[39;49m
[37m
[40m-
[198b-
[50;1HTotal Devices: 1
[50;190HPage: 1 / 
[?7l1
[?7h
[39;49m
[37m
[40m
[2J[DX-TOP]  (q) Quit   (n) Next Page   (p) Prev Page   (h) Help
[2dMon Jul 13 15:52:47 2026
[3dDX-RT: v3.4.0     NPU Device driver: v2.5.1     DX-TOP: v1.1.0
[4d-
[198b-
[5;3H
[0;1m
[36m
[40mDevice :
[37m
[40m0
[18G
[0;1m
[36m
[40mVariant:
[37m
[40m    M1
[38G
[0;1m
[36m
[40mPCIe Bus Number:
[37m
[40m  01:00:00  
[39;49m
[37m
[40m  
[0;1m
[36m
[40mFirmware:
[37m
[40m  v2.7.1
[6;3H
[0;1m
[36m
[40mNPU Memory:
[39;49m
[37m
[40m  
[34m
[40m[|
[19X
[6;37H]
[39;49m
[37m
[40m 
[34m
[40m297.57 MiB / 3.92 GiB (7.41%) 
[7;5H
[0;1m
[35m
[40mCore :
[37m
[40m0 
[39;49m
[37m
[40m  
[0;1m
[35m
[40mUtil:
[37m
[40m  83.8% 
[39;49m
[37m
[40m  
[0;1m
[35m
[40mTemp:
[33m
[40m 73 
[39;49m
[37m
[40m  
[0;1m
[35m
[40mVoltage:
[37m
[40m 765 mV 
[39;49m
[37m
[40m  
[0;1m
[35m
[40mClock:
[37m
[40m 1000 MHz
[8;5H
[0;1m
[35m
[40mCore :
[37m
[40m1 
[39;49m
[37m
[40m  
[0;1m
[35m
[40mUtil:
[37m
[40m  77.6% 
[39;49m
[37m
[40m  
[0;1m
[35m
[40mTemp:
[33m
[40m 73 
[39;49m
[37m
[40m  
[0;1m
[35m
[40mVoltage:
[37m
[40m 765 mV 
[39;49m
[37m
[40m  
[0;1m
[35m
[40mClock:
[37m
[40m 1000 MHz
[9;5H
[0;1m
[35m
[40mCore :
[37m
[40m2 
[39;49m
[37m
[40m  
[0;1m
[35m
[40mUtil:
[37m
[40m  74.8% 
[39;49m
[37m
[40m  
[0;1m
[35m
[40mTemp:
[33m
[40m 75 
[39;49m
[37m
[40m  
[0;1m
[35m
[40mVoltage:
[37m
[40m 765 mV 
[39;49m
[37m
[40m  
[0;1m
[35m
[40mClock:
[37m
[40m 1000 MHz
[10d
[39;49m
[37m
[40m-
[198b-
[50;1HTotal Devices: 1
[50;190HPage: 1 / 
[?7l1
[?7h
[39;49m
[37m
[40m
[2J[DX-TOP]  (q) Quit   (n) Next Page   (p) Prev Page   (h) Help
[2dMon Jul 13 15:52:49 2026
[3dDX-RT: v3.4.0     NPU Device driver: v2.5.1     DX-TOP: v1.1.0
[4d-
[198b-
[5;3H
[0;1m
[36m
[40mDevice :
[37m
[40m0
[18G
[0;1m
[36m
[40mVariant:
[37m
[40m    M1
[38G
[0;1m
[36m
[40mPCIe Bus Number:
[37m
[40m  01:00:00  
[39;49m
[37m
[40m  
[0;1m
[36m
[40mFirmware:
[37m
[40m  v2.7.1
[6;3H
[0;1m
[36m
[40mNPU Memory:
[39;49m
[37m
[40m  
[34m
[40m[|
[19X
[6;37H]
[39;49m
[37m
[40m 
[34m
[40m297.57 MiB / 3.92 GiB (7.41%) 
[7;5H
[0;1m
[35m
[40mCore :
[37m
[40m0 
[39;49m
[37m
[40m  
[0;1m
[35m
[40mUtil:
[37m
[40m  82.4% 
[39;49m
[37m
[40m  
[0;1m
[35m
[40mTemp:
[33m
[40m 73 
[39;49m
[37m
[40m  
[0;1m
[35m
[40mVoltage:
[37m
[40m 765 mV 
[39;49m
[37m
[40m  
[0;1m
[35m
[40mClock:
[37m
[40m 1000 MHz
[8;5H
[0;1m
[35m
[40mCore :
[37m
[40m1 
[39;49m
[37m
[40m  
[0;1m
[35m
[40mUtil:
[37m
[40m  79.5% 
[39;49m
[37m
[40m  
[0;1m
[35m
[40mTemp:
[33m
[40m 73 
[39;49m
[37m
[40m  
[0;1m
[35m
[40mVoltage:
[37m
[40m 765 mV 
[39;49m
[37m
[40m  
[0;1m
[35m
[40mClock:
[37m
[40m 1000 MHz
[9;5H
[0;1m
[35m
[40mCore :
[37m
[40m2 
[39;49m
[37m
[40m  
[0;1m
[35m
[40mUtil:
[37m
[40m  82.9% 
[39;49m
[37m
[40m  
[0;1m
[35m
[40mTemp:
[33m
[40m 75 
[39;49m
[37m
[40m  
[0;1m
[35m
[40mVoltage:
[37m
[40m 765 mV 
[39;49m
[37m
[40m  
[0;1m
[35m
[40mClock:
[37m
[40m 1000 MHz
[10d
[39;49m
[37m
[40m-
[198b-
[50;1HTotal Devices: 1
[50;190HPage: 1 / 
[?7l1
[?7h
[39;49m
[37m
[40m
[2J[DX-TOP]  (q) Quit   (n) Next Page   (p) Prev Page   (h) Help
[2dMon Jul 13 15:52:51 2026
[3dDX-RT: v3.4.0     NPU Device driver: v2.5.1     DX-TOP: v1.1.0
[4d-
[198b-
[5;3H
[0;1m
[36m
[40mDevice :
[37m
[40m0
[18G
[0;1m
[36m
[40mVariant:
[37m
[40m    M1
[38G
[0;1m
[36m
[40mPCIe Bus Number:
[37m
[40m  01:00:00  
[39;49m
[37m
[40m  
[0;1m
[36m
[40mFirmware:
[37m
[40m  v2.7.1
[6;3H
[0;1m
[36m
[40mNPU Memory:
[39;49m
[37m
[40m  
[34m
[40m[|
[19X
[6;37H]
[39;49m
[37m
[40m 
[34m
[40m297.57 MiB / 3.92 GiB (7.41%) 
[7;5H
[0;1m
[35m
[40mCore :
[37m
[40m0 
[39;49m
[37m
[40m  
[0;1m
[35m
[40mUtil:
[37m
[40m  83.9% 
[39;49m
[37m
[40m  
[0;1m
[35m
[40mTemp:
[33m
[40m 72 
[39;49m
[37m
[40m  
[0;1m
[35m
[40mVoltage:
[37m
[40m 765 mV 
[39;49m
[37m
[40m  
[0;1m
[35m
[40mClock:
[37m
[40m 1000 MHz
[8;5H
[0;1m
[35m
[40mCore :
[37m
[40m1 
[39;49m
[37m
[40m  
[0;1m
[35m
[40mUtil:
[37m
[40m  81.0% 
[39;49m
[37m
[40m  
[0;1m
[35m
[40mTemp:
[33m
[40m 73 
[39;49m
[37m
[40m  
[0;1m
[35m
[40mVoltage:
[37m
[40m 765 mV 
[39;49m
[37m
[40m  
[0;1m
[35m
[40mClock:
[37m
[40m 1000 MHz
[9;5H
[0;1m
[35m
[40mCore :
[37m
[40m2 
[39;49m
[37m
[40m  
[0;1m
[35m
[40mUtil:
[37m
[40m  72.1% 
[39;49m
[37m
[40m  
[0;1m
[35m
[40mTemp:
[33m
[40m 74 
[39;49m
[37m
[40m  
[0;1m
[35m
[40mVoltage:
[37m
[40m 765 mV 
[39;49m
[37m
[40m  
[0;1m
[35m
[40mClock:
[37m
[40m 1000 MHz
[10d
[39;49m
[37m
[40m-
[198b-
[50;1HTotal Devices: 1
[50;190HPage: 1 / 
[?7l1
[?7h
[39;49m
[37m
[40m
[2J[DX-TOP]  (q) Quit   (n) Next Page   (p) Prev Page   (h) Help
[2dMon Jul 13 15:52:53 2026
[3dDX-RT: v3.4.0     NPU Device driver: v2.5.1     DX-TOP: v1.1.0
[4d-
[198b-
[5;3H
[0;1m
[36m
[40mDevice :
[37m
[40m0
[18G
[0;1m
[36m
[40mVariant:
[37m
[40m    M1
[38G
[0;1m
[36m
[40mPCIe Bus Number:
[37m
[40m  01:00:00  
[39;49m
[37m
[40m  
[0;1m
[36m
[40mFirmware:
[37m
[40m  v2.7.1
[6;3H
[0;1m
[36m
[40mNPU Memory:
[39;49m
[37m
[40m  
[34m
[40m[|
[19X
[6;37H]
[39;49m
[37m
[40m 
[34m
[40m297.57 MiB / 3.92 GiB (7.41%) 
[7;5H
[0;1m
[35m
[40mCore :
[37m
[40m0 
[39;49m
[37m
[40m  
[0;1m
[35m
[40mUtil:
[37m
[40m  82.9% 
[39;49m
[37m
[40m  
[0;1m
[35m
[40mTemp:
[33m
[40m 73 
[39;49m
[37m
[40m  
[0;1m
[35m
[40mVoltage:
[37m
[40m 765 mV 
[39;49m
[37m
[40m  
[0;1m
[35m
[40mClock:
[37m
[40m 1000 MHz
[8;5H
[0;1m
[35m
[40mCore :
[37m
[40m1 
[39;49m
[37m
[40m  
[0;1m
[35m
[40mUtil:
[37m
[40m  80.3% 
[39;49m
[37m
[40m  
[0;1m
[35m
[40mTemp:
[33m
[40m 73 
[39;49m
[37m
[40m  
[0;1m
[35m
[40mVoltage:
[37m
[40m 765 mV 
[39;49m
[37m
[40m  
[0;1m
[35m
[40mClock:
[37m
[40m 1000 MHz
[9;5H
[0;1m
[35m
[40mCore :
[37m
[40m2 
[39;49m
[37m
[40m  
[0;1m
[35m
[40mUtil:
[37m
[40m  65.4% 
[39;49m
[37m
[40m  
[0;1m
[35m
[40mTemp:
[33m
[40m 75 
[39;49m
[37m
[40m  
[0;1m
[35m
[40mVoltage:
[37m
[40m 765 mV 
[39;49m
[37m
[40m  
[0;1m
[35m
[40mClock:
[37m
[40m 1000 MHz
[10d
[39;49m
[37m
[40m-
[198b-
[50;1HTotal Devices: 1
[50;190HPage: 1 / 
[?7l1
[?7h
[39;49m
[37m
[40m
[2J[DX-TOP]  (q) Quit   (n) Next Page   (p) Prev Page   (h) Help
[2dMon Jul 13 15:52:55 2026
[3dDX-RT: v3.4.0     NPU Device driver: v2.5.1     DX-TOP: v1.1.0
[4d-
[198b-
[5;3H
[0;1m
[36m
[40mDevice :
[37m
[40m0
[18G
[0;1m
[36m
[40mVariant:
[37m
[40m    M1
[38G
[0;1m
[36m
[40mPCIe Bus Number:
[37m
[40m  01:00:00  
[39;49m
[37m
[40m  
[0;1m
[36m
[40mFirmware:
[37m
[40m  v2.7.1
[6;3H
[0;1m
[36m
[40mNPU Memory:
[39;49m
[37m
[40m  
[34m
[40m[|
[19X
[6;37H]
[39;49m
[37m
[40m 
[34m
[40m297.57 MiB / 3.92 GiB (7.41%) 
[7;5H
[0;1m
[35m
[40mCore :
[37m
[40m0 
[39;49m
[37m
[40m  
[0;1m
[35m
[40mUtil:
[37m
[40m  82.4% 
[39;49m
[37m
[40m  
[0;1m
[35m
[40mTemp:
[33m
[40m 73 
[39;49m
[37m
[40m  
[0;1m
[35m
[40mVoltage:
[37m
[40m 765 mV 
[39;49m
[37m
[40m  
[0;1m
[35m
[40mClock:
[37m
[40m 1000 MHz
[8;5H
[0;1m
[35m
[40mCore :
[37m
[40m1 
[39;49m
[37m
[40m  
[0;1m
[35m
[40mUtil:
[37m
[40m  76.2% 
[39;49m
[37m
[40m  
[0;1m
[35m
[40mTemp:
[33m
[40m 73 
[39;49m
[37m
[40m  
[0;1m
[35m
[40mVoltage:
[37m
[40m 765 mV 
[39;49m
[37m
[40m  
[0;1m
[35m
[40mClock:
[37m
[40m 1000 MHz
[9;5H
[0;1m
[35m
[40mCore :
[37m
[40m2 
[39;49m
[37m
[40m  
[0;1m
[35m
[40mUtil:
[37m
[40m  64.6% 
[39;49m
[37m
[40m  
[0;1m
[35m
[40mTemp:
[33m
[40m 75 
[39;49m
[37m
[40m  
[0;1m
[35m
[40mVoltage:
[37m
[40m 765 mV 
[39;49m
[37m
[40m  
[0;1m
[35m
[40mClock:
[37m
[40m 1000 MHz
[10d
[39;49m
[37m
[40m-
[198b-
[50;1HTotal Devices: 1
[50;190HPage: 1 / 
[?7l1
[?7h
[39;49m
[37m
[40m
[2J[DX-TOP]  (q) Quit   (n) Next Page   (p) Prev Page   (h) Help
[2dMon Jul 13 15:52:57 2026
[3dDX-RT: v3.4.0     NPU Device driver: v2.5.1     DX-TOP: v1.1.0
[4d-
[198b-
[5;3H
[0;1m
[36m
[40mDevice :
[37m
[40m0
[18G
[0;1m
[36m
[40mVariant:
[37m
[40m    M1
[38G
[0;1m
[36m
[40mPCIe Bus Number:
[37m
[40m  01:00:00  
[39;49m
[37m
[40m  
[0;1m
[36m
[40mFirmware:
[37m
[40m  v2.7.1
[6;3H
[0;1m
[36m
[40mNPU Memory:
[39;49m
[37m
[40m  
[34m
[40m[|
[19X
[6;37H]
[39;49m
[37m
[40m 
[34m
[40m297.57 MiB / 3.92 GiB (7.41%) 
[7;5H
[0;1m
[35m
[40mCore :
[37m
[40m0 
[39;49m
[37m
[40m  
[0;1m
[35m
[40mUtil:
[37m
[40m  83.7% 
[39;49m
[37m
[40m  
[0;1m
[35m
[40mTemp:
[33m
[40m 72 
[39;49m
[37m
[40m  
[0;1m
[35m
[40mVoltage:
[37m
[40m 760 mV 
[39;49m
[37m
[40m  
[0;1m
[35m
[40mClock:
[37m
[40m 1000 MHz
[8;5H
[0;1m
[35m
[40mCore :
[37m
[40m1 
[39;49m
[37m
[40m  
[0;1m
[35m
[40mUtil:
[37m
[40m  80.7% 
[39;49m
[37m
[40m  
[0;1m
[35m
[40mTemp:
[33m
[40m 73 
[39;49m
[37m
[40m  
[0;1m
[35m
[40mVoltage:
[37m
[40m 760 mV 
[39;49m
[37m
[40m  
[0;1m
[35m
[40mClock:
[37m
[40m 1000 MHz
[9;5H
[0;1m
[35m
[40mCore :
[37m
[40m2 
[39;49m
[37m
[40m  
[0;1m
[35m
[40mUtil:
[37m
[40m  75.0% 
[39;49m
[37m
[40m  
[0;1m
[35m
[40mTemp:
[33m
[40m 74 
[39;49m
[37m
[40m  
[0;1m
[35m
[40mVoltage:
[37m
[40m 760 mV 
[39;49m
[37m
[40m  
[0;1m
[35m
[40mClock:
[37m
[40m 1000 MHz
[10d
[39;49m
[37m
[40m-
[198b-
[50;1HTotal Devices: 1
[50;190HPage: 1 / 
[?7l1
[?7h
[39;49m
[37m
[40m
[2J[DX-TOP]  (q) Quit   (n) Next Page   (p) Prev Page   (h) Help
[2dMon Jul 13 15:52:59 2026
[3dDX-RT: v3.4.0     NPU Device driver: v2.5.1     DX-TOP: v1.1.0
[4d-
[198b-
[5;3H
[0;1m
[36m
[40mDevice :
[37m
[40m0
[18G
[0;1m
[36m
[40mVariant:
[37m
[40m    M1
[38G
[0;1m
[36m
[40mPCIe Bus Number:
[37m
[40m  01:00:00  
[39;49m
[37m
[40m  
[0;1m
[36m
[40mFirmware:
[37m
[40m  v2.7.1
[6;3H
[0;1m
[36m
[40mNPU Memory:
[39;49m
[37m
[40m  
[34m
[40m[|
[19X
[6;37H]
[39;49m
[37m
[40m 
[34m
[40m297.57 MiB / 3.92 GiB (7.41%) 
[7;5H
[0;1m
[35m
[40mCore :
[37m
[40m0 
[39;49m
[37m
[40m  
[0;1m
[35m
[40mUtil:
[37m
[40m  80.6% 
[39;49m
[37m
[40m  
[0;1m
[35m
[40mTemp:
[33m
[40m 73 
[39;49m
[37m
[40m  
[0;1m
[35m
[40mVoltage:
[37m
[40m 765 mV 
[39;49m
[37m
[40m  
[0;1m
[35m
[40mClock:
[37m
[40m 1000 MHz
[8;5H
[0;1m
[35m
[40mCore :
[37m
[40m1 
[39;49m
[37m
[40m  
[0;1m
[35m
[40mUtil:
[37m
[40m  74.7% 
[39;49m
[37m
[40m  
[0;1m
[35m
[40mTemp:
[33m
[40m 73 
[39;49m
[37m
[40m  
[0;1m
[35m
[40mVoltage:
[37m
[40m 765 mV 
[39;49m
[37m
[40m  
[0;1m
[35m
[40mClock:
[37m
[40m 1000 MHz
[9;5H
[0;1m
[35m
[40mCore :
[37m
[40m2 
[39;49m
[37m
[40m  
[0;1m
[35m
[40mUtil:
[37m
[40m  74.6% 
[39;49m
[37m
[40m  
[0;1m
[35m
[40mTemp:
[33m
[40m 74 
[39;49m
[37m
[40m  
[0;1m
[35m
[40mVoltage:
[37m
[40m 765 mV 
[39;49m
[37m
[40m  
[0;1m
[35m
[40mClock:
[37m
[40m 1000 MHz
[10d
[39;49m
[37m
[40m-
[198b-
[50;1HTotal Devices: 1
[50;190HPage: 1 / 
[?7l1
[?7h
[39;49m
[37m
[40m
[2J[DX-TOP]  (q) Quit   (n) Next Page   (p) Prev Page   (h) Help
[2dMon Jul 13 15:53:01 2026
[3dDX-RT: v3.4.0     NPU Device driver: v2.5.1     DX-TOP: v1.1.0
[4d-
[198b-
[5;3H
[0;1m
[36m
[40mDevice :
[37m
[40m0
[18G
[0;1m
[36m
[40mVariant:
[37m
[40m    M1
[38G
[0;1m
[36m
[40mPCIe Bus Number:
[37m
[40m  01:00:00  
[39;49m
[37m
[40m  
[0;1m
[36m
[40mFirmware:
[37m
[40m  v2.7.1
[6;3H
[0;1m
[36m
[40mNPU Memory:
[39;49m
[37m
[40m  
[34m
[40m[|
[19X
[6;37H]
[39;49m
[37m
[40m 
[34m
[40m297.57 MiB / 3.92 GiB (7.41%) 
[7;5H
[0;1m
[35m
[40mCore :
[37m
[40m0 
[39;49m
[37m
[40m  
[0;1m
[35m
[40mUtil:
[37m
[40m  80.3% 
[39;49m
[37m
[40m  
[0;1m
[35m
[40mTemp:
[33m
[40m 73 
[39;49m
[37m
[40m  
[0;1m
[35m
[40mVoltage:
[37m
[40m 765 mV 
[39;49m
[37m
[40m  
[0;1m
[35m
[40mClock:
[37m
[40m 1000 MHz
[8;5H
[0;1m
[35m
[40mCore :
[37m
[40m1 
[39;49m
[37m
[40m  
[0;1m
[35m
[40mUtil:
[37m
[40m  80.7% 
[39;49m
[37m
[40m  
[0;1m
[35m
[40mTemp:
[33m
[40m 73 
[39;49m
[37m
[40m  
[0;1m
[35m
[40mVoltage:
[37m
[40m 765 mV 
[39;49m
[37m
[40m  
[0;1m
[35m
[40mClock:
[37m
[40m 1000 MHz
[9;5H
[0;1m
[35m
[40mCore :
[37m
[40m2 
[39;49m
[37m
[40m  
[0;1m
[35m
[40mUtil:
[37m
[40m  71.5% 
[39;49m
[37m
[40m  
[0;1m
[35m
[40mTemp:
[33m
[40m 75 
[39;49m
[37m
[40m  
[0;1m
[35m
[40mVoltage:
[37m
[40m 765 mV 
[39;49m
[37m
[40m  
[0;1m
[35m
[40mClock:
[37m
[40m 1000 MHz
[10d
[39;49m
[37m
[40m-
[198b-
[50;1HTotal Devices: 1
[50;190HPage: 1 / 
[?7l1
[?7h
[39;49m
[37m
[40m
[2J[DX-TOP]  (q) Quit   (n) Next Page   (p) Prev Page   (h) Help
[2dMon Jul 13 15:53:03 2026
[3dDX-RT: v3.4.0     NPU Device driver: v2.5.1     DX-TOP: v1.1.0
[4d-
[198b-
[5;3H
[0;1m
[36m
[40mDevice :
[37m
[40m0
[18G
[0;1m
[36m
[40mVariant:
[37m
[40m    M1
[38G
[0;1m
[36m
[40mPCIe Bus Number:
[37m
[40m  01:00:00  
[39;49m
[37m
[40m  
[0;1m
[36m
[40mFirmware:
[37m
[40m  v2.7.1
[6;3H
[0;1m
[36m
[40mNPU Memory:
[39;49m
[37m
[40m  
[34m
[40m[|
[19X
[6;37H]
[39;49m
[37m
[40m 
[34m
[40m297.57 MiB / 3.92 GiB (7.41%) 
[7;5H
[0;1m
[35m
[40mCore :
[37m
[40m0 
[39;49m
[37m
[40m  
[0;1m
[35m
[40mUtil:
[37m
[40m  80.5% 
[39;49m
[37m
[40m  
[0;1m
[35m
[40mTemp:
[33m
[40m 73 
[39;49m
[37m
[40m  
[0;1m
[35m
[40mVoltage:
[37m
[40m 765 mV 
[39;49m
[37m
[40m  
[0;1m
[35m
[40mClock:
[37m
[40m 1000 MHz
[8;5H
[0;1m
[35m
[40mCore :
[37m
[40m1 
[39;49m
[37m
[40m  
[0;1m
[35m
[40mUtil:
[37m
[40m  77.5% 
[39;49m
[37m
[40m  
[0;1m
[35m
[40mTemp:
[33m
[40m 73 
[39;49m
[37m
[40m  
[0;1m
[35m
[40mVoltage:
[37m
[40m 765 mV 
[39;49m
[37m
[40m  
[0;1m
[35m
[40mClock:
[37m
[40m 1000 MHz
[9;5H
[0;1m
[35m
[40mCore :
[37m
[40m2 
[39;49m
[37m
[40m  
[0;1m
[35m
[40mUtil:
[37m
[40m  74.3% 
[39;49m
[37m
[40m  
[0;1m
[35m
[40mTemp:
[33m
[40m 75 
[39;49m
[37m
[40m  
[0;1m
[35m
[40mVoltage:
[37m
[40m 765 mV 
[39;49m
[37m
[40m  
[0;1m
[35m
[40mClock:
[37m
[40m 1000 MHz
[10d
[39;49m
[37m
[40m-
[198b-
[50;1HTotal Devices: 1
[50;190HPage: 1 / 
[?7l1
[?7h
[39;49m
[37m
[40m
[2J[DX-TOP]  (q) Quit   (n) Next Page   (p) Prev Page   (h) Help
[2dMon Jul 13 15:53:05 2026
[3dDX-RT: v3.4.0     NPU Device driver: v2.5.1     DX-TOP: v1.1.0
[4d-
[198b-
[5;3H
[0;1m
[36m
[40mDevice :
[37m
[40m0
[18G
[0;1m
[36m
[40mVariant:
[37m
[40m    M1
[38G
[0;1m
[36m
[40mPCIe Bus Number:
[37m
[40m  01:00:00  
[39;49m
[37m
[40m  
[0;1m
[36m
[40mFirmware:
[37m
[40m  v2.7.1
[6;3H
[0;1m
[36m
[40mNPU Memory:
[39;49m
[37m
[40m  
[34m
[40m[|
[19X
[6;37H]
[39;49m
[37m
[40m 
[34m
[40m297.57 MiB / 3.92 GiB (7.41%) 
[7;5H
[0;1m
[35m
[40mCore :
[37m
[40m0 
[39;49m
[37m
[40m  
[0;1m
[35m
[40mUtil:
[37m
[40m  87.6% 
[39;49m
[37m
[40m  
[0;1m
[35m
[40mTemp:
[33m
[40m 73 
[39;49m
[37m
[40m  
[0;1m
[35m
[40mVoltage:
[37m
[40m 765 mV 
[39;49m
[37m
[40m  
[0;1m
[35m
[40mClock:
[37m
[40m 1000 MHz
[8;5H
[0;1m
[35m
[40mCore :
[37m
[40m1 
[39;49m
[37m
[40m  
[0;1m
[35m
[40mUtil:
[37m
[40m  81.6% 
[39;49m
[37m
[40m  
[0;1m
[35m
[40mTemp:
[33m
[40m 73 
[39;49m
[37m
[40m  
[0;1m
[35m
[40mVoltage:
[37m
[40m 765 mV 
[39;49m
[37m
[40m  
[0;1m
[35m
[40mClock:
[37m
[40m 1000 MHz
[9;5H
[0;1m
[35m
[40mCore :
[37m
[40m2 
[39;49m
[37m
[40m  
[0;1m
[35m
[40mUtil:
[37m
[40m  70.3% 
[39;49m
[37m
[40m  
[0;1m
[35m
[40mTemp:
[33m
[40m 75 
[39;49m
[37m
[40m  
[0;1m
[35m
[40mVoltage:
[37m
[40m 765 mV 
[39;49m
[37m
[40m  
[0;1m
[35m
[40mClock:
[37m
[40m 1000 MHz
[10d
[39;49m
[37m
[40m-
[198b-
[50;1HTotal Devices: 1
[50;190HPage: 1 / 
[?7l1
[?7h
[39;49m
[37m
[40m
[2J[DX-TOP]  (q) Quit   (n) Next Page   (p) Prev Page   (h) Help
[2dMon Jul 13 15:53:07 2026
[3dDX-RT: v3.4.0     NPU Device driver: v2.5.1     DX-TOP: v1.1.0
[4d-
[198b-
[5;3H
[0;1m
[36m
[40mDevice :
[37m
[40m0
[18G
[0;1m
[36m
[40mVariant:
[37m
[40m    M1
[38G
[0;1m
[36m
[40mPCIe Bus Number:
[37m
[40m  01:00:00  
[39;49m
[37m
[40m  
[0;1m
[36m
[40mFirmware:
[37m
[40m  v2.7.1
[6;3H
[0;1m
[36m
[40mNPU Memory:
[39;49m
[37m
[40m  
[34m
[40m[|
[19X
[6;37H]
[39;49m
[37m
[40m 
[34m
[40m297.57 MiB / 3.92 GiB (7.41%) 
[7;5H
[0;1m
[35m
[40mCore :
[37m
[40m0 
[39;49m
[37m
[40m  
[0;1m
[35m
[40mUtil:
[37m
[40m  80.7% 
[39;49m
[37m
[40m  
[0;1m
[35m
[40mTemp:
[33m
[40m 74 
[39;49m
[37m
[40m  
[0;1m
[35m
[40mVoltage:
[37m
[40m 770 mV 
[39;49m
[37m
[40m  
[0;1m
[35m
[40mClock:
[37m
[40m 1000 MHz
[8;5H
[0;1m
[35m
[40mCore :
[37m
[40m1 
[39;49m
[37m
[40m  
[0;1m
[35m
[40mUtil:
[37m
[40m  80.6% 
[39;49m
[37m
[40m  
[0;1m
[35m
[40mTemp:
[33m
[40m 73 
[39;49m
[37m
[40m  
[0;1m
[35m
[40mVoltage:
[37m
[40m 770 mV 
[39;49m
[37m
[40m  
[0;1m
[35m
[40mClock:
[37m
[40m 1000 MHz
[9;5H
[0;1m
[35m
[40mCore :
[37m
[40m2 
[39;49m
[37m
[40m  
[0;1m
[35m
[40mUtil:
[37m
[40m  75.2% 
[39;49m
[37m
[40m  
[0;1m
[35m
[40mTemp:
[33m
[40m 75 
[39;49m
[37m
[40m  
[0;1m
[35m
[40mVoltage:
[37m
[40m 770 mV 
[39;49m
[37m
[40m  
[0;1m
[35m
[40mClock:
[37m
[40m 1000 MHz
[10d
[39;49m
[37m
[40m-
[198b-
[50;1HTotal Devices: 1
[50;190HPage: 1 / 
[?7l1
[?7h
[39;49m
[37m
[40m
[2J[DX-TOP]  (q) Quit   (n) Next Page   (p) Prev Page   (h) Help
[2dMon Jul 13 15:53:09 2026
[3dDX-RT: v3.4.0     NPU Device driver: v2.5.1     DX-TOP: v1.1.0
[4d-
[198b-
[5;3H
[0;1m
[36m
[40mDevice :
[37m
[40m0
[18G
[0;1m
[36m
[40mVariant:
[37m
[40m    M1
[38G
[0;1m
[36m
[40mPCIe Bus Number:
[37m
[40m  01:00:00  
[39;49m
[37m
[40m  
[0;1m
[36m
[40mFirmware:
[37m
[40m  v2.7.1
[6;3H
[0;1m
[36m
[40mNPU Memory:
[39;49m
[37m
[40m  
[34m
[40m[|
[19X
[6;37H]
[39;49m
[37m
[40m 
[34m
[40m297.57 MiB / 3.92 GiB (7.41%) 
[7;5H
[0;1m
[35m
[40mCore :
[37m
[40m0 
[39;49m
[37m
[40m  
[0;1m
[35m
[40mUtil:
[37m
[40m  80.7% 
[39;49m
[37m
[40m  
[0;1m
[35m
[40mTemp:
[33m
[40m 72 
[39;49m
[37m
[40m  
[0;1m
[35m
[40mVoltage:
[37m
[40m 760 mV 
[39;49m
[37m
[40m  
[0;1m
[35m
[40mClock:
[37m
[40m 1000 MHz
[8;5H
[0;1m
[35m
[40mCore :
[37m
[40m1 
[39;49m
[37m
[40m  
[0;1m
[35m
[40mUtil:
[37m
[40m  77.5% 
[39;49m
[37m
[40m  
[0;1m
[35m
[40mTemp:
[33m
[40m 72 
[39;49m
[37m
[40m  
[0;1m
[35m
[40mVoltage:
[37m
[40m 760 mV 
[39;49m
[37m
[40m  
[0;1m
[35m
[40mClock:
[37m
[40m 1000 MHz
[9;5H
[0;1m
[35m
[40mCore :
[37m
[40m2 
[39;49m
[37m
[40m  
[0;1m
[35m
[40mUtil:
[37m
[40m  77.7% 
[39;49m
[37m
[40m  
[0;1m
[35m
[40mTemp:
[33m
[40m 73 
[39;49m
[37m
[40m  
[0;1m
[35m
[40mVoltage:
[37m
[40m 760 mV 
[39;49m
[37m
[40m  
[0;1m
[35m
[40mClock:
[37m
[40m 1000 MHz
[10d
[39;49m
[37m
[40m-
[198b-
[50;1HTotal Devices: 1
[50;190HPage: 1 / 
[?7l1
[?7h
[39;49m
[37m
[40m
[2J[DX-TOP]  (q) Quit   (n) Next Page   (p) Prev Page   (h) Help
[2dMon Jul 13 15:53:11 2026
[3dDX-RT: v3.4.0     NPU Device driver: v2.5.1     DX-TOP: v1.1.0
[4d-
[198b-
[5;3H
[0;1m
[36m
[40mDevice :
[37m
[40m0
[18G
[0;1m
[36m
[40mVariant:
[37m
[40m    M1
[38G
[0;1m
[36m
[40mPCIe Bus Number:
[37m
[40m  01:00:00  
[39;49m
[37m
[40m  
[0;1m
[36m
[40mFirmware:
[37m
[40m  v2.7.1
[6;3H
[0;1m
[36m
[40mNPU Memory:
[39;49m
[37m
[40m  
[34m
[40m[|
[19X
[6;37H]
[39;49m
[37m
[40m 
[34m
[40m297.57 MiB / 3.92 GiB (7.41%) 
[7;5H
[0;1m
[35m
[40mCore :
[37m
[40m0 
[39;49m
[37m
[40m  
[0;1m
[35m
[40mUtil:
[37m
[40m  80.6% 
[39;49m
[37m
[40m  
[0;1m
[35m
[40mTemp:
[33m
[40m 72 
[39;49m
[37m
[40m  
[0;1m
[35m
[40mVoltage:
[37m
[40m 770 mV 
[39;49m
[37m
[40m  
[0;1m
[35m
[40mClock:
[37m
[40m 1000 MHz
[8;5H
[0;1m
[35m
[40mCore :
[37m
[40m1 
[39;49m
[37m
[40m  
[0;1m
[35m
[40mUtil:
[37m
[40m  77.7% 
[39;49m
[37m
[40m  
[0;1m
[35m
[40mTemp:
[33m
[40m 73 
[39;49m
[37m
[40m  
[0;1m
[35m
[40mVoltage:
[37m
[40m 770 mV 
[39;49m
[37m
[40m  
[0;1m
[35m
[40mClock:
[37m
[40m 1000 MHz
[9;5H
[0;1m
[35m
[40mCore :
[37m
[40m2 
[39;49m
[37m
[40m  
[0;1m
[35m
[40mUtil:
[37m
[40m  77.9% 
[39;49m
[37m
[40m  
[0;1m
[35m
[40mTemp:
[33m
[40m 74 
[39;49m
[37m
[40m  
[0;1m
[35m
[40mVoltage:
[37m
[40m 770 mV 
[39;49m
[37m
[40m  
[0;1m
[35m
[40mClock:
[37m
[40m 1000 MHz
[10d
[39;49m
[37m
[40m-
[198b-
[50;1HTotal Devices: 1
[50;190HPage: 1 / 
[?7l1
[?7h
[39;49m
[37m
[40m
[2J[DX-TOP]  (q) Quit   (n) Next Page   (p) Prev Page   (h) Help
[2dMon Jul 13 15:53:13 2026
[3dDX-RT: v3.4.0     NPU Device driver: v2.5.1     DX-TOP: v1.1.0
[4d-
[198b-
[5;3H
[0;1m
[36m
[40mDevice :
[37m
[40m0
[18G
[0;1m
[36m
[40mVariant:
[37m
[40m    M1
[38G
[0;1m
[36m
[40mPCIe Bus Number:
[37m
[40m  01:00:00  
[39;49m
[37m
[40m  
[0;1m
[36m
[40mFirmware:
[37m
[40m  v2.7.1
[6;3H
[0;1m
[36m
[40mNPU Memory:
[39;49m
[37m
[40m  
[34m
[40m[|
[19X
[6;37H]
[39;49m
[37m
[40m 
[34m
[40m297.57 MiB / 3.92 GiB (7.41%) 
[7;5H
[0;1m
[35m
[40mCore :
[37m
[40m0 
[39;49m
[37m
[40m  
[0;1m
[35m
[40mUtil:
[37m
[40m  80.2% 
[39;49m
[37m
[40m  
[0;1m
[35m
[40mTemp:
[33m
[40m 73 
[39;49m
[37m
[40m  
[0;1m
[35m
[40mVoltage:
[37m
[40m 770 mV 
[39;49m
[37m
[40m  
[0;1m
[35m
[40mClock:
[37m
[40m 1000 MHz
[8;5H
[0;1m
[35m
[40mCore :
[37m
[40m1 
[39;49m
[37m
[40m  
[0;1m
[35m
[40mUtil:
[37m
[40m  80.3% 
[39;49m
[37m
[40m  
[0;1m
[35m
[40mTemp:
[33m
[40m 73 
[39;49m
[37m
[40m  
[0;1m
[35m
[40mVoltage:
[37m
[40m 770 mV 
[39;49m
[37m
[40m  
[0;1m
[35m
[40mClock:
[37m
[40m 1000 MHz
[9;5H
[0;1m
[35m
[40mCore :
[37m
[40m2 
[39;49m
[37m
[40m  
[0;1m
[35m
[40mUtil:
[37m
[40m  71.8% 
[39;49m
[37m
[40m  
[0;1m
[35m
[40mTemp:
[33m
[40m 74 
[39;49m
[37m
[40m  
[0;1m
[35m
[40mVoltage:
[37m
[40m 770 mV 
[39;49m
[37m
[40m  
[0;1m
[35m
[40mClock:
[37m
[40m 1000 MHz
[10d
[39;49m
[37m
[40m-
[198b-
[50;1HTotal Devices: 1
[50;190HPage: 1 / 
[?7l1
[?7h
[39;49m
[37m
[40m
[2J[DX-TOP]  (q) Quit   (n) Next Page   (p) Prev Page   (h) Help
[2dMon Jul 13 15:53:15 2026
[3dDX-RT: v3.4.0     NPU Device driver: v2.5.1     DX-TOP: v1.1.0
[4d-
[198b-
[5;3H
[0;1m
[36m
[40mDevice :
[37m
[40m0
[18G
[0;1m
[36m
[40mVariant:
[37m
[40m    M1
[38G
[0;1m
[36m
[40mPCIe Bus Number:
[37m
[40m  01:00:00  
[39;49m
[37m
[40m  
[0;1m
[36m
[40mFirmware:
[37m
[40m  v2.7.1
[6;3H
[0;1m
[36m
[40mNPU Memory:
[39;49m
[37m
[40m  
[34m
[40m[|
[19X
[6;37H]
[39;49m
[37m
[40m 
[34m
[40m297.57 MiB / 3.92 GiB (7.41%) 
[7;5H
[0;1m
[35m
[40mCore :
[37m
[40m0 
[39;49m
[37m
[40m  
[0;1m
[35m
[40mUtil:
[37m
[40m  83.1% 
[39;49m
[37m
[40m  
[0;1m
[35m
[40mTemp:
[33m
[40m 73 
[39;49m
[37m
[40m  
[0;1m
[35m
[40mVoltage:
[37m
[40m 765 mV 
[39;49m
[37m
[40m  
[0;1m
[35m
[40mClock:
[37m
[40m 1000 MHz
[8;5H
[0;1m
[35m
[40mCore :
[37m
[40m1 
[39;49m
[37m
[40m  
[0;1m
[35m
[40mUtil:
[37m
[40m  77.2% 
[39;49m
[37m
[40m  
[0;1m
[35m
[40mTemp:
[33m
[40m 73 
[39;49m
[37m
[40m  
[0;1m
[35m
[40mVoltage:
[37m
[40m 765 mV 
[39;49m
[37m
[40m  
[0;1m
[35m
[40mClock:
[37m
[40m 1000 MHz
[9;5H
[0;1m
[35m
[40mCore :
[37m
[40m2 
[39;49m
[37m
[40m  
[0;1m
[35m
[40mUtil:
[37m
[40m  71.3% 
[39;49m
[37m
[40m  
[0;1m
[35m
[40mTemp:
[33m
[40m 75 
[39;49m
[37m
[40m  
[0;1m
[35m
[40mVoltage:
[37m
[40m 765 mV 
[39;49m
[37m
[40m  
[0;1m
[35m
[40mClock:
[37m
[40m 1000 MHz
[10d
[39;49m
[37m
[40m-
[198b-
[50;1HTotal Devices: 1
[50;190HPage: 1 / 
[?7l1
[?7h
[39;49m
[37m
[40m
[2J[DX-TOP]  (q) Quit   (n) Next Page   (p) Prev Page   (h) Help
[2dMon Jul 13 15:53:17 2026
[3dDX-RT: v3.4.0     NPU Device driver: v2.5.1     DX-TOP: v1.1.0
[4d-
[198b-
[5;3H
[0;1m
[36m
[40mDevice :
[37m
[40m0
[18G
[0;1m
[36m
[40mVariant:
[37m
[40m    M1
[38G
[0;1m
[36m
[40mPCIe Bus Number:
[37m
[40m  01:00:00  
[39;49m
[37m
[40m  
[0;1m
[36m
[40mFirmware:
[37m
[40m  v2.7.1
[6;3H
[0;1m
[36m
[40mNPU Memory:
[39;49m
[37m
[40m  
[34m
[40m[|
[19X
[6;37H]
[39;49m
[37m
[40m 
[34m
[40m297.57 MiB / 3.92 GiB (7.41%) 
[7;5H
[0;1m
[35m
[40mCore :
[37m
[40m0 
[39;49m
[37m
[40m  
[0;1m
[35m
[40mUtil:
[37m
[40m  84.6% 
[39;49m
[37m
[40m  
[0;1m
[35m
[40mTemp:
[33m
[40m 73 
[39;49m
[37m
[40m  
[0;1m
[35m
[40mVoltage:
[37m
[40m 770 mV 
[39;49m
[37m
[40m  
[0;1m
[35m
[40mClock:
[37m
[40m 1000 MHz
[8;5H
[0;1m
[35m
[40mCore :
[37m
[40m1 
[39;49m
[37m
[40m  
[0;1m
[35m
[40mUtil:
[37m
[40m  81.5% 
[39;49m
[37m
[40m  
[0;1m
[35m
[40mTemp:
[33m
[40m 73 
[39;49m
[37m
[40m  
[0;1m
[35m
[40mVoltage:
[37m
[40m 770 mV 
[39;49m
[37m
[40m  
[0;1m
[35m
[40mClock:
[37m
[40m 1000 MHz
[9;5H
[0;1m
[35m
[40mCore :
[37m
[40m2 
[39;49m
[37m
[40m  
[0;1m
[35m
[40mUtil:
[37m
[40m  81.4% 
[39;49m
[37m
[40m  
[0;1m
[35m
[40mTemp:
[33m
[40m 75 
[39;49m
[37m
[40m  
[0;1m
[35m
[40mVoltage:
[37m
[40m 770 mV 
[39;49m
[37m
[40m  
[0;1m
[35m
[40mClock:
[37m
[40m 1000 MHz
[10d
[39;49m
[37m
[40m-
[198b-
[50;1HTotal Devices: 1
[50;190HPage: 1 / 
[?7l1
[?7h
[39;49m
[37m
[40m
[2J[DX-TOP]  (q) Quit   (n) Next Page   (p) Prev Page   (h) Help
[2dMon Jul 13 15:53:19 2026
[3dDX-RT: v3.4.0     NPU Device driver: v2.5.1     DX-TOP: v1.1.0
[4d-
[198b-
[5;3H
[0;1m
[36m
[40mDevice :
[37m
[40m0
[18G
[0;1m
[36m
[40mVariant:
[37m
[40m    M1
[38G
[0;1m
[36m
[40mPCIe Bus Number:
[37m
[40m  01:00:00  
[39;49m
[37m
[40m  
[0;1m
[36m
[40mFirmware:
[37m
[40m  v2.7.1
[6;3H
[0;1m
[36m
[40mNPU Memory:
[39;49m
[37m
[40m  
[34m
[40m[|
[19X
[6;37H]
[39;49m
[37m
[40m 
[34m
[40m297.57 MiB / 3.92 GiB (7.41%) 
[7;5H
[0;1m
[35m
[40mCore :
[37m
[40m0 
[39;49m
[37m
[40m  
[0;1m
[35m
[40mUtil:
[37m
[40m  84.4% 
[39;49m
[37m
[40m  
[0;1m
[35m
[40mTemp:
[33m
[40m 73 
[39;49m
[37m
[40m  
[0;1m
[35m
[40mVoltage:
[37m
[40m 765 mV 
[39;49m
[37m
[40m  
[0;1m
[35m
[40mClock:
[37m
[40m 1000 MHz
[8;5H
[0;1m
[35m
[40mCore :
[37m
[40m1 
[39;49m
[37m
[40m  
[0;1m
[35m
[40mUtil:
[37m
[40m  84.3% 
[39;49m
[37m
[40m  
[0;1m
[35m
[40mTemp:
[33m
[40m 73 
[39;49m
[37m
[40m  
[0;1m
[35m
[40mVoltage:
[37m
[40m 765 mV 
[39;49m
[37m
[40m  
[0;1m
[35m
[40mClock:
[37m
[40m 1000 MHz
[9;5H
[0;1m
[35m
[40mCore :
[37m
[40m2 
[39;49m
[37m
[40m  
[0;1m
[35m
[40mUtil:
[37m
[40m  77.8% 
[39;49m
[37m
[40m  
[0;1m
[35m
[40mTemp:
[33m
[40m 75 
[39;49m
[37m
[40m  
[0;1m
[35m
[40mVoltage:
[37m
[40m 765 mV 
[39;49m
[37m
[40m  
[0;1m
[35m
[40mClock:
[37m
[40m 1000 MHz
[10d
[39;49m
[37m
[40m-
[198b-
[50;1HTotal Devices: 1
[50;190HPage: 1 / 
[?7l1
[?7h
[39;49m
[37m
[40m
[2J[DX-TOP]  (q) Quit   (n) Next Page   (p) Prev Page   (h) Help
[2dMon Jul 13 15:53:21 2026
[3dDX-RT: v3.4.0     NPU Device driver: v2.5.1     DX-TOP: v1.1.0
[4d-
[198b-
[5;3H
[0;1m
[36m
[40mDevice :
[37m
[40m0
[18G
[0;1m
[36m
[40mVariant:
[37m
[40m    M1
[38G
[0;1m
[36m
[40mPCIe Bus Number:
[37m
[40m  01:00:00  
[39;49m
[37m
[40m  
[0;1m
[36m
[40mFirmware:
[37m
[40m  v2.7.1
[6;3H
[0;1m
[36m
[40mNPU Memory:
[39;49m
[37m
[40m  
[34m
[40m[|
[19X
[6;37H]
[39;49m
[37m
[40m 
[34m
[40m297.57 MiB / 3.92 GiB (7.41%) 
[7;5H
[0;1m
[35m
[40mCore :
[37m
[40m0 
[39;49m
[37m
[40m  
[0;1m
[35m
[40mUtil:
[37m
[40m  85.6% 
[39;49m
[37m
[40m  
[0;1m
[35m
[40mTemp:
[33m
[40m 73 
[39;49m
[37m
[40m  
[0;1m
[35m
[40mVoltage:
[37m
[40m 770 mV 
[39;49m
[37m
[40m  
[0;1m
[35m
[40mClock:
[37m
[40m 1000 MHz
[8;5H
[0;1m
[35m
[40mCore :
[37m
[40m1 
[39;49m
[37m
[40m  
[0;1m
[35m
[40mUtil:
[37m
[40m  85.7% 
[39;49m
[37m
[40m  
[0;1m
[35m
[40mTemp:
[33m
[40m 73 
[39;49m
[37m
[40m  
[0;1m
[35m
[40mVoltage:
[37m
[40m 770 mV 
[39;49m
[37m
[40m  
[0;1m
[35m
[40mClock:
[37m
[40m 1000 MHz
[9;5H
[0;1m
[35m
[40mCore :
[37m
[40m2 
[39;49m
[37m
[40m  
[0;1m
[35m
[40mUtil:
[37m
[40m  79.2% 
[39;49m
[37m
[40m  
[0;1m
[35m
[40mTemp:
[33m
[40m 75 
[39;49m
[37m
[40m  
[0;1m
[35m
[40mVoltage:
[37m
[40m 770 mV 
[39;49m
[37m
[40m  
[0;1m
[35m
[40mClock:
[37m
[40m 1000 MHz
[10d
[39;49m
[37m
[40m-
[198b-
[50;1HTotal Devices: 1
[50;190HPage: 1 / 
[?7l1
[?7h
[39;49m
[37m
[40m
[2J[DX-TOP]  (q) Quit   (n) Next Page   (p) Prev Page   (h) Help
[2dMon Jul 13 15:53:23 2026
[3dDX-RT: v3.4.0     NPU Device driver: v2.5.1     DX-TOP: v1.1.0
[4d-
[198b-
[5;3H
[0;1m
[36m
[40mDevice :
[37m
[40m0
[18G
[0;1m
[36m
[40mVariant:
[37m
[40m    M1
[38G
[0;1m
[36m
[40mPCIe Bus Number:
[37m
[40m  01:00:00  
[39;49m
[37m
[40m  
[0;1m
[36m
[40mFirmware:
[37m
[40m  v2.7.1
[6;3H
[0;1m
[36m
[40mNPU Memory:
[39;49m
[37m
[40m  
[34m
[40m[|
[19X
[6;37H]
[39;49m
[37m
[40m 
[34m
[40m297.57 MiB / 3.92 GiB (7.41%) 
[7;5H
[0;1m
[35m
[40mCore :
[37m
[40m0 
[39;49m
[37m
[40m  
[0;1m
[35m
[40mUtil:
[37m
[40m  83.1% 
[39;49m
[37m
[40m  
[0;1m
[35m
[40mTemp:
[33m
[40m 74 
[39;49m
[37m
[40m  
[0;1m
[35m
[40mVoltage:
[37m
[40m 770 mV 
[39;49m
[37m
[40m  
[0;1m
[35m
[40mClock:
[37m
[40m 1000 MHz
[8;5H
[0;1m
[35m
[40mCore :
[37m
[40m1 
[39;49m
[37m
[40m  
[0;1m
[35m
[40mUtil:
[37m
[40m  76.8% 
[39;49m
[37m
[40m  
[0;1m
[35m
[40mTemp:
[33m
[40m 73 
[39;49m
[37m
[40m  
[0;1m
[35m
[40mVoltage:
[37m
[40m 770 mV 
[39;49m
[37m
[40m  
[0;1m
[35m
[40mClock:
[37m
[40m 1000 MHz
[9;5H
[0;1m
[35m
[40mCore :
[37m
[40m2 
[39;49m
[37m
[40m  
[0;1m
[35m
[40mUtil:
[37m
[40m  68.2% 
[39;49m
[37m
[40m  
[0;1m
[35m
[40mTemp:
[33m
[40m 75 
[39;49m
[37m
[40m  
[0;1m
[35m
[40mVoltage:
[37m
[40m 770 mV 
[39;49m
[37m
[40m  
[0;1m
[35m
[40mClock:
[37m
[40m 1000 MHz
[10d
[39;49m
[37m
[40m-
[198b-
[50;1HTotal Devices: 1
[50;190HPage: 1 / 
[?7l1
[?7h
[39;49m
[37m
[40m
[2J[DX-TOP]  (q) Quit   (n) Next Page   (p) Prev Page   (h) Help
[2dMon Jul 13 15:53:25 2026
[3dDX-RT: v3.4.0     NPU Device driver: v2.5.1     DX-TOP: v1.1.0
[4d-
[198b-
[5;3H
[0;1m
[36m
[40mDevice :
[37m
[40m0
[18G
[0;1m
[36m
[40mVariant:
[37m
[40m    M1
[38G
[0;1m
[36m
[40mPCIe Bus Number:
[37m
[40m  01:00:00  
[39;49m
[37m
[40m  
[0;1m
[36m
[40mFirmware:
[37m
[40m  v2.7.1
[6;3H
[0;1m
[36m
[40mNPU Memory:
[39;49m
[37m
[40m  
[34m
[40m[|
[19X
[6;37H]
[39;49m
[37m
[40m 
[34m
[40m297.57 MiB / 3.92 GiB (7.41%) 
[7;5H
[0;1m
[35m
[40mCore :
[37m
[40m0 
[39;49m
[37m
[40m  
[0;1m
[35m
[40mUtil:
[37m
[40m  85.2% 
[39;49m
[37m
[40m  
[0;1m
[35m
[40mTemp:
[33m
[40m 72 
[39;49m
[37m
[40m  
[0;1m
[35m
[40mVoltage:
[37m
[40m 765 mV 
[39;49m
[37m
[40m  
[0;1m
[35m
[40mClock:
[37m
[40m 1000 MHz
[8;5H
[0;1m
[35m
[40mCore :
[37m
[40m1 
[39;49m
[37m
[40m  
[0;1m
[35m
[40mUtil:
[37m
[40m  81.8% 
[39;49m
[37m
[40m  
[0;1m
[35m
[40mTemp:
[33m
[40m 73 
[39;49m
[37m
[40m  
[0;1m
[35m
[40mVoltage:
[37m
[40m 765 mV 
[39;49m
[37m
[40m  
[0;1m
[35m
[40mClock:
[37m
[40m 1000 MHz
[9;5H
[0;1m
[35m
[40mCore :
[37m
[40m2 
[39;49m
[37m
[40m  
[0;1m
[35m
[40mUtil:
[37m
[40m  79.4% 
[39;49m
[37m
[40m  
[0;1m
[35m
[40mTemp:
[33m
[40m 74 
[39;49m
[37m
[40m  
[0;1m
[35m
[40mVoltage:
[37m
[40m 765 mV 
[39;49m
[37m
[40m  
[0;1m
[35m
[40mClock:
[37m
[40m 1000 MHz
[10d
[39;49m
[37m
[40m-
[198b-
[50;1HTotal Devices: 1
[50;190HPage: 1 / 
[?7l1
[?7h
[39;49m
[37m
[40m
[2J[DX-TOP]  (q) Quit   (n) Next Page   (p) Prev Page   (h) Help
[2dMon Jul 13 15:53:27 2026
[3dDX-RT: v3.4.0     NPU Device driver: v2.5.1     DX-TOP: v1.1.0
[4d-
[198b-
[5;3H
[0;1m
[36m
[40mDevice :
[37m
[40m0
[18G
[0;1m
[36m
[40mVariant:
[37m
[40m    M1
[38G
[0;1m
[36m
[40mPCIe Bus Number:
[37m
[40m  01:00:00  
[39;49m
[37m
[40m  
[0;1m
[36m
[40mFirmware:
[37m
[40m  v2.7.1
[6;3H
[0;1m
[36m
[40mNPU Memory:
[39;49m
[37m
[40m  
[34m
[40m[|
[19X
[6;37H]
[39;49m
[37m
[40m 
[34m
[40m297.57 MiB / 3.92 GiB (7.41%) 
[7;5H
[0;1m
[35m
[40mCore :
[37m
[40m0 
[39;49m
[37m
[40m  
[0;1m
[35m
[40mUtil:
[37m
[40m  84.5% 
[39;49m
[37m
[40m  
[0;1m
[35m
[40mTemp:
[33m
[40m 72 
[39;49m
[37m
[40m  
[0;1m
[35m
[40mVoltage:
[37m
[40m 765 mV 
[39;49m
[37m
[40m  
[0;1m
[35m
[40mClock:
[37m
[40m 1000 MHz
[8;5H
[0;1m
[35m
[40mCore :
[37m
[40m1 
[39;49m
[37m
[40m  
[0;1m
[35m
[40mUtil:
[37m
[40m  81.1% 
[39;49m
[37m
[40m  
[0;1m
[35m
[40mTemp:
[33m
[40m 73 
[39;49m
[37m
[40m  
[0;1m
[35m
[40mVoltage:
[37m
[40m 765 mV 
[39;49m
[37m
[40m  
[0;1m
[35m
[40mClock:
[37m
[40m 1000 MHz
[9;5H
[0;1m
[35m
[40mCore :
[37m
[40m2 
[39;49m
[37m
[40m  
[0;1m
[35m
[40mUtil:
[37m
[40m  78.2% 
[39;49m
[37m
[40m  
[0;1m
[35m
[40mTemp:
[33m
[40m 75 
[39;49m
[37m
[40m  
[0;1m
[35m
[40mVoltage:
[37m
[40m 765 mV 
[39;49m
[37m
[40m  
[0;1m
[35m
[40mClock:
[37m
[40m 1000 MHz
[10d
[39;49m
[37m
[40m-
[198b-
[50;1HTotal Devices: 1
[50;190HPage: 1 / 
[?7l1
[?7h
[39;49m
[37m
[40m
[2J[DX-TOP]  (q) Quit   (n) Next Page   (p) Prev Page   (h) Help
[2dMon Jul 13 15:53:29 2026
[3dDX-RT: v3.4.0     NPU Device driver: v2.5.1     DX-TOP: v1.1.0
[4d-
[198b-
[5;3H
[0;1m
[36m
[40mDevice :
[37m
[40m0
[18G
[0;1m
[36m
[40mVariant:
[37m
[40m    M1
[38G
[0;1m
[36m
[40mPCIe Bus Number:
[37m
[40m  01:00:00  
[39;49m
[37m
[40m  
[0;1m
[36m
[40mFirmware:
[37m
[40m  v2.7.1
[6;3H
[0;1m
[36m
[40mNPU Memory:
[39;49m
[37m
[40m  
[34m
[40m[|
[19X
[6;37H]
[39;49m
[37m
[40m 
[34m
[40m297.57 MiB / 3.92 GiB (7.41%) 
[7;5H
[0;1m
[35m
[40mCore :
[37m
[40m0 
[39;49m
[37m
[40m  
[0;1m
[35m
[40mUtil:
[37m
[40m  83.3% 
[39;49m
[37m
[40m  
[0;1m
[35m
[40mTemp:
[33m
[40m 73 
[39;49m
[37m
[40m  
[0;1m
[35m
[40mVoltage:
[37m
[40m 770 mV 
[39;49m
[37m
[40m  
[0;1m
[35m
[40mClock:
[37m
[40m 1000 MHz
[8;5H
[0;1m
[35m
[40mCore :
[37m
[40m1 
[39;49m
[37m
[40m  
[0;1m
[35m
[40mUtil:
[37m
[40m  83.4% 
[39;49m
[37m
[40m  
[0;1m
[35m
[40mTemp:
[33m
[40m 73 
[39;49m
[37m
[40m  
[0;1m
[35m
[40mVoltage:
[37m
[40m 770 mV 
[39;49m
[37m
[40m  
[0;1m
[35m
[40mClock:
[37m
[40m 1000 MHz
[9;5H
[0;1m
[35m
[40mCore :
[37m
[40m2 
[39;49m
[37m
[40m  
[0;1m
[35m
[40mUtil:
[37m
[40m  74.6% 
[39;49m
[37m
[40m  
[0;1m
[35m
[40mTemp:
[33m
[40m 74 
[39;49m
[37m
[40m  
[0;1m
[35m
[40mVoltage:
[37m
[40m 770 mV 
[39;49m
[37m
[40m  
[0;1m
[35m
[40mClock:
[37m
[40m 1000 MHz
[10d
[39;49m
[37m
[40m-
[198b-
[50;1HTotal Devices: 1
[50;190HPage: 1 / 
[?7l1
[?7h
[39;49m
[37m
[40m
[2J[DX-TOP]  (q) Quit   (n) Next Page   (p) Prev Page   (h) Help
[2dMon Jul 13 15:53:31 2026
[3dDX-RT: v3.4.0     NPU Device driver: v2.5.1     DX-TOP: v1.1.0
[4d-
[198b-
[5;3H
[0;1m
[36m
[40mDevice :
[37m
[40m0
[18G
[0;1m
[36m
[40mVariant:
[37m
[40m    M1
[38G
[0;1m
[36m
[40mPCIe Bus Number:
[37m
[40m  01:00:00  
[39;49m
[37m
[40m  
[0;1m
[36m
[40mFirmware:
[37m
[40m  v2.7.1
[6;3H
[0;1m
[36m
[40mNPU Memory:
[39;49m
[37m
[40m  
[34m
[40m[|
[19X
[6;37H]
[39;49m
[37m
[40m 
[34m
[40m297.57 MiB / 3.92 GiB (7.41%) 
[7;5H
[0;1m
[35m
[40mCore :
[37m
[40m0 
[39;49m
[37m
[40m  
[0;1m
[35m
[40mUtil:
[37m
[40m  87.2% 
[39;49m
[37m
[40m  
[0;1m
[35m
[40mTemp:
[33m
[40m 74 
[39;49m
[37m
[40m  
[0;1m
[35m
[40mVoltage:
[37m
[40m 770 mV 
[39;49m
[37m
[40m  
[0;1m
[35m
[40mClock:
[37m
[40m 1000 MHz
[8;5H
[0;1m
[35m
[40mCore :
[37m
[40m1 
[39;49m
[37m
[40m  
[0;1m
[35m
[40mUtil:
[37m
[40m  81.5% 
[39;49m
[37m
[40m  
[0;1m
[35m
[40mTemp:
[33m
[40m 73 
[39;49m
[37m
[40m  
[0;1m
[35m
[40mVoltage:
[37m
[40m 770 mV 
[39;49m
[37m
[40m  
[0;1m
[35m
[40mClock:
[37m
[40m 1000 MHz
[9;5H
[0;1m
[35m
[40mCore :
[37m
[40m2 
[39;49m
[37m
[40m  
[0;1m
[35m
[40mUtil:
[37m
[40m  81.0% 
[39;49m
[37m
[40m  
[0;1m
[35m
[40mTemp:
[33m
[40m 75 
[39;49m
[37m
[40m  
[0;1m
[35m
[40mVoltage:
[37m
[40m 770 mV 
[39;49m
[37m
[40m  
[0;1m
[35m
[40mClock:
[37m
[40m 1000 MHz
[10d
[39;49m
[37m
[40m-
[198b-
[50;1HTotal Devices: 1
[50;190HPage: 1 / 
[?7l1
[?7h
[39;49m
[37m
[40m
[2J[DX-TOP]  (q) Quit   (n) Next Page   (p) Prev Page   (h) Help
[2dMon Jul 13 15:53:33 2026
[3dDX-RT: v3.4.0     NPU Device driver: v2.5.1     DX-TOP: v1.1.0
[4d-
[198b-
[5;3H
[0;1m
[36m
[40mDevice :
[37m
[40m0
[18G
[0;1m
[36m
[40mVariant:
[37m
[40m    M1
[38G
[0;1m
[36m
[40mPCIe Bus Number:
[37m
[40m  01:00:00  
[39;49m
[37m
[40m  
[0;1m
[36m
[40mFirmware:
[37m
[40m  v2.7.1
[6;3H
[0;1m
[36m
[40mNPU Memory:
[39;49m
[37m
[40m  
[34m
[40m[|
[19X
[6;37H]
[39;49m
[37m
[40m 
[34m
[40m297.57 MiB / 3.92 GiB (7.41%) 
[7;5H
[0;1m
[35m
[40mCore :
[37m
[40m0 
[39;49m
[37m
[40m  
[0;1m
[35m
[40mUtil:
[37m
[40m  84.5% 
[39;49m
[37m
[40m  
[0;1m
[35m
[40mTemp:
[33m
[40m 73 
[39;49m
[37m
[40m  
[0;1m
[35m
[40mVoltage:
[37m
[40m 765 mV 
[39;49m
[37m
[40m  
[0;1m
[35m
[40mClock:
[37m
[40m 1000 MHz
[8;5H
[0;1m
[35m
[40mCore :
[37m
[40m1 
[39;49m
[37m
[40m  
[0;1m
[35m
[40mUtil:
[37m
[40m  78.3% 
[39;49m
[37m
[40m  
[0;1m
[35m
[40mTemp:
[33m
[40m 73 
[39;49m
[37m
[40m  
[0;1m
[35m
[40mVoltage:
[37m
[40m 765 mV 
[39;49m
[37m
[40m  
[0;1m
[35m
[40mClock:
[37m
[40m 1000 MHz
[9;5H
[0;1m
[35m
[40mCore :
[37m
[40m2 
[39;49m
[37m
[40m  
[0;1m
[35m
[40mUtil:
[37m
[40m  81.3% 
[39;49m
[37m
[40m  
[0;1m
[35m
[40mTemp:
[33m
[40m 75 
[39;49m
[37m
[40m  
[0;1m
[35m
[40mVoltage:
[37m
[40m 765 mV 
[39;49m
[37m
[40m  
[0;1m
[35m
[40mClock:
[37m
[40m 1000 MHz
[10d
[39;49m
[37m
[40m-
[198b-
[50;1HTotal Devices: 1
[50;190HPage: 1 / 
[?7l1
[?7h
[39;49m
[37m
[40m
[2J[DX-TOP]  (q) Quit   (n) Next Page   (p) Prev Page   (h) Help
[2dMon Jul 13 15:53:35 2026
[3dDX-RT: v3.4.0     NPU Device driver: v2.5.1     DX-TOP: v1.1.0
[4d-
[198b-
[5;3H
[0;1m
[36m
[40mDevice :
[37m
[40m0
[18G
[0;1m
[36m
[40mVariant:
[37m
[40m    M1
[38G
[0;1m
[36m
[40mPCIe Bus Number:
[37m
[40m  01:00:00  
[39;49m
[37m
[40m  
[0;1m
[36m
[40mFirmware:
[37m
[40m  v2.7.1
[6;3H
[0;1m
[36m
[40mNPU Memory:
[39;49m
[37m
[40m  
[34m
[40m[|
[19X
[6;37H]
[39;49m
[37m
[40m 
[34m
[40m297.57 MiB / 3.92 GiB (7.41%) 
[7;5H
[0;1m
[35m
[40mCore :
[37m
[40m0 
[39;49m
[37m
[40m  
[0;1m
[35m
[40mUtil:
[37m
[40m  87.5% 
[39;49m
[37m
[40m  
[0;1m
[35m
[40mTemp:
[33m
[40m 73 
[39;49m
[37m
[40m  
[0;1m
[35m
[40mVoltage:
[37m
[40m 765 mV 
[39;49m
[37m
[40m  
[0;1m
[35m
[40mClock:
[37m
[40m 1000 MHz
[8;5H
[0;1m
[35m
[40mCore :
[37m
[40m1 
[39;49m
[37m
[40m  
[0;1m
[35m
[40mUtil:
[37m
[40m  78.8% 
[39;49m
[37m
[40m  
[0;1m
[35m
[40mTemp:
[33m
[40m 73 
[39;49m
[37m
[40m  
[0;1m
[35m
[40mVoltage:
[37m
[40m 765 mV 
[39;49m
[37m
[40m  
[0;1m
[35m
[40mClock:
[37m
[40m 1000 MHz
[9;5H
[0;1m
[35m
[40mCore :
[37m
[40m2 
[39;49m
[37m
[40m  
[0;1m
[35m
[40mUtil:
[37m
[40m  78.6% 
[39;49m
[37m
[40m  
[0;1m
[35m
[40mTemp:
[33m
[40m 75 
[39;49m
[37m
[40m  
[0;1m
[35m
[40mVoltage:
[37m
[40m 765 mV 
[39;49m
[37m
[40m  
[0;1m
[35m
[40mClock:
[37m
[40m 1000 MHz
[10d
[39;49m
[37m
[40m-
[198b-
[50;1HTotal Devices: 1
[50;190HPage: 1 / 
[?7l1
[?7h
[39;49m
[37m
[40m
[2J[DX-TOP]  (q) Quit   (n) Next Page   (p) Prev Page   (h) Help
[2dMon Jul 13 15:53:37 2026
[3dDX-RT: v3.4.0     NPU Device driver: v2.5.1     DX-TOP: v1.1.0
[4d-
[198b-
[5;3H
[0;1m
[36m
[40mDevice :
[37m
[40m0
[18G
[0;1m
[36m
[40mVariant:
[37m
[40m    M1
[38G
[0;1m
[36m
[40mPCIe Bus Number:
[37m
[40m  01:00:00  
[39;49m
[37m
[40m  
[0;1m
[36m
[40mFirmware:
[37m
[40m  v2.7.1
[6;3H
[0;1m
[36m
[40mNPU Memory:
[39;49m
[37m
[40m  
[34m
[40m[|
[19X
[6;37H]
[39;49m
[37m
[40m 
[34m
[40m297.57 MiB / 3.92 GiB (7.41%) 
[7;5H
[0;1m
[35m
[40mCore :
[37m
[40m0 
[39;49m
[37m
[40m  
[0;1m
[35m
[40mUtil:
[37m
[40m  84.6% 
[39;49m
[37m
[40m  
[0;1m
[35m
[40mTemp:
[33m
[40m 73 
[39;49m
[37m
[40m  
[0;1m
[35m
[40mVoltage:
[37m
[40m 770 mV 
[39;49m
[37m
[40m  
[0;1m
[35m
[40mClock:
[37m
[40m 1000 MHz
[8;5H
[0;1m
[35m
[40mCore :
[37m
[40m1 
[39;49m
[37m
[40m  
[0;1m
[35m
[40mUtil:
[37m
[40m  84.7% 
[39;49m
[37m
[40m  
[0;1m
[35m
[40mTemp:
[33m
[40m 74 
[39;49m
[37m
[40m  
[0;1m
[35m
[40mVoltage:
[37m
[40m 770 mV 
[39;49m
[37m
[40m  
[0;1m
[35m
[40mClock:
[37m
[40m 1000 MHz
[9;5H
[0;1m
[35m
[40mCore :
[37m
[40m2 
[39;49m
[37m
[40m  
[0;1m
[35m
[40mUtil:
[37m
[40m  75.3% 
[39;49m
[37m
[40m  
[0;1m
[35m
[40mTemp:
[33m
[40m 75 
[39;49m
[37m
[40m  
[0;1m
[35m
[40mVoltage:
[37m
[40m 770 mV 
[39;49m
[37m
[40m  
[0;1m
[35m
[40mClock:
[37m
[40m 1000 MHz
[10d
[39;49m
[37m
[40m-
[198b-
[50;1HTotal Devices: 1
[50;190HPage: 1 / 
[?7l1
[?7h
Script done on 2026-07-13 15:53:41+09:00 [COMMAND_EXIT_CODE="0"]
