Setting pipeline to PAUSED ...
Pipeline is PREROLLING ...
Got message #66 from element "fakesink3" (state-changed): GstMessageStateChanged, old-state=(GstState)null, new-state=(GstState)ready, pending-state=(GstState)void-pending;
Got message #67 from element "fakesink2" (state-changed): GstMessageStateChanged, old-state=(GstState)null, new-state=(GstState)ready, pending-state=(GstState)void-pending;
Got message #68 from element "fakesink1" (state-changed): GstMessageStateChanged, old-state=(GstState)null, new-state=(GstState)ready, pending-state=(GstState)void-pending;
Got message #69 from element "fakesink0" (state-changed): GstMessageStateChanged, old-state=(GstState)null, new-state=(GstState)ready, pending-state=(GstState)void-pending;
Got message #70 from element "queue10" (state-changed): GstMessageStateChanged, old-state=(GstState)null, new-state=(GstState)ready, pending-state=(GstState)void-pending;
Got message #71 from element "queue9" (state-changed): GstMessageStateChanged, old-state=(GstState)null, new-state=(GstState)ready, pending-state=(GstState)void-pending;
Got message #72 from element "queue8" (state-changed): GstMessageStateChanged, old-state=(GstState)null, new-state=(GstState)ready, pending-state=(GstState)void-pending;
Got message #73 from element "queue7" (state-changed): GstMessageStateChanged, old-state=(GstState)null, new-state=(GstState)ready, pending-state=(GstState)void-pending;
Got message #74 from element "out" (state-changed): GstMessageStateChanged, old-state=(GstState)null, new-state=(GstState)ready, pending-state=(GstState)void-pending;
Got message #75 from element "queue6" (state-changed): GstMessageStateChanged, old-state=(GstState)null, new-state=(GstState)ready, pending-state=(GstState)void-pending;
Got message #76 from element "dxpostprocess0" (state-changed): GstMessageStateChanged, old-state=(GstState)null, new-state=(GstState)ready, pending-state=(GstState)void-pending;
Got message #77 from element "queue5" (state-changed): GstMessageStateChanged, old-state=(GstState)null, new-state=(GstState)ready, pending-state=(GstState)void-pending;
Got message #78 from element "dxinfer0" (state-changed): GstMessageStateChanged, old-state=(GstState)null, new-state=(GstState)ready, pending-state=(GstState)void-pending;
Got message #79 from element "queue4" (state-changed): GstMessageStateChanged, old-state=(GstState)null, new-state=(GstState)ready, pending-state=(GstState)void-pending;
Got message #80 from element "dxpreprocess0" (state-changed): GstMessageStateChanged, old-state=(GstState)null, new-state=(GstState)ready, pending-state=(GstState)void-pending;
Got message #81 from element "in" (state-changed): GstMessageStateChanged, old-state=(GstState)null, new-state=(GstState)ready, pending-state=(GstState)void-pending;
Got message #82 from element "queue0" (state-changed): GstMessageStateChanged, old-state=(GstState)null, new-state=(GstState)ready, pending-state=(GstState)void-pending;
Got message #83 from element "queue1" (state-changed): GstMessageStateChanged, old-state=(GstState)null, new-state=(GstState)ready, pending-state=(GstState)void-pending;
Got message #84 from element "queue2" (state-changed): GstMessageStateChanged, old-state=(GstState)null, new-state=(GstState)ready, pending-state=(GstState)void-pending;
Got message #85 from element "queue3" (state-changed): GstMessageStateChanged, old-state=(GstState)null, new-state=(GstState)ready, pending-state=(GstState)void-pending;
Got message #86 from element "typefind" (state-changed): GstMessageStateChanged, old-state=(GstState)null, new-state=(GstState)ready, pending-state=(GstState)void-pending;
Got message #87 from element "decodebin3" (state-changed): GstMessageStateChanged, old-state=(GstState)null, new-state=(GstState)ready, pending-state=(GstState)void-pending;
Got message #88 from element "typefind" (state-changed): GstMessageStateChanged, old-state=(GstState)null, new-state=(GstState)ready, pending-state=(GstState)void-pending;
Got message #89 from element "decodebin2" (state-changed): GstMessageStateChanged, old-state=(GstState)null, new-state=(GstState)ready, pending-state=(GstState)void-pending;
Got message #90 from element "typefind" (state-changed): GstMessageStateChanged, old-state=(GstState)null, new-state=(GstState)ready, pending-state=(GstState)void-pending;
Got message #91 from element "decodebin1" (state-changed): GstMessageStateChanged, old-state=(GstState)null, new-state=(GstState)ready, pending-state=(GstState)void-pending;
Got message #92 from element "typefind" (state-changed): GstMessageStateChanged, old-state=(GstState)null, new-state=(GstState)ready, pending-state=(GstState)void-pending;
Got message #93 from element "decodebin0" (state-changed): GstMessageStateChanged, old-state=(GstState)null, new-state=(GstState)ready, pending-state=(GstState)void-pending;
Got message #94 from element "urisourcebin3" (state-changed): GstMessageStateChanged, old-state=(GstState)null, new-state=(GstState)ready, pending-state=(GstState)void-pending;
Got message #95 from element "urisourcebin2" (state-changed): GstMessageStateChanged, old-state=(GstState)null, new-state=(GstState)ready, pending-state=(GstState)void-pending;
Got message #96 from element "urisourcebin1" (state-changed): GstMessageStateChanged, old-state=(GstState)null, new-state=(GstState)ready, pending-state=(GstState)void-pending;
Got message #97 from element "urisourcebin0" (state-changed): GstMessageStateChanged, old-state=(GstState)null, new-state=(GstState)ready, pending-state=(GstState)void-pending;
Got message #98 from element "pipeline0" (state-changed): GstMessageStateChanged, old-state=(GstState)null, new-state=(GstState)ready, pending-state=(GstState)paused;
Got message #99 from element "fakesink3" (latency): no message details
Redistribute latency...
Got message #100 from element "fakesink3" (state-changed): GstMessageStateChanged, old-state=(GstState)ready, new-state=(GstState)paused, pending-state=(GstState)void-pending;
Got message #101 from element "fakesink2" (latency): no message details
Redistribute latency...
Got message #102 from element "fakesink2" (state-changed): GstMessageStateChanged, old-state=(GstState)ready, new-state=(GstState)paused, pending-state=(GstState)void-pending;
Got message #103 from element "fakesink1" (latency): no message details
Redistribute latency...
Got message #104 from element "fakesink1" (state-changed): GstMessageStateChanged, old-state=(GstState)ready, new-state=(GstState)paused, pending-state=(GstState)void-pending;
Got message #105 from element "fakesink0" (latency): no message details
Redistribute latency...
Got message #106 from element "fakesink0" (state-changed): GstMessageStateChanged, old-state=(GstState)ready, new-state=(GstState)paused, pending-state=(GstState)void-pending;
Got message #107 from pad "queue10:src" (stream-status): GstMessageStreamStatus, type=(GstStreamStatusType)create, owner=(GstElement)"\(GstQueue\)\ queue10", object=(GstTask)"\(GstTask\)\ queue10:src";
Got message #108 from element "queue10" (state-changed): GstMessageStateChanged, old-state=(GstState)ready, new-state=(GstState)paused, pending-state=(GstState)void-pending;
Got message #109 from pad "queue9:src" (stream-status): GstMessageStreamStatus, type=(GstStreamStatusType)create, owner=(GstElement)"\(GstQueue\)\ queue9", object=(GstTask)"\(GstTask\)\ queue9:src";
Got message #110 from element "queue9" (state-changed): GstMessageStateChanged, old-state=(GstState)ready, new-state=(GstState)paused, pending-state=(GstState)void-pending;
Got message #111 from pad "queue8:src" (stream-status): GstMessageStreamStatus, type=(GstStreamStatusType)create, owner=(GstElement)"\(GstQueue\)\ queue8", object=(GstTask)"\(GstTask\)\ queue8:src";
Got message #112 from pad "queue10:src" (stream-status): GstMessageStreamStatus, type=(GstStreamStatusType)enter, owner=(GstElement)"\(GstQueue\)\ queue10", object=(GstTask)"\(GstTask\)\ queue10:src";
Got message #113 from element "queue8" (state-changed): GstMessageStateChanged, old-state=(GstState)ready, new-state=(GstState)paused, pending-state=(GstState)void-pending;
Got message #114 from pad "queue7:src" (stream-status): GstMessageStreamStatus, type=(GstStreamStatusType)create, owner=(GstElement)"\(GstQueue\)\ queue7", object=(GstTask)"\(GstTask\)\ queue7:src";
Got message #115 from element "queue7" (state-changed): GstMessageStateChanged, old-state=(GstState)ready, new-state=(GstState)paused, pending-state=(GstState)void-pending;
Got message #116 from pad "queue9:src" (stream-status): GstMessageStreamStatus, type=(GstStreamStatusType)enter, owner=(GstElement)"\(GstQueue\)\ queue9", object=(GstTask)"\(GstTask\)\ queue9:src";
Got message #117 from element "out" (state-changed): GstMessageStateChanged, old-state=(GstState)ready, new-state=(GstState)paused, pending-state=(GstState)void-pending;
Got message #118 from pad "queue8:src" (stream-status): GstMessageStreamStatus, type=(GstStreamStatusType)enter, owner=(GstElement)"\(GstQueue\)\ queue8", object=(GstTask)"\(GstTask\)\ queue8:src";
Got message #119 from pad "queue7:src" (stream-status): GstMessageStreamStatus, type=(GstStreamStatusType)enter, owner=(GstElement)"\(GstQueue\)\ queue7", object=(GstTask)"\(GstTask\)\ queue7:src";
Got message #120 from pad "queue6:src" (stream-status): GstMessageStreamStatus, type=(GstStreamStatusType)create, owner=(GstElement)"\(GstQueue\)\ queue6", object=(GstTask)"\(GstTask\)\ queue6:src";
Got message #121 from element "queue6" (state-changed): GstMessageStateChanged, old-state=(GstState)ready, new-state=(GstState)paused, pending-state=(GstState)void-pending;
Got message #122 from element "dxpostprocess0" (state-changed): GstMessageStateChanged, old-state=(GstState)ready, new-state=(GstState)paused, pending-state=(GstState)void-pending;
Got message #123 from pad "queue6:src" (stream-status): GstMessageStreamStatus, type=(GstStreamStatusType)enter, owner=(GstElement)"\(GstQueue\)\ queue6", object=(GstTask)"\(GstTask\)\ queue6:src";
Got message #124 from pad "queue5:src" (stream-status): GstMessageStreamStatus, type=(GstStreamStatusType)create, owner=(GstElement)"\(GstQueue\)\ queue5", object=(GstTask)"\(GstTask\)\ queue5:src";
Got message #125 from element "queue5" (state-changed): GstMessageStateChanged, old-state=(GstState)ready, new-state=(GstState)paused, pending-state=(GstState)void-pending;
Got message #126 from pad "queue5:src" (stream-status): GstMessageStreamStatus, type=(GstStreamStatusType)enter, owner=(GstElement)"\(GstQueue\)\ queue5", object=(GstTask)"\(GstTask\)\ queue5:src";
Got message #127 from element "dxinfer0" (state-changed): GstMessageStateChanged, old-state=(GstState)ready, new-state=(GstState)paused, pending-state=(GstState)void-pending;
Got message #128 from pad "queue4:src" (stream-status): GstMessageStreamStatus, type=(GstStreamStatusType)create, owner=(GstElement)"\(GstQueue\)\ queue4", object=(GstTask)"\(GstTask\)\ queue4:src";
Got message #129 from element "queue4" (state-changed): GstMessageStateChanged, old-state=(GstState)ready, new-state=(GstState)paused, pending-state=(GstState)void-pending;
Got message #130 from element "dxpreprocess0" (state-changed): GstMessageStateChanged, old-state=(GstState)ready, new-state=(GstState)paused, pending-state=(GstState)void-pending;
Got message #131 from pad "in:src" (stream-status): GstMessageStreamStatus, type=(GstStreamStatusType)create, owner=(GstElement)"\(GstDxInputSelector\)\ in", object=(GstTask)"\(GstTask\)\ in:src";
Got message #132 from pad "queue4:src" (stream-status): GstMessageStreamStatus, type=(GstStreamStatusType)enter, owner=(GstElement)"\(GstQueue\)\ queue4", object=(GstTask)"\(GstTask\)\ queue4:src";
Got message #133 from element "in" (state-changed): GstMessageStateChanged, old-state=(GstState)ready, new-state=(GstState)paused, pending-state=(GstState)void-pending;
Got message #134 from pad "in:src" (stream-status): GstMessageStreamStatus, type=(GstStreamStatusType)enter, owner=(GstElement)"\(GstDxInputSelector\)\ in", object=(GstTask)"\(GstTask\)\ in:src";
Got message #135 from pad "queue0:src" (stream-status): GstMessageStreamStatus, type=(GstStreamStatusType)create, owner=(GstElement)"\(GstQueue\)\ queue0", object=(GstTask)"\(GstTask\)\ queue0:src";
Got message #136 from element "queue0" (state-changed): GstMessageStateChanged, old-state=(GstState)ready, new-state=(GstState)paused, pending-state=(GstState)void-pending;
Got message #137 from pad "queue0:src" (stream-status): GstMessageStreamStatus, type=(GstStreamStatusType)enter, owner=(GstElement)"\(GstQueue\)\ queue0", object=(GstTask)"\(GstTask\)\ queue0:src";
Got message #138 from pad "queue1:src" (stream-status): GstMessageStreamStatus, type=(GstStreamStatusType)create, owner=(GstElement)"\(GstQueue\)\ queue1", object=(GstTask)"\(GstTask\)\ queue1:src";
Got message #139 from element "queue1" (state-changed): GstMessageStateChanged, old-state=(GstState)ready, new-state=(GstState)paused, pending-state=(GstState)void-pending;
Got message #140 from pad "queue2:src" (stream-status): GstMessageStreamStatus, type=(GstStreamStatusType)create, owner=(GstElement)"\(GstQueue\)\ queue2", object=(GstTask)"\(GstTask\)\ queue2:src";
Got message #142 from element "queue2" (state-changed): GstMessageStateChanged, old-state=(GstState)ready, new-state=(GstState)paused, pending-state=(GstState)void-pending;
Got message #141 from pad "queue1:src" (stream-status): GstMessageStreamStatus, type=(GstStreamStatusType)enter, owner=(GstElement)"\(GstQueue\)\ queue1", object=(GstTask)"\(GstTask\)\ queue1:src";
Got message #143 from pad "queue2:src" (stream-status): GstMessageStreamStatus, type=(GstStreamStatusType)enter, owner=(GstElement)"\(GstQueue\)\ queue2", object=(GstTask)"\(GstTask\)\ queue2:src";
Got message #144 from pad "queue3:src" (stream-status): GstMessageStreamStatus, type=(GstStreamStatusType)create, owner=(GstElement)"\(GstQueue\)\ queue3", object=(GstTask)"\(GstTask\)\ queue3:src";
Got message #145 from element "queue3" (state-changed): GstMessageStateChanged, old-state=(GstState)ready, new-state=(GstState)paused, pending-state=(GstState)void-pending;
Got message #148 from pad "queue3:src" (stream-status): GstMessageStreamStatus, type=(GstStreamStatusType)enter, owner=(GstElement)"\(GstQueue\)\ queue3", object=(GstTask)"\(GstTask\)\ queue3:src";
Got message #149 from element "typefind" (state-changed): GstMessageStateChanged, old-state=(GstState)ready, new-state=(GstState)paused, pending-state=(GstState)void-pending;
Got message #152 from element "typefind" (state-changed): GstMessageStateChanged, old-state=(GstState)ready, new-state=(GstState)paused, pending-state=(GstState)void-pending;
Got message #155 from element "typefind" (state-changed): GstMessageStateChanged, old-state=(GstState)ready, new-state=(GstState)paused, pending-state=(GstState)void-pending;
Got message #158 from element "typefind" (state-changed): GstMessageStateChanged, old-state=(GstState)ready, new-state=(GstState)paused, pending-state=(GstState)void-pending;
Got message #159 from element "urisourcebin3" (property-notify): GstMessagePropertyNotify, property-name=(string)source, property-value=(GstElement)"\(GstFileSrc\)\ filesrc0";
/GstPipeline:pipeline0/GstURISourceBin:urisourcebin3: source = "\(GstFileSrc\)\ filesrc0"
Got message #160 from element "filesrc0" (state-changed): GstMessageStateChanged, old-state=(GstState)null, new-state=(GstState)ready, pending-state=(GstState)void-pending;
Got message #165 from element "typefindelement0" (state-changed): GstMessageStateChanged, old-state=(GstState)null, new-state=(GstState)ready, pending-state=(GstState)paused;
Got message #168 from pad "typefindelement0:sink" (stream-status): GstMessageStreamStatus, type=(GstStreamStatusType)create, owner=(GstElement)"\(GstTypeFindElement\)\ typefindelement0", object=(GstTask)"\(GstTask\)\ typefindelement0:sink";
Got message #169 from element "typefindelement0" (state-changed): GstMessageStateChanged, old-state=(GstState)ready, new-state=(GstState)paused, pending-state=(GstState)void-pending;
Got message #170 from element "filesrc0" (state-changed): GstMessageStateChanged, old-state=(GstState)ready, new-state=(GstState)paused, pending-state=(GstState)void-pending;
Got message #172 from element "urisourcebin3" (state-changed): GstMessageStateChanged, old-state=(GstState)ready, new-state=(GstState)paused, pending-state=(GstState)void-pending;
Got message #171 from pad "typefindelement0:sink" (stream-status): GstMessageStreamStatus, type=(GstStreamStatusType)enter, owner=(GstElement)"\(GstTypeFindElement\)\ typefindelement0", object=(GstTask)"\(GstTask\)\ typefindelement0:sink";
Got message #174 from element "urisourcebin2" (property-notify): GstMessagePropertyNotify, property-name=(string)source, property-value=(GstElement)"\(GstFileSrc\)\ filesrc1";
/GstPipeline:pipeline0/GstURISourceBin:urisourcebin2: source = "\(GstFileSrc\)\ filesrc1"
Got message #175 from element "filesrc1" (state-changed): GstMessageStateChanged, old-state=(GstState)null, new-state=(GstState)ready, pending-state=(GstState)void-pending;
Got message #180 from element "typefindelement1" (state-changed): GstMessageStateChanged, old-state=(GstState)null, new-state=(GstState)ready, pending-state=(GstState)paused;
Got message #183 from pad "typefindelement1:sink" (stream-status): GstMessageStreamStatus, type=(GstStreamStatusType)create, owner=(GstElement)"\(GstTypeFindElement\)\ typefindelement1", object=(GstTask)"\(GstTask\)\ typefindelement1:sink";
Got message #184 from element "typefindelement1" (state-changed): GstMessageStateChanged, old-state=(GstState)ready, new-state=(GstState)paused, pending-state=(GstState)void-pending;
Got message #185 from element "filesrc1" (state-changed): GstMessageStateChanged, old-state=(GstState)ready, new-state=(GstState)paused, pending-state=(GstState)void-pending;
Got message #186 from element "urisourcebin2" (state-changed): GstMessageStateChanged, old-state=(GstState)ready, new-state=(GstState)paused, pending-state=(GstState)void-pending;
Got message #187 from pad "typefindelement1:sink" (stream-status): GstMessageStreamStatus, type=(GstStreamStatusType)enter, owner=(GstElement)"\(GstTypeFindElement\)\ typefindelement1", object=(GstTask)"\(GstTask\)\ typefindelement1:sink";
Got message #189 from element "urisourcebin1" (property-notify): GstMessagePropertyNotify, property-name=(string)source, property-value=(GstElement)"\(GstFileSrc\)\ filesrc2";
/GstPipeline:pipeline0/GstURISourceBin:urisourcebin1: source = "\(GstFileSrc\)\ filesrc2"
Got message #190 from element "filesrc2" (state-changed): GstMessageStateChanged, old-state=(GstState)null, new-state=(GstState)ready, pending-state=(GstState)void-pending;
Got message #195 from element "typefindelement2" (state-changed): GstMessageStateChanged, old-state=(GstState)null, new-state=(GstState)ready, pending-state=(GstState)paused;
Got message #198 from pad "typefindelement2:sink" (stream-status): GstMessageStreamStatus, type=(GstStreamStatusType)create, owner=(GstElement)"\(GstTypeFindElement\)\ typefindelement2", object=(GstTask)"\(GstTask\)\ typefindelement2:sink";
Got message #199 from element "typefindelement2" (state-changed): GstMessageStateChanged, old-state=(GstState)ready, new-state=(GstState)paused, pending-state=(GstState)void-pending;
Got message #200 from element "filesrc2" (state-changed): GstMessageStateChanged, old-state=(GstState)ready, new-state=(GstState)paused, pending-state=(GstState)void-pending;
Got message #201 from element "urisourcebin1" (state-changed): GstMessageStateChanged, old-state=(GstState)ready, new-state=(GstState)paused, pending-state=(GstState)void-pending;
Got message #202 from pad "typefindelement2:sink" (stream-status): GstMessageStreamStatus, type=(GstStreamStatusType)enter, owner=(GstElement)"\(GstTypeFindElement\)\ typefindelement2", object=(GstTask)"\(GstTask\)\ typefindelement2:sink";
Got message #204 from element "urisourcebin0" (property-notify): GstMessagePropertyNotify, property-name=(string)source, property-value=(GstElement)"\(GstFileSrc\)\ filesrc3";
/GstPipeline:pipeline0/GstURISourceBin:urisourcebin0: source = "\(GstFileSrc\)\ filesrc3"
Got message #205 from element "filesrc3" (state-changed): GstMessageStateChanged, old-state=(GstState)null, new-state=(GstState)ready, pending-state=(GstState)void-pending;
Got message #210 from element "typefindelement3" (state-changed): GstMessageStateChanged, old-state=(GstState)null, new-state=(GstState)ready, pending-state=(GstState)paused;
Got message #213 from pad "typefindelement3:sink" (stream-status): GstMessageStreamStatus, type=(GstStreamStatusType)create, owner=(GstElement)"\(GstTypeFindElement\)\ typefindelement3", object=(GstTask)"\(GstTask\)\ typefindelement3:sink";
Got message #214 from element "typefindelement3" (state-changed): GstMessageStateChanged, old-state=(GstState)ready, new-state=(GstState)paused, pending-state=(GstState)void-pending;
Got message #215 from element "filesrc3" (state-changed): GstMessageStateChanged, old-state=(GstState)ready, new-state=(GstState)paused, pending-state=(GstState)void-pending;
Got message #216 from element "urisourcebin0" (state-changed): GstMessageStateChanged, old-state=(GstState)ready, new-state=(GstState)paused, pending-state=(GstState)void-pending;
Got message #217 from pad "typefindelement3:sink" (stream-status): GstMessageStreamStatus, type=(GstStreamStatusType)enter, owner=(GstElement)"\(GstTypeFindElement\)\ typefindelement3", object=(GstTask)"\(GstTask\)\ typefindelement3:sink";
Got message #225 from pad "typefindelement0:src" (property-notify): GstMessagePropertyNotify, property-name=(string)caps, property-value=(GstCaps)"video/quicktime\,\ variant\=\(string\)iso";
/GstPipeline:pipeline0/GstURISourceBin:urisourcebin3/GstTypeFindElement:typefindelement0.GstPad:src: caps = video/quicktime, variant=(string)iso
Got message #226 from pad "typefindelement0:src" (property-notify): GstMessagePropertyNotify, property-name=(string)caps, property-value=(GstCaps)"video/quicktime\,\ variant\=\(string\)iso";
/GstPipeline:pipeline0/GstURISourceBin:urisourcebin3/GstTypeFindElement:typefindelement0.GstPad:src: caps = video/quicktime, variant=(string)iso
Got message #228 from pad "typefindelement2:src" (property-notify): GstMessagePropertyNotify, property-name=(string)caps, property-value=(GstCaps)"video/quicktime\,\ variant\=\(string\)iso";
/GstPipeline:pipeline0/GstURISourceBin:urisourcebin1/GstTypeFindElement:typefindelement2.GstPad:src: caps = video/quicktime, variant=(string)iso
Got message #242 from pad "typefindelement3:src" (property-notify): GstMessagePropertyNotify, property-name=(string)caps, property-value=(GstCaps)"video/quicktime\,\ variant\=\(string\)iso";
/GstPipeline:pipeline0/GstURISourceBin:urisourcebin0/GstTypeFindElement:typefindelement3.GstPad:src: caps = video/quicktime, variant=(string)iso
Got message #245 from pad "sink:proxypad1" (property-notify): GstMessagePropertyNotify, property-name=(string)caps, property-value=(GstCaps)"video/quicktime\,\ variant\=\(string\)iso";
/GstPipeline:pipeline0/GstDecodeBin:decodebin1.GstGhostPad:sink.GstProxyPad:proxypad1: caps = video/quicktime, variant=(string)iso
Got message #248 from pad "typefind:src" (property-notify): GstMessagePropertyNotify, property-name=(string)caps, property-value=(GstCaps)"video/quicktime\,\ variant\=\(string\)iso";
/GstPipeline:pipeline0/GstDecodeBin:decodebin1/GstTypeFindElement:typefind.GstPad:src: caps = video/quicktime, variant=(string)iso
Got message #255 from pad "sink:proxypad0" (property-notify): GstMessagePropertyNotify, property-name=(string)caps, property-value=(GstCaps)"video/quicktime\,\ variant\=\(string\)iso";
/GstPipeline:pipeline0/GstDecodeBin:decodebin0.GstGhostPad:sink.GstProxyPad:proxypad0: caps = video/quicktime, variant=(string)iso
Got message #258 from pad "typefind:src" (property-notify): GstMessagePropertyNotify, property-name=(string)caps, property-value=(GstCaps)"video/quicktime\,\ variant\=\(string\)iso";
/GstPipeline:pipeline0/GstDecodeBin:decodebin0/GstTypeFindElement:typefind.GstPad:src: caps = video/quicktime, variant=(string)iso
Got message #264 from pad "sink:proxypad3" (property-notify): GstMessagePropertyNotify, property-name=(string)caps, property-value=(GstCaps)"video/quicktime\,\ variant\=\(string\)iso";
/GstPipeline:pipeline0/GstDecodeBin:decodebin3.GstGhostPad:sink.GstProxyPad:proxypad3: caps = video/quicktime, variant=(string)iso
Got message #266 from pad "typefind:src" (property-notify): GstMessagePropertyNotify, property-name=(string)caps, property-value=(GstCaps)"video/quicktime\,\ variant\=\(string\)iso";
/GstPipeline:pipeline0/GstDecodeBin:decodebin3/GstTypeFindElement:typefind.GstPad:src: caps = video/quicktime, variant=(string)iso
Got message #267 from pad "sink:proxypad2" (property-notify): GstMessagePropertyNotify, property-name=(string)caps, property-value=(GstCaps)"video/quicktime\,\ variant\=\(string\)iso";
/GstPipeline:pipeline0/GstDecodeBin:decodebin2.GstGhostPad:sink.GstProxyPad:proxypad2: caps = video/quicktime, variant=(string)iso
Got message #269 from pad "typefind:src" (property-notify): GstMessagePropertyNotify, property-name=(string)caps, property-value=(GstCaps)"video/quicktime\,\ variant\=\(string\)iso";
/GstPipeline:pipeline0/GstDecodeBin:decodebin2/GstTypeFindElement:typefind.GstPad:src: caps = video/quicktime, variant=(string)iso
Got message #319 from element "qtdemux2" (state-changed): GstMessageStateChanged, old-state=(GstState)null, new-state=(GstState)ready, pending-state=(GstState)void-pending;
Got message #321 from element "qtdemux3" (state-changed): GstMessageStateChanged, old-state=(GstState)null, new-state=(GstState)ready, pending-state=(GstState)void-pending;
Got message #320 from element "qtdemux0" (state-changed): GstMessageStateChanged, old-state=(GstState)null, new-state=(GstState)ready, pending-state=(GstState)void-pending;
Got message #322 from element "qtdemux1" (state-changed): GstMessageStateChanged, old-state=(GstState)null, new-state=(GstState)ready, pending-state=(GstState)void-pending;
Got message #323 from pad "typefind:src" (property-notify): GstMessagePropertyNotify, property-name=(string)caps, property-value=(GstCaps)"NULL";
/GstPipeline:pipeline0/GstDecodeBin:decodebin0/GstTypeFindElement:typefind.GstPad:src: caps = NULL
Got message #324 from pad "typefind:src" (property-notify): GstMessagePropertyNotify, property-name=(string)caps, property-value=(GstCaps)"NULL";
/GstPipeline:pipeline0/GstDecodeBin:decodebin0/GstTypeFindElement:typefind.GstPad:src: caps = NULL
Got message #325 from pad "typefind:src" (property-notify): GstMessagePropertyNotify, property-name=(string)caps, property-value=(GstCaps)"NULL";
/GstPipeline:pipeline0/GstDecodeBin:decodebin2/GstTypeFindElement:typefind.GstPad:src: caps = NULL
Got message #326 from pad "sink:proxypad3" (property-notify): GstMessagePropertyNotify, property-name=(string)caps, property-value=(GstCaps)"NULL";
/GstPipeline:pipeline0/GstDecodeBin:decodebin3.GstGhostPad:sink.GstProxyPad:proxypad3: caps = NULL
Got message #327 from pad "urisourcebin0:src_0" (property-notify): GstMessagePropertyNotify, property-name=(string)caps, property-value=(GstCaps)"NULL";
/GstPipeline:pipeline0/GstURISourceBin:urisourcebin0.GstGhostPad:src_0: caps = NULL
Got message #328 from pad "urisourcebin0:src_0" (property-notify): GstMessagePropertyNotify, property-name=(string)caps, property-value=(GstCaps)"NULL";
/GstPipeline:pipeline0/GstURISourceBin:urisourcebin0.GstGhostPad:src_0: caps = NULL
Got message #329 from pad "urisourcebin0:src_0" (property-notify): GstMessagePropertyNotify, property-name=(string)caps, property-value=(GstCaps)"NULL";
/GstPipeline:pipeline0/GstURISourceBin:urisourcebin0.GstGhostPad:src_0: caps = NULL
Got message #330 from pad "urisourcebin0:src_0" (property-notify): GstMessagePropertyNotify, property-name=(string)caps, property-value=(GstCaps)"NULL";
/GstPipeline:pipeline0/GstURISourceBin:urisourcebin0.GstGhostPad:src_0: caps = NULL
Got message #331 from pad "urisourcebin0:src_0" (property-notify): GstMessagePropertyNotify, property-name=(string)caps, property-value=(GstCaps)"NULL";
/GstPipeline:pipeline0/GstURISourceBin:urisourcebin0.GstGhostPad:src_0: caps = NULL
Got message #332 from pad "typefindelement3:src" (property-notify): GstMessagePropertyNotify, property-name=(string)caps, property-value=(GstCaps)"NULL";
/GstPipeline:pipeline0/GstURISourceBin:urisourcebin0/GstTypeFindElement:typefindelement3.GstPad:src: caps = NULL
Got message #333 from pad "qtdemux3:sink" (stream-status): GstMessageStreamStatus, type=(GstStreamStatusType)create, owner=(GstElement)"\(GstQTDemux\)\ qtdemux3", object=(GstTask)"\(GstTask\)\ qtdemux3:sink";
Got message #334 from pad "qtdemux1:sink" (stream-status): GstMessageStreamStatus, type=(GstStreamStatusType)create, owner=(GstElement)"\(GstQTDemux\)\ qtdemux1", object=(GstTask)"\(GstTask\)\ qtdemux1:sink";
Got message #335 from pad "qtdemux2:sink" (stream-status): GstMessageStreamStatus, type=(GstStreamStatusType)create, owner=(GstElement)"\(GstQTDemux\)\ qtdemux2", object=(GstTask)"\(GstTask\)\ task18";
Got message #336 from pad "typefind:src" (property-notify): GstMessagePropertyNotify, property-name=(string)caps, property-value=(GstCaps)"NULL";
/GstPipeline:pipeline0/GstDecodeBin:decodebin1/GstTypeFindElement:typefind.GstPad:src: caps = NULL
Got message #337 from pad "sink:proxypad1" (property-notify): GstMessagePropertyNotify, property-name=(string)caps, property-value=(GstCaps)"NULL";
/GstPipeline:pipeline0/GstDecodeBin:decodebin1.GstGhostPad:sink.GstProxyPad:proxypad1: caps = NULL
Got message #338 from pad "urisourcebin1:src_0" (property-notify): GstMessagePropertyNotify, property-name=(string)caps, property-value=(GstCaps)"NULL";
/GstPipeline:pipeline0/GstURISourceBin:urisourcebin1.GstGhostPad:src_0: caps = NULL
Got message #339 from pad "typefindelement2:src" (property-notify): GstMessagePropertyNotify, property-name=(string)caps, property-value=(GstCaps)"NULL";
/GstPipeline:pipeline0/GstURISourceBin:urisourcebin1/GstTypeFindElement:typefindelement2.GstPad:src: caps = NULL
Got message #340 from pad "qtdemux0:sink" (stream-status): GstMessageStreamStatus, type=(GstStreamStatusType)create, owner=(GstElement)"\(GstQTDemux\)\ qtdemux0", object=(GstTask)"\(GstTask\)\ task19";
Got message #341 from element "qtdemux3" (state-changed): GstMessageStateChanged, old-state=(GstState)ready, new-state=(GstState)paused, pending-state=(GstState)void-pending;
Got message #342 from pad "typefind:sink" (property-notify): GstMessagePropertyNotify, property-name=(string)caps, property-value=(GstCaps)"video/quicktime\,\ variant\=\(string\)iso";
/GstPipeline:pipeline0/GstDecodeBin:decodebin3/GstTypeFindElement:typefind.GstPad:sink: caps = video/quicktime, variant=(string)iso
Got message #343 from pad "decodebin3:sink" (property-notify): GstMessagePropertyNotify, property-name=(string)caps, property-value=(GstCaps)"video/quicktime\,\ variant\=\(string\)iso";
/GstPipeline:pipeline0/GstDecodeBin:decodebin3.GstGhostPad:sink: caps = video/quicktime, variant=(string)iso
Got message #344 from pad "src_0:proxypad5" (property-notify): GstMessagePropertyNotify, property-name=(string)caps, property-value=(GstCaps)"video/quicktime\,\ variant\=\(string\)iso";
/GstPipeline:pipeline0/GstURISourceBin:urisourcebin3.GstGhostPad:src_0.GstProxyPad:proxypad5: caps = video/quicktime, variant=(string)iso
Got message #345 from element "qtdemux1" (state-changed): GstMessageStateChanged, old-state=(GstState)ready, new-state=(GstState)paused, pending-state=(GstState)void-pending;
Got message #346 from pad "typefind:sink" (property-notify): GstMessagePropertyNotify, property-name=(string)caps, property-value=(GstCaps)"video/quicktime\,\ variant\=\(string\)iso";
/GstPipeline:pipeline0/GstDecodeBin:decodebin2/GstTypeFindElement:typefind.GstPad:sink: caps = video/quicktime, variant=(string)iso
Got message #347 from pad "decodebin2:sink" (property-notify): GstMessagePropertyNotify, property-name=(string)caps, property-value=(GstCaps)"video/quicktime\,\ variant\=\(string\)iso";
/GstPipeline:pipeline0/GstDecodeBin:decodebin2.GstGhostPad:sink: caps = video/quicktime, variant=(string)iso
Got message #348 from pad "src_0:proxypad4" (property-notify): GstMessagePropertyNotify, property-name=(string)caps, property-value=(GstCaps)"video/quicktime\,\ variant\=\(string\)iso";
/GstPipeline:pipeline0/GstURISourceBin:urisourcebin2.GstGhostPad:src_0.GstProxyPad:proxypad4: caps = video/quicktime, variant=(string)iso
Got message #349 from pad "qtdemux3:sink" (stream-status): GstMessageStreamStatus, type=(GstStreamStatusType)enter, owner=(GstElement)"\(GstQTDemux\)\ qtdemux3", object=(GstTask)"\(GstTask\)\ qtdemux3:sink";
Got message #359 from pad "multiqueue0:src_0" (stream-status): GstMessageStreamStatus, type=(GstStreamStatusType)create, owner=(GstElement)"\(GstMultiQueue\)\ multiqueue0", object=(GstTask)"\(GstTask\)\ task20";
Got message #362 from pad "qtdemux1:sink" (stream-status): GstMessageStreamStatus, type=(GstStreamStatusType)enter, owner=(GstElement)"\(GstQTDemux\)\ qtdemux1", object=(GstTask)"\(GstTask\)\ qtdemux1:sink";
Got message #364 from pad "multiqueue0:src_0" (property-notify): GstMessagePropertyNotify, property-name=(string)caps, property-value=(GstCaps)"video/x-h264\,\ stream-format\=\(string\)avc\,\ alignment\=\(string\)au\,\ level\=\(string\)4\,\ profile\=\(string\)high\,\ codec_data\=\(buffer\)01640028ffe1001d67640028acd940780227e5c05a808080a000007d20001d4c01e30632c001000568e93b2c8bfdf8f800\,\ width\=\(int\)1920\,\ height\=\(int\)1080\,\ framerate\=\(fraction\)30000/1001\,\ pixel-aspect-ratio\=\(fraction\)1/1\,\ colorimetry\=\(string\)bt709";
/GstPipeline:pipeline0/GstDecodeBin:decodebin3/GstMultiQueue:multiqueue0.GstMultiQueuePad:src_0: caps = video/x-h264, stream-format=(string)avc, alignment=(string)au, level=(string)4, profile=(string)high, codec_data=(buffer)01640028ffe1001d67640028acd940780227e5c05a808080a000007d20001d4c01e30632c001000568e93b2c8bfdf8f800, width=(int)1920, height=(int)1080, framerate=(fraction)30000/1001, pixel-aspect-ratio=(fraction)1/1, colorimetry=(string)bt709
Got message #372 from element "qtdemux0" (state-changed): GstMessageStateChanged, old-state=(GstState)ready, new-state=(GstState)paused, pending-state=(GstState)void-pending;
Got message #374 from pad "typefind:sink" (property-notify): GstMessagePropertyNotify, property-name=(string)caps, property-value=(GstCaps)"video/quicktime\,\ variant\=\(string\)iso";
/GstPipeline:pipeline0/GstDecodeBin:decodebin1/GstTypeFindElement:typefind.GstPad:sink: caps = video/quicktime, variant=(string)iso
Got message #377 from pad "decodebin1:sink" (property-notify): GstMessagePropertyNotify, property-name=(string)caps, property-value=(GstCaps)"video/quicktime\,\ variant\=\(string\)iso";
/GstPipeline:pipeline0/GstDecodeBin:decodebin1.GstGhostPad:sink: caps = video/quicktime, variant=(string)iso
Got message #378 from pad "src_0:proxypad6" (property-notify): GstMessagePropertyNotify, property-name=(string)caps, property-value=(GstCaps)"video/quicktime\,\ variant\=\(string\)iso";
/GstPipeline:pipeline0/GstURISourceBin:urisourcebin1.GstGhostPad:src_0.GstProxyPad:proxypad6: caps = video/quicktime, variant=(string)iso
Got message #388 from pad "multiqueue1:src_0" (stream-status): GstMessageStreamStatus, type=(GstStreamStatusType)create, owner=(GstElement)"\(GstMultiQueue\)\ multiqueue1", object=(GstTask)"\(GstTask\)\ task21";
Got message #392 from pad "multiqueue1:src_0" (property-notify): GstMessagePropertyNotify, property-name=(string)caps, property-value=(GstCaps)"video/x-h264\,\ stream-format\=\(string\)avc\,\ alignment\=\(string\)au\,\ level\=\(string\)4\,\ profile\=\(string\)high\,\ codec_data\=\(buffer\)01640028ffe1001d67640028acd940780227e5c05a808080a000007d20001d4c01e30632c001000568e93b2c8bfdf8f800\,\ width\=\(int\)1920\,\ height\=\(int\)1080\,\ framerate\=\(fraction\)30000/1001\,\ pixel-aspect-ratio\=\(fraction\)1/1\,\ colorimetry\=\(string\)bt709";
/GstPipeline:pipeline0/GstDecodeBin:decodebin2/GstMultiQueue:multiqueue1.GstMultiQueuePad:src_0: caps = video/x-h264, stream-format=(string)avc, alignment=(string)au, level=(string)4, profile=(string)high, codec_data=(buffer)01640028ffe1001d67640028acd940780227e5c05a808080a000007d20001d4c01e30632c001000568e93b2c8bfdf8f800, width=(int)1920, height=(int)1080, framerate=(fraction)30000/1001, pixel-aspect-ratio=(fraction)1/1, colorimetry=(string)bt709
Got message #408 from element "h264parse0" (state-changed): GstMessageStateChanged, old-state=(GstState)null, new-state=(GstState)ready, pending-state=(GstState)void-pending;
Got message #410 from element "h264parse1" (state-changed): GstMessageStateChanged, old-state=(GstState)null, new-state=(GstState)ready, pending-state=(GstState)void-pending;
Got message #417 from element "qtdemux2" (state-changed): GstMessageStateChanged, old-state=(GstState)ready, new-state=(GstState)paused, pending-state=(GstState)void-pending;
Got message #418 from pad "multiqueue0:src_0" (stream-status): GstMessageStreamStatus, type=(GstStreamStatusType)enter, owner=(GstElement)"\(GstMultiQueue\)\ multiqueue0", object=(GstTask)"\(GstTask\)\ multiqueue0:src_0";
Got message #419 from pad "typefind:sink" (property-notify): GstMessagePropertyNotify, property-name=(string)caps, property-value=(GstCaps)"video/quicktime\,\ variant\=\(string\)iso";
/GstPipeline:pipeline0/GstDecodeBin:decodebin0/GstTypeFindElement:typefind.GstPad:sink: caps = video/quicktime, variant=(string)iso
Got message #420 from pad "qtdemux0:sink" (stream-status): GstMessageStreamStatus, type=(GstStreamStatusType)enter, owner=(GstElement)"\(GstQTDemux\)\ qtdemux0", object=(GstTask)"\(GstTask\)\ qtdemux0:sink";
Got message #421 from pad "decodebin0:sink" (property-notify): GstMessagePropertyNotify, property-name=(string)caps, property-value=(GstCaps)"video/quicktime\,\ variant\=\(string\)iso";
/GstPipeline:pipeline0/GstDecodeBin:decodebin0.GstGhostPad:sink: caps = video/quicktime, variant=(string)iso
Got message #424 from pad "src_0:proxypad7" (property-notify): GstMessagePropertyNotify, property-name=(string)caps, property-value=(GstCaps)"video/quicktime\,\ variant\=\(string\)iso";
/GstPipeline:pipeline0/GstURISourceBin:urisourcebin0.GstGhostPad:src_0.GstProxyPad:proxypad7: caps = video/quicktime, variant=(string)iso
Got message #428 from pad "multiqueue1:src_0" (stream-status): GstMessageStreamStatus, type=(GstStreamStatusType)enter, owner=(GstElement)"\(GstMultiQueue\)\ multiqueue1", object=(GstTask)"\(GstTask\)\ multiqueue1:src_0";
Got message #438 from pad "qtdemux2:sink" (stream-status): GstMessageStreamStatus, type=(GstStreamStatusType)enter, owner=(GstElement)"\(GstQTDemux\)\ qtdemux2", object=(GstTask)"\(GstTask\)\ qtdemux2:sink";
Got message #447 from element "h264parse0" (state-changed): GstMessageStateChanged, old-state=(GstState)ready, new-state=(GstState)paused, pending-state=(GstState)void-pending;
Got message #448 from element "h264parse1" (state-changed): GstMessageStateChanged, old-state=(GstState)ready, new-state=(GstState)paused, pending-state=(GstState)void-pending;
Got message #451 from element "h264parse0" (latency): no message details
Redistribute latency...
Got message #452 from element "h264parse1" (latency): no message details
Redistribute latency...
Got message #457 from pad "h264parse0:src" (property-notify): GstMessagePropertyNotify, property-name=(string)caps, property-value=(GstCaps)"video/x-h264\,\ stream-format\=\(string\)avc\,\ alignment\=\(string\)au\,\ level\=\(string\)4\,\ profile\=\(string\)high\,\ codec_data\=\(buffer\)01640028ffe1001d67640028acd940780227e5c05a808080a000007d20001d4c01e30632c001000568e93b2c8b\,\ width\=\(int\)1920\,\ height\=\(int\)1080\,\ framerate\=\(fraction\)30000/1001\,\ pixel-aspect-ratio\=\(fraction\)1/1\,\ colorimetry\=\(string\)bt709\,\ coded-picture-structure\=\(string\)frame\,\ chroma-format\=\(string\)4:2:0\,\ bit-depth-luma\=\(uint\)8\,\ bit-depth-chroma\=\(uint\)8\,\ parsed\=\(boolean\)true";
/GstPipeline:pipeline0/GstDecodeBin:decodebin3/GstH264Parse:h264parse0.GstPad:src: caps = video/x-h264, stream-format=(string)avc, alignment=(string)au, level=(string)4, profile=(string)high, codec_data=(buffer)01640028ffe1001d67640028acd940780227e5c05a808080a000007d20001d4c01e30632c001000568e93b2c8b, width=(int)1920, height=(int)1080, framerate=(fraction)30000/1001, pixel-aspect-ratio=(fraction)1/1, colorimetry=(string)bt709, coded-picture-structure=(string)frame, chroma-format=(string)4:2:0, bit-depth-luma=(uint)8, bit-depth-chroma=(uint)8, parsed=(boolean)true
Got message #458 from pad "h264parse0:src" (property-notify): GstMessagePropertyNotify, property-name=(string)caps, property-value=(GstCaps)"video/x-h264\,\ stream-format\=\(string\)avc\,\ alignment\=\(string\)au\,\ level\=\(string\)4\,\ profile\=\(string\)high\,\ codec_data\=\(buffer\)01640028ffe1001d67640028acd940780227e5c05a808080a000007d20001d4c01e30632c001000568e93b2c8b\,\ width\=\(int\)1920\,\ height\=\(int\)1080\,\ framerate\=\(fraction\)30000/1001\,\ pixel-aspect-ratio\=\(fraction\)1/1\,\ colorimetry\=\(string\)bt709\,\ coded-picture-structure\=\(string\)frame\,\ chroma-format\=\(string\)4:2:0\,\ bit-depth-luma\=\(uint\)8\,\ bit-depth-chroma\=\(uint\)8\,\ parsed\=\(boolean\)true";
/GstPipeline:pipeline0/GstDecodeBin:decodebin3/GstH264Parse:h264parse0.GstPad:src: caps = video/x-h264, stream-format=(string)avc, alignment=(string)au, level=(string)4, profile=(string)high, codec_data=(buffer)01640028ffe1001d67640028acd940780227e5c05a808080a000007d20001d4c01e30632c001000568e93b2c8b, width=(int)1920, height=(int)1080, framerate=(fraction)30000/1001, pixel-aspect-ratio=(fraction)1/1, colorimetry=(string)bt709, coded-picture-structure=(string)frame, chroma-format=(string)4:2:0, bit-depth-luma=(uint)8, bit-depth-chroma=(uint)8, parsed=(boolean)true
Got message #498 from pad "multiqueue3:src_0" (stream-status): GstMessageStreamStatus, type=(GstStreamStatusType)create, owner=(GstElement)"\(GstMultiQueue\)\ multiqueue3", object=(GstTask)"\(GstTask\)\ multiqueue3:src_0";
Got message #511 from pad "multiqueue2:src_0" (stream-status): GstMessageStreamStatus, type=(GstStreamStatusType)create, owner=(GstElement)"\(GstMultiQueue\)\ multiqueue2", object=(GstTask)"\(GstTask\)\ task23";
Got message #514 from pad "multiqueue3:src_0" (stream-status): GstMessageStreamStatus, type=(GstStreamStatusType)enter, owner=(GstElement)"\(GstMultiQueue\)\ multiqueue3", object=(GstTask)"\(GstTask\)\ multiqueue3:src_0";
Got message #516 from pad "multiqueue3:src_0" (property-notify): GstMessagePropertyNotify, property-name=(string)caps, property-value=(GstCaps)"video/x-h264\,\ stream-format\=\(string\)avc\,\ alignment\=\(string\)au\,\ level\=\(string\)4\,\ profile\=\(string\)high\,\ codec_data\=\(buffer\)01640028ffe1001d67640028acd940780227e5c05a808080a000007d20001d4c01e30632c001000568e93b2c8bfdf8f800\,\ width\=\(int\)1920\,\ height\=\(int\)1080\,\ framerate\=\(fraction\)30000/1001\,\ pixel-aspect-ratio\=\(fraction\)1/1\,\ colorimetry\=\(string\)bt709";
/GstPipeline:pipeline0/GstDecodeBin:decodebin1/GstMultiQueue:multiqueue3.GstMultiQueuePad:src_0: caps = video/x-h264, stream-format=(string)avc, alignment=(string)au, level=(string)4, profile=(string)high, codec_data=(buffer)01640028ffe1001d67640028acd940780227e5c05a808080a000007d20001d4c01e30632c001000568e93b2c8bfdf8f800, width=(int)1920, height=(int)1080, framerate=(fraction)30000/1001, pixel-aspect-ratio=(fraction)1/1, colorimetry=(string)bt709
Got message #530 from element "h264parse2" (state-changed): GstMessageStateChanged, old-state=(GstState)null, new-state=(GstState)ready, pending-state=(GstState)void-pending;
Got message #546 from element "h264parse2" (state-changed): GstMessageStateChanged, old-state=(GstState)ready, new-state=(GstState)paused, pending-state=(GstState)void-pending;
Got message #547 from element "h264parse2" (latency): no message details
Redistribute latency...
Got message #549 from pad "h264parse2:src" (property-notify): GstMessagePropertyNotify, property-name=(string)caps, property-value=(GstCaps)"video/x-h264\,\ stream-format\=\(string\)avc\,\ alignment\=\(string\)au\,\ level\=\(string\)4\,\ profile\=\(string\)high\,\ codec_data\=\(buffer\)01640028ffe1001d67640028acd940780227e5c05a808080a000007d20001d4c01e30632c001000568e93b2c8b\,\ width\=\(int\)1920\,\ height\=\(int\)1080\,\ framerate\=\(fraction\)30000/1001\,\ pixel-aspect-ratio\=\(fraction\)1/1\,\ colorimetry\=\(string\)bt709\,\ coded-picture-structure\=\(string\)frame\,\ chroma-format\=\(string\)4:2:0\,\ bit-depth-luma\=\(uint\)8\,\ bit-depth-chroma\=\(uint\)8\,\ parsed\=\(boolean\)true";
/GstPipeline:pipeline0/GstDecodeBin:decodebin1/GstH264Parse:h264parse2.GstPad:src: caps = video/x-h264, stream-format=(string)avc, alignment=(string)au, level=(string)4, profile=(string)high, codec_data=(buffer)01640028ffe1001d67640028acd940780227e5c05a808080a000007d20001d4c01e30632c001000568e93b2c8b, width=(int)1920, height=(int)1080, framerate=(fraction)30000/1001, pixel-aspect-ratio=(fraction)1/1, colorimetry=(string)bt709, coded-picture-structure=(string)frame, chroma-format=(string)4:2:0, bit-depth-luma=(uint)8, bit-depth-chroma=(uint)8, parsed=(boolean)true
Got message #572 from pad "multiqueue2:src_0" (stream-status): GstMessageStreamStatus, type=(GstStreamStatusType)enter, owner=(GstElement)"\(GstMultiQueue\)\ multiqueue2", object=(GstTask)"\(GstTask\)\ multiqueue2:src_0";
Got message #573 from pad "multiqueue2:src_0" (property-notify): GstMessagePropertyNotify, property-name=(string)caps, property-value=(GstCaps)"video/x-h264\,\ stream-format\=\(string\)avc\,\ alignment\=\(string\)au\,\ level\=\(string\)4\,\ profile\=\(string\)high\,\ codec_data\=\(buffer\)01640028ffe1001d67640028acd940780227e5c05a808080a000007d20001d4c01e30632c001000568e93b2c8bfdf8f800\,\ width\=\(int\)1920\,\ height\=\(int\)1080\,\ framerate\=\(fraction\)30000/1001\,\ pixel-aspect-ratio\=\(fraction\)1/1\,\ colorimetry\=\(string\)bt709";
/GstPipeline:pipeline0/GstDecodeBin:decodebin0/GstMultiQueue:multiqueue2.GstMultiQueuePad:src_0: caps = video/x-h264, stream-format=(string)avc, alignment=(string)au, level=(string)4, profile=(string)high, codec_data=(buffer)01640028ffe1001d67640028acd940780227e5c05a808080a000007d20001d4c01e30632c001000568e93b2c8bfdf8f800, width=(int)1920, height=(int)1080, framerate=(fraction)30000/1001, pixel-aspect-ratio=(fraction)1/1, colorimetry=(string)bt709
Got message #587 from element "h264parse3" (state-changed): GstMessageStateChanged, old-state=(GstState)null, new-state=(GstState)ready, pending-state=(GstState)void-pending;
Got message #602 from element "h264parse3" (state-changed): GstMessageStateChanged, old-state=(GstState)ready, new-state=(GstState)paused, pending-state=(GstState)void-pending;
Got message #603 from element "h264parse3" (latency): no message details
Redistribute latency...
Got message #605 from pad "h264parse3:src" (property-notify): GstMessagePropertyNotify, property-name=(string)caps, property-value=(GstCaps)"video/x-h264\,\ stream-format\=\(string\)avc\,\ alignment\=\(string\)au\,\ level\=\(string\)4\,\ profile\=\(string\)high\,\ codec_data\=\(buffer\)01640028ffe1001d67640028acd940780227e5c05a808080a000007d20001d4c01e30632c001000568e93b2c8b\,\ width\=\(int\)1920\,\ height\=\(int\)1080\,\ framerate\=\(fraction\)30000/1001\,\ pixel-aspect-ratio\=\(fraction\)1/1\,\ colorimetry\=\(string\)bt709\,\ coded-picture-structure\=\(string\)frame\,\ chroma-format\=\(string\)4:2:0\,\ bit-depth-luma\=\(uint\)8\,\ bit-depth-chroma\=\(uint\)8\,\ parsed\=\(boolean\)true";
/GstPipeline:pipeline0/GstDecodeBin:decodebin0/GstH264Parse:h264parse3.GstPad:src: caps = video/x-h264, stream-format=(string)avc, alignment=(string)au, level=(string)4, profile=(string)high, codec_data=(buffer)01640028ffe1001d67640028acd940780227e5c05a808080a000007d20001d4c01e30632c001000568e93b2c8b, width=(int)1920, height=(int)1080, framerate=(fraction)30000/1001, pixel-aspect-ratio=(fraction)1/1, colorimetry=(string)bt709, coded-picture-structure=(string)frame, chroma-format=(string)4:2:0, bit-depth-luma=(uint)8, bit-depth-chroma=(uint)8, parsed=(boolean)true
Got message #636 from element "vah264dec0" (need-context): GstMessageNeedContext, context-type=(string)gst.va.display.handle;
Got message #637 from element "vah264dec2" (need-context): GstMessageNeedContext, context-type=(string)gst.va.display.handle;
Got message #638 from element "vah264dec1" (need-context): GstMessageNeedContext, context-type=(string)gst.va.display.handle;
Got message #640 from element "vah264dec3" (need-context): GstMessageNeedContext, context-type=(string)gst.va.display.handle;
Got message #641 from element "vah264dec0" (have-context): GstMessageHaveContext, context=(GstContext)NULL;
Got context from element 'vah264dec0': gst.va.display.handle=context, gst-display=(GstObject)"\(GstVaDisplayDrm\)\ vadisplaydrm1", description=(string)"Intel\(R\)\ Gen\ Graphics", path=(string)/dev/dri/renderD128;
Got message #642 from element "vah264dec0" (property-notify): GstMessagePropertyNotify, property-name=(string)device-path, property-value=(string)/dev/dri/renderD128;
/GstPipeline:pipeline0/GstDecodeBin:decodebin3/GstVaH264Dec:vah264dec0: device-path = /dev/dri/renderD128
Got message #643 from element "vah264dec0" (state-changed): GstMessageStateChanged, old-state=(GstState)null, new-state=(GstState)ready, pending-state=(GstState)void-pending;
Got message #647 from element "vah264dec0" (state-changed): GstMessageStateChanged, old-state=(GstState)ready, new-state=(GstState)paused, pending-state=(GstState)void-pending;
Got message #648 from element "vah264dec0" (latency): no message details
Redistribute latency...
Got message #649 from pad "vah264dec0:sink" (property-notify): GstMessagePropertyNotify, property-name=(string)caps, property-value=(GstCaps)"video/x-h264\,\ stream-format\=\(string\)avc\,\ alignment\=\(string\)au\,\ level\=\(string\)4\,\ profile\=\(string\)high\,\ codec_data\=\(buffer\)01640028ffe1001d67640028acd940780227e5c05a808080a000007d20001d4c01e30632c001000568e93b2c8b\,\ width\=\(int\)1920\,\ height\=\(int\)1080\,\ framerate\=\(fraction\)30000/1001\,\ pixel-aspect-ratio\=\(fraction\)1/1\,\ colorimetry\=\(string\)bt709\,\ coded-picture-structure\=\(string\)frame\,\ chroma-format\=\(string\)4:2:0\,\ bit-depth-luma\=\(uint\)8\,\ bit-depth-chroma\=\(uint\)8\,\ parsed\=\(boolean\)true";
/GstPipeline:pipeline0/GstDecodeBin:decodebin3/GstVaH264Dec:vah264dec0.GstPad:sink: caps = video/x-h264, stream-format=(string)avc, alignment=(string)au, level=(string)4, profile=(string)high, codec_data=(buffer)01640028ffe1001d67640028acd940780227e5c05a808080a000007d20001d4c01e30632c001000568e93b2c8b, width=(int)1920, height=(int)1080, framerate=(fraction)30000/1001, pixel-aspect-ratio=(fraction)1/1, colorimetry=(string)bt709, coded-picture-structure=(string)frame, chroma-format=(string)4:2:0, bit-depth-luma=(uint)8, bit-depth-chroma=(uint)8, parsed=(boolean)true
Got message #650 from pad "capsfilter0:src" (property-notify): GstMessagePropertyNotify, property-name=(string)caps, property-value=(GstCaps)"video/x-h264\,\ stream-format\=\(string\)avc\,\ alignment\=\(string\)au\,\ level\=\(string\)4\,\ profile\=\(string\)high\,\ codec_data\=\(buffer\)01640028ffe1001d67640028acd940780227e5c05a808080a000007d20001d4c01e30632c001000568e93b2c8b\,\ width\=\(int\)1920\,\ height\=\(int\)1080\,\ framerate\=\(fraction\)30000/1001\,\ pixel-aspect-ratio\=\(fraction\)1/1\,\ colorimetry\=\(string\)bt709\,\ coded-picture-structure\=\(string\)frame\,\ chroma-format\=\(string\)4:2:0\,\ bit-depth-luma\=\(uint\)8\,\ bit-depth-chroma\=\(uint\)8\,\ parsed\=\(boolean\)true";
/GstPipeline:pipeline0/GstDecodeBin:decodebin3/GstCapsFilter:capsfilter0.GstPad:src: caps = video/x-h264, stream-format=(string)avc, alignment=(string)au, level=(string)4, profile=(string)high, codec_data=(buffer)01640028ffe1001d67640028acd940780227e5c05a808080a000007d20001d4c01e30632c001000568e93b2c8b, width=(int)1920, height=(int)1080, framerate=(fraction)30000/1001, pixel-aspect-ratio=(fraction)1/1, colorimetry=(string)bt709, coded-picture-structure=(string)frame, chroma-format=(string)4:2:0, bit-depth-luma=(uint)8, bit-depth-chroma=(uint)8, parsed=(boolean)true
Got message #651 from pad "capsfilter0:sink" (property-notify): GstMessagePropertyNotify, property-name=(string)caps, property-value=(GstCaps)"video/x-h264\,\ stream-format\=\(string\)avc\,\ alignment\=\(string\)au\,\ level\=\(string\)4\,\ profile\=\(string\)high\,\ codec_data\=\(buffer\)01640028ffe1001d67640028acd940780227e5c05a808080a000007d20001d4c01e30632c001000568e93b2c8b\,\ width\=\(int\)1920\,\ height\=\(int\)1080\,\ framerate\=\(fraction\)30000/1001\,\ pixel-aspect-ratio\=\(fraction\)1/1\,\ colorimetry\=\(string\)bt709\,\ coded-picture-structure\=\(string\)frame\,\ chroma-format\=\(string\)4:2:0\,\ bit-depth-luma\=\(uint\)8\,\ bit-depth-chroma\=\(uint\)8\,\ parsed\=\(boolean\)true";
/GstPipeline:pipeline0/GstDecodeBin:decodebin3/GstCapsFilter:capsfilter0.GstPad:sink: caps = video/x-h264, stream-format=(string)avc, alignment=(string)au, level=(string)4, profile=(string)high, codec_data=(buffer)01640028ffe1001d67640028acd940780227e5c05a808080a000007d20001d4c01e30632c001000568e93b2c8b, width=(int)1920, height=(int)1080, framerate=(fraction)30000/1001, pixel-aspect-ratio=(fraction)1/1, colorimetry=(string)bt709, coded-picture-structure=(string)frame, chroma-format=(string)4:2:0, bit-depth-luma=(uint)8, bit-depth-chroma=(uint)8, parsed=(boolean)true
Got message #652 from pad "h264parse0:sink" (property-notify): GstMessagePropertyNotify, property-name=(string)caps, property-value=(GstCaps)"video/x-h264\,\ stream-format\=\(string\)avc\,\ alignment\=\(string\)au\,\ level\=\(string\)4\,\ profile\=\(string\)high\,\ codec_data\=\(buffer\)01640028ffe1001d67640028acd940780227e5c05a808080a000007d20001d4c01e30632c001000568e93b2c8bfdf8f800\,\ width\=\(int\)1920\,\ height\=\(int\)1080\,\ framerate\=\(fraction\)30000/1001\,\ pixel-aspect-ratio\=\(fraction\)1/1\,\ colorimetry\=\(string\)bt709";
/GstPipeline:pipeline0/GstDecodeBin:decodebin3/GstH264Parse:h264parse0.GstPad:sink: caps = video/x-h264, stream-format=(string)avc, alignment=(string)au, level=(string)4, profile=(string)high, codec_data=(buffer)01640028ffe1001d67640028acd940780227e5c05a808080a000007d20001d4c01e30632c001000568e93b2c8bfdf8f800, width=(int)1920, height=(int)1080, framerate=(fraction)30000/1001, pixel-aspect-ratio=(fraction)1/1, colorimetry=(string)bt709
Got message #653 from element "multiqueue0" (property-notify): GstMessagePropertyNotify, property-name=(string)max-size-buffers, property-value=(uint)5;
/GstPipeline:pipeline0/GstDecodeBin:decodebin3/GstMultiQueue:multiqueue0: max-size-buffers = 5
Got message #654 from element "multiqueue0" (property-notify): GstMessagePropertyNotify, property-name=(string)max-size-time, property-value=(guint64)0;
/GstPipeline:pipeline0/GstDecodeBin:decodebin3/GstMultiQueue:multiqueue0: max-size-time = 0
Got message #655 from element "multiqueue0" (property-notify): GstMessagePropertyNotify, property-name=(string)max-size-bytes, property-value=(uint)8388608;
/GstPipeline:pipeline0/GstDecodeBin:decodebin3/GstMultiQueue:multiqueue0: max-size-bytes = 8388608
Got message #658 from pad "multiqueue0:sink_0" (property-notify): GstMessagePropertyNotify, property-name=(string)caps, property-value=(GstCaps)"video/x-h264\,\ stream-format\=\(string\)avc\,\ alignment\=\(string\)au\,\ level\=\(string\)4\,\ profile\=\(string\)high\,\ codec_data\=\(buffer\)01640028ffe1001d67640028acd940780227e5c05a808080a000007d20001d4c01e30632c001000568e93b2c8bfdf8f800\,\ width\=\(int\)1920\,\ height\=\(int\)1080\,\ framerate\=\(fraction\)30000/1001\,\ pixel-aspect-ratio\=\(fraction\)1/1\,\ colorimetry\=\(string\)bt709";
/GstPipeline:pipeline0/GstDecodeBin:decodebin3/GstMultiQueue:multiqueue0.GstMultiQueuePad:sink_0: caps = video/x-h264, stream-format=(string)avc, alignment=(string)au, level=(string)4, profile=(string)high, codec_data=(buffer)01640028ffe1001d67640028acd940780227e5c05a808080a000007d20001d4c01e30632c001000568e93b2c8bfdf8f800, width=(int)1920, height=(int)1080, framerate=(fraction)30000/1001, pixel-aspect-ratio=(fraction)1/1, colorimetry=(string)bt709
Got message #661 from element "multiqueue0" (property-notify): GstMessagePropertyNotify, property-name=(string)max-size-buffers, property-value=(uint)5;
/GstPipeline:pipeline0/GstDecodeBin:decodebin3/GstMultiQueue:multiqueue0: max-size-buffers = 5
Got message #662 from element "multiqueue0" (property-notify): GstMessagePropertyNotify, property-name=(string)max-size-time, property-value=(guint64)0;
/GstPipeline:pipeline0/GstDecodeBin:decodebin3/GstMultiQueue:multiqueue0: max-size-time = 0
Got message #663 from element "multiqueue0" (property-notify): GstMessagePropertyNotify, property-name=(string)max-size-bytes, property-value=(uint)8388608;
/GstPipeline:pipeline0/GstDecodeBin:decodebin3/GstMultiQueue:multiqueue0: max-size-bytes = 8388608
Got message #664 from element "h264parse0" (latency): no message details
Redistribute latency...
Got message #666 from pad "h264parse0:src" (property-notify): GstMessagePropertyNotify, property-name=(string)caps, property-value=(GstCaps)"video/x-h264\,\ stream-format\=\(string\)avc\,\ alignment\=\(string\)au\,\ level\=\(string\)4\,\ profile\=\(string\)high\,\ codec_data\=\(buffer\)01640028ffe1001d67640028acd940780227e5c05a808080a000007d20001d4c01e30632c001000568e93b2c8b\,\ width\=\(int\)1920\,\ height\=\(int\)1080\,\ framerate\=\(fraction\)30000/1001\,\ pixel-aspect-ratio\=\(fraction\)1/1\,\ colorimetry\=\(string\)bt709\,\ coded-picture-structure\=\(string\)frame\,\ chroma-format\=\(string\)4:2:0\,\ bit-depth-luma\=\(uint\)8\,\ bit-depth-chroma\=\(uint\)8\,\ parsed\=\(boolean\)true";
/GstPipeline:pipeline0/GstDecodeBin:decodebin3/GstH264Parse:h264parse0.GstPad:src: caps = video/x-h264, stream-format=(string)avc, alignment=(string)au, level=(string)4, profile=(string)high, codec_data=(buffer)01640028ffe1001d67640028acd940780227e5c05a808080a000007d20001d4c01e30632c001000568e93b2c8b, width=(int)1920, height=(int)1080, framerate=(fraction)30000/1001, pixel-aspect-ratio=(fraction)1/1, colorimetry=(string)bt709, coded-picture-structure=(string)frame, chroma-format=(string)4:2:0, bit-depth-luma=(uint)8, bit-depth-chroma=(uint)8, parsed=(boolean)true
Got message #667 from pad "capsfilter0:sink" (property-notify): GstMessagePropertyNotify, property-name=(string)caps, property-value=(GstCaps)"video/x-h264\,\ stream-format\=\(string\)avc\,\ alignment\=\(string\)au\,\ level\=\(string\)4\,\ profile\=\(string\)high\,\ codec_data\=\(buffer\)01640028ffe1001d67640028acd940780227e5c05a808080a000007d20001d4c01e30632c001000568e93b2c8b\,\ width\=\(int\)1920\,\ height\=\(int\)1080\,\ framerate\=\(fraction\)30000/1001\,\ pixel-aspect-ratio\=\(fraction\)1/1\,\ colorimetry\=\(string\)bt709\,\ coded-picture-structure\=\(string\)frame\,\ chroma-format\=\(string\)4:2:0\,\ bit-depth-luma\=\(uint\)8\,\ bit-depth-chroma\=\(uint\)8\,\ parsed\=\(boolean\)true";
/GstPipeline:pipeline0/GstDecodeBin:decodebin3/GstCapsFilter:capsfilter0.GstPad:sink: caps = video/x-h264, stream-format=(string)avc, alignment=(string)au, level=(string)4, profile=(string)high, codec_data=(buffer)01640028ffe1001d67640028acd940780227e5c05a808080a000007d20001d4c01e30632c001000568e93b2c8b, width=(int)1920, height=(int)1080, framerate=(fraction)30000/1001, pixel-aspect-ratio=(fraction)1/1, colorimetry=(string)bt709, coded-picture-structure=(string)frame, chroma-format=(string)4:2:0, bit-depth-luma=(uint)8, bit-depth-chroma=(uint)8, parsed=(boolean)true
Got message #669 from element "multiqueue0" (property-notify): GstMessagePropertyNotify, property-name=(string)max-size-buffers, property-value=(uint)5;
/GstPipeline:pipeline0/GstDecodeBin:decodebin3/GstMultiQueue:multiqueue0: max-size-buffers = 5
Got message #670 from element "multiqueue0" (property-notify): GstMessagePropertyNotify, property-name=(string)max-size-time, property-value=(guint64)0;
/GstPipeline:pipeline0/GstDecodeBin:decodebin3/GstMultiQueue:multiqueue0: max-size-time = 0
Got message #671 from element "multiqueue0" (property-notify): GstMessagePropertyNotify, property-name=(string)max-size-bytes, property-value=(uint)8388608;
/GstPipeline:pipeline0/GstDecodeBin:decodebin3/GstMultiQueue:multiqueue0: max-size-bytes = 8388608
Got message #674 from pad "h264parse0:src" (property-notify): GstMessagePropertyNotify, property-name=(string)caps, property-value=(GstCaps)"video/x-h264\,\ stream-format\=\(string\)avc\,\ alignment\=\(string\)au\,\ level\=\(string\)4\,\ profile\=\(string\)high\,\ codec_data\=\(buffer\)01640028ffe1001d67640028acd940780227e5c05a808080a000007d20001d4c01e30632c001000568e93b2c8b\,\ width\=\(int\)1920\,\ height\=\(int\)1080\,\ framerate\=\(fraction\)30000/1001\,\ pixel-aspect-ratio\=\(fraction\)1/1\,\ colorimetry\=\(string\)bt709\,\ coded-picture-structure\=\(string\)frame\,\ chroma-format\=\(string\)4:2:0\,\ bit-depth-luma\=\(uint\)8\,\ bit-depth-chroma\=\(uint\)8\,\ parsed\=\(boolean\)true";
/GstPipeline:pipeline0/GstDecodeBin:decodebin3/GstH264Parse:h264parse0.GstPad:src: caps = video/x-h264, stream-format=(string)avc, alignment=(string)au, level=(string)4, profile=(string)high, codec_data=(buffer)01640028ffe1001d67640028acd940780227e5c05a808080a000007d20001d4c01e30632c001000568e93b2c8b, width=(int)1920, height=(int)1080, framerate=(fraction)30000/1001, pixel-aspect-ratio=(fraction)1/1, colorimetry=(string)bt709, coded-picture-structure=(string)frame, chroma-format=(string)4:2:0, bit-depth-luma=(uint)8, bit-depth-chroma=(uint)8, parsed=(boolean)true
Got message #675 from pad "capsfilter0:sink" (property-notify): GstMessagePropertyNotify, property-name=(string)caps, property-value=(GstCaps)"video/x-h264\,\ stream-format\=\(string\)avc\,\ alignment\=\(string\)au\,\ level\=\(string\)4\,\ profile\=\(string\)high\,\ codec_data\=\(buffer\)01640028ffe1001d67640028acd940780227e5c05a808080a000007d20001d4c01e30632c001000568e93b2c8b\,\ width\=\(int\)1920\,\ height\=\(int\)1080\,\ framerate\=\(fraction\)30000/1001\,\ pixel-aspect-ratio\=\(fraction\)1/1\,\ colorimetry\=\(string\)bt709\,\ coded-picture-structure\=\(string\)frame\,\ chroma-format\=\(string\)4:2:0\,\ bit-depth-luma\=\(uint\)8\,\ bit-depth-chroma\=\(uint\)8\,\ parsed\=\(boolean\)true";
/GstPipeline:pipeline0/GstDecodeBin:decodebin3/GstCapsFilter:capsfilter0.GstPad:sink: caps = video/x-h264, stream-format=(string)avc, alignment=(string)au, level=(string)4, profile=(string)high, codec_data=(buffer)01640028ffe1001d67640028acd940780227e5c05a808080a000007d20001d4c01e30632c001000568e93b2c8b, width=(int)1920, height=(int)1080, framerate=(fraction)30000/1001, pixel-aspect-ratio=(fraction)1/1, colorimetry=(string)bt709, coded-picture-structure=(string)frame, chroma-format=(string)4:2:0, bit-depth-luma=(uint)8, bit-depth-chroma=(uint)8, parsed=(boolean)true
Got message #676 from element "h264parse0" (duration-changed): GstMessageDurationChanged;
Got message #680 from element "vah264dec2" (have-context): GstMessageHaveContext, context=(GstContext)NULL;
Got context from element 'vah264dec2': gst.va.display.handle=context, gst-display=(GstObject)"\(GstVaDisplayDrm\)\ vadisplaydrm3", description=(string)"Intel\(R\)\ Gen\ Graphics", path=(string)/dev/dri/renderD128;
Got message #681 from element "vah264dec2" (property-notify): GstMessagePropertyNotify, property-name=(string)device-path, property-value=(string)/dev/dri/renderD128;
/GstPipeline:pipeline0/GstDecodeBin:decodebin1/GstVaH264Dec:vah264dec2: device-path = /dev/dri/renderD128
Got message #682 from element "vah264dec2" (state-changed): GstMessageStateChanged, old-state=(GstState)null, new-state=(GstState)ready, pending-state=(GstState)void-pending;
Got message #686 from element "vah264dec2" (state-changed): GstMessageStateChanged, old-state=(GstState)ready, new-state=(GstState)paused, pending-state=(GstState)void-pending;
Got message #687 from element "vah264dec2" (latency): no message details
Redistribute latency...
Got message #688 from pad "vah264dec2:sink" (property-notify): GstMessagePropertyNotify, property-name=(string)caps, property-value=(GstCaps)"video/x-h264\,\ stream-format\=\(string\)avc\,\ alignment\=\(string\)au\,\ level\=\(string\)4\,\ profile\=\(string\)high\,\ codec_data\=\(buffer\)01640028ffe1001d67640028acd940780227e5c05a808080a000007d20001d4c01e30632c001000568e93b2c8b\,\ width\=\(int\)1920\,\ height\=\(int\)1080\,\ framerate\=\(fraction\)30000/1001\,\ pixel-aspect-ratio\=\(fraction\)1/1\,\ colorimetry\=\(string\)bt709\,\ coded-picture-structure\=\(string\)frame\,\ chroma-format\=\(string\)4:2:0\,\ bit-depth-luma\=\(uint\)8\,\ bit-depth-chroma\=\(uint\)8\,\ parsed\=\(boolean\)true";
/GstPipeline:pipeline0/GstDecodeBin:decodebin1/GstVaH264Dec:vah264dec2.GstPad:sink: caps = video/x-h264, stream-format=(string)avc, alignment=(string)au, level=(string)4, profile=(string)high, codec_data=(buffer)01640028ffe1001d67640028acd940780227e5c05a808080a000007d20001d4c01e30632c001000568e93b2c8b, width=(int)1920, height=(int)1080, framerate=(fraction)30000/1001, pixel-aspect-ratio=(fraction)1/1, colorimetry=(string)bt709, coded-picture-structure=(string)frame, chroma-format=(string)4:2:0, bit-depth-luma=(uint)8, bit-depth-chroma=(uint)8, parsed=(boolean)true
Got message #690 from pad "vah264dec0:src" (property-notify): GstMessagePropertyNotify, property-name=(string)caps, property-value=(GstCaps)"video/x-raw\,\ format\=\(string\)NV12\,\ width\=\(int\)1920\,\ height\=\(int\)1080\,\ interlace-mode\=\(string\)progressive\,\ multiview-mode\=\(string\)mono\,\ multiview-flags\=\(GstVideoMultiviewFlagsSet\)0:ffffffff:/right-view-first/left-flipped/left-flopped/right-flipped/right-flopped/half-aspect/mixed-mono\,\ pixel-aspect-ratio\=\(fraction\)1/1\,\ colorimetry\=\(string\)bt709\,\ framerate\=\(fraction\)30000/1001";
/GstPipeline:pipeline0/GstDecodeBin:decodebin3/GstVaH264Dec:vah264dec0.GstPad:src: caps = video/x-raw, format=(string)NV12, width=(int)1920, height=(int)1080, interlace-mode=(string)progressive, multiview-mode=(string)mono, multiview-flags=(GstVideoMultiviewFlagsSet)0:ffffffff:/right-view-first/left-flipped/left-flopped/right-flipped/right-flopped/half-aspect/mixed-mono, pixel-aspect-ratio=(fraction)1/1, colorimetry=(string)bt709, framerate=(fraction)30000/1001
Got message #691 from pad "capsfilter2:src" (property-notify): GstMessagePropertyNotify, property-name=(string)caps, property-value=(GstCaps)"video/x-h264\,\ stream-format\=\(string\)avc\,\ alignment\=\(string\)au\,\ level\=\(string\)4\,\ profile\=\(string\)high\,\ codec_data\=\(buffer\)01640028ffe1001d67640028acd940780227e5c05a808080a000007d20001d4c01e30632c001000568e93b2c8b\,\ width\=\(int\)1920\,\ height\=\(int\)1080\,\ framerate\=\(fraction\)30000/1001\,\ pixel-aspect-ratio\=\(fraction\)1/1\,\ colorimetry\=\(string\)bt709\,\ coded-picture-structure\=\(string\)frame\,\ chroma-format\=\(string\)4:2:0\,\ bit-depth-luma\=\(uint\)8\,\ bit-depth-chroma\=\(uint\)8\,\ parsed\=\(boolean\)true";
/GstPipeline:pipeline0/GstDecodeBin:decodebin1/GstCapsFilter:capsfilter2.GstPad:src: caps = video/x-h264, stream-format=(string)avc, alignment=(string)au, level=(string)4, profile=(string)high, codec_data=(buffer)01640028ffe1001d67640028acd940780227e5c05a808080a000007d20001d4c01e30632c001000568e93b2c8b, width=(int)1920, height=(int)1080, framerate=(fraction)30000/1001, pixel-aspect-ratio=(fraction)1/1, colorimetry=(string)bt709, coded-picture-structure=(string)frame, chroma-format=(string)4:2:0, bit-depth-luma=(uint)8, bit-depth-chroma=(uint)8, parsed=(boolean)true
Got message #697 from element "decodebin3" (state-changed): GstMessageStateChanged, old-state=(GstState)ready, new-state=(GstState)paused, pending-state=(GstState)void-pending;
Got message #698 from pad "capsfilter2:sink" (property-notify): GstMessagePropertyNotify, property-name=(string)caps, property-value=(GstCaps)"video/x-h264\,\ stream-format\=\(string\)avc\,\ alignment\=\(string\)au\,\ level\=\(string\)4\,\ profile\=\(string\)high\,\ codec_data\=\(buffer\)01640028ffe1001d67640028acd940780227e5c05a808080a000007d20001d4c01e30632c001000568e93b2c8b\,\ width\=\(int\)1920\,\ height\=\(int\)1080\,\ framerate\=\(fraction\)30000/1001\,\ pixel-aspect-ratio\=\(fraction\)1/1\,\ colorimetry\=\(string\)bt709\,\ coded-picture-structure\=\(string\)frame\,\ chroma-format\=\(string\)4:2:0\,\ bit-depth-luma\=\(uint\)8\,\ bit-depth-chroma\=\(uint\)8\,\ parsed\=\(boolean\)true";
/GstPipeline:pipeline0/GstDecodeBin:decodebin1/GstCapsFilter:capsfilter2.GstPad:sink: caps = video/x-h264, stream-format=(string)avc, alignment=(string)au, level=(string)4, profile=(string)high, codec_data=(buffer)01640028ffe1001d67640028acd940780227e5c05a808080a000007d20001d4c01e30632c001000568e93b2c8b, width=(int)1920, height=(int)1080, framerate=(fraction)30000/1001, pixel-aspect-ratio=(fraction)1/1, colorimetry=(string)bt709, coded-picture-structure=(string)frame, chroma-format=(string)4:2:0, bit-depth-luma=(uint)8, bit-depth-chroma=(uint)8, parsed=(boolean)true
Got message #699 from pad "h264parse2:sink" (property-notify): GstMessagePropertyNotify, property-name=(string)caps, property-value=(GstCaps)"video/x-h264\,\ stream-format\=\(string\)avc\,\ alignment\=\(string\)au\,\ level\=\(string\)4\,\ profile\=\(string\)high\,\ codec_data\=\(buffer\)01640028ffe1001d67640028acd940780227e5c05a808080a000007d20001d4c01e30632c001000568e93b2c8bfdf8f800\,\ width\=\(int\)1920\,\ height\=\(int\)1080\,\ framerate\=\(fraction\)30000/1001\,\ pixel-aspect-ratio\=\(fraction\)1/1\,\ colorimetry\=\(string\)bt709";
/GstPipeline:pipeline0/GstDecodeBin:decodebin1/GstH264Parse:h264parse2.GstPad:sink: caps = video/x-h264, stream-format=(string)avc, alignment=(string)au, level=(string)4, profile=(string)high, codec_data=(buffer)01640028ffe1001d67640028acd940780227e5c05a808080a000007d20001d4c01e30632c001000568e93b2c8bfdf8f800, width=(int)1920, height=(int)1080, framerate=(fraction)30000/1001, pixel-aspect-ratio=(fraction)1/1, colorimetry=(string)bt709
Got message #700 from element "multiqueue3" (property-notify): GstMessagePropertyNotify, property-name=(string)max-size-buffers, property-value=(uint)5;
/GstPipeline:pipeline0/GstDecodeBin:decodebin1/GstMultiQueue:multiqueue3: max-size-buffers = 5
Got message #701 from element "multiqueue3" (property-notify): GstMessagePropertyNotify, property-name=(string)max-size-time, property-value=(guint64)0;
/GstPipeline:pipeline0/GstDecodeBin:decodebin1/GstMultiQueue:multiqueue3: max-size-time = 0
Got message #702 from pad "queue3:sink" (property-notify): GstMessagePropertyNotify, property-name=(string)caps, property-value=(GstCaps)"video/x-raw\,\ format\=\(string\)NV12\,\ width\=\(int\)1920\,\ height\=\(int\)1080\,\ interlace-mode\=\(string\)progressive\,\ multiview-mode\=\(string\)mono\,\ multiview-flags\=\(GstVideoMultiviewFlagsSet\)0:ffffffff:/right-view-first/left-flipped/left-flopped/right-flipped/right-flopped/half-aspect/mixed-mono\,\ pixel-aspect-ratio\=\(fraction\)1/1\,\ colorimetry\=\(string\)bt709\,\ framerate\=\(fraction\)30000/1001";
/GstPipeline:pipeline0/GstQueue:queue3.GstPad:sink: caps = video/x-raw, format=(string)NV12, width=(int)1920, height=(int)1080, interlace-mode=(string)progressive, multiview-mode=(string)mono, multiview-flags=(GstVideoMultiviewFlagsSet)0:ffffffff:/right-view-first/left-flipped/left-flopped/right-flipped/right-flopped/half-aspect/mixed-mono, pixel-aspect-ratio=(fraction)1/1, colorimetry=(string)bt709, framerate=(fraction)30000/1001
Got message #703 from element "multiqueue3" (property-notify): GstMessagePropertyNotify, property-name=(string)max-size-bytes, property-value=(uint)8388608;
/GstPipeline:pipeline0/GstDecodeBin:decodebin1/GstMultiQueue:multiqueue3: max-size-bytes = 8388608
Got message #705 from pad "src_0:proxypad12" (property-notify): GstMessagePropertyNotify, property-name=(string)caps, property-value=(GstCaps)"video/x-raw\,\ format\=\(string\)NV12\,\ width\=\(int\)1920\,\ height\=\(int\)1080\,\ interlace-mode\=\(string\)progressive\,\ multiview-mode\=\(string\)mono\,\ multiview-flags\=\(GstVideoMultiviewFlagsSet\)0:ffffffff:/right-view-first/left-flipped/left-flopped/right-flipped/right-flopped/half-aspect/mixed-mono\,\ pixel-aspect-ratio\=\(fraction\)1/1\,\ colorimetry\=\(string\)bt709\,\ framerate\=\(fraction\)30000/1001";
/GstPipeline:pipeline0/GstDecodeBin:decodebin3.GstDecodePad:src_0.GstProxyPad:proxypad12: caps = video/x-raw, format=(string)NV12, width=(int)1920, height=(int)1080, interlace-mode=(string)progressive, multiview-mode=(string)mono, multiview-flags=(GstVideoMultiviewFlagsSet)0:ffffffff:/right-view-first/left-flipped/left-flopped/right-flipped/right-flopped/half-aspect/mixed-mono, pixel-aspect-ratio=(fraction)1/1, colorimetry=(string)bt709, framerate=(fraction)30000/1001
Got message #707 from pad "multiqueue3:sink_0" (property-notify): GstMessagePropertyNotify, property-name=(string)caps, property-value=(GstCaps)"video/x-h264\,\ stream-format\=\(string\)avc\,\ alignment\=\(string\)au\,\ level\=\(string\)4\,\ profile\=\(string\)high\,\ codec_data\=\(buffer\)01640028ffe1001d67640028acd940780227e5c05a808080a000007d20001d4c01e30632c001000568e93b2c8bfdf8f800\,\ width\=\(int\)1920\,\ height\=\(int\)1080\,\ framerate\=\(fraction\)30000/1001\,\ pixel-aspect-ratio\=\(fraction\)1/1\,\ colorimetry\=\(string\)bt709";
/GstPipeline:pipeline0/GstDecodeBin:decodebin1/GstMultiQueue:multiqueue3.GstMultiQueuePad:sink_0: caps = video/x-h264, stream-format=(string)avc, alignment=(string)au, level=(string)4, profile=(string)high, codec_data=(buffer)01640028ffe1001d67640028acd940780227e5c05a808080a000007d20001d4c01e30632c001000568e93b2c8bfdf8f800, width=(int)1920, height=(int)1080, framerate=(fraction)30000/1001, pixel-aspect-ratio=(fraction)1/1, colorimetry=(string)bt709
Got message #710 from pad "queue3:src" (property-notify): GstMessagePropertyNotify, property-name=(string)caps, property-value=(GstCaps)"video/x-raw\,\ format\=\(string\)NV12\,\ width\=\(int\)1920\,\ height\=\(int\)1080\,\ interlace-mode\=\(string\)progressive\,\ multiview-mode\=\(string\)mono\,\ multiview-flags\=\(GstVideoMultiviewFlagsSet\)0:ffffffff:/right-view-first/left-flipped/left-flopped/right-flipped/right-flopped/half-aspect/mixed-mono\,\ pixel-aspect-ratio\=\(fraction\)1/1\,\ colorimetry\=\(string\)bt709\,\ framerate\=\(fraction\)30000/1001";
/GstPipeline:pipeline0/GstQueue:queue3.GstPad:src: caps = video/x-raw, format=(string)NV12, width=(int)1920, height=(int)1080, interlace-mode=(string)progressive, multiview-mode=(string)mono, multiview-flags=(GstVideoMultiviewFlagsSet)0:ffffffff:/right-view-first/left-flipped/left-flopped/right-flipped/right-flopped/half-aspect/mixed-mono, pixel-aspect-ratio=(fraction)1/1, colorimetry=(string)bt709, framerate=(fraction)30000/1001
Got message #711 from pad "in:sink_3" (property-notify): GstMessagePropertyNotify, property-name=(string)caps, property-value=(GstCaps)"video/x-raw\,\ format\=\(string\)NV12\,\ width\=\(int\)1920\,\ height\=\(int\)1080\,\ interlace-mode\=\(string\)progressive\,\ multiview-mode\=\(string\)mono\,\ multiview-flags\=\(GstVideoMultiviewFlagsSet\)0:ffffffff:/right-view-first/left-flipped/left-flopped/right-flipped/right-flopped/half-aspect/mixed-mono\,\ pixel-aspect-ratio\=\(fraction\)1/1\,\ colorimetry\=\(string\)bt709\,\ framerate\=\(fraction\)30000/1001";
/GstPipeline:pipeline0/GstDxInputSelector:in.GstAggregatorPad:sink_3: caps = video/x-raw, format=(string)NV12, width=(int)1920, height=(int)1080, interlace-mode=(string)progressive, multiview-mode=(string)mono, multiview-flags=(GstVideoMultiviewFlagsSet)0:ffffffff:/right-view-first/left-flipped/left-flopped/right-flipped/right-flopped/half-aspect/mixed-mono, pixel-aspect-ratio=(fraction)1/1, colorimetry=(string)bt709, framerate=(fraction)30000/1001
Got message #714 from element "h264parse2" (latency): no message details
Redistribute latency...
Got message #716 from pad "h264parse2:src" (property-notify): GstMessagePropertyNotify, property-name=(string)caps, property-value=(GstCaps)"video/x-h264\,\ stream-format\=\(string\)avc\,\ alignment\=\(string\)au\,\ level\=\(string\)4\,\ profile\=\(string\)high\,\ codec_data\=\(buffer\)01640028ffe1001d67640028acd940780227e5c05a808080a000007d20001d4c01e30632c001000568e93b2c8b\,\ width\=\(int\)1920\,\ height\=\(int\)1080\,\ framerate\=\(fraction\)30000/1001\,\ pixel-aspect-ratio\=\(fraction\)1/1\,\ colorimetry\=\(string\)bt709\,\ coded-picture-structure\=\(string\)frame\,\ chroma-format\=\(string\)4:2:0\,\ bit-depth-luma\=\(uint\)8\,\ bit-depth-chroma\=\(uint\)8\,\ parsed\=\(boolean\)true";
/GstPipeline:pipeline0/GstDecodeBin:decodebin1/GstH264Parse:h264parse2.GstPad:src: caps = video/x-h264, stream-format=(string)avc, alignment=(string)au, level=(string)4, profile=(string)high, codec_data=(buffer)01640028ffe1001d67640028acd940780227e5c05a808080a000007d20001d4c01e30632c001000568e93b2c8b, width=(int)1920, height=(int)1080, framerate=(fraction)30000/1001, pixel-aspect-ratio=(fraction)1/1, colorimetry=(string)bt709, coded-picture-structure=(string)frame, chroma-format=(string)4:2:0, bit-depth-luma=(uint)8, bit-depth-chroma=(uint)8, parsed=(boolean)true
Got message #717 from element "multiqueue3" (property-notify): GstMessagePropertyNotify, property-name=(string)max-size-buffers, property-value=(uint)5;
/GstPipeline:pipeline0/GstDecodeBin:decodebin1/GstMultiQueue:multiqueue3: max-size-buffers = 5
Got message #718 from element "multiqueue3" (property-notify): GstMessagePropertyNotify, property-name=(string)max-size-time, property-value=(guint64)0;
/GstPipeline:pipeline0/GstDecodeBin:decodebin1/GstMultiQueue:multiqueue3: max-size-time = 0
Got message #719 from pad "capsfilter2:sink" (property-notify): GstMessagePropertyNotify, property-name=(string)caps, property-value=(GstCaps)"video/x-h264\,\ stream-format\=\(string\)avc\,\ alignment\=\(string\)au\,\ level\=\(string\)4\,\ profile\=\(string\)high\,\ codec_data\=\(buffer\)01640028ffe1001d67640028acd940780227e5c05a808080a000007d20001d4c01e30632c001000568e93b2c8b\,\ width\=\(int\)1920\,\ height\=\(int\)1080\,\ framerate\=\(fraction\)30000/1001\,\ pixel-aspect-ratio\=\(fraction\)1/1\,\ colorimetry\=\(string\)bt709\,\ coded-picture-structure\=\(string\)frame\,\ chroma-format\=\(string\)4:2:0\,\ bit-depth-luma\=\(uint\)8\,\ bit-depth-chroma\=\(uint\)8\,\ parsed\=\(boolean\)true";
/GstPipeline:pipeline0/GstDecodeBin:decodebin1/GstCapsFilter:capsfilter2.GstPad:sink: caps = video/x-h264, stream-format=(string)avc, alignment=(string)au, level=(string)4, profile=(string)high, codec_data=(buffer)01640028ffe1001d67640028acd940780227e5c05a808080a000007d20001d4c01e30632c001000568e93b2c8b, width=(int)1920, height=(int)1080, framerate=(fraction)30000/1001, pixel-aspect-ratio=(fraction)1/1, colorimetry=(string)bt709, coded-picture-structure=(string)frame, chroma-format=(string)4:2:0, bit-depth-luma=(uint)8, bit-depth-chroma=(uint)8, parsed=(boolean)true
Got message #721 from pad "queue10:sink" (property-notify): GstMessagePropertyNotify, property-name=(string)caps, property-value=(GstCaps)"video/x-raw\,\ format\=\(string\)NV12\,\ width\=\(int\)1920\,\ height\=\(int\)1080\,\ interlace-mode\=\(string\)progressive\,\ multiview-mode\=\(string\)mono\,\ multiview-flags\=\(GstVideoMultiviewFlagsSet\)0:ffffffff:/right-view-first/left-flipped/left-flopped/right-flipped/right-flopped/half-aspect/mixed-mono\,\ pixel-aspect-ratio\=\(fraction\)1/1\,\ colorimetry\=\(string\)bt709\,\ framerate\=\(fraction\)30000/1001";
/GstPipeline:pipeline0/GstQueue:queue10.GstPad:sink: caps = video/x-raw, format=(string)NV12, width=(int)1920, height=(int)1080, interlace-mode=(string)progressive, multiview-mode=(string)mono, multiview-flags=(GstVideoMultiviewFlagsSet)0:ffffffff:/right-view-first/left-flipped/left-flopped/right-flipped/right-flopped/half-aspect/mixed-mono, pixel-aspect-ratio=(fraction)1/1, colorimetry=(string)bt709, framerate=(fraction)30000/1001
Got message #723 from pad "queue10:src" (property-notify): GstMessagePropertyNotify, property-name=(string)caps, property-value=(GstCaps)"video/x-raw\,\ format\=\(string\)NV12\,\ width\=\(int\)1920\,\ height\=\(int\)1080\,\ interlace-mode\=\(string\)progressive\,\ multiview-mode\=\(string\)mono\,\ multiview-flags\=\(GstVideoMultiviewFlagsSet\)0:ffffffff:/right-view-first/left-flipped/left-flopped/right-flipped/right-flopped/half-aspect/mixed-mono\,\ pixel-aspect-ratio\=\(fraction\)1/1\,\ colorimetry\=\(string\)bt709\,\ framerate\=\(fraction\)30000/1001";
/GstPipeline:pipeline0/GstQueue:queue10.GstPad:src: caps = video/x-raw, format=(string)NV12, width=(int)1920, height=(int)1080, interlace-mode=(string)progressive, multiview-mode=(string)mono, multiview-flags=(GstVideoMultiviewFlagsSet)0:ffffffff:/right-view-first/left-flipped/left-flopped/right-flipped/right-flopped/half-aspect/mixed-mono, pixel-aspect-ratio=(fraction)1/1, colorimetry=(string)bt709, framerate=(fraction)30000/1001
Got message #724 from pad "fakesink3:sink" (property-notify): GstMessagePropertyNotify, property-name=(string)caps, property-value=(GstCaps)"video/x-raw\,\ format\=\(string\)NV12\,\ width\=\(int\)1920\,\ height\=\(int\)1080\,\ interlace-mode\=\(string\)progressive\,\ multiview-mode\=\(string\)mono\,\ multiview-flags\=\(GstVideoMultiviewFlagsSet\)0:ffffffff:/right-view-first/left-flipped/left-flopped/right-flipped/right-flopped/half-aspect/mixed-mono\,\ pixel-aspect-ratio\=\(fraction\)1/1\,\ colorimetry\=\(string\)bt709\,\ framerate\=\(fraction\)30000/1001";
/GstPipeline:pipeline0/GstFakeSink:fakesink3.GstPad:sink: caps = video/x-raw, format=(string)NV12, width=(int)1920, height=(int)1080, interlace-mode=(string)progressive, multiview-mode=(string)mono, multiview-flags=(GstVideoMultiviewFlagsSet)0:ffffffff:/right-view-first/left-flipped/left-flopped/right-flipped/right-flopped/half-aspect/mixed-mono, pixel-aspect-ratio=(fraction)1/1, colorimetry=(string)bt709, framerate=(fraction)30000/1001
Got message #726 from pad "h264parse2:src" (property-notify): GstMessagePropertyNotify, property-name=(string)caps, property-value=(GstCaps)"video/x-h264\,\ stream-format\=\(string\)avc\,\ alignment\=\(string\)au\,\ level\=\(string\)4\,\ profile\=\(string\)high\,\ codec_data\=\(buffer\)01640028ffe1001d67640028acd940780227e5c05a808080a000007d20001d4c01e30632c001000568e93b2c8b\,\ width\=\(int\)1920\,\ height\=\(int\)1080\,\ framerate\=\(fraction\)30000/1001\,\ pixel-aspect-ratio\=\(fraction\)1/1\,\ colorimetry\=\(string\)bt709\,\ coded-picture-structure\=\(string\)frame\,\ chroma-format\=\(string\)4:2:0\,\ bit-depth-luma\=\(uint\)8\,\ bit-depth-chroma\=\(uint\)8\,\ parsed\=\(boolean\)true";
/GstPipeline:pipeline0/GstDecodeBin:decodebin1/GstH264Parse:h264parse2.GstPad:src: caps = video/x-h264, stream-format=(string)avc, alignment=(string)au, level=(string)4, profile=(string)high, codec_data=(buffer)01640028ffe1001d67640028acd940780227e5c05a808080a000007d20001d4c01e30632c001000568e93b2c8b, width=(int)1920, height=(int)1080, framerate=(fraction)30000/1001, pixel-aspect-ratio=(fraction)1/1, colorimetry=(string)bt709, coded-picture-structure=(string)frame, chroma-format=(string)4:2:0, bit-depth-luma=(uint)8, bit-depth-chroma=(uint)8, parsed=(boolean)true
Got message #727 from pad "capsfilter2:sink" (property-notify): GstMessagePropertyNotify, property-name=(string)caps, property-value=(GstCaps)"video/x-h264\,\ stream-format\=\(string\)avc\,\ alignment\=\(string\)au\,\ level\=\(string\)4\,\ profile\=\(string\)high\,\ codec_data\=\(buffer\)01640028ffe1001d67640028acd940780227e5c05a808080a000007d20001d4c01e30632c001000568e93b2c8b\,\ width\=\(int\)1920\,\ height\=\(int\)1080\,\ framerate\=\(fraction\)30000/1001\,\ pixel-aspect-ratio\=\(fraction\)1/1\,\ colorimetry\=\(string\)bt709\,\ coded-picture-structure\=\(string\)frame\,\ chroma-format\=\(string\)4:2:0\,\ bit-depth-luma\=\(uint\)8\,\ bit-depth-chroma\=\(uint\)8\,\ parsed\=\(boolean\)true";
/GstPipeline:pipeline0/GstDecodeBin:decodebin1/GstCapsFilter:capsfilter2.GstPad:sink: caps = video/x-h264, stream-format=(string)avc, alignment=(string)au, level=(string)4, profile=(string)high, codec_data=(buffer)01640028ffe1001d67640028acd940780227e5c05a808080a000007d20001d4c01e30632c001000568e93b2c8b, width=(int)1920, height=(int)1080, framerate=(fraction)30000/1001, pixel-aspect-ratio=(fraction)1/1, colorimetry=(string)bt709, coded-picture-structure=(string)frame, chroma-format=(string)4:2:0, bit-depth-luma=(uint)8, bit-depth-chroma=(uint)8, parsed=(boolean)true
Got message #728 from element "h264parse2" (duration-changed): GstMessageDurationChanged;
Got message #733 from element "multiqueue3" (property-notify): GstMessagePropertyNotify, property-name=(string)max-size-bytes, property-value=(uint)8388608;
/GstPipeline:pipeline0/GstDecodeBin:decodebin1/GstMultiQueue:multiqueue3: max-size-bytes = 8388608
Got message #734 from element "multiqueue3" (property-notify): GstMessagePropertyNotify, property-name=(string)max-size-buffers, property-value=(uint)5;
/GstPipeline:pipeline0/GstDecodeBin:decodebin1/GstMultiQueue:multiqueue3: max-size-buffers = 5
Got message #735 from element "multiqueue3" (property-notify): GstMessagePropertyNotify, property-name=(string)max-size-time, property-value=(guint64)0;
/GstPipeline:pipeline0/GstDecodeBin:decodebin1/GstMultiQueue:multiqueue3: max-size-time = 0
Got message #736 from element "multiqueue3" (property-notify): GstMessagePropertyNotify, property-name=(string)max-size-bytes, property-value=(uint)8388608;
/GstPipeline:pipeline0/GstDecodeBin:decodebin1/GstMultiQueue:multiqueue3: max-size-bytes = 8388608
Got message #737 from element "vah264dec1" (have-context): GstMessageHaveContext, context=(GstContext)NULL;
Got context from element 'vah264dec1': gst.va.display.handle=context, gst-display=(GstObject)"\(GstVaDisplayDrm\)\ vadisplaydrm4", description=(string)"Intel\(R\)\ Gen\ Graphics", path=(string)/dev/dri/renderD128;
Got message #738 from element "vah264dec1" (property-notify): GstMessagePropertyNotify, property-name=(string)device-path, property-value=(string)/dev/dri/renderD128;
/GstPipeline:pipeline0/GstDecodeBin:decodebin2/GstVaH264Dec:vah264dec1: device-path = /dev/dri/renderD128
Got message #739 from element "vah264dec1" (state-changed): GstMessageStateChanged, old-state=(GstState)null, new-state=(GstState)ready, pending-state=(GstState)void-pending;
Got message #743 from element "vah264dec1" (state-changed): GstMessageStateChanged, old-state=(GstState)ready, new-state=(GstState)paused, pending-state=(GstState)void-pending;
Got message #744 from element "vah264dec1" (latency): no message details
Redistribute latency...
Got message #745 from pad "vah264dec1:sink" (property-notify): GstMessagePropertyNotify, property-name=(string)caps, property-value=(GstCaps)"video/x-h264\,\ stream-format\=\(string\)avc\,\ alignment\=\(string\)au\,\ level\=\(string\)4\,\ profile\=\(string\)high\,\ codec_data\=\(buffer\)01640028ffe1001d67640028acd940780227e5c05a808080a000007d20001d4c01e30632c001000568e93b2c8b\,\ width\=\(int\)1920\,\ height\=\(int\)1080\,\ framerate\=\(fraction\)30000/1001\,\ pixel-aspect-ratio\=\(fraction\)1/1\,\ colorimetry\=\(string\)bt709\,\ coded-picture-structure\=\(string\)frame\,\ chroma-format\=\(string\)4:2:0\,\ bit-depth-luma\=\(uint\)8\,\ bit-depth-chroma\=\(uint\)8\,\ parsed\=\(boolean\)true";
/GstPipeline:pipeline0/GstDecodeBin:decodebin2/GstVaH264Dec:vah264dec1.GstPad:sink: caps = video/x-h264, stream-format=(string)avc, alignment=(string)au, level=(string)4, profile=(string)high, codec_data=(buffer)01640028ffe1001d67640028acd940780227e5c05a808080a000007d20001d4c01e30632c001000568e93b2c8b, width=(int)1920, height=(int)1080, framerate=(fraction)30000/1001, pixel-aspect-ratio=(fraction)1/1, colorimetry=(string)bt709, coded-picture-structure=(string)frame, chroma-format=(string)4:2:0, bit-depth-luma=(uint)8, bit-depth-chroma=(uint)8, parsed=(boolean)true
Got message #746 from pad "capsfilter1:src" (property-notify): GstMessagePropertyNotify, property-name=(string)caps, property-value=(GstCaps)"video/x-h264\,\ stream-format\=\(string\)avc\,\ alignment\=\(string\)au\,\ level\=\(string\)4\,\ profile\=\(string\)high\,\ codec_data\=\(buffer\)01640028ffe1001d67640028acd940780227e5c05a808080a000007d20001d4c01e30632c001000568e93b2c8b\,\ width\=\(int\)1920\,\ height\=\(int\)1080\,\ framerate\=\(fraction\)30000/1001\,\ pixel-aspect-ratio\=\(fraction\)1/1\,\ colorimetry\=\(string\)bt709\,\ coded-picture-structure\=\(string\)frame\,\ chroma-format\=\(string\)4:2:0\,\ bit-depth-luma\=\(uint\)8\,\ bit-depth-chroma\=\(uint\)8\,\ parsed\=\(boolean\)true";
/GstPipeline:pipeline0/GstDecodeBin:decodebin2/GstCapsFilter:capsfilter1.GstPad:src: caps = video/x-h264, stream-format=(string)avc, alignment=(string)au, level=(string)4, profile=(string)high, codec_data=(buffer)01640028ffe1001d67640028acd940780227e5c05a808080a000007d20001d4c01e30632c001000568e93b2c8b, width=(int)1920, height=(int)1080, framerate=(fraction)30000/1001, pixel-aspect-ratio=(fraction)1/1, colorimetry=(string)bt709, coded-picture-structure=(string)frame, chroma-format=(string)4:2:0, bit-depth-luma=(uint)8, bit-depth-chroma=(uint)8, parsed=(boolean)true
Got message #747 from pad "capsfilter1:sink" (property-notify): GstMessagePropertyNotify, property-name=(string)caps, property-value=(GstCaps)"video/x-h264\,\ stream-format\=\(string\)avc\,\ alignment\=\(string\)au\,\ level\=\(string\)4\,\ profile\=\(string\)high\,\ codec_data\=\(buffer\)01640028ffe1001d67640028acd940780227e5c05a808080a000007d20001d4c01e30632c001000568e93b2c8b\,\ width\=\(int\)1920\,\ height\=\(int\)1080\,\ framerate\=\(fraction\)30000/1001\,\ pixel-aspect-ratio\=\(fraction\)1/1\,\ colorimetry\=\(string\)bt709\,\ coded-picture-structure\=\(string\)frame\,\ chroma-format\=\(string\)4:2:0\,\ bit-depth-luma\=\(uint\)8\,\ bit-depth-chroma\=\(uint\)8\,\ parsed\=\(boolean\)true";
/GstPipeline:pipeline0/GstDecodeBin:decodebin2/GstCapsFilter:capsfilter1.GstPad:sink: caps = video/x-h264, stream-format=(string)avc, alignment=(string)au, level=(string)4, profile=(string)high, codec_data=(buffer)01640028ffe1001d67640028acd940780227e5c05a808080a000007d20001d4c01e30632c001000568e93b2c8b, width=(int)1920, height=(int)1080, framerate=(fraction)30000/1001, pixel-aspect-ratio=(fraction)1/1, colorimetry=(string)bt709, coded-picture-structure=(string)frame, chroma-format=(string)4:2:0, bit-depth-luma=(uint)8, bit-depth-chroma=(uint)8, parsed=(boolean)true
Got message #748 from pad "h264parse1:sink" (property-notify): GstMessagePropertyNotify, property-name=(string)caps, property-value=(GstCaps)"video/x-h264\,\ stream-format\=\(string\)avc\,\ alignment\=\(string\)au\,\ level\=\(string\)4\,\ profile\=\(string\)high\,\ codec_data\=\(buffer\)01640028ffe1001d67640028acd940780227e5c05a808080a000007d20001d4c01e30632c001000568e93b2c8bfdf8f800\,\ width\=\(int\)1920\,\ height\=\(int\)1080\,\ framerate\=\(fraction\)30000/1001\,\ pixel-aspect-ratio\=\(fraction\)1/1\,\ colorimetry\=\(string\)bt709";
/GstPipeline:pipeline0/GstDecodeBin:decodebin2/GstH264Parse:h264parse1.GstPad:sink: caps = video/x-h264, stream-format=(string)avc, alignment=(string)au, level=(string)4, profile=(string)high, codec_data=(buffer)01640028ffe1001d67640028acd940780227e5c05a808080a000007d20001d4c01e30632c001000568e93b2c8bfdf8f800, width=(int)1920, height=(int)1080, framerate=(fraction)30000/1001, pixel-aspect-ratio=(fraction)1/1, colorimetry=(string)bt709
Got message #749 from element "multiqueue1" (property-notify): GstMessagePropertyNotify, property-name=(string)max-size-buffers, property-value=(uint)5;
/GstPipeline:pipeline0/GstDecodeBin:decodebin2/GstMultiQueue:multiqueue1: max-size-buffers = 5
Got message #750 from element "multiqueue1" (property-notify): GstMessagePropertyNotify, property-name=(string)max-size-time, property-value=(guint64)0;
/GstPipeline:pipeline0/GstDecodeBin:decodebin2/GstMultiQueue:multiqueue1: max-size-time = 0
Got message #751 from element "multiqueue1" (property-notify): GstMessagePropertyNotify, property-name=(string)max-size-bytes, property-value=(uint)8388608;
/GstPipeline:pipeline0/GstDecodeBin:decodebin2/GstMultiQueue:multiqueue1: max-size-bytes = 8388608
Got message #753 from pad "multiqueue1:sink_0" (property-notify): GstMessagePropertyNotify, property-name=(string)caps, property-value=(GstCaps)"video/x-h264\,\ stream-format\=\(string\)avc\,\ alignment\=\(string\)au\,\ level\=\(string\)4\,\ profile\=\(string\)high\,\ codec_data\=\(buffer\)01640028ffe1001d67640028acd940780227e5c05a808080a000007d20001d4c01e30632c001000568e93b2c8bfdf8f800\,\ width\=\(int\)1920\,\ height\=\(int\)1080\,\ framerate\=\(fraction\)30000/1001\,\ pixel-aspect-ratio\=\(fraction\)1/1\,\ colorimetry\=\(string\)bt709";
/GstPipeline:pipeline0/GstDecodeBin:decodebin2/GstMultiQueue:multiqueue1.GstMultiQueuePad:sink_0: caps = video/x-h264, stream-format=(string)avc, alignment=(string)au, level=(string)4, profile=(string)high, codec_data=(buffer)01640028ffe1001d67640028acd940780227e5c05a808080a000007d20001d4c01e30632c001000568e93b2c8bfdf8f800, width=(int)1920, height=(int)1080, framerate=(fraction)30000/1001, pixel-aspect-ratio=(fraction)1/1, colorimetry=(string)bt709
Got message #757 from element "h264parse1" (latency): no message details
Redistribute latency...
Got message #759 from pad "h264parse1:src" (property-notify): GstMessagePropertyNotify, property-name=(string)caps, property-value=(GstCaps)"video/x-h264\,\ stream-format\=\(string\)avc\,\ alignment\=\(string\)au\,\ level\=\(string\)4\,\ profile\=\(string\)high\,\ codec_data\=\(buffer\)01640028ffe1001d67640028acd940780227e5c05a808080a000007d20001d4c01e30632c001000568e93b2c8b\,\ width\=\(int\)1920\,\ height\=\(int\)1080\,\ framerate\=\(fraction\)30000/1001\,\ pixel-aspect-ratio\=\(fraction\)1/1\,\ colorimetry\=\(string\)bt709\,\ coded-picture-structure\=\(string\)frame\,\ chroma-format\=\(string\)4:2:0\,\ bit-depth-luma\=\(uint\)8\,\ bit-depth-chroma\=\(uint\)8\,\ parsed\=\(boolean\)true";
/GstPipeline:pipeline0/GstDecodeBin:decodebin2/GstH264Parse:h264parse1.GstPad:src: caps = video/x-h264, stream-format=(string)avc, alignment=(string)au, level=(string)4, profile=(string)high, codec_data=(buffer)01640028ffe1001d67640028acd940780227e5c05a808080a000007d20001d4c01e30632c001000568e93b2c8b, width=(int)1920, height=(int)1080, framerate=(fraction)30000/1001, pixel-aspect-ratio=(fraction)1/1, colorimetry=(string)bt709, coded-picture-structure=(string)frame, chroma-format=(string)4:2:0, bit-depth-luma=(uint)8, bit-depth-chroma=(uint)8, parsed=(boolean)true
Got message #760 from element "multiqueue1" (property-notify): GstMessagePropertyNotify, property-name=(string)max-size-buffers, property-value=(uint)5;
/GstPipeline:pipeline0/GstDecodeBin:decodebin2/GstMultiQueue:multiqueue1: max-size-buffers = 5
Got message #761 from element "multiqueue1" (property-notify): GstMessagePropertyNotify, property-name=(string)max-size-time, property-value=(guint64)0;
/GstPipeline:pipeline0/GstDecodeBin:decodebin2/GstMultiQueue:multiqueue1: max-size-time = 0
Got message #762 from element "multiqueue1" (property-notify): GstMessagePropertyNotify, property-name=(string)max-size-bytes, property-value=(uint)8388608;
/GstPipeline:pipeline0/GstDecodeBin:decodebin2/GstMultiQueue:multiqueue1: max-size-bytes = 8388608
Got message #763 from pad "capsfilter1:sink" (property-notify): GstMessagePropertyNotify, property-name=(string)caps, property-value=(GstCaps)"video/x-h264\,\ stream-format\=\(string\)avc\,\ alignment\=\(string\)au\,\ level\=\(string\)4\,\ profile\=\(string\)high\,\ codec_data\=\(buffer\)01640028ffe1001d67640028acd940780227e5c05a808080a000007d20001d4c01e30632c001000568e93b2c8b\,\ width\=\(int\)1920\,\ height\=\(int\)1080\,\ framerate\=\(fraction\)30000/1001\,\ pixel-aspect-ratio\=\(fraction\)1/1\,\ colorimetry\=\(string\)bt709\,\ coded-picture-structure\=\(string\)frame\,\ chroma-format\=\(string\)4:2:0\,\ bit-depth-luma\=\(uint\)8\,\ bit-depth-chroma\=\(uint\)8\,\ parsed\=\(boolean\)true";
/GstPipeline:pipeline0/GstDecodeBin:decodebin2/GstCapsFilter:capsfilter1.GstPad:sink: caps = video/x-h264, stream-format=(string)avc, alignment=(string)au, level=(string)4, profile=(string)high, codec_data=(buffer)01640028ffe1001d67640028acd940780227e5c05a808080a000007d20001d4c01e30632c001000568e93b2c8b, width=(int)1920, height=(int)1080, framerate=(fraction)30000/1001, pixel-aspect-ratio=(fraction)1/1, colorimetry=(string)bt709, coded-picture-structure=(string)frame, chroma-format=(string)4:2:0, bit-depth-luma=(uint)8, bit-depth-chroma=(uint)8, parsed=(boolean)true
Got message #767 from pad "h264parse1:src" (property-notify): GstMessagePropertyNotify, property-name=(string)caps, property-value=(GstCaps)"video/x-h264\,\ stream-format\=\(string\)avc\,\ alignment\=\(string\)au\,\ level\=\(string\)4\,\ profile\=\(string\)high\,\ codec_data\=\(buffer\)01640028ffe1001d67640028acd940780227e5c05a808080a000007d20001d4c01e30632c001000568e93b2c8b\,\ width\=\(int\)1920\,\ height\=\(int\)1080\,\ framerate\=\(fraction\)30000/1001\,\ pixel-aspect-ratio\=\(fraction\)1/1\,\ colorimetry\=\(string\)bt709\,\ coded-picture-structure\=\(string\)frame\,\ chroma-format\=\(string\)4:2:0\,\ bit-depth-luma\=\(uint\)8\,\ bit-depth-chroma\=\(uint\)8\,\ parsed\=\(boolean\)true";
/GstPipeline:pipeline0/GstDecodeBin:decodebin2/GstH264Parse:h264parse1.GstPad:src: caps = video/x-h264, stream-format=(string)avc, alignment=(string)au, level=(string)4, profile=(string)high, codec_data=(buffer)01640028ffe1001d67640028acd940780227e5c05a808080a000007d20001d4c01e30632c001000568e93b2c8b, width=(int)1920, height=(int)1080, framerate=(fraction)30000/1001, pixel-aspect-ratio=(fraction)1/1, colorimetry=(string)bt709, coded-picture-structure=(string)frame, chroma-format=(string)4:2:0, bit-depth-luma=(uint)8, bit-depth-chroma=(uint)8, parsed=(boolean)true
Got message #768 from pad "capsfilter1:sink" (property-notify): GstMessagePropertyNotify, property-name=(string)caps, property-value=(GstCaps)"video/x-h264\,\ stream-format\=\(string\)avc\,\ alignment\=\(string\)au\,\ level\=\(string\)4\,\ profile\=\(string\)high\,\ codec_data\=\(buffer\)01640028ffe1001d67640028acd940780227e5c05a808080a000007d20001d4c01e30632c001000568e93b2c8b\,\ width\=\(int\)1920\,\ height\=\(int\)1080\,\ framerate\=\(fraction\)30000/1001\,\ pixel-aspect-ratio\=\(fraction\)1/1\,\ colorimetry\=\(string\)bt709\,\ coded-picture-structure\=\(string\)frame\,\ chroma-format\=\(string\)4:2:0\,\ bit-depth-luma\=\(uint\)8\,\ bit-depth-chroma\=\(uint\)8\,\ parsed\=\(boolean\)true";
/GstPipeline:pipeline0/GstDecodeBin:decodebin2/GstCapsFilter:capsfilter1.GstPad:sink: caps = video/x-h264, stream-format=(string)avc, alignment=(string)au, level=(string)4, profile=(string)high, codec_data=(buffer)01640028ffe1001d67640028acd940780227e5c05a808080a000007d20001d4c01e30632c001000568e93b2c8b, width=(int)1920, height=(int)1080, framerate=(fraction)30000/1001, pixel-aspect-ratio=(fraction)1/1, colorimetry=(string)bt709, coded-picture-structure=(string)frame, chroma-format=(string)4:2:0, bit-depth-luma=(uint)8, bit-depth-chroma=(uint)8, parsed=(boolean)true
Got message #769 from element "multiqueue1" (property-notify): GstMessagePropertyNotify, property-name=(string)max-size-buffers, property-value=(uint)5;
/GstPipeline:pipeline0/GstDecodeBin:decodebin2/GstMultiQueue:multiqueue1: max-size-buffers = 5
Got message #770 from element "multiqueue1" (property-notify): GstMessagePropertyNotify, property-name=(string)max-size-time, property-value=(guint64)0;
/GstPipeline:pipeline0/GstDecodeBin:decodebin2/GstMultiQueue:multiqueue1: max-size-time = 0
Got message #771 from element "multiqueue1" (property-notify): GstMessagePropertyNotify, property-name=(string)max-size-bytes, property-value=(uint)8388608;
/GstPipeline:pipeline0/GstDecodeBin:decodebin2/GstMultiQueue:multiqueue1: max-size-bytes = 8388608
Got message #772 from element "h264parse1" (duration-changed): GstMessageDurationChanged;
Got message #777 from pad "vah264dec2:src" (property-notify): GstMessagePropertyNotify, property-name=(string)caps, property-value=(GstCaps)"video/x-raw\,\ format\=\(string\)NV12\,\ width\=\(int\)1920\,\ height\=\(int\)1080\,\ interlace-mode\=\(string\)progressive\,\ multiview-mode\=\(string\)mono\,\ multiview-flags\=\(GstVideoMultiviewFlagsSet\)0:ffffffff:/right-view-first/left-flipped/left-flopped/right-flipped/right-flopped/half-aspect/mixed-mono\,\ pixel-aspect-ratio\=\(fraction\)1/1\,\ colorimetry\=\(string\)bt709\,\ framerate\=\(fraction\)30000/1001";
/GstPipeline:pipeline0/GstDecodeBin:decodebin1/GstVaH264Dec:vah264dec2.GstPad:src: caps = video/x-raw, format=(string)NV12, width=(int)1920, height=(int)1080, interlace-mode=(string)progressive, multiview-mode=(string)mono, multiview-flags=(GstVideoMultiviewFlagsSet)0:ffffffff:/right-view-first/left-flipped/left-flopped/right-flipped/right-flopped/half-aspect/mixed-mono, pixel-aspect-ratio=(fraction)1/1, colorimetry=(string)bt709, framerate=(fraction)30000/1001
Got message #783 from element "decodebin1" (state-changed): GstMessageStateChanged, old-state=(GstState)ready, new-state=(GstState)paused, pending-state=(GstState)void-pending;
Got message #784 from pad "queue1:sink" (property-notify): GstMessagePropertyNotify, property-name=(string)caps, property-value=(GstCaps)"video/x-raw\,\ format\=\(string\)NV12\,\ width\=\(int\)1920\,\ height\=\(int\)1080\,\ interlace-mode\=\(string\)progressive\,\ multiview-mode\=\(string\)mono\,\ multiview-flags\=\(GstVideoMultiviewFlagsSet\)0:ffffffff:/right-view-first/left-flipped/left-flopped/right-flipped/right-flopped/half-aspect/mixed-mono\,\ pixel-aspect-ratio\=\(fraction\)1/1\,\ colorimetry\=\(string\)bt709\,\ framerate\=\(fraction\)30000/1001";
/GstPipeline:pipeline0/GstQueue:queue1.GstPad:sink: caps = video/x-raw, format=(string)NV12, width=(int)1920, height=(int)1080, interlace-mode=(string)progressive, multiview-mode=(string)mono, multiview-flags=(GstVideoMultiviewFlagsSet)0:ffffffff:/right-view-first/left-flipped/left-flopped/right-flipped/right-flopped/half-aspect/mixed-mono, pixel-aspect-ratio=(fraction)1/1, colorimetry=(string)bt709, framerate=(fraction)30000/1001
Got message #785 from pad "src_0:proxypad14" (property-notify): GstMessagePropertyNotify, property-name=(string)caps, property-value=(GstCaps)"video/x-raw\,\ format\=\(string\)NV12\,\ width\=\(int\)1920\,\ height\=\(int\)1080\,\ interlace-mode\=\(string\)progressive\,\ multiview-mode\=\(string\)mono\,\ multiview-flags\=\(GstVideoMultiviewFlagsSet\)0:ffffffff:/right-view-first/left-flipped/left-flopped/right-flipped/right-flopped/half-aspect/mixed-mono\,\ pixel-aspect-ratio\=\(fraction\)1/1\,\ colorimetry\=\(string\)bt709\,\ framerate\=\(fraction\)30000/1001";
/GstPipeline:pipeline0/GstDecodeBin:decodebin1.GstDecodePad:src_0.GstProxyPad:proxypad14: caps = video/x-raw, format=(string)NV12, width=(int)1920, height=(int)1080, interlace-mode=(string)progressive, multiview-mode=(string)mono, multiview-flags=(GstVideoMultiviewFlagsSet)0:ffffffff:/right-view-first/left-flipped/left-flopped/right-flipped/right-flopped/half-aspect/mixed-mono, pixel-aspect-ratio=(fraction)1/1, colorimetry=(string)bt709, framerate=(fraction)30000/1001
Got message #787 from pad "queue1:src" (property-notify): GstMessagePropertyNotify, property-name=(string)caps, property-value=(GstCaps)"video/x-raw\,\ format\=\(string\)NV12\,\ width\=\(int\)1920\,\ height\=\(int\)1080\,\ interlace-mode\=\(string\)progressive\,\ multiview-mode\=\(string\)mono\,\ multiview-flags\=\(GstVideoMultiviewFlagsSet\)0:ffffffff:/right-view-first/left-flipped/left-flopped/right-flipped/right-flopped/half-aspect/mixed-mono\,\ pixel-aspect-ratio\=\(fraction\)1/1\,\ colorimetry\=\(string\)bt709\,\ framerate\=\(fraction\)30000/1001";
/GstPipeline:pipeline0/GstQueue:queue1.GstPad:src: caps = video/x-raw, format=(string)NV12, width=(int)1920, height=(int)1080, interlace-mode=(string)progressive, multiview-mode=(string)mono, multiview-flags=(GstVideoMultiviewFlagsSet)0:ffffffff:/right-view-first/left-flipped/left-flopped/right-flipped/right-flopped/half-aspect/mixed-mono, pixel-aspect-ratio=(fraction)1/1, colorimetry=(string)bt709, framerate=(fraction)30000/1001
Got message #788 from pad "in:sink_1" (property-notify): GstMessagePropertyNotify, property-name=(string)caps, property-value=(GstCaps)"video/x-raw\,\ format\=\(string\)NV12\,\ width\=\(int\)1920\,\ height\=\(int\)1080\,\ interlace-mode\=\(string\)progressive\,\ multiview-mode\=\(string\)mono\,\ multiview-flags\=\(GstVideoMultiviewFlagsSet\)0:ffffffff:/right-view-first/left-flipped/left-flopped/right-flipped/right-flopped/half-aspect/mixed-mono\,\ pixel-aspect-ratio\=\(fraction\)1/1\,\ colorimetry\=\(string\)bt709\,\ framerate\=\(fraction\)30000/1001";
/GstPipeline:pipeline0/GstDxInputSelector:in.GstAggregatorPad:sink_1: caps = video/x-raw, format=(string)NV12, width=(int)1920, height=(int)1080, interlace-mode=(string)progressive, multiview-mode=(string)mono, multiview-flags=(GstVideoMultiviewFlagsSet)0:ffffffff:/right-view-first/left-flipped/left-flopped/right-flipped/right-flopped/half-aspect/mixed-mono, pixel-aspect-ratio=(fraction)1/1, colorimetry=(string)bt709, framerate=(fraction)30000/1001
Got message #790 from pad "out:src_1" (property-notify): GstMessagePropertyNotify, property-name=(string)caps, property-value=(GstCaps)"video/x-raw\,\ format\=\(string\)NV12\,\ width\=\(int\)1920\,\ height\=\(int\)1080\,\ interlace-mode\=\(string\)progressive\,\ multiview-mode\=\(string\)mono\,\ multiview-flags\=\(GstVideoMultiviewFlagsSet\)0:ffffffff:/right-view-first/left-flipped/left-flopped/right-flipped/right-flopped/half-aspect/mixed-mono\,\ pixel-aspect-ratio\=\(fraction\)1/1\,\ colorimetry\=\(string\)bt709\,\ framerate\=\(fraction\)30000/1001";
/GstPipeline:pipeline0/GstDxOutputSelector:out.GstPad:src_1: caps = video/x-raw, format=(string)NV12, width=(int)1920, height=(int)1080, interlace-mode=(string)progressive, multiview-mode=(string)mono, multiview-flags=(GstVideoMultiviewFlagsSet)0:ffffffff:/right-view-first/left-flipped/left-flopped/right-flipped/right-flopped/half-aspect/mixed-mono, pixel-aspect-ratio=(fraction)1/1, colorimetry=(string)bt709, framerate=(fraction)30000/1001
Got message #792 from pad "queue8:sink" (property-notify): GstMessagePropertyNotify, property-name=(string)caps, property-value=(GstCaps)"video/x-raw\,\ format\=\(string\)NV12\,\ width\=\(int\)1920\,\ height\=\(int\)1080\,\ interlace-mode\=\(string\)progressive\,\ multiview-mode\=\(string\)mono\,\ multiview-flags\=\(GstVideoMultiviewFlagsSet\)0:ffffffff:/right-view-first/left-flipped/left-flopped/right-flipped/right-flopped/half-aspect/mixed-mono\,\ pixel-aspect-ratio\=\(fraction\)1/1\,\ colorimetry\=\(string\)bt709\,\ framerate\=\(fraction\)30000/1001";
/GstPipeline:pipeline0/GstQueue:queue8.GstPad:sink: caps = video/x-raw, format=(string)NV12, width=(int)1920, height=(int)1080, interlace-mode=(string)progressive, multiview-mode=(string)mono, multiview-flags=(GstVideoMultiviewFlagsSet)0:ffffffff:/right-view-first/left-flipped/left-flopped/right-flipped/right-flopped/half-aspect/mixed-mono, pixel-aspect-ratio=(fraction)1/1, colorimetry=(string)bt709, framerate=(fraction)30000/1001
Got message #793 from pad "queue8:sink" (property-notify): GstMessagePropertyNotify, property-name=(string)caps, property-value=(GstCaps)"video/x-raw\,\ format\=\(string\)NV12\,\ width\=\(int\)1920\,\ height\=\(int\)1080\,\ interlace-mode\=\(string\)progressive\,\ multiview-mode\=\(string\)mono\,\ multiview-flags\=\(GstVideoMultiviewFlagsSet\)0:ffffffff:/right-view-first/left-flipped/left-flopped/right-flipped/right-flopped/half-aspect/mixed-mono\,\ pixel-aspect-ratio\=\(fraction\)1/1\,\ colorimetry\=\(string\)bt709\,\ framerate\=\(fraction\)30000/1001";
/GstPipeline:pipeline0/GstQueue:queue8.GstPad:sink: caps = video/x-raw, format=(string)NV12, width=(int)1920, height=(int)1080, interlace-mode=(string)progressive, multiview-mode=(string)mono, multiview-flags=(GstVideoMultiviewFlagsSet)0:ffffffff:/right-view-first/left-flipped/left-flopped/right-flipped/right-flopped/half-aspect/mixed-mono, pixel-aspect-ratio=(fraction)1/1, colorimetry=(string)bt709, framerate=(fraction)30000/1001
Got message #794 from pad "fakesink1:sink" (property-notify): GstMessagePropertyNotify, property-name=(string)caps, property-value=(GstCaps)"video/x-raw\,\ format\=\(string\)NV12\,\ width\=\(int\)1920\,\ height\=\(int\)1080\,\ interlace-mode\=\(string\)progressive\,\ multiview-mode\=\(string\)mono\,\ multiview-flags\=\(GstVideoMultiviewFlagsSet\)0:ffffffff:/right-view-first/left-flipped/left-flopped/right-flipped/right-flopped/half-aspect/mixed-mono\,\ pixel-aspect-ratio\=\(fraction\)1/1\,\ colorimetry\=\(string\)bt709\,\ framerate\=\(fraction\)30000/1001";
/GstPipeline:pipeline0/GstFakeSink:fakesink1.GstPad:sink: caps = video/x-raw, format=(string)NV12, width=(int)1920, height=(int)1080, interlace-mode=(string)progressive, multiview-mode=(string)mono, multiview-flags=(GstVideoMultiviewFlagsSet)0:ffffffff:/right-view-first/left-flipped/left-flopped/right-flipped/right-flopped/half-aspect/mixed-mono, pixel-aspect-ratio=(fraction)1/1, colorimetry=(string)bt709, framerate=(fraction)30000/1001
Got message #795 from element "vah264dec3" (have-context): GstMessageHaveContext, context=(GstContext)NULL;
Got context from element 'vah264dec3': gst.va.display.handle=context, gst-display=(GstObject)"\(GstVaDisplayDrm\)\ vadisplaydrm2", description=(string)"Intel\(R\)\ Gen\ Graphics", path=(string)/dev/dri/renderD128;
Got message #796 from element "vah264dec3" (property-notify): GstMessagePropertyNotify, property-name=(string)device-path, property-value=(string)/dev/dri/renderD128;
/GstPipeline:pipeline0/GstDecodeBin:decodebin0/GstVaH264Dec:vah264dec3: device-path = /dev/dri/renderD128
Got message #797 from element "vah264dec3" (state-changed): GstMessageStateChanged, old-state=(GstState)null, new-state=(GstState)ready, pending-state=(GstState)void-pending;
Got message #801 from element "vah264dec3" (state-changed): GstMessageStateChanged, old-state=(GstState)ready, new-state=(GstState)paused, pending-state=(GstState)void-pending;
Got message #802 from element "vah264dec3" (latency): no message details
Redistribute latency...
Got message #803 from pad "vah264dec3:sink" (property-notify): GstMessagePropertyNotify, property-name=(string)caps, property-value=(GstCaps)"video/x-h264\,\ stream-format\=\(string\)avc\,\ alignment\=\(string\)au\,\ level\=\(string\)4\,\ profile\=\(string\)high\,\ codec_data\=\(buffer\)01640028ffe1001d67640028acd940780227e5c05a808080a000007d20001d4c01e30632c001000568e93b2c8b\,\ width\=\(int\)1920\,\ height\=\(int\)1080\,\ framerate\=\(fraction\)30000/1001\,\ pixel-aspect-ratio\=\(fraction\)1/1\,\ colorimetry\=\(string\)bt709\,\ coded-picture-structure\=\(string\)frame\,\ chroma-format\=\(string\)4:2:0\,\ bit-depth-luma\=\(uint\)8\,\ bit-depth-chroma\=\(uint\)8\,\ parsed\=\(boolean\)true";
/GstPipeline:pipeline0/GstDecodeBin:decodebin0/GstVaH264Dec:vah264dec3.GstPad:sink: caps = video/x-h264, stream-format=(string)avc, alignment=(string)au, level=(string)4, profile=(string)high, codec_data=(buffer)01640028ffe1001d67640028acd940780227e5c05a808080a000007d20001d4c01e30632c001000568e93b2c8b, width=(int)1920, height=(int)1080, framerate=(fraction)30000/1001, pixel-aspect-ratio=(fraction)1/1, colorimetry=(string)bt709, coded-picture-structure=(string)frame, chroma-format=(string)4:2:0, bit-depth-luma=(uint)8, bit-depth-chroma=(uint)8, parsed=(boolean)true
Got message #804 from pad "capsfilter3:src" (property-notify): GstMessagePropertyNotify, property-name=(string)caps, property-value=(GstCaps)"video/x-h264\,\ stream-format\=\(string\)avc\,\ alignment\=\(string\)au\,\ level\=\(string\)4\,\ profile\=\(string\)high\,\ codec_data\=\(buffer\)01640028ffe1001d67640028acd940780227e5c05a808080a000007d20001d4c01e30632c001000568e93b2c8b\,\ width\=\(int\)1920\,\ height\=\(int\)1080\,\ framerate\=\(fraction\)30000/1001\,\ pixel-aspect-ratio\=\(fraction\)1/1\,\ colorimetry\=\(string\)bt709\,\ coded-picture-structure\=\(string\)frame\,\ chroma-format\=\(string\)4:2:0\,\ bit-depth-luma\=\(uint\)8\,\ bit-depth-chroma\=\(uint\)8\,\ parsed\=\(boolean\)true";
/GstPipeline:pipeline0/GstDecodeBin:decodebin0/GstCapsFilter:capsfilter3.GstPad:src: caps = video/x-h264, stream-format=(string)avc, alignment=(string)au, level=(string)4, profile=(string)high, codec_data=(buffer)01640028ffe1001d67640028acd940780227e5c05a808080a000007d20001d4c01e30632c001000568e93b2c8b, width=(int)1920, height=(int)1080, framerate=(fraction)30000/1001, pixel-aspect-ratio=(fraction)1/1, colorimetry=(string)bt709, coded-picture-structure=(string)frame, chroma-format=(string)4:2:0, bit-depth-luma=(uint)8, bit-depth-chroma=(uint)8, parsed=(boolean)true
Got message #806 from pad "vah264dec1:src" (property-notify): GstMessagePropertyNotify, property-name=(string)caps, property-value=(GstCaps)"video/x-raw\,\ format\=\(string\)NV12\,\ width\=\(int\)1920\,\ height\=\(int\)1080\,\ interlace-mode\=\(string\)progressive\,\ multiview-mode\=\(string\)mono\,\ multiview-flags\=\(GstVideoMultiviewFlagsSet\)0:ffffffff:/right-view-first/left-flipped/left-flopped/right-flipped/right-flopped/half-aspect/mixed-mono\,\ pixel-aspect-ratio\=\(fraction\)1/1\,\ colorimetry\=\(string\)bt709\,\ framerate\=\(fraction\)30000/1001";
/GstPipeline:pipeline0/GstDecodeBin:decodebin2/GstVaH264Dec:vah264dec1.GstPad:src: caps = video/x-raw, format=(string)NV12, width=(int)1920, height=(int)1080, interlace-mode=(string)progressive, multiview-mode=(string)mono, multiview-flags=(GstVideoMultiviewFlagsSet)0:ffffffff:/right-view-first/left-flipped/left-flopped/right-flipped/right-flopped/half-aspect/mixed-mono, pixel-aspect-ratio=(fraction)1/1, colorimetry=(string)bt709, framerate=(fraction)30000/1001
Got message #807 from pad "capsfilter3:sink" (property-notify): GstMessagePropertyNotify, property-name=(string)caps, property-value=(GstCaps)"video/x-h264\,\ stream-format\=\(string\)avc\,\ alignment\=\(string\)au\,\ level\=\(string\)4\,\ profile\=\(string\)high\,\ codec_data\=\(buffer\)01640028ffe1001d67640028acd940780227e5c05a808080a000007d20001d4c01e30632c001000568e93b2c8b\,\ width\=\(int\)1920\,\ height\=\(int\)1080\,\ framerate\=\(fraction\)30000/1001\,\ pixel-aspect-ratio\=\(fraction\)1/1\,\ colorimetry\=\(string\)bt709\,\ coded-picture-structure\=\(string\)frame\,\ chroma-format\=\(string\)4:2:0\,\ bit-depth-luma\=\(uint\)8\,\ bit-depth-chroma\=\(uint\)8\,\ parsed\=\(boolean\)true";
/GstPipeline:pipeline0/GstDecodeBin:decodebin0/GstCapsFilter:capsfilter3.GstPad:sink: caps = video/x-h264, stream-format=(string)avc, alignment=(string)au, level=(string)4, profile=(string)high, codec_data=(buffer)01640028ffe1001d67640028acd940780227e5c05a808080a000007d20001d4c01e30632c001000568e93b2c8b, width=(int)1920, height=(int)1080, framerate=(fraction)30000/1001, pixel-aspect-ratio=(fraction)1/1, colorimetry=(string)bt709, coded-picture-structure=(string)frame, chroma-format=(string)4:2:0, bit-depth-luma=(uint)8, bit-depth-chroma=(uint)8, parsed=(boolean)true
Got message #808 from pad "h264parse3:sink" (property-notify): GstMessagePropertyNotify, property-name=(string)caps, property-value=(GstCaps)"video/x-h264\,\ stream-format\=\(string\)avc\,\ alignment\=\(string\)au\,\ level\=\(string\)4\,\ profile\=\(string\)high\,\ codec_data\=\(buffer\)01640028ffe1001d67640028acd940780227e5c05a808080a000007d20001d4c01e30632c001000568e93b2c8bfdf8f800\,\ width\=\(int\)1920\,\ height\=\(int\)1080\,\ framerate\=\(fraction\)30000/1001\,\ pixel-aspect-ratio\=\(fraction\)1/1\,\ colorimetry\=\(string\)bt709";
/GstPipeline:pipeline0/GstDecodeBin:decodebin0/GstH264Parse:h264parse3.GstPad:sink: caps = video/x-h264, stream-format=(string)avc, alignment=(string)au, level=(string)4, profile=(string)high, codec_data=(buffer)01640028ffe1001d67640028acd940780227e5c05a808080a000007d20001d4c01e30632c001000568e93b2c8bfdf8f800, width=(int)1920, height=(int)1080, framerate=(fraction)30000/1001, pixel-aspect-ratio=(fraction)1/1, colorimetry=(string)bt709
Got message #811 from element "multiqueue2" (property-notify): GstMessagePropertyNotify, property-name=(string)max-size-buffers, property-value=(uint)5;
/GstPipeline:pipeline0/GstDecodeBin:decodebin0/GstMultiQueue:multiqueue2: max-size-buffers = 5
Got message #812 from element "multiqueue2" (property-notify): GstMessagePropertyNotify, property-name=(string)max-size-time, property-value=(guint64)0;
/GstPipeline:pipeline0/GstDecodeBin:decodebin0/GstMultiQueue:multiqueue2: max-size-time = 0
Got message #813 from element "multiqueue2" (property-notify): GstMessagePropertyNotify, property-name=(string)max-size-bytes, property-value=(uint)8388608;
/GstPipeline:pipeline0/GstDecodeBin:decodebin0/GstMultiQueue:multiqueue2: max-size-bytes = 8388608
Got message #818 from element "decodebin2" (state-changed): GstMessageStateChanged, old-state=(GstState)ready, new-state=(GstState)paused, pending-state=(GstState)void-pending;
Got message #819 from pad "multiqueue2:sink_0" (property-notify): GstMessagePropertyNotify, property-name=(string)caps, property-value=(GstCaps)"video/x-h264\,\ stream-format\=\(string\)avc\,\ alignment\=\(string\)au\,\ level\=\(string\)4\,\ profile\=\(string\)high\,\ codec_data\=\(buffer\)01640028ffe1001d67640028acd940780227e5c05a808080a000007d20001d4c01e30632c001000568e93b2c8bfdf8f800\,\ width\=\(int\)1920\,\ height\=\(int\)1080\,\ framerate\=\(fraction\)30000/1001\,\ pixel-aspect-ratio\=\(fraction\)1/1\,\ colorimetry\=\(string\)bt709";
/GstPipeline:pipeline0/GstDecodeBin:decodebin0/GstMultiQueue:multiqueue2.GstMultiQueuePad:sink_0: caps = video/x-h264, stream-format=(string)avc, alignment=(string)au, level=(string)4, profile=(string)high, codec_data=(buffer)01640028ffe1001d67640028acd940780227e5c05a808080a000007d20001d4c01e30632c001000568e93b2c8bfdf8f800, width=(int)1920, height=(int)1080, framerate=(fraction)30000/1001, pixel-aspect-ratio=(fraction)1/1, colorimetry=(string)bt709
Got message #822 from pad "queue2:sink" (property-notify): GstMessagePropertyNotify, property-name=(string)caps, property-value=(GstCaps)"video/x-raw\,\ format\=\(string\)NV12\,\ width\=\(int\)1920\,\ height\=\(int\)1080\,\ interlace-mode\=\(string\)progressive\,\ multiview-mode\=\(string\)mono\,\ multiview-flags\=\(GstVideoMultiviewFlagsSet\)0:ffffffff:/right-view-first/left-flipped/left-flopped/right-flipped/right-flopped/half-aspect/mixed-mono\,\ pixel-aspect-ratio\=\(fraction\)1/1\,\ colorimetry\=\(string\)bt709\,\ framerate\=\(fraction\)30000/1001";
/GstPipeline:pipeline0/GstQueue:queue2.GstPad:sink: caps = video/x-raw, format=(string)NV12, width=(int)1920, height=(int)1080, interlace-mode=(string)progressive, multiview-mode=(string)mono, multiview-flags=(GstVideoMultiviewFlagsSet)0:ffffffff:/right-view-first/left-flipped/left-flopped/right-flipped/right-flopped/half-aspect/mixed-mono, pixel-aspect-ratio=(fraction)1/1, colorimetry=(string)bt709, framerate=(fraction)30000/1001
Got message #823 from pad "src_0:proxypad13" (property-notify): GstMessagePropertyNotify, property-name=(string)caps, property-value=(GstCaps)"video/x-raw\,\ format\=\(string\)NV12\,\ width\=\(int\)1920\,\ height\=\(int\)1080\,\ interlace-mode\=\(string\)progressive\,\ multiview-mode\=\(string\)mono\,\ multiview-flags\=\(GstVideoMultiviewFlagsSet\)0:ffffffff:/right-view-first/left-flipped/left-flopped/right-flipped/right-flopped/half-aspect/mixed-mono\,\ pixel-aspect-ratio\=\(fraction\)1/1\,\ colorimetry\=\(string\)bt709\,\ framerate\=\(fraction\)30000/1001";
/GstPipeline:pipeline0/GstDecodeBin:decodebin2.GstDecodePad:src_0.GstProxyPad:proxypad13: caps = video/x-raw, format=(string)NV12, width=(int)1920, height=(int)1080, interlace-mode=(string)progressive, multiview-mode=(string)mono, multiview-flags=(GstVideoMultiviewFlagsSet)0:ffffffff:/right-view-first/left-flipped/left-flopped/right-flipped/right-flopped/half-aspect/mixed-mono, pixel-aspect-ratio=(fraction)1/1, colorimetry=(string)bt709, framerate=(fraction)30000/1001
Got message #824 from element "multiqueue2" (property-notify): GstMessagePropertyNotify, property-name=(string)max-size-buffers, property-value=(uint)5;
/GstPipeline:pipeline0/GstDecodeBin:decodebin0/GstMultiQueue:multiqueue2: max-size-buffers = 5
Got message #825 from element "multiqueue2" (property-notify): GstMessagePropertyNotify, property-name=(string)max-size-time, property-value=(guint64)0;
/GstPipeline:pipeline0/GstDecodeBin:decodebin0/GstMultiQueue:multiqueue2: max-size-time = 0
Got message #826 from element "multiqueue2" (property-notify): GstMessagePropertyNotify, property-name=(string)max-size-bytes, property-value=(uint)8388608;
/GstPipeline:pipeline0/GstDecodeBin:decodebin0/GstMultiQueue:multiqueue2: max-size-bytes = 8388608
Got message #827 from element "h264parse3" (latency): no message details
Redistribute latency...
Got message #830 from pad "h264parse3:src" (property-notify): GstMessagePropertyNotify, property-name=(string)caps, property-value=(GstCaps)"video/x-h264\,\ stream-format\=\(string\)avc\,\ alignment\=\(string\)au\,\ level\=\(string\)4\,\ profile\=\(string\)high\,\ codec_data\=\(buffer\)01640028ffe1001d67640028acd940780227e5c05a808080a000007d20001d4c01e30632c001000568e93b2c8b\,\ width\=\(int\)1920\,\ height\=\(int\)1080\,\ framerate\=\(fraction\)30000/1001\,\ pixel-aspect-ratio\=\(fraction\)1/1\,\ colorimetry\=\(string\)bt709\,\ coded-picture-structure\=\(string\)frame\,\ chroma-format\=\(string\)4:2:0\,\ bit-depth-luma\=\(uint\)8\,\ bit-depth-chroma\=\(uint\)8\,\ parsed\=\(boolean\)true";
/GstPipeline:pipeline0/GstDecodeBin:decodebin0/GstH264Parse:h264parse3.GstPad:src: caps = video/x-h264, stream-format=(string)avc, alignment=(string)au, level=(string)4, profile=(string)high, codec_data=(buffer)01640028ffe1001d67640028acd940780227e5c05a808080a000007d20001d4c01e30632c001000568e93b2c8b, width=(int)1920, height=(int)1080, framerate=(fraction)30000/1001, pixel-aspect-ratio=(fraction)1/1, colorimetry=(string)bt709, coded-picture-structure=(string)frame, chroma-format=(string)4:2:0, bit-depth-luma=(uint)8, bit-depth-chroma=(uint)8, parsed=(boolean)true
Got message #831 from pad "capsfilter3:sink" (property-notify): GstMessagePropertyNotify, property-name=(string)caps, property-value=(GstCaps)"video/x-h264\,\ stream-format\=\(string\)avc\,\ alignment\=\(string\)au\,\ level\=\(string\)4\,\ profile\=\(string\)high\,\ codec_data\=\(buffer\)01640028ffe1001d67640028acd940780227e5c05a808080a000007d20001d4c01e30632c001000568e93b2c8b\,\ width\=\(int\)1920\,\ height\=\(int\)1080\,\ framerate\=\(fraction\)30000/1001\,\ pixel-aspect-ratio\=\(fraction\)1/1\,\ colorimetry\=\(string\)bt709\,\ coded-picture-structure\=\(string\)frame\,\ chroma-format\=\(string\)4:2:0\,\ bit-depth-luma\=\(uint\)8\,\ bit-depth-chroma\=\(uint\)8\,\ parsed\=\(boolean\)true";
/GstPipeline:pipeline0/GstDecodeBin:decodebin0/GstCapsFilter:capsfilter3.GstPad:sink: caps = video/x-h264, stream-format=(string)avc, alignment=(string)au, level=(string)4, profile=(string)high, codec_data=(buffer)01640028ffe1001d67640028acd940780227e5c05a808080a000007d20001d4c01e30632c001000568e93b2c8b, width=(int)1920, height=(int)1080, framerate=(fraction)30000/1001, pixel-aspect-ratio=(fraction)1/1, colorimetry=(string)bt709, coded-picture-structure=(string)frame, chroma-format=(string)4:2:0, bit-depth-luma=(uint)8, bit-depth-chroma=(uint)8, parsed=(boolean)true
Got message #833 from pad "queue2:src" (property-notify): GstMessagePropertyNotify, property-name=(string)caps, property-value=(GstCaps)"video/x-raw\,\ format\=\(string\)NV12\,\ width\=\(int\)1920\,\ height\=\(int\)1080\,\ interlace-mode\=\(string\)progressive\,\ multiview-mode\=\(string\)mono\,\ multiview-flags\=\(GstVideoMultiviewFlagsSet\)0:ffffffff:/right-view-first/left-flipped/left-flopped/right-flipped/right-flopped/half-aspect/mixed-mono\,\ pixel-aspect-ratio\=\(fraction\)1/1\,\ colorimetry\=\(string\)bt709\,\ framerate\=\(fraction\)30000/1001";
/GstPipeline:pipeline0/GstQueue:queue2.GstPad:src: caps = video/x-raw, format=(string)NV12, width=(int)1920, height=(int)1080, interlace-mode=(string)progressive, multiview-mode=(string)mono, multiview-flags=(GstVideoMultiviewFlagsSet)0:ffffffff:/right-view-first/left-flipped/left-flopped/right-flipped/right-flopped/half-aspect/mixed-mono, pixel-aspect-ratio=(fraction)1/1, colorimetry=(string)bt709, framerate=(fraction)30000/1001
Got message #836 from pad "in:sink_2" (property-notify): GstMessagePropertyNotify, property-name=(string)caps, property-value=(GstCaps)"video/x-raw\,\ format\=\(string\)NV12\,\ width\=\(int\)1920\,\ height\=\(int\)1080\,\ interlace-mode\=\(string\)progressive\,\ multiview-mode\=\(string\)mono\,\ multiview-flags\=\(GstVideoMultiviewFlagsSet\)0:ffffffff:/right-view-first/left-flipped/left-flopped/right-flipped/right-flopped/half-aspect/mixed-mono\,\ pixel-aspect-ratio\=\(fraction\)1/1\,\ colorimetry\=\(string\)bt709\,\ framerate\=\(fraction\)30000/1001";
/GstPipeline:pipeline0/GstDxInputSelector:in.GstAggregatorPad:sink_2: caps = video/x-raw, format=(string)NV12, width=(int)1920, height=(int)1080, interlace-mode=(string)progressive, multiview-mode=(string)mono, multiview-flags=(GstVideoMultiviewFlagsSet)0:ffffffff:/right-view-first/left-flipped/left-flopped/right-flipped/right-flopped/half-aspect/mixed-mono, pixel-aspect-ratio=(fraction)1/1, colorimetry=(string)bt709, framerate=(fraction)30000/1001
Got message #837 from element "multiqueue2" (property-notify): GstMessagePropertyNotify, property-name=(string)max-size-buffers, property-value=(uint)5;
/GstPipeline:pipeline0/GstDecodeBin:decodebin0/GstMultiQueue:multiqueue2: max-size-buffers = 5
Got message #838 from element "multiqueue2" (property-notify): GstMessagePropertyNotify, property-name=(string)max-size-time, property-value=(guint64)0;
/GstPipeline:pipeline0/GstDecodeBin:decodebin0/GstMultiQueue:multiqueue2: max-size-time = 0
Got message #839 from element "multiqueue2" (property-notify): GstMessagePropertyNotify, property-name=(string)max-size-bytes, property-value=(uint)8388608;
/GstPipeline:pipeline0/GstDecodeBin:decodebin0/GstMultiQueue:multiqueue2: max-size-bytes = 8388608
Got message #840 from pad "out:src_2" (property-notify): GstMessagePropertyNotify, property-name=(string)caps, property-value=(GstCaps)"video/x-raw\,\ format\=\(string\)NV12\,\ width\=\(int\)1920\,\ height\=\(int\)1080\,\ interlace-mode\=\(string\)progressive\,\ multiview-mode\=\(string\)mono\,\ multiview-flags\=\(GstVideoMultiviewFlagsSet\)0:ffffffff:/right-view-first/left-flipped/left-flopped/right-flipped/right-flopped/half-aspect/mixed-mono\,\ pixel-aspect-ratio\=\(fraction\)1/1\,\ colorimetry\=\(string\)bt709\,\ framerate\=\(fraction\)30000/1001";
/GstPipeline:pipeline0/GstDxOutputSelector:out.GstPad:src_2: caps = video/x-raw, format=(string)NV12, width=(int)1920, height=(int)1080, interlace-mode=(string)progressive, multiview-mode=(string)mono, multiview-flags=(GstVideoMultiviewFlagsSet)0:ffffffff:/right-view-first/left-flipped/left-flopped/right-flipped/right-flopped/half-aspect/mixed-mono, pixel-aspect-ratio=(fraction)1/1, colorimetry=(string)bt709, framerate=(fraction)30000/1001
Got message #842 from pad "queue9:sink" (property-notify): GstMessagePropertyNotify, property-name=(string)caps, property-value=(GstCaps)"video/x-raw\,\ format\=\(string\)NV12\,\ width\=\(int\)1920\,\ height\=\(int\)1080\,\ interlace-mode\=\(string\)progressive\,\ multiview-mode\=\(string\)mono\,\ multiview-flags\=\(GstVideoMultiviewFlagsSet\)0:ffffffff:/right-view-first/left-flipped/left-flopped/right-flipped/right-flopped/half-aspect/mixed-mono\,\ pixel-aspect-ratio\=\(fraction\)1/1\,\ colorimetry\=\(string\)bt709\,\ framerate\=\(fraction\)30000/1001";
/GstPipeline:pipeline0/GstQueue:queue9.GstPad:sink: caps = video/x-raw, format=(string)NV12, width=(int)1920, height=(int)1080, interlace-mode=(string)progressive, multiview-mode=(string)mono, multiview-flags=(GstVideoMultiviewFlagsSet)0:ffffffff:/right-view-first/left-flipped/left-flopped/right-flipped/right-flopped/half-aspect/mixed-mono, pixel-aspect-ratio=(fraction)1/1, colorimetry=(string)bt709, framerate=(fraction)30000/1001
Got message #843 from pad "queue9:sink" (property-notify): GstMessagePropertyNotify, property-name=(string)caps, property-value=(GstCaps)"video/x-raw\,\ format\=\(string\)NV12\,\ width\=\(int\)1920\,\ height\=\(int\)1080\,\ interlace-mode\=\(string\)progressive\,\ multiview-mode\=\(string\)mono\,\ multiview-flags\=\(GstVideoMultiviewFlagsSet\)0:ffffffff:/right-view-first/left-flipped/left-flopped/right-flipped/right-flopped/half-aspect/mixed-mono\,\ pixel-aspect-ratio\=\(fraction\)1/1\,\ colorimetry\=\(string\)bt709\,\ framerate\=\(fraction\)30000/1001";
/GstPipeline:pipeline0/GstQueue:queue9.GstPad:sink: caps = video/x-raw, format=(string)NV12, width=(int)1920, height=(int)1080, interlace-mode=(string)progressive, multiview-mode=(string)mono, multiview-flags=(GstVideoMultiviewFlagsSet)0:ffffffff:/right-view-first/left-flipped/left-flopped/right-flipped/right-flopped/half-aspect/mixed-mono, pixel-aspect-ratio=(fraction)1/1, colorimetry=(string)bt709, framerate=(fraction)30000/1001
Got message #844 from pad "fakesink2:sink" (property-notify): GstMessagePropertyNotify, property-name=(string)caps, property-value=(GstCaps)"video/x-raw\,\ format\=\(string\)NV12\,\ width\=\(int\)1920\,\ height\=\(int\)1080\,\ interlace-mode\=\(string\)progressive\,\ multiview-mode\=\(string\)mono\,\ multiview-flags\=\(GstVideoMultiviewFlagsSet\)0:ffffffff:/right-view-first/left-flipped/left-flopped/right-flipped/right-flopped/half-aspect/mixed-mono\,\ pixel-aspect-ratio\=\(fraction\)1/1\,\ colorimetry\=\(string\)bt709\,\ framerate\=\(fraction\)30000/1001";
/GstPipeline:pipeline0/GstFakeSink:fakesink2.GstPad:sink: caps = video/x-raw, format=(string)NV12, width=(int)1920, height=(int)1080, interlace-mode=(string)progressive, multiview-mode=(string)mono, multiview-flags=(GstVideoMultiviewFlagsSet)0:ffffffff:/right-view-first/left-flipped/left-flopped/right-flipped/right-flopped/half-aspect/mixed-mono, pixel-aspect-ratio=(fraction)1/1, colorimetry=(string)bt709, framerate=(fraction)30000/1001
Got message #846 from pad "h264parse3:src" (property-notify): GstMessagePropertyNotify, property-name=(string)caps, property-value=(GstCaps)"video/x-h264\,\ stream-format\=\(string\)avc\,\ alignment\=\(string\)au\,\ level\=\(string\)4\,\ profile\=\(string\)high\,\ codec_data\=\(buffer\)01640028ffe1001d67640028acd940780227e5c05a808080a000007d20001d4c01e30632c001000568e93b2c8b\,\ width\=\(int\)1920\,\ height\=\(int\)1080\,\ framerate\=\(fraction\)30000/1001\,\ pixel-aspect-ratio\=\(fraction\)1/1\,\ colorimetry\=\(string\)bt709\,\ coded-picture-structure\=\(string\)frame\,\ chroma-format\=\(string\)4:2:0\,\ bit-depth-luma\=\(uint\)8\,\ bit-depth-chroma\=\(uint\)8\,\ parsed\=\(boolean\)true";
/GstPipeline:pipeline0/GstDecodeBin:decodebin0/GstH264Parse:h264parse3.GstPad:src: caps = video/x-h264, stream-format=(string)avc, alignment=(string)au, level=(string)4, profile=(string)high, codec_data=(buffer)01640028ffe1001d67640028acd940780227e5c05a808080a000007d20001d4c01e30632c001000568e93b2c8b, width=(int)1920, height=(int)1080, framerate=(fraction)30000/1001, pixel-aspect-ratio=(fraction)1/1, colorimetry=(string)bt709, coded-picture-structure=(string)frame, chroma-format=(string)4:2:0, bit-depth-luma=(uint)8, bit-depth-chroma=(uint)8, parsed=(boolean)true
Got message #847 from pad "capsfilter3:sink" (property-notify): GstMessagePropertyNotify, property-name=(string)caps, property-value=(GstCaps)"video/x-h264\,\ stream-format\=\(string\)avc\,\ alignment\=\(string\)au\,\ level\=\(string\)4\,\ profile\=\(string\)high\,\ codec_data\=\(buffer\)01640028ffe1001d67640028acd940780227e5c05a808080a000007d20001d4c01e30632c001000568e93b2c8b\,\ width\=\(int\)1920\,\ height\=\(int\)1080\,\ framerate\=\(fraction\)30000/1001\,\ pixel-aspect-ratio\=\(fraction\)1/1\,\ colorimetry\=\(string\)bt709\,\ coded-picture-structure\=\(string\)frame\,\ chroma-format\=\(string\)4:2:0\,\ bit-depth-luma\=\(uint\)8\,\ bit-depth-chroma\=\(uint\)8\,\ parsed\=\(boolean\)true";
/GstPipeline:pipeline0/GstDecodeBin:decodebin0/GstCapsFilter:capsfilter3.GstPad:sink: caps = video/x-h264, stream-format=(string)avc, alignment=(string)au, level=(string)4, profile=(string)high, codec_data=(buffer)01640028ffe1001d67640028acd940780227e5c05a808080a000007d20001d4c01e30632c001000568e93b2c8b, width=(int)1920, height=(int)1080, framerate=(fraction)30000/1001, pixel-aspect-ratio=(fraction)1/1, colorimetry=(string)bt709, coded-picture-structure=(string)frame, chroma-format=(string)4:2:0, bit-depth-luma=(uint)8, bit-depth-chroma=(uint)8, parsed=(boolean)true
Got message #848 from element "h264parse3" (duration-changed): GstMessageDurationChanged;
Got message #854 from pad "vah264dec3:src" (property-notify): GstMessagePropertyNotify, property-name=(string)caps, property-value=(GstCaps)"video/x-raw\,\ format\=\(string\)NV12\,\ width\=\(int\)1920\,\ height\=\(int\)1080\,\ interlace-mode\=\(string\)progressive\,\ multiview-mode\=\(string\)mono\,\ multiview-flags\=\(GstVideoMultiviewFlagsSet\)0:ffffffff:/right-view-first/left-flipped/left-flopped/right-flipped/right-flopped/half-aspect/mixed-mono\,\ pixel-aspect-ratio\=\(fraction\)1/1\,\ colorimetry\=\(string\)bt709\,\ framerate\=\(fraction\)30000/1001";
/GstPipeline:pipeline0/GstDecodeBin:decodebin0/GstVaH264Dec:vah264dec3.GstPad:src: caps = video/x-raw, format=(string)NV12, width=(int)1920, height=(int)1080, interlace-mode=(string)progressive, multiview-mode=(string)mono, multiview-flags=(GstVideoMultiviewFlagsSet)0:ffffffff:/right-view-first/left-flipped/left-flopped/right-flipped/right-flopped/half-aspect/mixed-mono, pixel-aspect-ratio=(fraction)1/1, colorimetry=(string)bt709, framerate=(fraction)30000/1001
Got message #860 from element "decodebin0" (state-changed): GstMessageStateChanged, old-state=(GstState)ready, new-state=(GstState)paused, pending-state=(GstState)void-pending;
Got message #862 from element "pipeline0" (state-changed): GstMessageStateChanged, old-state=(GstState)ready, new-state=(GstState)paused, pending-state=(GstState)void-pending;
Pipeline is PREROLLED ...
Setting pipeline to PLAYING ...
Got message #861 from element "pipeline0" (async-done): GstMessageAsyncDone, running-time=(guint64)18446744073709551615;
Got message #863 from pad "queue0:sink" (property-notify): GstMessagePropertyNotify, property-name=(string)caps, property-value=(GstCaps)"video/x-raw\,\ format\=\(string\)NV12\,\ width\=\(int\)1920\,\ height\=\(int\)1080\,\ interlace-mode\=\(string\)progressive\,\ multiview-mode\=\(string\)mono\,\ multiview-flags\=\(GstVideoMultiviewFlagsSet\)0:ffffffff:/right-view-first/left-flipped/left-flopped/right-flipped/right-flopped/half-aspect/mixed-mono\,\ pixel-aspect-ratio\=\(fraction\)1/1\,\ colorimetry\=\(string\)bt709\,\ framerate\=\(fraction\)30000/1001";
/GstPipeline:pipeline0/GstQueue:queue0.GstPad:sink: caps = video/x-raw, format=(string)NV12, width=(int)1920, height=(int)1080, interlace-mode=(string)progressive, multiview-mode=(string)mono, multiview-flags=(GstVideoMultiviewFlagsSet)0:ffffffff:/right-view-first/left-flipped/left-flopped/right-flipped/right-flopped/half-aspect/mixed-mono, pixel-aspect-ratio=(fraction)1/1, colorimetry=(string)bt709, framerate=(fraction)30000/1001
Got message #864 from pad "src_0:proxypad15" (property-notify): GstMessagePropertyNotify, property-name=(string)caps, property-value=(GstCaps)"video/x-raw\,\ format\=\(string\)NV12\,\ width\=\(int\)1920\,\ height\=\(int\)1080\,\ interlace-mode\=\(string\)progressive\,\ multiview-mode\=\(string\)mono\,\ multiview-flags\=\(GstVideoMultiviewFlagsSet\)0:ffffffff:/right-view-first/left-flipped/left-flopped/right-flipped/right-flopped/half-aspect/mixed-mono\,\ pixel-aspect-ratio\=\(fraction\)1/1\,\ colorimetry\=\(string\)bt709\,\ framerate\=\(fraction\)30000/1001";
/GstPipeline:pipeline0/GstDecodeBin:decodebin0.GstDecodePad:src_0.GstProxyPad:proxypad15: caps = video/x-raw, format=(string)NV12, width=(int)1920, height=(int)1080, interlace-mode=(string)progressive, multiview-mode=(string)mono, multiview-flags=(GstVideoMultiviewFlagsSet)0:ffffffff:/right-view-first/left-flipped/left-flopped/right-flipped/right-flopped/half-aspect/mixed-mono, pixel-aspect-ratio=(fraction)1/1, colorimetry=(string)bt709, framerate=(fraction)30000/1001
Got message #865 from pad "queue0:src" (property-notify): GstMessagePropertyNotify, property-name=(string)caps, property-value=(GstCaps)"video/x-raw\,\ format\=\(string\)NV12\,\ width\=\(int\)1920\,\ height\=\(int\)1080\,\ interlace-mode\=\(string\)progressive\,\ multiview-mode\=\(string\)mono\,\ multiview-flags\=\(GstVideoMultiviewFlagsSet\)0:ffffffff:/right-view-first/left-flipped/left-flopped/right-flipped/right-flopped/half-aspect/mixed-mono\,\ pixel-aspect-ratio\=\(fraction\)1/1\,\ colorimetry\=\(string\)bt709\,\ framerate\=\(fraction\)30000/1001";
/GstPipeline:pipeline0/GstQueue:queue0.GstPad:src: caps = video/x-raw, format=(string)NV12, width=(int)1920, height=(int)1080, interlace-mode=(string)progressive, multiview-mode=(string)mono, multiview-flags=(GstVideoMultiviewFlagsSet)0:ffffffff:/right-view-first/left-flipped/left-flopped/right-flipped/right-flopped/half-aspect/mixed-mono, pixel-aspect-ratio=(fraction)1/1, colorimetry=(string)bt709, framerate=(fraction)30000/1001
Got message #866 from pad "in:sink_0" (property-notify): GstMessagePropertyNotify, property-name=(string)caps, property-value=(GstCaps)"video/x-raw\,\ format\=\(string\)NV12\,\ width\=\(int\)1920\,\ height\=\(int\)1080\,\ interlace-mode\=\(string\)progressive\,\ multiview-mode\=\(string\)mono\,\ multiview-flags\=\(GstVideoMultiviewFlagsSet\)0:ffffffff:/right-view-first/left-flipped/left-flopped/right-flipped/right-flopped/half-aspect/mixed-mono\,\ pixel-aspect-ratio\=\(fraction\)1/1\,\ colorimetry\=\(string\)bt709\,\ framerate\=\(fraction\)30000/1001";
/GstPipeline:pipeline0/GstDxInputSelector:in.GstAggregatorPad:sink_0: caps = video/x-raw, format=(string)NV12, width=(int)1920, height=(int)1080, interlace-mode=(string)progressive, multiview-mode=(string)mono, multiview-flags=(GstVideoMultiviewFlagsSet)0:ffffffff:/right-view-first/left-flipped/left-flopped/right-flipped/right-flopped/half-aspect/mixed-mono, pixel-aspect-ratio=(fraction)1/1, colorimetry=(string)bt709, framerate=(fraction)30000/1001
Got message #870 from element "pipeline0" (new-clock): GstMessageNewClock, clock=(GstClock)"\(GstSystemClock\)\ GstSystemClock";
New clock: GstSystemClock
Got message #872 from element "fakesink3" (state-changed): GstMessageStateChanged, old-state=(GstState)paused, new-state=(GstState)playing, pending-state=(GstState)void-pending;
Got message #873 from element "fakesink2" (state-changed): GstMessageStateChanged, old-state=(GstState)paused, new-state=(GstState)playing, pending-state=(GstState)void-pending;
Got message #874 from element "fakesink1" (state-changed): GstMessageStateChanged, old-state=(GstState)paused, new-state=(GstState)playing, pending-state=(GstState)void-pending;
Got message #875 from element "fakesink0" (state-changed): GstMessageStateChanged, old-state=(GstState)paused, new-state=(GstState)playing, pending-state=(GstState)void-pending;
Got message #876 from element "queue10" (state-changed): GstMessageStateChanged, old-state=(GstState)paused, new-state=(GstState)playing, pending-state=(GstState)void-pending;
Got message #877 from element "queue9" (state-changed): GstMessageStateChanged, old-state=(GstState)paused, new-state=(GstState)playing, pending-state=(GstState)void-pending;
Got message #878 from element "queue8" (state-changed): GstMessageStateChanged, old-state=(GstState)paused, new-state=(GstState)playing, pending-state=(GstState)void-pending;
Got message #879 from element "queue7" (state-changed): GstMessageStateChanged, old-state=(GstState)paused, new-state=(GstState)playing, pending-state=(GstState)void-pending;
Got message #880 from element "out" (state-changed): GstMessageStateChanged, old-state=(GstState)paused, new-state=(GstState)playing, pending-state=(GstState)void-pending;
Got message #881 from element "queue6" (state-changed): GstMessageStateChanged, old-state=(GstState)paused, new-state=(GstState)playing, pending-state=(GstState)void-pending;
Got message #882 from element "dxpostprocess0" (state-changed): GstMessageStateChanged, old-state=(GstState)paused, new-state=(GstState)playing, pending-state=(GstState)void-pending;
Got message #883 from element "queue5" (state-changed): GstMessageStateChanged, old-state=(GstState)paused, new-state=(GstState)playing, pending-state=(GstState)void-pending;
Got message #884 from element "dxinfer0" (state-changed): GstMessageStateChanged, old-state=(GstState)paused, new-state=(GstState)playing, pending-state=(GstState)void-pending;
Got message #885 from element "queue4" (state-changed): GstMessageStateChanged, old-state=(GstState)paused, new-state=(GstState)playing, pending-state=(GstState)void-pending;
Got message #886 from element "dxpreprocess0" (state-changed): GstMessageStateChanged, old-state=(GstState)paused, new-state=(GstState)playing, pending-state=(GstState)void-pending;
Got message #887 from element "in" (state-changed): GstMessageStateChanged, old-state=(GstState)paused, new-state=(GstState)playing, pending-state=(GstState)void-pending;
Got message #888 from element "queue0" (state-changed): GstMessageStateChanged, old-state=(GstState)paused, new-state=(GstState)playing, pending-state=(GstState)void-pending;
Got message #889 from element "queue1" (state-changed): GstMessageStateChanged, old-state=(GstState)paused, new-state=(GstState)playing, pending-state=(GstState)void-pending;
Got message #890 from element "queue2" (state-changed): GstMessageStateChanged, old-state=(GstState)paused, new-state=(GstState)playing, pending-state=(GstState)void-pending;
Got message #891 from element "queue3" (state-changed): GstMessageStateChanged, old-state=(GstState)paused, new-state=(GstState)playing, pending-state=(GstState)void-pending;
Got message #892 from element "vah264dec3" (state-changed): GstMessageStateChanged, old-state=(GstState)paused, new-state=(GstState)playing, pending-state=(GstState)void-pending;
Got message #893 from element "capsfilter3" (state-changed): GstMessageStateChanged, old-state=(GstState)paused, new-state=(GstState)playing, pending-state=(GstState)void-pending;
Got message #894 from element "h264parse3" (state-changed): GstMessageStateChanged, old-state=(GstState)paused, new-state=(GstState)playing, pending-state=(GstState)void-pending;
Got message #895 from element "multiqueue2" (state-changed): GstMessageStateChanged, old-state=(GstState)paused, new-state=(GstState)playing, pending-state=(GstState)void-pending;
Got message #896 from element "qtdemux2" (state-changed): GstMessageStateChanged, old-state=(GstState)paused, new-state=(GstState)playing, pending-state=(GstState)void-pending;
Got message #897 from element "typefind" (state-changed): GstMessageStateChanged, old-state=(GstState)paused, new-state=(GstState)playing, pending-state=(GstState)void-pending;
Got message #898 from element "decodebin0" (state-changed): GstMessageStateChanged, old-state=(GstState)paused, new-state=(GstState)playing, pending-state=(GstState)void-pending;
Got message #899 from element "vah264dec2" (state-changed): GstMessageStateChanged, old-state=(GstState)paused, new-state=(GstState)playing, pending-state=(GstState)void-pending;
Got message #900 from element "capsfilter2" (state-changed): GstMessageStateChanged, old-state=(GstState)paused, new-state=(GstState)playing, pending-state=(GstState)void-pending;
Got message #901 from element "h264parse2" (state-changed): GstMessageStateChanged, old-state=(GstState)paused, new-state=(GstState)playing, pending-state=(GstState)void-pending;
Got message #902 from element "multiqueue3" (state-changed): GstMessageStateChanged, old-state=(GstState)paused, new-state=(GstState)playing, pending-state=(GstState)void-pending;
Got message #903 from element "qtdemux0" (state-changed): GstMessageStateChanged, old-state=(GstState)paused, new-state=(GstState)playing, pending-state=(GstState)void-pending;
Got message #904 from element "typefind" (state-changed): GstMessageStateChanged, old-state=(GstState)paused, new-state=(GstState)playing, pending-state=(GstState)void-pending;
Got message #905 from element "decodebin1" (state-changed): GstMessageStateChanged, old-state=(GstState)paused, new-state=(GstState)playing, pending-state=(GstState)void-pending;
Got message #906 from element "vah264dec1" (state-changed): GstMessageStateChanged, old-state=(GstState)paused, new-state=(GstState)playing, pending-state=(GstState)void-pending;
Got message #907 from element "capsfilter1" (state-changed): GstMessageStateChanged, old-state=(GstState)paused, new-state=(GstState)playing, pending-state=(GstState)void-pending;
Got message #908 from element "h264parse1" (state-changed): GstMessageStateChanged, old-state=(GstState)paused, new-state=(GstState)playing, pending-state=(GstState)void-pending;
Got message #909 from element "multiqueue1" (state-changed): GstMessageStateChanged, old-state=(GstState)paused, new-state=(GstState)playing, pending-state=(GstState)void-pending;
Got message #910 from element "qtdemux1" (state-changed): GstMessageStateChanged, old-state=(GstState)paused, new-state=(GstState)playing, pending-state=(GstState)void-pending;
Got message #911 from element "typefind" (state-changed): GstMessageStateChanged, old-state=(GstState)paused, new-state=(GstState)playing, pending-state=(GstState)void-pending;
Got message #912 from element "decodebin2" (state-changed): GstMessageStateChanged, old-state=(GstState)paused, new-state=(GstState)playing, pending-state=(GstState)void-pending;
Got message #913 from element "vah264dec0" (state-changed): GstMessageStateChanged, old-state=(GstState)paused, new-state=(GstState)playing, pending-state=(GstState)void-pending;
Got message #914 from element "capsfilter0" (state-changed): GstMessageStateChanged, old-state=(GstState)paused, new-state=(GstState)playing, pending-state=(GstState)void-pending;
Got message #915 from element "h264parse0" (state-changed): GstMessageStateChanged, old-state=(GstState)paused, new-state=(GstState)playing, pending-state=(GstState)void-pending;
Got message #916 from element "multiqueue0" (state-changed): GstMessageStateChanged, old-state=(GstState)paused, new-state=(GstState)playing, pending-state=(GstState)void-pending;
Got message #917 from element "qtdemux3" (state-changed): GstMessageStateChanged, old-state=(GstState)paused, new-state=(GstState)playing, pending-state=(GstState)void-pending;
Got message #918 from element "typefind" (state-changed): GstMessageStateChanged, old-state=(GstState)paused, new-state=(GstState)playing, pending-state=(GstState)void-pending;
Got message #919 from element "decodebin3" (state-changed): GstMessageStateChanged, old-state=(GstState)paused, new-state=(GstState)playing, pending-state=(GstState)void-pending;
Got message #920 from element "typefindelement3" (state-changed): GstMessageStateChanged, old-state=(GstState)paused, new-state=(GstState)playing, pending-state=(GstState)void-pending;
Got message #921 from element "filesrc3" (state-changed): GstMessageStateChanged, old-state=(GstState)paused, new-state=(GstState)playing, pending-state=(GstState)void-pending;
Got message #922 from element "urisourcebin0" (state-changed): GstMessageStateChanged, old-state=(GstState)paused, new-state=(GstState)playing, pending-state=(GstState)void-pending;
Got message #923 from element "typefindelement2" (state-changed): GstMessageStateChanged, old-state=(GstState)paused, new-state=(GstState)playing, pending-state=(GstState)void-pending;
Got message #924 from element "filesrc2" (state-changed): GstMessageStateChanged, old-state=(GstState)paused, new-state=(GstState)playing, pending-state=(GstState)void-pending;
Got message #925 from element "urisourcebin1" (state-changed): GstMessageStateChanged, old-state=(GstState)paused, new-state=(GstState)playing, pending-state=(GstState)void-pending;
Got message #926 from element "typefindelement1" (state-changed): GstMessageStateChanged, old-state=(GstState)paused, new-state=(GstState)playing, pending-state=(GstState)void-pending;
Got message #927 from element "filesrc1" (state-changed): GstMessageStateChanged, old-state=(GstState)paused, new-state=(GstState)playing, pending-state=(GstState)void-pending;
Got message #928 from element "urisourcebin2" (state-changed): GstMessageStateChanged, old-state=(GstState)paused, new-state=(GstState)playing, pending-state=(GstState)void-pending;
Got message #929 from element "typefindelement0" (state-changed): GstMessageStateChanged, old-state=(GstState)paused, new-state=(GstState)playing, pending-state=(GstState)void-pending;
Got message #930 from element "filesrc0" (state-changed): GstMessageStateChanged, old-state=(GstState)paused, new-state=(GstState)playing, pending-state=(GstState)void-pending;
Got message #931 from element "urisourcebin3" (state-changed): GstMessageStateChanged, old-state=(GstState)paused, new-state=(GstState)playing, pending-state=(GstState)void-pending;
Got message #933 from pad "out:src_0" (property-notify): GstMessagePropertyNotify, property-name=(string)caps, property-value=(GstCaps)"video/x-raw\,\ format\=\(string\)NV12\,\ width\=\(int\)1920\,\ height\=\(int\)1080\,\ interlace-mode\=\(string\)progressive\,\ multiview-mode\=\(string\)mono\,\ multiview-flags\=\(GstVideoMultiviewFlagsSet\)0:ffffffff:/right-view-first/left-flipped/left-flopped/right-flipped/right-flopped/half-aspect/mixed-mono\,\ pixel-aspect-ratio\=\(fraction\)1/1\,\ colorimetry\=\(string\)bt709\,\ framerate\=\(fraction\)30000/1001";
/GstPipeline:pipeline0/GstDxOutputSelector:out.GstPad:src_0: caps = video/x-raw, format=(string)NV12, width=(int)1920, height=(int)1080, interlace-mode=(string)progressive, multiview-mode=(string)mono, multiview-flags=(GstVideoMultiviewFlagsSet)0:ffffffff:/right-view-first/left-flipped/left-flopped/right-flipped/right-flopped/half-aspect/mixed-mono, pixel-aspect-ratio=(fraction)1/1, colorimetry=(string)bt709, framerate=(fraction)30000/1001
Got message #934 from pad "queue7:sink" (property-notify): GstMessagePropertyNotify, property-name=(string)caps, property-value=(GstCaps)"video/x-raw\,\ format\=\(string\)NV12\,\ width\=\(int\)1920\,\ height\=\(int\)1080\,\ interlace-mode\=\(string\)progressive\,\ multiview-mode\=\(string\)mono\,\ multiview-flags\=\(GstVideoMultiviewFlagsSet\)0:ffffffff:/right-view-first/left-flipped/left-flopped/right-flipped/right-flopped/half-aspect/mixed-mono\,\ pixel-aspect-ratio\=\(fraction\)1/1\,\ colorimetry\=\(string\)bt709\,\ framerate\=\(fraction\)30000/1001";
/GstPipeline:pipeline0/GstQueue:queue7.GstPad:sink: caps = video/x-raw, format=(string)NV12, width=(int)1920, height=(int)1080, interlace-mode=(string)progressive, multiview-mode=(string)mono, multiview-flags=(GstVideoMultiviewFlagsSet)0:ffffffff:/right-view-first/left-flipped/left-flopped/right-flipped/right-flopped/half-aspect/mixed-mono, pixel-aspect-ratio=(fraction)1/1, colorimetry=(string)bt709, framerate=(fraction)30000/1001
Got message #935 from pad "queue7:src" (property-notify): GstMessagePropertyNotify, property-name=(string)caps, property-value=(GstCaps)"video/x-raw\,\ format\=\(string\)NV12\,\ width\=\(int\)1920\,\ height\=\(int\)1080\,\ interlace-mode\=\(string\)progressive\,\ multiview-mode\=\(string\)mono\,\ multiview-flags\=\(GstVideoMultiviewFlagsSet\)0:ffffffff:/right-view-first/left-flipped/left-flopped/right-flipped/right-flopped/half-aspect/mixed-mono\,\ pixel-aspect-ratio\=\(fraction\)1/1\,\ colorimetry\=\(string\)bt709\,\ framerate\=\(fraction\)30000/1001";
/GstPipeline:pipeline0/GstQueue:queue7.GstPad:src: caps = video/x-raw, format=(string)NV12, width=(int)1920, height=(int)1080, interlace-mode=(string)progressive, multiview-mode=(string)mono, multiview-flags=(GstVideoMultiviewFlagsSet)0:ffffffff:/right-view-first/left-flipped/left-flopped/right-flipped/right-flopped/half-aspect/mixed-mono, pixel-aspect-ratio=(fraction)1/1, colorimetry=(string)bt709, framerate=(fraction)30000/1001
Got message #936 from pad "fakesink0:sink" (property-notify): GstMessagePropertyNotify, property-name=(string)caps, property-value=(GstCaps)"video/x-raw\,\ format\=\(string\)NV12\,\ width\=\(int\)1920\,\ height\=\(int\)1080\,\ interlace-mode\=\(string\)progressive\,\ multiview-mode\=\(string\)mono\,\ multiview-flags\=\(GstVideoMultiviewFlagsSet\)0:ffffffff:/right-view-first/left-flipped/left-flopped/right-flipped/right-flopped/half-aspect/mixed-mono\,\ pixel-aspect-ratio\=\(fraction\)1/1\,\ colorimetry\=\(string\)bt709\,\ framerate\=\(fraction\)30000/1001";
/GstPipeline:pipeline0/GstFakeSink:fakesink0.GstPad:sink: caps = video/x-raw, format=(string)NV12, width=(int)1920, height=(int)1080, interlace-mode=(string)progressive, multiview-mode=(string)mono, multiview-flags=(GstVideoMultiviewFlagsSet)0:ffffffff:/right-view-first/left-flipped/left-flopped/right-flipped/right-flopped/half-aspect/mixed-mono, pixel-aspect-ratio=(fraction)1/1, colorimetry=(string)bt709, framerate=(fraction)30000/1001
Got message #932 from element "pipeline0" (state-changed): GstMessageStateChanged, old-state=(GstState)paused, new-state=(GstState)playing, pending-state=(GstState)void-pending;
Got message #941 from element "fakesink3" (tag): GstMessageTag, taglist=(taglist)"taglist\,\ video-codec\=\(string\)\"H.264\\\ /\\\ AVC\"\,\ maximum-bitrate\=\(uint\)4472819\,\ bitrate\=\(uint\)4472819\,\ container-specific-track-id\=\(string\)1\;";
Got message #942 from element "fakesink3" (tag): GstMessageTag, taglist=(taglist)"taglist\,\ encoder\=\(string\)Lavf60.16.100\,\ container-format\=\(string\)\"ISO\\\ MP4/M4A\"\;";
Got message #943 from element "fakesink3" (tag): GstMessageTag, taglist=(taglist)"taglist\,\ video-codec\=\(string\)\"H.264\\\ \\\(High\\\ Profile\\\)\"\,\ maximum-bitrate\=\(uint\)4472819\,\ bitrate\=\(uint\)4472819\,\ container-specific-track-id\=\(string\)1\;";
Got message #948 from element "fakesink1" (tag): GstMessageTag, taglist=(taglist)"taglist\,\ video-codec\=\(string\)\"H.264\\\ /\\\ AVC\"\,\ maximum-bitrate\=\(uint\)4472819\,\ bitrate\=\(uint\)4472819\,\ container-specific-track-id\=\(string\)1\;";
Got message #949 from element "fakesink1" (tag): GstMessageTag, taglist=(taglist)"taglist\,\ encoder\=\(string\)Lavf60.16.100\,\ container-format\=\(string\)\"ISO\\\ MP4/M4A\"\;";
Got message #950 from element "fakesink1" (tag): GstMessageTag, taglist=(taglist)"taglist\,\ video-codec\=\(string\)\"H.264\\\ \\\(High\\\ Profile\\\)\"\,\ maximum-bitrate\=\(uint\)4472819\,\ bitrate\=\(uint\)4472819\,\ container-specific-track-id\=\(string\)1\;";
Got message #955 from element "fakesink2" (tag): GstMessageTag, taglist=(taglist)"taglist\,\ video-codec\=\(string\)\"H.264\\\ /\\\ AVC\"\,\ maximum-bitrate\=\(uint\)4472819\,\ bitrate\=\(uint\)4472819\,\ container-specific-track-id\=\(string\)1\;";
Got message #956 from element "fakesink2" (tag): GstMessageTag, taglist=(taglist)"taglist\,\ encoder\=\(string\)Lavf60.16.100\,\ container-format\=\(string\)\"ISO\\\ MP4/M4A\"\;";
Got message #957 from element "fakesink2" (tag): GstMessageTag, taglist=(taglist)"taglist\,\ video-codec\=\(string\)\"H.264\\\ \\\(High\\\ Profile\\\)\"\,\ maximum-bitrate\=\(uint\)4472819\,\ bitrate\=\(uint\)4472819\,\ container-specific-track-id\=\(string\)1\;";
Got message #964 from pad "in:src" (property-notify): GstMessagePropertyNotify, property-name=(string)caps, property-value=(GstCaps)"application/x-dxvideoraw\,\ width\=\(int\)1\,\ height\=\(int\)1\,\ framerate\=\(fraction\)0/1";
/GstPipeline:pipeline0/GstDxInputSelector:in.GstAggregatorPad:src: caps = application/x-dxvideoraw, width=(int)1, height=(int)1, framerate=(fraction)0/1
Got message #966 from pad "dxpreprocess0:src" (property-notify): GstMessagePropertyNotify, property-name=(string)caps, property-value=(GstCaps)"application/x-dxvideoraw\,\ width\=\(int\)1\,\ height\=\(int\)1\,\ framerate\=\(fraction\)0/1";
/GstPipeline:pipeline0/GstDxPreprocess:dxpreprocess0.GstPad:src: caps = application/x-dxvideoraw, width=(int)1, height=(int)1, framerate=(fraction)0/1
Got message #967 from pad "queue4:sink" (property-notify): GstMessagePropertyNotify, property-name=(string)caps, property-value=(GstCaps)"application/x-dxvideoraw\,\ width\=\(int\)1\,\ height\=\(int\)1\,\ framerate\=\(fraction\)0/1";
/GstPipeline:pipeline0/GstQueue:queue4.GstPad:sink: caps = application/x-dxvideoraw, width=(int)1, height=(int)1, framerate=(fraction)0/1
Got message #968 from pad "dxpreprocess0:sink" (property-notify): GstMessagePropertyNotify, property-name=(string)caps, property-value=(GstCaps)"application/x-dxvideoraw\,\ width\=\(int\)1\,\ height\=\(int\)1\,\ framerate\=\(fraction\)0/1";
/GstPipeline:pipeline0/GstDxPreprocess:dxpreprocess0.GstPad:sink: caps = application/x-dxvideoraw, width=(int)1, height=(int)1, framerate=(fraction)0/1
Got message #969 from pad "queue4:src" (property-notify): GstMessagePropertyNotify, property-name=(string)caps, property-value=(GstCaps)"application/x-dxvideoraw\,\ width\=\(int\)1\,\ height\=\(int\)1\,\ framerate\=\(fraction\)0/1";
/GstPipeline:pipeline0/GstQueue:queue4.GstPad:src: caps = application/x-dxvideoraw, width=(int)1, height=(int)1, framerate=(fraction)0/1
Got message #970 from pad "dxinfer0:src" (property-notify): GstMessagePropertyNotify, property-name=(string)caps, property-value=(GstCaps)"application/x-dxvideoraw\,\ width\=\(int\)1\,\ height\=\(int\)1\,\ framerate\=\(fraction\)0/1";
/GstPipeline:pipeline0/GstDxInfer:dxinfer0.GstPad:src: caps = application/x-dxvideoraw, width=(int)1, height=(int)1, framerate=(fraction)0/1
Got message #971 from pad "queue5:sink" (property-notify): GstMessagePropertyNotify, property-name=(string)caps, property-value=(GstCaps)"application/x-dxvideoraw\,\ width\=\(int\)1\,\ height\=\(int\)1\,\ framerate\=\(fraction\)0/1";
/GstPipeline:pipeline0/GstQueue:queue5.GstPad:sink: caps = application/x-dxvideoraw, width=(int)1, height=(int)1, framerate=(fraction)0/1
Got message #972 from pad "dxinfer0:sink" (property-notify): GstMessagePropertyNotify, property-name=(string)caps, property-value=(GstCaps)"application/x-dxvideoraw\,\ width\=\(int\)1\,\ height\=\(int\)1\,\ framerate\=\(fraction\)0/1";
/GstPipeline:pipeline0/GstDxInfer:dxinfer0.GstPad:sink: caps = application/x-dxvideoraw, width=(int)1, height=(int)1, framerate=(fraction)0/1
Got message #973 from pad "queue5:src" (property-notify): GstMessagePropertyNotify, property-name=(string)caps, property-value=(GstCaps)"application/x-dxvideoraw\,\ width\=\(int\)1\,\ height\=\(int\)1\,\ framerate\=\(fraction\)0/1";
/GstPipeline:pipeline0/GstQueue:queue5.GstPad:src: caps = application/x-dxvideoraw, width=(int)1, height=(int)1, framerate=(fraction)0/1
Got message #975 from pad "dxpostprocess0:src" (property-notify): GstMessagePropertyNotify, property-name=(string)caps, property-value=(GstCaps)"application/x-dxvideoraw\,\ width\=\(int\)1\,\ height\=\(int\)1\,\ framerate\=\(fraction\)0/1";
/GstPipeline:pipeline0/GstDxPostprocess:dxpostprocess0.GstPad:src: caps = application/x-dxvideoraw, width=(int)1, height=(int)1, framerate=(fraction)0/1
Got message #976 from pad "queue6:sink" (property-notify): GstMessagePropertyNotify, property-name=(string)caps, property-value=(GstCaps)"application/x-dxvideoraw\,\ width\=\(int\)1\,\ height\=\(int\)1\,\ framerate\=\(fraction\)0/1";
/GstPipeline:pipeline0/GstQueue:queue6.GstPad:sink: caps = application/x-dxvideoraw, width=(int)1, height=(int)1, framerate=(fraction)0/1
Got message #977 from pad "dxpostprocess0:sink" (property-notify): GstMessagePropertyNotify, property-name=(string)caps, property-value=(GstCaps)"application/x-dxvideoraw\,\ width\=\(int\)1\,\ height\=\(int\)1\,\ framerate\=\(fraction\)0/1";
/GstPipeline:pipeline0/GstDxPostprocess:dxpostprocess0.GstPad:sink: caps = application/x-dxvideoraw, width=(int)1, height=(int)1, framerate=(fraction)0/1
Got message #978 from pad "queue6:src" (property-notify): GstMessagePropertyNotify, property-name=(string)caps, property-value=(GstCaps)"application/x-dxvideoraw\,\ width\=\(int\)1\,\ height\=\(int\)1\,\ framerate\=\(fraction\)0/1";
/GstPipeline:pipeline0/GstQueue:queue6.GstPad:src: caps = application/x-dxvideoraw, width=(int)1, height=(int)1, framerate=(fraction)0/1
Got message #979 from pad "out:sink" (property-notify): GstMessagePropertyNotify, property-name=(string)caps, property-value=(GstCaps)"application/x-dxvideoraw\,\ width\=\(int\)1\,\ height\=\(int\)1\,\ framerate\=\(fraction\)0/1";
/GstPipeline:pipeline0/GstDxOutputSelector:out.GstPad:sink: caps = application/x-dxvideoraw, width=(int)1, height=(int)1, framerate=(fraction)0/1
Got message #980 from element "fakesink0" (tag): GstMessageTag, taglist=(taglist)"taglist\,\ video-codec\=\(string\)\"H.264\\\ /\\\ AVC\"\,\ maximum-bitrate\=\(uint\)4472819\,\ bitrate\=\(uint\)4472819\,\ container-specific-track-id\=\(string\)1\;";
Got message #981 from element "fakesink0" (tag): GstMessageTag, taglist=(taglist)"taglist\,\ encoder\=\(string\)Lavf60.16.100\,\ container-format\=\(string\)\"ISO\\\ MP4/M4A\"\;";
Got message #982 from element "fakesink0" (tag): GstMessageTag, taglist=(taglist)"taglist\,\ video-codec\=\(string\)\"H.264\\\ \\\(High\\\ Profile\\\)\"\,\ maximum-bitrate\=\(uint\)4472819\,\ bitrate\=\(uint\)4472819\,\ container-specific-track-id\=\(string\)1\;";
Got message #1004 from element "fakesink0" (latency): no message details
Redistribute latency...
Got message #1008 from element "fakesink1" (latency): no message details
Redistribute latency...
Got message #1018 from element "fakesink2" (latency): no message details
Redistribute latency...
Got message #1024 from element "fakesink3" (latency): no message details
Redistribute latency...
Got message #1032 from element "vah264dec3" (latency): no message details
Redistribute latency...
Got message #1035 from element "vah264dec2" (latency): no message details
Redistribute latency...
Got message #1038 from element "vah264dec1" (latency): no message details
Redistribute latency...
Got message #1041 from element "vah264dec0" (latency): no message details
Redistribute latency...
Got message #1046 from element "fakesink0" (tag): GstMessageTag, taglist=(taglist)"taglist\,\ video-codec\=\(string\)\"H.264\\\ \\\(High\\\ Profile\\\)\"\,\ maximum-bitrate\=\(uint\)4472819\,\ bitrate\=\(uint\)4472819\,\ container-specific-track-id\=\(string\)1\,\ minimum-bitrate\=\(uint\)3559001\;";
Got message #1048 from element "fakesink1" (tag): GstMessageTag, taglist=(taglist)"taglist\,\ video-codec\=\(string\)\"H.264\\\ \\\(High\\\ Profile\\\)\"\,\ maximum-bitrate\=\(uint\)4472819\,\ bitrate\=\(uint\)4472819\,\ container-specific-track-id\=\(string\)1\,\ minimum-bitrate\=\(uint\)3559001\;";
Got message #1050 from element "fakesink2" (tag): GstMessageTag, taglist=(taglist)"taglist\,\ video-codec\=\(string\)\"H.264\\\ \\\(High\\\ Profile\\\)\"\,\ maximum-bitrate\=\(uint\)4472819\,\ bitrate\=\(uint\)4472819\,\ container-specific-track-id\=\(string\)1\,\ minimum-bitrate\=\(uint\)3559001\;";
Got message #1051 from element "fakesink3" (tag): GstMessageTag, taglist=(taglist)"taglist\,\ video-codec\=\(string\)\"H.264\\\ \\\(High\\\ Profile\\\)\"\,\ maximum-bitrate\=\(uint\)4472819\,\ bitrate\=\(uint\)4472819\,\ container-specific-track-id\=\(string\)1\,\ minimum-bitrate\=\(uint\)3559001\;";
Got message #1054 from element "fakesink1" (tag): GstMessageTag, taglist=(taglist)"taglist\,\ video-codec\=\(string\)\"H.264\\\ \\\(High\\\ Profile\\\)\"\,\ maximum-bitrate\=\(uint\)4472819\,\ bitrate\=\(uint\)4472819\,\ container-specific-track-id\=\(string\)1\,\ minimum-bitrate\=\(uint\)3139420\;";
Got message #1055 from element "fakesink0" (tag): GstMessageTag, taglist=(taglist)"taglist\,\ video-codec\=\(string\)\"H.264\\\ \\\(High\\\ Profile\\\)\"\,\ maximum-bitrate\=\(uint\)4472819\,\ bitrate\=\(uint\)4472819\,\ container-specific-track-id\=\(string\)1\,\ minimum-bitrate\=\(uint\)3139420\;";
Got message #1058 from element "fakesink2" (tag): GstMessageTag, taglist=(taglist)"taglist\,\ video-codec\=\(string\)\"H.264\\\ \\\(High\\\ Profile\\\)\"\,\ maximum-bitrate\=\(uint\)4472819\,\ bitrate\=\(uint\)4472819\,\ container-specific-track-id\=\(string\)1\,\ minimum-bitrate\=\(uint\)3139420\;";
Got message #1061 from element "fakesink3" (tag): GstMessageTag, taglist=(taglist)"taglist\,\ video-codec\=\(string\)\"H.264\\\ \\\(High\\\ Profile\\\)\"\,\ maximum-bitrate\=\(uint\)4472819\,\ bitrate\=\(uint\)4472819\,\ container-specific-track-id\=\(string\)1\,\ minimum-bitrate\=\(uint\)3139420\;";
Got message #1062 from element "fakesink0" (tag): GstMessageTag, taglist=(taglist)"taglist\,\ video-codec\=\(string\)\"H.264\\\ \\\(High\\\ Profile\\\)\"\,\ maximum-bitrate\=\(uint\)4472819\,\ bitrate\=\(uint\)4472819\,\ container-specific-track-id\=\(string\)1\,\ minimum-bitrate\=\(uint\)3114485\;";
Got message #1063 from element "fakesink1" (tag): GstMessageTag, taglist=(taglist)"taglist\,\ video-codec\=\(string\)\"H.264\\\ \\\(High\\\ Profile\\\)\"\,\ maximum-bitrate\=\(uint\)4472819\,\ bitrate\=\(uint\)4472819\,\ container-specific-track-id\=\(string\)1\,\ minimum-bitrate\=\(uint\)3114485\;";
Got message #1070 from element "fakesink2" (tag): GstMessageTag, taglist=(taglist)"taglist\,\ video-codec\=\(string\)\"H.264\\\ \\\(High\\\ Profile\\\)\"\,\ maximum-bitrate\=\(uint\)4472819\,\ bitrate\=\(uint\)4472819\,\ container-specific-track-id\=\(string\)1\,\ minimum-bitrate\=\(uint\)3114485\;";
Got message #1071 from element "fakesink3" (tag): GstMessageTag, taglist=(taglist)"taglist\,\ video-codec\=\(string\)\"H.264\\\ \\\(High\\\ Profile\\\)\"\,\ maximum-bitrate\=\(uint\)4472819\,\ bitrate\=\(uint\)4472819\,\ container-specific-track-id\=\(string\)1\,\ minimum-bitrate\=\(uint\)3114485\;";
Got message #1072 from element "fakesink0" (tag): GstMessageTag, taglist=(taglist)"taglist\,\ video-codec\=\(string\)\"H.264\\\ \\\(High\\\ Profile\\\)\"\,\ maximum-bitrate\=\(uint\)4472819\,\ bitrate\=\(uint\)4472819\,\ container-specific-track-id\=\(string\)1\,\ minimum-bitrate\=\(uint\)1212707\;";
Got message #1073 from element "fakesink0" (tag): GstMessageTag, taglist=(taglist)"taglist\,\ video-codec\=\(string\)\"H.264\\\ \\\(High\\\ Profile\\\)\"\,\ maximum-bitrate\=\(uint\)4472819\,\ bitrate\=\(uint\)4472819\,\ container-specific-track-id\=\(string\)1\,\ minimum-bitrate\=\(uint\)474965\;";
Got message #1074 from element "fakesink1" (tag): GstMessageTag, taglist=(taglist)"taglist\,\ video-codec\=\(string\)\"H.264\\\ \\\(High\\\ Profile\\\)\"\,\ maximum-bitrate\=\(uint\)4472819\,\ bitrate\=\(uint\)4472819\,\ container-specific-track-id\=\(string\)1\,\ minimum-bitrate\=\(uint\)1212707\;";
Got message #1075 from element "fakesink1" (tag): GstMessageTag, taglist=(taglist)"taglist\,\ video-codec\=\(string\)\"H.264\\\ \\\(High\\\ Profile\\\)\"\,\ maximum-bitrate\=\(uint\)4472819\,\ bitrate\=\(uint\)4472819\,\ container-specific-track-id\=\(string\)1\,\ minimum-bitrate\=\(uint\)474965\;";
Got message #1076 from element "fakesink2" (tag): GstMessageTag, taglist=(taglist)"taglist\,\ video-codec\=\(string\)\"H.264\\\ \\\(High\\\ Profile\\\)\"\,\ maximum-bitrate\=\(uint\)4472819\,\ bitrate\=\(uint\)4472819\,\ container-specific-track-id\=\(string\)1\,\ minimum-bitrate\=\(uint\)1212707\;";
Got message #1077 from element "fakesink2" (tag): GstMessageTag, taglist=(taglist)"taglist\,\ video-codec\=\(string\)\"H.264\\\ \\\(High\\\ Profile\\\)\"\,\ maximum-bitrate\=\(uint\)4472819\,\ bitrate\=\(uint\)4472819\,\ container-specific-track-id\=\(string\)1\,\ minimum-bitrate\=\(uint\)474965\;";
Got message #1078 from element "fakesink3" (tag): GstMessageTag, taglist=(taglist)"taglist\,\ video-codec\=\(string\)\"H.264\\\ \\\(High\\\ Profile\\\)\"\,\ maximum-bitrate\=\(uint\)4472819\,\ bitrate\=\(uint\)4472819\,\ container-specific-track-id\=\(string\)1\,\ minimum-bitrate\=\(uint\)1212707\;";
Got message #1079 from element "fakesink3" (tag): GstMessageTag, taglist=(taglist)"taglist\,\ video-codec\=\(string\)\"H.264\\\ \\\(High\\\ Profile\\\)\"\,\ maximum-bitrate\=\(uint\)4472819\,\ bitrate\=\(uint\)4472819\,\ container-specific-track-id\=\(string\)1\,\ minimum-bitrate\=\(uint\)474965\;";
Got message #1092 from element "fakesink0" (tag): GstMessageTag, taglist=(taglist)"taglist\,\ video-codec\=\(string\)\"H.264\\\ \\\(High\\\ Profile\\\)\"\,\ maximum-bitrate\=\(uint\)4472819\,\ bitrate\=\(uint\)4472819\,\ container-specific-track-id\=\(string\)1\,\ minimum-bitrate\=\(uint\)385294\;";
Got message #1093 from element "fakesink1" (tag): GstMessageTag, taglist=(taglist)"taglist\,\ video-codec\=\(string\)\"H.264\\\ \\\(High\\\ Profile\\\)\"\,\ maximum-bitrate\=\(uint\)4472819\,\ bitrate\=\(uint\)4472819\,\ container-specific-track-id\=\(string\)1\,\ minimum-bitrate\=\(uint\)385294\;";
Got message #1094 from element "fakesink2" (tag): GstMessageTag, taglist=(taglist)"taglist\,\ video-codec\=\(string\)\"H.264\\\ \\\(High\\\ Profile\\\)\"\,\ maximum-bitrate\=\(uint\)4472819\,\ bitrate\=\(uint\)4472819\,\ container-specific-track-id\=\(string\)1\,\ minimum-bitrate\=\(uint\)385294\;";
Got message #1095 from element "fakesink3" (tag): GstMessageTag, taglist=(taglist)"taglist\,\ video-codec\=\(string\)\"H.264\\\ \\\(High\\\ Profile\\\)\"\,\ maximum-bitrate\=\(uint\)4472819\,\ bitrate\=\(uint\)4472819\,\ container-specific-track-id\=\(string\)1\,\ minimum-bitrate\=\(uint\)385294\;";
Got message #1108 from element "fakesink0" (tag): GstMessageTag, taglist=(taglist)"taglist\,\ video-codec\=\(string\)\"H.264\\\ \\\(High\\\ Profile\\\)\"\,\ maximum-bitrate\=\(uint\)4472819\,\ bitrate\=\(uint\)4472819\,\ container-specific-track-id\=\(string\)1\,\ minimum-bitrate\=\(uint\)372587\;";
Got message #1109 from element "fakesink2" (tag): GstMessageTag, taglist=(taglist)"taglist\,\ video-codec\=\(string\)\"H.264\\\ \\\(High\\\ Profile\\\)\"\,\ maximum-bitrate\=\(uint\)4472819\,\ bitrate\=\(uint\)4472819\,\ container-specific-track-id\=\(string\)1\,\ minimum-bitrate\=\(uint\)372587\;";
Got message #1110 from element "fakesink1" (tag): GstMessageTag, taglist=(taglist)"taglist\,\ video-codec\=\(string\)\"H.264\\\ \\\(High\\\ Profile\\\)\"\,\ maximum-bitrate\=\(uint\)4472819\,\ bitrate\=\(uint\)4472819\,\ container-specific-track-id\=\(string\)1\,\ minimum-bitrate\=\(uint\)372587\;";
Got message #1111 from element "fakesink3" (tag): GstMessageTag, taglist=(taglist)"taglist\,\ video-codec\=\(string\)\"H.264\\\ \\\(High\\\ Profile\\\)\"\,\ maximum-bitrate\=\(uint\)4472819\,\ bitrate\=\(uint\)4472819\,\ container-specific-track-id\=\(string\)1\,\ minimum-bitrate\=\(uint\)372587\;";
Got message #1124 from element "fakesink0" (tag): GstMessageTag, taglist=(taglist)"taglist\,\ video-codec\=\(string\)\"H.264\\\ \\\(High\\\ Profile\\\)\"\,\ maximum-bitrate\=\(uint\)4472819\,\ bitrate\=\(uint\)4472819\,\ container-specific-track-id\=\(string\)1\,\ minimum-bitrate\=\(uint\)354125\;";
Got message #1125 from element "fakesink1" (tag): GstMessageTag, taglist=(taglist)"taglist\,\ video-codec\=\(string\)\"H.264\\\ \\\(High\\\ Profile\\\)\"\,\ maximum-bitrate\=\(uint\)4472819\,\ bitrate\=\(uint\)4472819\,\ container-specific-track-id\=\(string\)1\,\ minimum-bitrate\=\(uint\)354125\;";
Got message #1126 from element "fakesink2" (tag): GstMessageTag, taglist=(taglist)"taglist\,\ video-codec\=\(string\)\"H.264\\\ \\\(High\\\ Profile\\\)\"\,\ maximum-bitrate\=\(uint\)4472819\,\ bitrate\=\(uint\)4472819\,\ container-specific-track-id\=\(string\)1\,\ minimum-bitrate\=\(uint\)354125\;";
Got message #1127 from element "fakesink3" (tag): GstMessageTag, taglist=(taglist)"taglist\,\ video-codec\=\(string\)\"H.264\\\ \\\(High\\\ Profile\\\)\"\,\ maximum-bitrate\=\(uint\)4472819\,\ bitrate\=\(uint\)4472819\,\ container-specific-track-id\=\(string\)1\,\ minimum-bitrate\=\(uint\)354125\;";
Got message #1140 from element "fakesink0" (tag): GstMessageTag, taglist=(taglist)"taglist\,\ video-codec\=\(string\)\"H.264\\\ \\\(High\\\ Profile\\\)\"\,\ maximum-bitrate\=\(uint\)4472819\,\ bitrate\=\(uint\)4472819\,\ container-specific-track-id\=\(string\)1\,\ minimum-bitrate\=\(uint\)348611\;";
Got message #1141 from element "fakesink1" (tag): GstMessageTag, taglist=(taglist)"taglist\,\ video-codec\=\(string\)\"H.264\\\ \\\(High\\\ Profile\\\)\"\,\ maximum-bitrate\=\(uint\)4472819\,\ bitrate\=\(uint\)4472819\,\ container-specific-track-id\=\(string\)1\,\ minimum-bitrate\=\(uint\)348611\;";
Got message #1142 from element "fakesink2" (tag): GstMessageTag, taglist=(taglist)"taglist\,\ video-codec\=\(string\)\"H.264\\\ \\\(High\\\ Profile\\\)\"\,\ maximum-bitrate\=\(uint\)4472819\,\ bitrate\=\(uint\)4472819\,\ container-specific-track-id\=\(string\)1\,\ minimum-bitrate\=\(uint\)348611\;";
Got message #1143 from element "fakesink3" (tag): GstMessageTag, taglist=(taglist)"taglist\,\ video-codec\=\(string\)\"H.264\\\ \\\(High\\\ Profile\\\)\"\,\ maximum-bitrate\=\(uint\)4472819\,\ bitrate\=\(uint\)4472819\,\ container-specific-track-id\=\(string\)1\,\ minimum-bitrate\=\(uint\)348611\;";
Got message #1144 from element "vah264dec3" (latency): no message details
Redistribute latency...
Got message #1146 from element "vah264dec2" (latency): no message details
Redistribute latency...
Got message #1148 from element "vah264dec1" (latency): no message details
Redistribute latency...
Got message #1150 from element "vah264dec0" (latency): no message details
Redistribute latency...
Got message #1160 from element "pipeline0" (eos): no message details
Got EOS from element "pipeline0".
EOS received - stopping pipeline...
Execution ended after 0:02:15.110478335
Setting pipeline to NULL ...
Freeing pipeline ...

__CPU_PERCENT__=138%
__MAX_RSS_KB__=404632

__EXIT_CODE__=0