Setting pipeline to PAUSED ...
Pipeline is PREROLLING ...
Got message #132 from element "fakesink9" (state-changed): GstMessageStateChanged, old-state=(GstState)null, new-state=(GstState)ready, pending-state=(GstState)void-pending;
Got message #133 from element "fakesink8" (state-changed): GstMessageStateChanged, old-state=(GstState)null, new-state=(GstState)ready, pending-state=(GstState)void-pending;
Got message #134 from element "fakesink7" (state-changed): GstMessageStateChanged, old-state=(GstState)null, new-state=(GstState)ready, pending-state=(GstState)void-pending;
Got message #135 from element "fakesink6" (state-changed): GstMessageStateChanged, old-state=(GstState)null, new-state=(GstState)ready, pending-state=(GstState)void-pending;
Got message #136 from element "fakesink5" (state-changed): GstMessageStateChanged, old-state=(GstState)null, new-state=(GstState)ready, pending-state=(GstState)void-pending;
Got message #137 from element "fakesink4" (state-changed): GstMessageStateChanged, old-state=(GstState)null, new-state=(GstState)ready, pending-state=(GstState)void-pending;
Got message #138 from element "fakesink3" (state-changed): GstMessageStateChanged, old-state=(GstState)null, new-state=(GstState)ready, pending-state=(GstState)void-pending;
Got message #139 from element "fakesink2" (state-changed): GstMessageStateChanged, old-state=(GstState)null, new-state=(GstState)ready, pending-state=(GstState)void-pending;
Got message #140 from element "fakesink1" (state-changed): GstMessageStateChanged, old-state=(GstState)null, new-state=(GstState)ready, pending-state=(GstState)void-pending;
Got message #141 from element "fakesink0" (state-changed): GstMessageStateChanged, old-state=(GstState)null, new-state=(GstState)ready, pending-state=(GstState)void-pending;
Got message #142 from element "queue22" (state-changed): GstMessageStateChanged, old-state=(GstState)null, new-state=(GstState)ready, pending-state=(GstState)void-pending;
Got message #143 from element "queue21" (state-changed): GstMessageStateChanged, old-state=(GstState)null, new-state=(GstState)ready, pending-state=(GstState)void-pending;
Got message #144 from element "queue20" (state-changed): GstMessageStateChanged, old-state=(GstState)null, new-state=(GstState)ready, pending-state=(GstState)void-pending;
Got message #145 from element "queue19" (state-changed): GstMessageStateChanged, old-state=(GstState)null, new-state=(GstState)ready, pending-state=(GstState)void-pending;
Got message #146 from element "queue18" (state-changed): GstMessageStateChanged, old-state=(GstState)null, new-state=(GstState)ready, pending-state=(GstState)void-pending;
Got message #147 from element "queue17" (state-changed): GstMessageStateChanged, old-state=(GstState)null, new-state=(GstState)ready, pending-state=(GstState)void-pending;
Got message #148 from element "queue16" (state-changed): GstMessageStateChanged, old-state=(GstState)null, new-state=(GstState)ready, pending-state=(GstState)void-pending;
Got message #149 from element "queue15" (state-changed): GstMessageStateChanged, old-state=(GstState)null, new-state=(GstState)ready, pending-state=(GstState)void-pending;
Got message #150 from element "queue14" (state-changed): GstMessageStateChanged, old-state=(GstState)null, new-state=(GstState)ready, pending-state=(GstState)void-pending;
Got message #151 from element "queue13" (state-changed): GstMessageStateChanged, old-state=(GstState)null, new-state=(GstState)ready, pending-state=(GstState)void-pending;
Got message #152 from element "out" (state-changed): GstMessageStateChanged, old-state=(GstState)null, new-state=(GstState)ready, pending-state=(GstState)void-pending;
Got message #153 from element "queue12" (state-changed): GstMessageStateChanged, old-state=(GstState)null, new-state=(GstState)ready, pending-state=(GstState)void-pending;
Got message #154 from element "dxpostprocess0" (state-changed): GstMessageStateChanged, old-state=(GstState)null, new-state=(GstState)ready, pending-state=(GstState)void-pending;
Got message #155 from element "queue11" (state-changed): GstMessageStateChanged, old-state=(GstState)null, new-state=(GstState)ready, pending-state=(GstState)void-pending;
Got message #156 from element "dxinfer0" (state-changed): GstMessageStateChanged, old-state=(GstState)null, new-state=(GstState)ready, pending-state=(GstState)void-pending;
Got message #157 from element "queue10" (state-changed): GstMessageStateChanged, old-state=(GstState)null, new-state=(GstState)ready, pending-state=(GstState)void-pending;
Got message #158 from element "dxpreprocess0" (state-changed): GstMessageStateChanged, old-state=(GstState)null, new-state=(GstState)ready, pending-state=(GstState)void-pending;
Got message #159 from element "in" (state-changed): GstMessageStateChanged, old-state=(GstState)null, new-state=(GstState)ready, pending-state=(GstState)void-pending;
Got message #160 from element "queue0" (state-changed): GstMessageStateChanged, old-state=(GstState)null, new-state=(GstState)ready, pending-state=(GstState)void-pending;
Got message #161 from element "queue1" (state-changed): GstMessageStateChanged, old-state=(GstState)null, new-state=(GstState)ready, pending-state=(GstState)void-pending;
Got message #162 from element "queue2" (state-changed): GstMessageStateChanged, old-state=(GstState)null, new-state=(GstState)ready, pending-state=(GstState)void-pending;
Got message #163 from element "queue3" (state-changed): GstMessageStateChanged, old-state=(GstState)null, new-state=(GstState)ready, pending-state=(GstState)void-pending;
Got message #164 from element "queue4" (state-changed): GstMessageStateChanged, old-state=(GstState)null, new-state=(GstState)ready, pending-state=(GstState)void-pending;
Got message #165 from element "queue5" (state-changed): GstMessageStateChanged, old-state=(GstState)null, new-state=(GstState)ready, pending-state=(GstState)void-pending;
Got message #166 from element "queue6" (state-changed): GstMessageStateChanged, old-state=(GstState)null, new-state=(GstState)ready, pending-state=(GstState)void-pending;
Got message #167 from element "queue7" (state-changed): GstMessageStateChanged, old-state=(GstState)null, new-state=(GstState)ready, pending-state=(GstState)void-pending;
Got message #168 from element "queue8" (state-changed): GstMessageStateChanged, old-state=(GstState)null, new-state=(GstState)ready, pending-state=(GstState)void-pending;
Got message #169 from element "queue9" (state-changed): GstMessageStateChanged, old-state=(GstState)null, new-state=(GstState)ready, pending-state=(GstState)void-pending;
Got message #170 from element "typefind" (state-changed): GstMessageStateChanged, old-state=(GstState)null, new-state=(GstState)ready, pending-state=(GstState)void-pending;
Got message #171 from element "decodebin9" (state-changed): GstMessageStateChanged, old-state=(GstState)null, new-state=(GstState)ready, pending-state=(GstState)void-pending;
Got message #172 from element "typefind" (state-changed): GstMessageStateChanged, old-state=(GstState)null, new-state=(GstState)ready, pending-state=(GstState)void-pending;
Got message #173 from element "decodebin8" (state-changed): GstMessageStateChanged, old-state=(GstState)null, new-state=(GstState)ready, pending-state=(GstState)void-pending;
Got message #174 from element "typefind" (state-changed): GstMessageStateChanged, old-state=(GstState)null, new-state=(GstState)ready, pending-state=(GstState)void-pending;
Got message #175 from element "decodebin7" (state-changed): GstMessageStateChanged, old-state=(GstState)null, new-state=(GstState)ready, pending-state=(GstState)void-pending;
Got message #176 from element "typefind" (state-changed): GstMessageStateChanged, old-state=(GstState)null, new-state=(GstState)ready, pending-state=(GstState)void-pending;
Got message #177 from element "decodebin6" (state-changed): GstMessageStateChanged, old-state=(GstState)null, new-state=(GstState)ready, pending-state=(GstState)void-pending;
Got message #178 from element "typefind" (state-changed): GstMessageStateChanged, old-state=(GstState)null, new-state=(GstState)ready, pending-state=(GstState)void-pending;
Got message #179 from element "decodebin5" (state-changed): GstMessageStateChanged, old-state=(GstState)null, new-state=(GstState)ready, pending-state=(GstState)void-pending;
Got message #180 from element "typefind" (state-changed): GstMessageStateChanged, old-state=(GstState)null, new-state=(GstState)ready, pending-state=(GstState)void-pending;
Got message #181 from element "decodebin4" (state-changed): GstMessageStateChanged, old-state=(GstState)null, new-state=(GstState)ready, pending-state=(GstState)void-pending;
Got message #182 from element "typefind" (state-changed): GstMessageStateChanged, old-state=(GstState)null, new-state=(GstState)ready, pending-state=(GstState)void-pending;
Got message #183 from element "decodebin3" (state-changed): GstMessageStateChanged, old-state=(GstState)null, new-state=(GstState)ready, pending-state=(GstState)void-pending;
Got message #184 from element "typefind" (state-changed): GstMessageStateChanged, old-state=(GstState)null, new-state=(GstState)ready, pending-state=(GstState)void-pending;
Got message #185 from element "decodebin2" (state-changed): GstMessageStateChanged, old-state=(GstState)null, new-state=(GstState)ready, pending-state=(GstState)void-pending;
Got message #186 from element "typefind" (state-changed): GstMessageStateChanged, old-state=(GstState)null, new-state=(GstState)ready, pending-state=(GstState)void-pending;
Got message #187 from element "decodebin1" (state-changed): GstMessageStateChanged, old-state=(GstState)null, new-state=(GstState)ready, pending-state=(GstState)void-pending;
Got message #188 from element "typefind" (state-changed): GstMessageStateChanged, old-state=(GstState)null, new-state=(GstState)ready, pending-state=(GstState)void-pending;
Got message #189 from element "decodebin0" (state-changed): GstMessageStateChanged, old-state=(GstState)null, new-state=(GstState)ready, pending-state=(GstState)void-pending;
Got message #190 from element "urisourcebin9" (state-changed): GstMessageStateChanged, old-state=(GstState)null, new-state=(GstState)ready, pending-state=(GstState)void-pending;
Got message #191 from element "urisourcebin8" (state-changed): GstMessageStateChanged, old-state=(GstState)null, new-state=(GstState)ready, pending-state=(GstState)void-pending;
Got message #192 from element "urisourcebin7" (state-changed): GstMessageStateChanged, old-state=(GstState)null, new-state=(GstState)ready, pending-state=(GstState)void-pending;
Got message #193 from element "urisourcebin6" (state-changed): GstMessageStateChanged, old-state=(GstState)null, new-state=(GstState)ready, pending-state=(GstState)void-pending;
Got message #194 from element "urisourcebin5" (state-changed): GstMessageStateChanged, old-state=(GstState)null, new-state=(GstState)ready, pending-state=(GstState)void-pending;
Got message #195 from element "urisourcebin4" (state-changed): GstMessageStateChanged, old-state=(GstState)null, new-state=(GstState)ready, pending-state=(GstState)void-pending;
Got message #196 from element "urisourcebin3" (state-changed): GstMessageStateChanged, old-state=(GstState)null, new-state=(GstState)ready, pending-state=(GstState)void-pending;
Got message #197 from element "urisourcebin2" (state-changed): GstMessageStateChanged, old-state=(GstState)null, new-state=(GstState)ready, pending-state=(GstState)void-pending;
Got message #198 from element "urisourcebin1" (state-changed): GstMessageStateChanged, old-state=(GstState)null, new-state=(GstState)ready, pending-state=(GstState)void-pending;
Got message #199 from element "urisourcebin0" (state-changed): GstMessageStateChanged, old-state=(GstState)null, new-state=(GstState)ready, pending-state=(GstState)void-pending;
Got message #200 from element "pipeline0" (state-changed): GstMessageStateChanged, old-state=(GstState)null, new-state=(GstState)ready, pending-state=(GstState)paused;
Got message #201 from element "fakesink9" (latency): no message details
Redistribute latency...
Got message #202 from element "fakesink9" (state-changed): GstMessageStateChanged, old-state=(GstState)ready, new-state=(GstState)paused, pending-state=(GstState)void-pending;
Got message #203 from element "fakesink8" (latency): no message details
Redistribute latency...
Got message #204 from element "fakesink8" (state-changed): GstMessageStateChanged, old-state=(GstState)ready, new-state=(GstState)paused, pending-state=(GstState)void-pending;
Got message #205 from element "fakesink7" (latency): no message details
Redistribute latency...
Got message #206 from element "fakesink7" (state-changed): GstMessageStateChanged, old-state=(GstState)ready, new-state=(GstState)paused, pending-state=(GstState)void-pending;
Got message #207 from element "fakesink6" (latency): no message details
Redistribute latency...
Got message #208 from element "fakesink6" (state-changed): GstMessageStateChanged, old-state=(GstState)ready, new-state=(GstState)paused, pending-state=(GstState)void-pending;
Got message #209 from element "fakesink5" (latency): no message details
Redistribute latency...
Got message #210 from element "fakesink5" (state-changed): GstMessageStateChanged, old-state=(GstState)ready, new-state=(GstState)paused, pending-state=(GstState)void-pending;
Got message #211 from element "fakesink4" (latency): no message details
Redistribute latency...
Got message #212 from element "fakesink4" (state-changed): GstMessageStateChanged, old-state=(GstState)ready, new-state=(GstState)paused, pending-state=(GstState)void-pending;
Got message #213 from element "fakesink3" (latency): no message details
Redistribute latency...
Got message #214 from element "fakesink3" (state-changed): GstMessageStateChanged, old-state=(GstState)ready, new-state=(GstState)paused, pending-state=(GstState)void-pending;
Got message #215 from element "fakesink2" (latency): no message details
Redistribute latency...
Got message #216 from element "fakesink2" (state-changed): GstMessageStateChanged, old-state=(GstState)ready, new-state=(GstState)paused, pending-state=(GstState)void-pending;
Got message #217 from element "fakesink1" (latency): no message details
Redistribute latency...
Got message #218 from element "fakesink1" (state-changed): GstMessageStateChanged, old-state=(GstState)ready, new-state=(GstState)paused, pending-state=(GstState)void-pending;
Got message #219 from element "fakesink0" (latency): no message details
Redistribute latency...
Got message #220 from element "fakesink0" (state-changed): GstMessageStateChanged, old-state=(GstState)ready, new-state=(GstState)paused, pending-state=(GstState)void-pending;
Got message #221 from pad "queue22:src" (stream-status): GstMessageStreamStatus, type=(GstStreamStatusType)create, owner=(GstElement)"\(GstQueue\)\ queue22", object=(GstTask)"\(GstTask\)\ queue22:src";
Got message #222 from element "queue22" (state-changed): GstMessageStateChanged, old-state=(GstState)ready, new-state=(GstState)paused, pending-state=(GstState)void-pending;
Got message #223 from pad "queue21:src" (stream-status): GstMessageStreamStatus, type=(GstStreamStatusType)create, owner=(GstElement)"\(GstQueue\)\ queue21", object=(GstTask)"\(GstTask\)\ queue21:src";
Got message #224 from element "queue21" (state-changed): GstMessageStateChanged, old-state=(GstState)ready, new-state=(GstState)paused, pending-state=(GstState)void-pending;
Got message #225 from pad "queue20:src" (stream-status): GstMessageStreamStatus, type=(GstStreamStatusType)create, owner=(GstElement)"\(GstQueue\)\ queue20", object=(GstTask)"\(GstTask\)\ queue20:src";
Got message #226 from element "queue20" (state-changed): GstMessageStateChanged, old-state=(GstState)ready, new-state=(GstState)paused, pending-state=(GstState)void-pending;
Got message #227 from pad "queue19:src" (stream-status): GstMessageStreamStatus, type=(GstStreamStatusType)create, owner=(GstElement)"\(GstQueue\)\ queue19", object=(GstTask)"\(GstTask\)\ queue19:src";
Got message #228 from pad "queue22:src" (stream-status): GstMessageStreamStatus, type=(GstStreamStatusType)enter, owner=(GstElement)"\(GstQueue\)\ queue22", object=(GstTask)"\(GstTask\)\ queue22:src";
Got message #229 from element "queue19" (state-changed): GstMessageStateChanged, old-state=(GstState)ready, new-state=(GstState)paused, pending-state=(GstState)void-pending;
Got message #230 from pad "queue18:src" (stream-status): GstMessageStreamStatus, type=(GstStreamStatusType)create, owner=(GstElement)"\(GstQueue\)\ queue18", object=(GstTask)"\(GstTask\)\ queue18:src";
Got message #231 from element "queue18" (state-changed): GstMessageStateChanged, old-state=(GstState)ready, new-state=(GstState)paused, pending-state=(GstState)void-pending;
Got message #232 from pad "queue17:src" (stream-status): GstMessageStreamStatus, type=(GstStreamStatusType)create, owner=(GstElement)"\(GstQueue\)\ queue17", object=(GstTask)"\(GstTask\)\ queue17:src";
Got message #234 from element "queue17" (state-changed): GstMessageStateChanged, old-state=(GstState)ready, new-state=(GstState)paused, pending-state=(GstState)void-pending;
Got message #233 from pad "queue21:src" (stream-status): GstMessageStreamStatus, type=(GstStreamStatusType)enter, owner=(GstElement)"\(GstQueue\)\ queue21", object=(GstTask)"\(GstTask\)\ queue21:src";
Got message #235 from pad "queue16:src" (stream-status): GstMessageStreamStatus, type=(GstStreamStatusType)create, owner=(GstElement)"\(GstQueue\)\ queue16", object=(GstTask)"\(GstTask\)\ queue16:src";
Got message #236 from pad "queue19:src" (stream-status): GstMessageStreamStatus, type=(GstStreamStatusType)enter, owner=(GstElement)"\(GstQueue\)\ queue19", object=(GstTask)"\(GstTask\)\ queue19:src";
Got message #237 from pad "queue20:src" (stream-status): GstMessageStreamStatus, type=(GstStreamStatusType)enter, owner=(GstElement)"\(GstQueue\)\ queue20", object=(GstTask)"\(GstTask\)\ queue20:src";
Got message #238 from element "queue16" (state-changed): GstMessageStateChanged, old-state=(GstState)ready, new-state=(GstState)paused, pending-state=(GstState)void-pending;
Got message #239 from pad "queue15:src" (stream-status): GstMessageStreamStatus, type=(GstStreamStatusType)create, owner=(GstElement)"\(GstQueue\)\ queue15", object=(GstTask)"\(GstTask\)\ queue15:src";
Got message #240 from element "queue15" (state-changed): GstMessageStateChanged, old-state=(GstState)ready, new-state=(GstState)paused, pending-state=(GstState)void-pending;
Got message #241 from pad "queue14:src" (stream-status): GstMessageStreamStatus, type=(GstStreamStatusType)create, owner=(GstElement)"\(GstQueue\)\ queue14", object=(GstTask)"\(GstTask\)\ queue14:src";
Got message #242 from pad "queue18:src" (stream-status): GstMessageStreamStatus, type=(GstStreamStatusType)enter, owner=(GstElement)"\(GstQueue\)\ queue18", object=(GstTask)"\(GstTask\)\ queue18:src";
Got message #243 from element "queue14" (state-changed): GstMessageStateChanged, old-state=(GstState)ready, new-state=(GstState)paused, pending-state=(GstState)void-pending;
Got message #244 from pad "queue13:src" (stream-status): GstMessageStreamStatus, type=(GstStreamStatusType)create, owner=(GstElement)"\(GstQueue\)\ queue13", object=(GstTask)"\(GstTask\)\ queue13:src";
Got message #245 from pad "queue17:src" (stream-status): GstMessageStreamStatus, type=(GstStreamStatusType)enter, owner=(GstElement)"\(GstQueue\)\ queue17", object=(GstTask)"\(GstTask\)\ queue17:src";
Got message #246 from element "queue13" (state-changed): GstMessageStateChanged, old-state=(GstState)ready, new-state=(GstState)paused, pending-state=(GstState)void-pending;
Got message #247 from pad "queue16:src" (stream-status): GstMessageStreamStatus, type=(GstStreamStatusType)enter, owner=(GstElement)"\(GstQueue\)\ queue16", object=(GstTask)"\(GstTask\)\ queue16:src";
Got message #248 from element "out" (state-changed): GstMessageStateChanged, old-state=(GstState)ready, new-state=(GstState)paused, pending-state=(GstState)void-pending;
Got message #249 from pad "queue12:src" (stream-status): GstMessageStreamStatus, type=(GstStreamStatusType)create, owner=(GstElement)"\(GstQueue\)\ queue12", object=(GstTask)"\(GstTask\)\ queue12:src";
Got message #250 from pad "queue15:src" (stream-status): GstMessageStreamStatus, type=(GstStreamStatusType)enter, owner=(GstElement)"\(GstQueue\)\ queue15", object=(GstTask)"\(GstTask\)\ queue15:src";
Got message #251 from element "queue12" (state-changed): GstMessageStateChanged, old-state=(GstState)ready, new-state=(GstState)paused, pending-state=(GstState)void-pending;
Got message #252 from element "dxpostprocess0" (state-changed): GstMessageStateChanged, old-state=(GstState)ready, new-state=(GstState)paused, pending-state=(GstState)void-pending;
Got message #253 from pad "queue14:src" (stream-status): GstMessageStreamStatus, type=(GstStreamStatusType)enter, owner=(GstElement)"\(GstQueue\)\ queue14", object=(GstTask)"\(GstTask\)\ queue14:src";
Got message #254 from pad "queue11:src" (stream-status): GstMessageStreamStatus, type=(GstStreamStatusType)create, owner=(GstElement)"\(GstQueue\)\ queue11", object=(GstTask)"\(GstTask\)\ queue11:src";
Got message #255 from pad "queue13:src" (stream-status): GstMessageStreamStatus, type=(GstStreamStatusType)enter, owner=(GstElement)"\(GstQueue\)\ queue13", object=(GstTask)"\(GstTask\)\ queue13:src";
Got message #256 from element "queue11" (state-changed): GstMessageStateChanged, old-state=(GstState)ready, new-state=(GstState)paused, pending-state=(GstState)void-pending;
Got message #257 from pad "queue12:src" (stream-status): GstMessageStreamStatus, type=(GstStreamStatusType)enter, owner=(GstElement)"\(GstQueue\)\ queue12", object=(GstTask)"\(GstTask\)\ queue12:src";
Got message #258 from element "dxinfer0" (state-changed): GstMessageStateChanged, old-state=(GstState)ready, new-state=(GstState)paused, pending-state=(GstState)void-pending;
Got message #259 from pad "queue10:src" (stream-status): GstMessageStreamStatus, type=(GstStreamStatusType)create, owner=(GstElement)"\(GstQueue\)\ queue10", object=(GstTask)"\(GstTask\)\ queue10:src";
Got message #260 from pad "queue11:src" (stream-status): GstMessageStreamStatus, type=(GstStreamStatusType)enter, owner=(GstElement)"\(GstQueue\)\ queue11", object=(GstTask)"\(GstTask\)\ queue11:src";
Got message #261 from element "queue10" (state-changed): GstMessageStateChanged, old-state=(GstState)ready, new-state=(GstState)paused, pending-state=(GstState)void-pending;
Got message #262 from element "dxpreprocess0" (state-changed): GstMessageStateChanged, old-state=(GstState)ready, new-state=(GstState)paused, pending-state=(GstState)void-pending;
Got message #263 from pad "in:src" (stream-status): GstMessageStreamStatus, type=(GstStreamStatusType)create, owner=(GstElement)"\(GstDxInputSelector\)\ in", object=(GstTask)"\(GstTask\)\ in:src";
Got message #265 from element "in" (state-changed): GstMessageStateChanged, old-state=(GstState)ready, new-state=(GstState)paused, pending-state=(GstState)void-pending;
Got message #264 from pad "queue10:src" (stream-status): GstMessageStreamStatus, type=(GstStreamStatusType)enter, owner=(GstElement)"\(GstQueue\)\ queue10", object=(GstTask)"\(GstTask\)\ queue10:src";
Got message #266 from pad "queue0:src" (stream-status): GstMessageStreamStatus, type=(GstStreamStatusType)create, owner=(GstElement)"\(GstQueue\)\ queue0", object=(GstTask)"\(GstTask\)\ queue0:src";
Got message #267 from pad "in:src" (stream-status): GstMessageStreamStatus, type=(GstStreamStatusType)enter, owner=(GstElement)"\(GstDxInputSelector\)\ in", object=(GstTask)"\(GstTask\)\ in:src";
Got message #268 from element "queue0" (state-changed): GstMessageStateChanged, old-state=(GstState)ready, new-state=(GstState)paused, pending-state=(GstState)void-pending;
Got message #269 from pad "queue1:src" (stream-status): GstMessageStreamStatus, type=(GstStreamStatusType)create, owner=(GstElement)"\(GstQueue\)\ queue1", object=(GstTask)"\(GstTask\)\ queue1:src";
Got message #270 from element "queue1" (state-changed): GstMessageStateChanged, old-state=(GstState)ready, new-state=(GstState)paused, pending-state=(GstState)void-pending;
Got message #271 from pad "queue2:src" (stream-status): GstMessageStreamStatus, type=(GstStreamStatusType)create, owner=(GstElement)"\(GstQueue\)\ queue2", object=(GstTask)"\(GstTask\)\ queue2:src";
Got message #272 from element "queue2" (state-changed): GstMessageStateChanged, old-state=(GstState)ready, new-state=(GstState)paused, pending-state=(GstState)void-pending;
Got message #273 from pad "queue3:src" (stream-status): GstMessageStreamStatus, type=(GstStreamStatusType)create, owner=(GstElement)"\(GstQueue\)\ queue3", object=(GstTask)"\(GstTask\)\ queue3:src";
Got message #274 from pad "queue0:src" (stream-status): GstMessageStreamStatus, type=(GstStreamStatusType)enter, owner=(GstElement)"\(GstQueue\)\ queue0", object=(GstTask)"\(GstTask\)\ queue0:src";
Got message #275 from element "queue3" (state-changed): GstMessageStateChanged, old-state=(GstState)ready, new-state=(GstState)paused, pending-state=(GstState)void-pending;
Got message #276 from pad "queue4:src" (stream-status): GstMessageStreamStatus, type=(GstStreamStatusType)create, owner=(GstElement)"\(GstQueue\)\ queue4", object=(GstTask)"\(GstTask\)\ queue4:src";
Got message #277 from element "queue4" (state-changed): GstMessageStateChanged, old-state=(GstState)ready, new-state=(GstState)paused, pending-state=(GstState)void-pending;
Got message #278 from pad "queue5:src" (stream-status): GstMessageStreamStatus, type=(GstStreamStatusType)create, owner=(GstElement)"\(GstQueue\)\ queue5", object=(GstTask)"\(GstTask\)\ queue5:src";
Got message #279 from pad "queue1:src" (stream-status): GstMessageStreamStatus, type=(GstStreamStatusType)enter, owner=(GstElement)"\(GstQueue\)\ queue1", object=(GstTask)"\(GstTask\)\ queue1:src";
Got message #280 from pad "queue2:src" (stream-status): GstMessageStreamStatus, type=(GstStreamStatusType)enter, owner=(GstElement)"\(GstQueue\)\ queue2", object=(GstTask)"\(GstTask\)\ queue2:src";
Got message #281 from pad "queue3:src" (stream-status): GstMessageStreamStatus, type=(GstStreamStatusType)enter, owner=(GstElement)"\(GstQueue\)\ queue3", object=(GstTask)"\(GstTask\)\ queue3:src";
Got message #282 from element "queue5" (state-changed): GstMessageStateChanged, old-state=(GstState)ready, new-state=(GstState)paused, pending-state=(GstState)void-pending;
Got message #283 from pad "queue6:src" (stream-status): GstMessageStreamStatus, type=(GstStreamStatusType)create, owner=(GstElement)"\(GstQueue\)\ queue6", object=(GstTask)"\(GstTask\)\ queue6:src";
Got message #284 from pad "queue4:src" (stream-status): GstMessageStreamStatus, type=(GstStreamStatusType)enter, owner=(GstElement)"\(GstQueue\)\ queue4", object=(GstTask)"\(GstTask\)\ queue4:src";
Got message #285 from element "queue6" (state-changed): GstMessageStateChanged, old-state=(GstState)ready, new-state=(GstState)paused, pending-state=(GstState)void-pending;
Got message #286 from pad "queue7:src" (stream-status): GstMessageStreamStatus, type=(GstStreamStatusType)create, owner=(GstElement)"\(GstQueue\)\ queue7", object=(GstTask)"\(GstTask\)\ queue7:src";
Got message #287 from pad "queue5:src" (stream-status): GstMessageStreamStatus, type=(GstStreamStatusType)enter, owner=(GstElement)"\(GstQueue\)\ queue5", object=(GstTask)"\(GstTask\)\ queue5:src";
Got message #288 from element "queue7" (state-changed): GstMessageStateChanged, old-state=(GstState)ready, new-state=(GstState)paused, pending-state=(GstState)void-pending;
Got message #289 from pad "queue8:src" (stream-status): GstMessageStreamStatus, type=(GstStreamStatusType)create, owner=(GstElement)"\(GstQueue\)\ queue8", object=(GstTask)"\(GstTask\)\ queue8:src";
Got message #290 from pad "queue6:src" (stream-status): GstMessageStreamStatus, type=(GstStreamStatusType)enter, owner=(GstElement)"\(GstQueue\)\ queue6", object=(GstTask)"\(GstTask\)\ queue6:src";
Got message #291 from element "queue8" (state-changed): GstMessageStateChanged, old-state=(GstState)ready, new-state=(GstState)paused, pending-state=(GstState)void-pending;
Got message #292 from pad "queue9:src" (stream-status): GstMessageStreamStatus, type=(GstStreamStatusType)create, owner=(GstElement)"\(GstQueue\)\ queue9", object=(GstTask)"\(GstTask\)\ queue9:src";
Got message #293 from pad "queue7:src" (stream-status): GstMessageStreamStatus, type=(GstStreamStatusType)enter, owner=(GstElement)"\(GstQueue\)\ queue7", object=(GstTask)"\(GstTask\)\ queue7:src";
Got message #294 from element "queue9" (state-changed): GstMessageStateChanged, old-state=(GstState)ready, new-state=(GstState)paused, pending-state=(GstState)void-pending;
Got message #297 from pad "queue8:src" (stream-status): GstMessageStreamStatus, type=(GstStreamStatusType)enter, owner=(GstElement)"\(GstQueue\)\ queue8", object=(GstTask)"\(GstTask\)\ queue8:src";
Got message #298 from pad "queue9:src" (stream-status): GstMessageStreamStatus, type=(GstStreamStatusType)enter, owner=(GstElement)"\(GstQueue\)\ queue9", object=(GstTask)"\(GstTask\)\ queue9:src";
Got message #299 from element "typefind" (state-changed): GstMessageStateChanged, old-state=(GstState)ready, new-state=(GstState)paused, pending-state=(GstState)void-pending;
Got message #302 from element "typefind" (state-changed): GstMessageStateChanged, old-state=(GstState)ready, new-state=(GstState)paused, pending-state=(GstState)void-pending;
Got message #305 from element "typefind" (state-changed): GstMessageStateChanged, old-state=(GstState)ready, new-state=(GstState)paused, pending-state=(GstState)void-pending;
Got message #308 from element "typefind" (state-changed): GstMessageStateChanged, old-state=(GstState)ready, new-state=(GstState)paused, pending-state=(GstState)void-pending;
Got message #311 from element "typefind" (state-changed): GstMessageStateChanged, old-state=(GstState)ready, new-state=(GstState)paused, pending-state=(GstState)void-pending;
Got message #314 from element "typefind" (state-changed): GstMessageStateChanged, old-state=(GstState)ready, new-state=(GstState)paused, pending-state=(GstState)void-pending;
Got message #317 from element "typefind" (state-changed): GstMessageStateChanged, old-state=(GstState)ready, new-state=(GstState)paused, pending-state=(GstState)void-pending;
Got message #320 from element "typefind" (state-changed): GstMessageStateChanged, old-state=(GstState)ready, new-state=(GstState)paused, pending-state=(GstState)void-pending;
Got message #323 from element "typefind" (state-changed): GstMessageStateChanged, old-state=(GstState)ready, new-state=(GstState)paused, pending-state=(GstState)void-pending;
Got message #326 from element "typefind" (state-changed): GstMessageStateChanged, old-state=(GstState)ready, new-state=(GstState)paused, pending-state=(GstState)void-pending;
Got message #328 from element "urisourcebin9" (property-notify): GstMessagePropertyNotify, property-name=(string)source, property-value=(GstElement)"\(GstFileSrc\)\ filesrc0";
/GstPipeline:pipeline0/GstURISourceBin:urisourcebin9: source = "\(GstFileSrc\)\ filesrc0"
Got message #332 from element "typefindelement0" (state-changed): GstMessageStateChanged, old-state=(GstState)null, new-state=(GstState)ready, pending-state=(GstState)paused;
Got message #335 from pad "typefindelement0:sink" (stream-status): GstMessageStreamStatus, type=(GstStreamStatusType)create, owner=(GstElement)"\(GstTypeFindElement\)\ typefindelement0", object=(GstTask)"\(GstTask\)\ typefindelement0:sink";
Got message #336 from element "typefindelement0" (state-changed): GstMessageStateChanged, old-state=(GstState)ready, new-state=(GstState)paused, pending-state=(GstState)void-pending;
Got message #337 from element "filesrc0" (state-changed): GstMessageStateChanged, old-state=(GstState)null, new-state=(GstState)ready, pending-state=(GstState)paused;
Got message #338 from element "filesrc0" (state-changed): GstMessageStateChanged, old-state=(GstState)ready, new-state=(GstState)paused, pending-state=(GstState)void-pending;
Got message #339 from element "urisourcebin9" (state-changed): GstMessageStateChanged, old-state=(GstState)ready, new-state=(GstState)paused, pending-state=(GstState)void-pending;
Got message #340 from pad "typefindelement0:sink" (stream-status): GstMessageStreamStatus, type=(GstStreamStatusType)enter, owner=(GstElement)"\(GstTypeFindElement\)\ typefindelement0", object=(GstTask)"\(GstTask\)\ typefindelement0:sink";
Got message #343 from element "urisourcebin8" (property-notify): GstMessagePropertyNotify, property-name=(string)source, property-value=(GstElement)"\(GstFileSrc\)\ filesrc1";
/GstPipeline:pipeline0/GstURISourceBin:urisourcebin8: source = "\(GstFileSrc\)\ filesrc1"
Got message #347 from element "typefindelement1" (state-changed): GstMessageStateChanged, old-state=(GstState)null, new-state=(GstState)ready, pending-state=(GstState)paused;
Got message #350 from pad "typefindelement1:sink" (stream-status): GstMessageStreamStatus, type=(GstStreamStatusType)create, owner=(GstElement)"\(GstTypeFindElement\)\ typefindelement1", object=(GstTask)"\(GstTask\)\ typefindelement1:sink";
Got message #351 from element "typefindelement1" (state-changed): GstMessageStateChanged, old-state=(GstState)ready, new-state=(GstState)paused, pending-state=(GstState)void-pending;
Got message #352 from element "filesrc1" (state-changed): GstMessageStateChanged, old-state=(GstState)null, new-state=(GstState)ready, pending-state=(GstState)paused;
Got message #353 from element "filesrc1" (state-changed): GstMessageStateChanged, old-state=(GstState)ready, new-state=(GstState)paused, pending-state=(GstState)void-pending;
Got message #354 from element "urisourcebin8" (state-changed): GstMessageStateChanged, old-state=(GstState)ready, new-state=(GstState)paused, pending-state=(GstState)void-pending;
Got message #355 from pad "typefindelement1:sink" (stream-status): GstMessageStreamStatus, type=(GstStreamStatusType)enter, owner=(GstElement)"\(GstTypeFindElement\)\ typefindelement1", object=(GstTask)"\(GstTask\)\ typefindelement1:sink";
Got message #358 from element "urisourcebin7" (property-notify): GstMessagePropertyNotify, property-name=(string)source, property-value=(GstElement)"\(GstFileSrc\)\ filesrc2";
/GstPipeline:pipeline0/GstURISourceBin:urisourcebin7: source = "\(GstFileSrc\)\ filesrc2"
Got message #362 from element "typefindelement2" (state-changed): GstMessageStateChanged, old-state=(GstState)null, new-state=(GstState)ready, pending-state=(GstState)paused;
Got message #365 from pad "typefindelement2:sink" (stream-status): GstMessageStreamStatus, type=(GstStreamStatusType)create, owner=(GstElement)"\(GstTypeFindElement\)\ typefindelement2", object=(GstTask)"\(GstTask\)\ typefindelement2:sink";
Got message #366 from element "typefindelement2" (state-changed): GstMessageStateChanged, old-state=(GstState)ready, new-state=(GstState)paused, pending-state=(GstState)void-pending;
Got message #367 from element "filesrc2" (state-changed): GstMessageStateChanged, old-state=(GstState)null, new-state=(GstState)ready, pending-state=(GstState)paused;
Got message #368 from element "filesrc2" (state-changed): GstMessageStateChanged, old-state=(GstState)ready, new-state=(GstState)paused, pending-state=(GstState)void-pending;
Got message #369 from element "urisourcebin7" (state-changed): GstMessageStateChanged, old-state=(GstState)ready, new-state=(GstState)paused, pending-state=(GstState)void-pending;
Got message #370 from pad "typefindelement2:sink" (stream-status): GstMessageStreamStatus, type=(GstStreamStatusType)enter, owner=(GstElement)"\(GstTypeFindElement\)\ typefindelement2", object=(GstTask)"\(GstTask\)\ typefindelement2:sink";
Got message #373 from element "urisourcebin6" (property-notify): GstMessagePropertyNotify, property-name=(string)source, property-value=(GstElement)"\(GstFileSrc\)\ filesrc3";
/GstPipeline:pipeline0/GstURISourceBin:urisourcebin6: source = "\(GstFileSrc\)\ filesrc3"
Got message #377 from element "typefindelement3" (state-changed): GstMessageStateChanged, old-state=(GstState)null, new-state=(GstState)ready, pending-state=(GstState)paused;
Got message #380 from pad "typefindelement3:sink" (stream-status): GstMessageStreamStatus, type=(GstStreamStatusType)create, owner=(GstElement)"\(GstTypeFindElement\)\ typefindelement3", object=(GstTask)"\(GstTask\)\ typefindelement3:sink";
Got message #381 from element "typefindelement3" (state-changed): GstMessageStateChanged, old-state=(GstState)ready, new-state=(GstState)paused, pending-state=(GstState)void-pending;
Got message #382 from element "filesrc3" (state-changed): GstMessageStateChanged, old-state=(GstState)null, new-state=(GstState)ready, pending-state=(GstState)paused;
Got message #383 from element "filesrc3" (state-changed): GstMessageStateChanged, old-state=(GstState)ready, new-state=(GstState)paused, pending-state=(GstState)void-pending;
Got message #384 from element "urisourcebin6" (state-changed): GstMessageStateChanged, old-state=(GstState)ready, new-state=(GstState)paused, pending-state=(GstState)void-pending;
Got message #385 from pad "typefindelement3:sink" (stream-status): GstMessageStreamStatus, type=(GstStreamStatusType)enter, owner=(GstElement)"\(GstTypeFindElement\)\ typefindelement3", object=(GstTask)"\(GstTask\)\ typefindelement3:sink";
Got message #388 from element "urisourcebin5" (property-notify): GstMessagePropertyNotify, property-name=(string)source, property-value=(GstElement)"\(GstFileSrc\)\ filesrc4";
/GstPipeline:pipeline0/GstURISourceBin:urisourcebin5: source = "\(GstFileSrc\)\ filesrc4"
Got message #392 from element "typefindelement4" (state-changed): GstMessageStateChanged, old-state=(GstState)null, new-state=(GstState)ready, pending-state=(GstState)paused;
Got message #395 from pad "typefindelement4:sink" (stream-status): GstMessageStreamStatus, type=(GstStreamStatusType)create, owner=(GstElement)"\(GstTypeFindElement\)\ typefindelement4", object=(GstTask)"\(GstTask\)\ typefindelement4:sink";
Got message #396 from element "typefindelement4" (state-changed): GstMessageStateChanged, old-state=(GstState)ready, new-state=(GstState)paused, pending-state=(GstState)void-pending;
Got message #397 from element "filesrc4" (state-changed): GstMessageStateChanged, old-state=(GstState)null, new-state=(GstState)ready, pending-state=(GstState)paused;
Got message #398 from element "filesrc4" (state-changed): GstMessageStateChanged, old-state=(GstState)ready, new-state=(GstState)paused, pending-state=(GstState)void-pending;
Got message #399 from element "urisourcebin5" (state-changed): GstMessageStateChanged, old-state=(GstState)ready, new-state=(GstState)paused, pending-state=(GstState)void-pending;
Got message #400 from pad "typefindelement4:sink" (stream-status): GstMessageStreamStatus, type=(GstStreamStatusType)enter, owner=(GstElement)"\(GstTypeFindElement\)\ typefindelement4", object=(GstTask)"\(GstTask\)\ typefindelement4:sink";
Got message #403 from element "urisourcebin4" (property-notify): GstMessagePropertyNotify, property-name=(string)source, property-value=(GstElement)"\(GstFileSrc\)\ filesrc5";
/GstPipeline:pipeline0/GstURISourceBin:urisourcebin4: source = "\(GstFileSrc\)\ filesrc5"
Got message #407 from element "typefindelement5" (state-changed): GstMessageStateChanged, old-state=(GstState)null, new-state=(GstState)ready, pending-state=(GstState)paused;
Got message #410 from pad "typefindelement5:sink" (stream-status): GstMessageStreamStatus, type=(GstStreamStatusType)create, owner=(GstElement)"\(GstTypeFindElement\)\ typefindelement5", object=(GstTask)"\(GstTask\)\ typefindelement5:sink";
Got message #411 from element "typefindelement5" (state-changed): GstMessageStateChanged, old-state=(GstState)ready, new-state=(GstState)paused, pending-state=(GstState)void-pending;
Got message #412 from element "filesrc5" (state-changed): GstMessageStateChanged, old-state=(GstState)null, new-state=(GstState)ready, pending-state=(GstState)paused;
Got message #413 from element "filesrc5" (state-changed): GstMessageStateChanged, old-state=(GstState)ready, new-state=(GstState)paused, pending-state=(GstState)void-pending;
Got message #414 from element "urisourcebin4" (state-changed): GstMessageStateChanged, old-state=(GstState)ready, new-state=(GstState)paused, pending-state=(GstState)void-pending;
Got message #415 from pad "typefindelement5:sink" (stream-status): GstMessageStreamStatus, type=(GstStreamStatusType)enter, owner=(GstElement)"\(GstTypeFindElement\)\ typefindelement5", object=(GstTask)"\(GstTask\)\ typefindelement5:sink";
Got message #418 from element "urisourcebin3" (property-notify): GstMessagePropertyNotify, property-name=(string)source, property-value=(GstElement)"\(GstFileSrc\)\ filesrc6";
/GstPipeline:pipeline0/GstURISourceBin:urisourcebin3: source = "\(GstFileSrc\)\ filesrc6"
Got message #422 from element "typefindelement6" (state-changed): GstMessageStateChanged, old-state=(GstState)null, new-state=(GstState)ready, pending-state=(GstState)paused;
Got message #425 from pad "typefindelement6:sink" (stream-status): GstMessageStreamStatus, type=(GstStreamStatusType)create, owner=(GstElement)"\(GstTypeFindElement\)\ typefindelement6", object=(GstTask)"\(GstTask\)\ typefindelement6:sink";
Got message #426 from element "typefindelement6" (state-changed): GstMessageStateChanged, old-state=(GstState)ready, new-state=(GstState)paused, pending-state=(GstState)void-pending;
Got message #427 from element "filesrc6" (state-changed): GstMessageStateChanged, old-state=(GstState)null, new-state=(GstState)ready, pending-state=(GstState)paused;
Got message #428 from element "filesrc6" (state-changed): GstMessageStateChanged, old-state=(GstState)ready, new-state=(GstState)paused, pending-state=(GstState)void-pending;
Got message #429 from element "urisourcebin3" (state-changed): GstMessageStateChanged, old-state=(GstState)ready, new-state=(GstState)paused, pending-state=(GstState)void-pending;
Got message #430 from pad "typefindelement6:sink" (stream-status): GstMessageStreamStatus, type=(GstStreamStatusType)enter, owner=(GstElement)"\(GstTypeFindElement\)\ typefindelement6", object=(GstTask)"\(GstTask\)\ typefindelement6:sink";
Got message #433 from element "urisourcebin2" (property-notify): GstMessagePropertyNotify, property-name=(string)source, property-value=(GstElement)"\(GstFileSrc\)\ filesrc7";
/GstPipeline:pipeline0/GstURISourceBin:urisourcebin2: source = "\(GstFileSrc\)\ filesrc7"
Got message #437 from element "typefindelement7" (state-changed): GstMessageStateChanged, old-state=(GstState)null, new-state=(GstState)ready, pending-state=(GstState)paused;
Got message #440 from pad "typefindelement7:sink" (stream-status): GstMessageStreamStatus, type=(GstStreamStatusType)create, owner=(GstElement)"\(GstTypeFindElement\)\ typefindelement7", object=(GstTask)"\(GstTask\)\ typefindelement7:sink";
Got message #441 from element "typefindelement7" (state-changed): GstMessageStateChanged, old-state=(GstState)ready, new-state=(GstState)paused, pending-state=(GstState)void-pending;
Got message #442 from element "filesrc7" (state-changed): GstMessageStateChanged, old-state=(GstState)null, new-state=(GstState)ready, pending-state=(GstState)paused;
Got message #443 from element "filesrc7" (state-changed): GstMessageStateChanged, old-state=(GstState)ready, new-state=(GstState)paused, pending-state=(GstState)void-pending;
Got message #444 from element "urisourcebin2" (state-changed): GstMessageStateChanged, old-state=(GstState)ready, new-state=(GstState)paused, pending-state=(GstState)void-pending;
Got message #445 from pad "typefindelement7:sink" (stream-status): GstMessageStreamStatus, type=(GstStreamStatusType)enter, owner=(GstElement)"\(GstTypeFindElement\)\ typefindelement7", object=(GstTask)"\(GstTask\)\ typefindelement7:sink";
Got message #448 from element "urisourcebin1" (property-notify): GstMessagePropertyNotify, property-name=(string)source, property-value=(GstElement)"\(GstFileSrc\)\ filesrc8";
/GstPipeline:pipeline0/GstURISourceBin:urisourcebin1: source = "\(GstFileSrc\)\ filesrc8"
Got message #452 from element "typefindelement8" (state-changed): GstMessageStateChanged, old-state=(GstState)null, new-state=(GstState)ready, pending-state=(GstState)paused;
Got message #455 from pad "typefindelement8:sink" (stream-status): GstMessageStreamStatus, type=(GstStreamStatusType)create, owner=(GstElement)"\(GstTypeFindElement\)\ typefindelement8", object=(GstTask)"\(GstTask\)\ typefindelement8:sink";
Got message #456 from element "typefindelement8" (state-changed): GstMessageStateChanged, old-state=(GstState)ready, new-state=(GstState)paused, pending-state=(GstState)void-pending;
Got message #457 from element "filesrc8" (state-changed): GstMessageStateChanged, old-state=(GstState)null, new-state=(GstState)ready, pending-state=(GstState)paused;
Got message #458 from element "filesrc8" (state-changed): GstMessageStateChanged, old-state=(GstState)ready, new-state=(GstState)paused, pending-state=(GstState)void-pending;
Got message #459 from element "urisourcebin1" (state-changed): GstMessageStateChanged, old-state=(GstState)ready, new-state=(GstState)paused, pending-state=(GstState)void-pending;
Got message #460 from pad "typefindelement8:sink" (stream-status): GstMessageStreamStatus, type=(GstStreamStatusType)enter, owner=(GstElement)"\(GstTypeFindElement\)\ typefindelement8", object=(GstTask)"\(GstTask\)\ typefindelement8:sink";
Got message #463 from element "urisourcebin0" (property-notify): GstMessagePropertyNotify, property-name=(string)source, property-value=(GstElement)"\(GstFileSrc\)\ filesrc9";
/GstPipeline:pipeline0/GstURISourceBin:urisourcebin0: source = "\(GstFileSrc\)\ filesrc9"
Got message #467 from element "typefindelement9" (state-changed): GstMessageStateChanged, old-state=(GstState)null, new-state=(GstState)ready, pending-state=(GstState)paused;
Got message #470 from pad "typefindelement9:sink" (stream-status): GstMessageStreamStatus, type=(GstStreamStatusType)create, owner=(GstElement)"\(GstTypeFindElement\)\ typefindelement9", object=(GstTask)"\(GstTask\)\ typefindelement9:sink";
Got message #471 from element "typefindelement9" (state-changed): GstMessageStateChanged, old-state=(GstState)ready, new-state=(GstState)paused, pending-state=(GstState)void-pending;
Got message #472 from element "filesrc9" (state-changed): GstMessageStateChanged, old-state=(GstState)null, new-state=(GstState)ready, pending-state=(GstState)paused;
Got message #473 from element "filesrc9" (state-changed): GstMessageStateChanged, old-state=(GstState)ready, new-state=(GstState)paused, pending-state=(GstState)void-pending;
Got message #474 from element "urisourcebin0" (state-changed): GstMessageStateChanged, old-state=(GstState)ready, new-state=(GstState)paused, pending-state=(GstState)void-pending;
Got message #475 from pad "typefindelement9:sink" (stream-status): GstMessageStreamStatus, type=(GstStreamStatusType)enter, owner=(GstElement)"\(GstTypeFindElement\)\ typefindelement9", object=(GstTask)"\(GstTask\)\ typefindelement9:sink";
Got message #478 from pad "typefindelement9:src" (property-notify): GstMessagePropertyNotify, property-name=(string)caps, property-value=(GstCaps)"video/quicktime\,\ variant\=\(string\)iso";
/GstPipeline:pipeline0/GstURISourceBin:urisourcebin0/GstTypeFindElement:typefindelement9.GstPad:src: caps = video/quicktime, variant=(string)iso
Got message #485 from pad "urisourcebin0:src_0" (property-notify): GstMessagePropertyNotify, property-name=(string)caps, property-value=(GstCaps)"video/quicktime\,\ variant\=\(string\)iso";
/GstPipeline:pipeline0/GstURISourceBin:urisourcebin0.GstGhostPad:src_0: caps = video/quicktime, variant=(string)iso
Got message #486 from pad "sink:proxypad0" (property-notify): GstMessagePropertyNotify, property-name=(string)caps, property-value=(GstCaps)"video/quicktime\,\ variant\=\(string\)iso";
/GstPipeline:pipeline0/GstDecodeBin:decodebin0.GstGhostPad:sink.GstProxyPad:proxypad0: caps = video/quicktime, variant=(string)iso
Got message #488 from pad "typefind:src" (property-notify): GstMessagePropertyNotify, property-name=(string)caps, property-value=(GstCaps)"video/quicktime\,\ variant\=\(string\)iso";
/GstPipeline:pipeline0/GstDecodeBin:decodebin0/GstTypeFindElement:typefind.GstPad:src: caps = video/quicktime, variant=(string)iso
Got message #493 from pad "typefindelement0:src" (property-notify): GstMessagePropertyNotify, property-name=(string)caps, property-value=(GstCaps)"video/quicktime\,\ variant\=\(string\)iso";
/GstPipeline:pipeline0/GstURISourceBin:urisourcebin9/GstTypeFindElement:typefindelement0.GstPad:src: caps = video/quicktime, variant=(string)iso
Got message #495 from pad "typefindelement2:src" (property-notify): GstMessagePropertyNotify, property-name=(string)caps, property-value=(GstCaps)"video/quicktime\,\ variant\=\(string\)iso";
/GstPipeline:pipeline0/GstURISourceBin:urisourcebin7/GstTypeFindElement:typefindelement2.GstPad:src: caps = video/quicktime, variant=(string)iso
Got message #502 from pad "typefindelement6:src" (property-notify): GstMessagePropertyNotify, property-name=(string)caps, property-value=(GstCaps)"video/quicktime\,\ variant\=\(string\)iso";
/GstPipeline:pipeline0/GstURISourceBin:urisourcebin3/GstTypeFindElement:typefindelement6.GstPad:src: caps = video/quicktime, variant=(string)iso
Got message #504 from pad "typefindelement6:src" (property-notify): GstMessagePropertyNotify, property-name=(string)caps, property-value=(GstCaps)"video/quicktime\,\ variant\=\(string\)iso";
/GstPipeline:pipeline0/GstURISourceBin:urisourcebin3/GstTypeFindElement:typefindelement6.GstPad:src: caps = video/quicktime, variant=(string)iso
Got message #507 from pad "typefindelement8:src" (property-notify): GstMessagePropertyNotify, property-name=(string)caps, property-value=(GstCaps)"video/quicktime\,\ variant\=\(string\)iso";
/GstPipeline:pipeline0/GstURISourceBin:urisourcebin1/GstTypeFindElement:typefindelement8.GstPad:src: caps = video/quicktime, variant=(string)iso
Got message #508 from pad "typefindelement8:src" (property-notify): GstMessagePropertyNotify, property-name=(string)caps, property-value=(GstCaps)"video/quicktime\,\ variant\=\(string\)iso";
/GstPipeline:pipeline0/GstURISourceBin:urisourcebin1/GstTypeFindElement:typefindelement8.GstPad:src: caps = video/quicktime, variant=(string)iso
Got message #514 from pad "urisourcebin9:src_0" (property-notify): GstMessagePropertyNotify, property-name=(string)caps, property-value=(GstCaps)"video/quicktime\,\ variant\=\(string\)iso";
/GstPipeline:pipeline0/GstURISourceBin:urisourcebin9.GstGhostPad:src_0: caps = video/quicktime, variant=(string)iso
Got message #515 from pad "sink:proxypad9" (property-notify): GstMessagePropertyNotify, property-name=(string)caps, property-value=(GstCaps)"video/quicktime\,\ variant\=\(string\)iso";
/GstPipeline:pipeline0/GstDecodeBin:decodebin9.GstGhostPad:sink.GstProxyPad:proxypad9: caps = video/quicktime, variant=(string)iso
Got message #520 from pad "typefind:src" (property-notify): GstMessagePropertyNotify, property-name=(string)caps, property-value=(GstCaps)"video/quicktime\,\ variant\=\(string\)iso";
/GstPipeline:pipeline0/GstDecodeBin:decodebin9/GstTypeFindElement:typefind.GstPad:src: caps = video/quicktime, variant=(string)iso
Got message #521 from pad "urisourcebin7:src_0" (property-notify): GstMessagePropertyNotify, property-name=(string)caps, property-value=(GstCaps)"video/quicktime\,\ variant\=\(string\)iso";
/GstPipeline:pipeline0/GstURISourceBin:urisourcebin7.GstGhostPad:src_0: caps = video/quicktime, variant=(string)iso
Got message #523 from pad "sink:proxypad7" (property-notify): GstMessagePropertyNotify, property-name=(string)caps, property-value=(GstCaps)"video/quicktime\,\ variant\=\(string\)iso";
/GstPipeline:pipeline0/GstDecodeBin:decodebin7.GstGhostPad:sink.GstProxyPad:proxypad7: caps = video/quicktime, variant=(string)iso
Got message #527 from pad "sink:proxypad7" (property-notify): GstMessagePropertyNotify, property-name=(string)caps, property-value=(GstCaps)"video/quicktime\,\ variant\=\(string\)iso";
/GstPipeline:pipeline0/GstDecodeBin:decodebin7.GstGhostPad:sink.GstProxyPad:proxypad7: caps = video/quicktime, variant=(string)iso
Got message #537 from pad "typefind:src" (property-notify): GstMessagePropertyNotify, property-name=(string)caps, property-value=(GstCaps)"video/quicktime\,\ variant\=\(string\)iso";
/GstPipeline:pipeline0/GstDecodeBin:decodebin7/GstTypeFindElement:typefind.GstPad:src: caps = video/quicktime, variant=(string)iso
Got message #561 from pad "urisourcebin1:src_0" (property-notify): GstMessagePropertyNotify, property-name=(string)caps, property-value=(GstCaps)"video/quicktime\,\ variant\=\(string\)iso";
/GstPipeline:pipeline0/GstURISourceBin:urisourcebin1.GstGhostPad:src_0: caps = video/quicktime, variant=(string)iso
Got message #567 from pad "urisourcebin2:src_0" (property-notify): GstMessagePropertyNotify, property-name=(string)caps, property-value=(GstCaps)"video/quicktime\,\ variant\=\(string\)iso";
/GstPipeline:pipeline0/GstURISourceBin:urisourcebin2.GstGhostPad:src_0: caps = video/quicktime, variant=(string)iso
Got message #568 from pad "sink:proxypad1" (property-notify): GstMessagePropertyNotify, property-name=(string)caps, property-value=(GstCaps)"video/quicktime\,\ variant\=\(string\)iso";
/GstPipeline:pipeline0/GstDecodeBin:decodebin1.GstGhostPad:sink.GstProxyPad:proxypad1: caps = video/quicktime, variant=(string)iso
Got message #570 from pad "sink:proxypad8" (property-notify): GstMessagePropertyNotify, property-name=(string)caps, property-value=(GstCaps)"video/quicktime\,\ variant\=\(string\)iso";
/GstPipeline:pipeline0/GstDecodeBin:decodebin8.GstGhostPad:sink.GstProxyPad:proxypad8: caps = video/quicktime, variant=(string)iso
Got message #571 from pad "sink:proxypad8" (property-notify): GstMessagePropertyNotify, property-name=(string)caps, property-value=(GstCaps)"video/quicktime\,\ variant\=\(string\)iso";
/GstPipeline:pipeline0/GstDecodeBin:decodebin8.GstGhostPad:sink.GstProxyPad:proxypad8: caps = video/quicktime, variant=(string)iso
Got message #574 from pad "sink:proxypad2" (property-notify): GstMessagePropertyNotify, property-name=(string)caps, property-value=(GstCaps)"video/quicktime\,\ variant\=\(string\)iso";
/GstPipeline:pipeline0/GstDecodeBin:decodebin2.GstGhostPad:sink.GstProxyPad:proxypad2: caps = video/quicktime, variant=(string)iso
Got message #577 from pad "sink:proxypad2" (property-notify): GstMessagePropertyNotify, property-name=(string)caps, property-value=(GstCaps)"video/quicktime\,\ variant\=\(string\)iso";
/GstPipeline:pipeline0/GstDecodeBin:decodebin2.GstGhostPad:sink.GstProxyPad:proxypad2: caps = video/quicktime, variant=(string)iso
Got message #579 from pad "sink:proxypad2" (property-notify): GstMessagePropertyNotify, property-name=(string)caps, property-value=(GstCaps)"video/quicktime\,\ variant\=\(string\)iso";
/GstPipeline:pipeline0/GstDecodeBin:decodebin2.GstGhostPad:sink.GstProxyPad:proxypad2: caps = video/quicktime, variant=(string)iso
Got message #582 from pad "typefind:src" (property-notify): GstMessagePropertyNotify, property-name=(string)caps, property-value=(GstCaps)"video/quicktime\,\ variant\=\(string\)iso";
/GstPipeline:pipeline0/GstDecodeBin:decodebin6/GstTypeFindElement:typefind.GstPad:src: caps = video/quicktime, variant=(string)iso
Got message #586 from pad "typefind:src" (property-notify): GstMessagePropertyNotify, property-name=(string)caps, property-value=(GstCaps)"video/quicktime\,\ variant\=\(string\)iso";
/GstPipeline:pipeline0/GstDecodeBin:decodebin6/GstTypeFindElement:typefind.GstPad:src: caps = video/quicktime, variant=(string)iso
Got message #589 from pad "typefind:src" (property-notify): GstMessagePropertyNotify, property-name=(string)caps, property-value=(GstCaps)"video/quicktime\,\ variant\=\(string\)iso";
/GstPipeline:pipeline0/GstDecodeBin:decodebin3/GstTypeFindElement:typefind.GstPad:src: caps = video/quicktime, variant=(string)iso
Got message #590 from pad "typefind:src" (property-notify): GstMessagePropertyNotify, property-name=(string)caps, property-value=(GstCaps)"video/quicktime\,\ variant\=\(string\)iso";
/GstPipeline:pipeline0/GstDecodeBin:decodebin2/GstTypeFindElement:typefind.GstPad:src: caps = video/quicktime, variant=(string)iso
Got message #592 from pad "urisourcebin5:src_0" (property-notify): GstMessagePropertyNotify, property-name=(string)caps, property-value=(GstCaps)"video/quicktime\,\ variant\=\(string\)iso";
/GstPipeline:pipeline0/GstURISourceBin:urisourcebin5.GstGhostPad:src_0: caps = video/quicktime, variant=(string)iso
Got message #595 from pad "urisourcebin5:src_0" (property-notify): GstMessagePropertyNotify, property-name=(string)caps, property-value=(GstCaps)"video/quicktime\,\ variant\=\(string\)iso";
/GstPipeline:pipeline0/GstURISourceBin:urisourcebin5.GstGhostPad:src_0: caps = video/quicktime, variant=(string)iso
Got message #601 from pad "sink:proxypad5" (property-notify): GstMessagePropertyNotify, property-name=(string)caps, property-value=(GstCaps)"video/quicktime\,\ variant\=\(string\)iso";
/GstPipeline:pipeline0/GstDecodeBin:decodebin5.GstGhostPad:sink.GstProxyPad:proxypad5: caps = video/quicktime, variant=(string)iso
Got message #606 from pad "typefind:src" (property-notify): GstMessagePropertyNotify, property-name=(string)caps, property-value=(GstCaps)"video/quicktime\,\ variant\=\(string\)iso";
/GstPipeline:pipeline0/GstDecodeBin:decodebin5/GstTypeFindElement:typefind.GstPad:src: caps = video/quicktime, variant=(string)iso
Got message #617 from pad "urisourcebin4:src_0" (property-notify): GstMessagePropertyNotify, property-name=(string)caps, property-value=(GstCaps)"video/quicktime\,\ variant\=\(string\)iso";
/GstPipeline:pipeline0/GstURISourceBin:urisourcebin4.GstGhostPad:src_0: caps = video/quicktime, variant=(string)iso
Got message #618 from pad "sink:proxypad4" (property-notify): GstMessagePropertyNotify, property-name=(string)caps, property-value=(GstCaps)"video/quicktime\,\ variant\=\(string\)iso";
/GstPipeline:pipeline0/GstDecodeBin:decodebin4.GstGhostPad:sink.GstProxyPad:proxypad4: caps = video/quicktime, variant=(string)iso
Got message #620 from pad "typefind:src" (property-notify): GstMessagePropertyNotify, property-name=(string)caps, property-value=(GstCaps)"video/quicktime\,\ variant\=\(string\)iso";
/GstPipeline:pipeline0/GstDecodeBin:decodebin4/GstTypeFindElement:typefind.GstPad:src: caps = video/quicktime, variant=(string)iso
Got message #708 from element "qtdemux0" (state-changed): GstMessageStateChanged, old-state=(GstState)null, new-state=(GstState)ready, pending-state=(GstState)void-pending;
Got message #710 from element "qtdemux1" (state-changed): GstMessageStateChanged, old-state=(GstState)null, new-state=(GstState)ready, pending-state=(GstState)void-pending;
Got message #714 from element "qtdemux2" (state-changed): GstMessageStateChanged, old-state=(GstState)null, new-state=(GstState)ready, pending-state=(GstState)void-pending;
Got message #720 from element "qtdemux3" (state-changed): GstMessageStateChanged, old-state=(GstState)null, new-state=(GstState)ready, pending-state=(GstState)void-pending;
Got message #722 from element "qtdemux4" (state-changed): GstMessageStateChanged, old-state=(GstState)null, new-state=(GstState)ready, pending-state=(GstState)void-pending;
Got message #726 from pad "typefind:src" (property-notify): GstMessagePropertyNotify, property-name=(string)caps, property-value=(GstCaps)"NULL";
/GstPipeline:pipeline0/GstDecodeBin:decodebin5/GstTypeFindElement:typefind.GstPad:src: caps = NULL
Got message #728 from pad "typefind:src" (property-notify): GstMessagePropertyNotify, property-name=(string)caps, property-value=(GstCaps)"NULL";
/GstPipeline:pipeline0/GstDecodeBin:decodebin5/GstTypeFindElement:typefind.GstPad:src: caps = NULL
Got message #729 from element "qtdemux7" (state-changed): GstMessageStateChanged, old-state=(GstState)null, new-state=(GstState)ready, pending-state=(GstState)void-pending;
Got message #731 from pad "sink:proxypad5" (property-notify): GstMessagePropertyNotify, property-name=(string)caps, property-value=(GstCaps)"NULL";
/GstPipeline:pipeline0/GstDecodeBin:decodebin5.GstGhostPad:sink.GstProxyPad:proxypad5: caps = NULL
Got message #733 from element "qtdemux6" (state-changed): GstMessageStateChanged, old-state=(GstState)null, new-state=(GstState)ready, pending-state=(GstState)void-pending;
Got message #736 from pad "sink:proxypad5" (property-notify): GstMessagePropertyNotify, property-name=(string)caps, property-value=(GstCaps)"NULL";
/GstPipeline:pipeline0/GstDecodeBin:decodebin5.GstGhostPad:sink.GstProxyPad:proxypad5: caps = NULL
Got message #738 from pad "qtdemux0:sink" (stream-status): GstMessageStreamStatus, type=(GstStreamStatusType)create, owner=(GstElement)"\(GstQTDemux\)\ qtdemux0", object=(GstTask)"\(GstTask\)\ task34";
Got message #741 from pad "sink:proxypad5" (property-notify): GstMessagePropertyNotify, property-name=(string)caps, property-value=(GstCaps)"NULL";
/GstPipeline:pipeline0/GstDecodeBin:decodebin5.GstGhostPad:sink.GstProxyPad:proxypad5: caps = NULL
Got message #742 from element "qtdemux5" (state-changed): GstMessageStateChanged, old-state=(GstState)null, new-state=(GstState)ready, pending-state=(GstState)void-pending;
Got message #746 from element "qtdemux9" (state-changed): GstMessageStateChanged, old-state=(GstState)null, new-state=(GstState)ready, pending-state=(GstState)void-pending;
Got message #748 from pad "sink:proxypad3" (property-notify): GstMessagePropertyNotify, property-name=(string)caps, property-value=(GstCaps)"NULL";
/GstPipeline:pipeline0/GstDecodeBin:decodebin3.GstGhostPad:sink.GstProxyPad:proxypad3: caps = NULL
Got message #749 from pad "sink:proxypad3" (property-notify): GstMessagePropertyNotify, property-name=(string)caps, property-value=(GstCaps)"NULL";
/GstPipeline:pipeline0/GstDecodeBin:decodebin3.GstGhostPad:sink.GstProxyPad:proxypad3: caps = NULL
Got message #750 from element "qtdemux8" (state-changed): GstMessageStateChanged, old-state=(GstState)null, new-state=(GstState)ready, pending-state=(GstState)void-pending;
Got message #751 from pad "sink:proxypad3" (property-notify): GstMessagePropertyNotify, property-name=(string)caps, property-value=(GstCaps)"NULL";
/GstPipeline:pipeline0/GstDecodeBin:decodebin3.GstGhostPad:sink.GstProxyPad:proxypad3: caps = NULL
Got message #752 from pad "sink:proxypad3" (property-notify): GstMessagePropertyNotify, property-name=(string)caps, property-value=(GstCaps)"NULL";
/GstPipeline:pipeline0/GstDecodeBin:decodebin3.GstGhostPad:sink.GstProxyPad:proxypad3: caps = NULL
Got message #753 from pad "qtdemux4:sink" (stream-status): GstMessageStreamStatus, type=(GstStreamStatusType)create, owner=(GstElement)"\(GstQTDemux\)\ qtdemux4", object=(GstTask)"\(GstTask\)\ task35";
Got message #754 from pad "typefindelement0:src" (property-notify): GstMessagePropertyNotify, property-name=(string)caps, property-value=(GstCaps)"NULL";
/GstPipeline:pipeline0/GstURISourceBin:urisourcebin9/GstTypeFindElement:typefindelement0.GstPad:src: caps = NULL
Got message #755 from pad "typefindelement0:src" (property-notify): GstMessagePropertyNotify, property-name=(string)caps, property-value=(GstCaps)"NULL";
/GstPipeline:pipeline0/GstURISourceBin:urisourcebin9/GstTypeFindElement:typefindelement0.GstPad:src: caps = NULL
Got message #756 from pad "typefindelement0:src" (property-notify): GstMessagePropertyNotify, property-name=(string)caps, property-value=(GstCaps)"NULL";
/GstPipeline:pipeline0/GstURISourceBin:urisourcebin9/GstTypeFindElement:typefindelement0.GstPad:src: caps = NULL
Got message #757 from pad "typefindelement0:src" (property-notify): GstMessagePropertyNotify, property-name=(string)caps, property-value=(GstCaps)"NULL";
/GstPipeline:pipeline0/GstURISourceBin:urisourcebin9/GstTypeFindElement:typefindelement0.GstPad:src: caps = NULL
Got message #758 from pad "qtdemux1:sink" (stream-status): GstMessageStreamStatus, type=(GstStreamStatusType)create, owner=(GstElement)"\(GstQTDemux\)\ qtdemux1", object=(GstTask)"\(GstTask\)\ task36";
Got message #759 from pad "typefind:src" (property-notify): GstMessagePropertyNotify, property-name=(string)caps, property-value=(GstCaps)"NULL";
/GstPipeline:pipeline0/GstDecodeBin:decodebin7/GstTypeFindElement:typefind.GstPad:src: caps = NULL
Got message #760 from pad "qtdemux2:sink" (stream-status): GstMessageStreamStatus, type=(GstStreamStatusType)create, owner=(GstElement)"\(GstQTDemux\)\ qtdemux2", object=(GstTask)"\(GstTask\)\ qtdemux2:sink";
Got message #762 from pad "typefind:src" (property-notify): GstMessagePropertyNotify, property-name=(string)caps, property-value=(GstCaps)"NULL";
/GstPipeline:pipeline0/GstDecodeBin:decodebin7/GstTypeFindElement:typefind.GstPad:src: caps = NULL
Got message #763 from element "qtdemux0" (state-changed): GstMessageStateChanged, old-state=(GstState)ready, new-state=(GstState)paused, pending-state=(GstState)void-pending;
Got message #761 from pad "qtdemux7:sink" (stream-status): GstMessageStreamStatus, type=(GstStreamStatusType)create, owner=(GstElement)"\(GstQTDemux\)\ qtdemux7", object=(GstTask)"\(GstTask\)\ task38";
Got message #764 from pad "typefind:src" (property-notify): GstMessagePropertyNotify, property-name=(string)caps, property-value=(GstCaps)"NULL";
/GstPipeline:pipeline0/GstDecodeBin:decodebin7/GstTypeFindElement:typefind.GstPad:src: caps = NULL
Got message #765 from pad "qtdemux6:sink" (stream-status): GstMessageStreamStatus, type=(GstStreamStatusType)create, owner=(GstElement)"\(GstQTDemux\)\ qtdemux6", object=(GstTask)"\(GstTask\)\ task39";
Got message #766 from pad "typefindelement9:src" (property-notify): GstMessagePropertyNotify, property-name=(string)caps, property-value=(GstCaps)"NULL";
/GstPipeline:pipeline0/GstURISourceBin:urisourcebin0/GstTypeFindElement:typefindelement9.GstPad:src: caps = NULL
Got message #767 from pad "urisourcebin8:src_0" (property-notify): GstMessagePropertyNotify, property-name=(string)caps, property-value=(GstCaps)"NULL";
/GstPipeline:pipeline0/GstURISourceBin:urisourcebin8.GstGhostPad:src_0: caps = NULL
Got message #768 from pad "urisourcebin8:src_0" (property-notify): GstMessagePropertyNotify, property-name=(string)caps, property-value=(GstCaps)"NULL";
/GstPipeline:pipeline0/GstURISourceBin:urisourcebin8.GstGhostPad:src_0: caps = NULL
Got message #769 from pad "qtdemux3:sink" (stream-status): GstMessageStreamStatus, type=(GstStreamStatusType)create, owner=(GstElement)"\(GstQTDemux\)\ qtdemux3", object=(GstTask)"\(GstTask\)\ task40";
Got message #770 from pad "urisourcebin2:src_0" (property-notify): GstMessagePropertyNotify, property-name=(string)caps, property-value=(GstCaps)"NULL";
/GstPipeline:pipeline0/GstURISourceBin:urisourcebin2.GstGhostPad:src_0: caps = NULL
Got message #771 from pad "urisourcebin2:src_0" (property-notify): GstMessagePropertyNotify, property-name=(string)caps, property-value=(GstCaps)"NULL";
/GstPipeline:pipeline0/GstURISourceBin:urisourcebin2.GstGhostPad:src_0: caps = NULL
Got message #772 from pad "urisourcebin2:src_0" (property-notify): GstMessagePropertyNotify, property-name=(string)caps, property-value=(GstCaps)"NULL";
/GstPipeline:pipeline0/GstURISourceBin:urisourcebin2.GstGhostPad:src_0: caps = NULL
Got message #773 from pad "qtdemux5:sink" (stream-status): GstMessageStreamStatus, type=(GstStreamStatusType)create, owner=(GstElement)"\(GstQTDemux\)\ qtdemux5", object=(GstTask)"\(GstTask\)\ task41";
Got message #774 from pad "typefindelement7:src" (property-notify): GstMessagePropertyNotify, property-name=(string)caps, property-value=(GstCaps)"NULL";
/GstPipeline:pipeline0/GstURISourceBin:urisourcebin2/GstTypeFindElement:typefindelement7.GstPad:src: caps = NULL
Got message #775 from pad "qtdemux9:sink" (stream-status): GstMessageStreamStatus, type=(GstStreamStatusType)create, owner=(GstElement)"\(GstQTDemux\)\ qtdemux9", object=(GstTask)"\(GstTask\)\ task42";
Got message #776 from pad "qtdemux8:sink" (stream-status): GstMessageStreamStatus, type=(GstStreamStatusType)create, owner=(GstElement)"\(GstQTDemux\)\ qtdemux8", object=(GstTask)"\(GstTask\)\ task43";
Got message #777 from element "qtdemux2" (state-changed): GstMessageStateChanged, old-state=(GstState)ready, new-state=(GstState)paused, pending-state=(GstState)void-pending;
Got message #778 from pad "qtdemux0:sink" (stream-status): GstMessageStreamStatus, type=(GstStreamStatusType)enter, owner=(GstElement)"\(GstQTDemux\)\ qtdemux0", object=(GstTask)"\(GstTask\)\ qtdemux0:sink";
Got message #779 from pad "typefind:sink" (property-notify): GstMessagePropertyNotify, property-name=(string)caps, property-value=(GstCaps)"video/quicktime\,\ variant\=\(string\)iso";
/GstPipeline:pipeline0/GstDecodeBin:decodebin5/GstTypeFindElement:typefind.GstPad:sink: caps = video/quicktime, variant=(string)iso
Got message #780 from pad "decodebin5:sink" (property-notify): GstMessagePropertyNotify, property-name=(string)caps, property-value=(GstCaps)"video/quicktime\,\ variant\=\(string\)iso";
/GstPipeline:pipeline0/GstDecodeBin:decodebin5.GstGhostPad:sink: caps = video/quicktime, variant=(string)iso
Got message #781 from pad "src_0:proxypad21" (property-notify): GstMessagePropertyNotify, property-name=(string)caps, property-value=(GstCaps)"video/quicktime\,\ variant\=\(string\)iso";
/GstPipeline:pipeline0/GstURISourceBin:urisourcebin5.GstGhostPad:src_0.GstProxyPad:proxypad21: caps = video/quicktime, variant=(string)iso
Got message #782 from element "qtdemux1" (state-changed): GstMessageStateChanged, old-state=(GstState)ready, new-state=(GstState)paused, pending-state=(GstState)void-pending;
Got message #783 from pad "qtdemux2:sink" (stream-status): GstMessageStreamStatus, type=(GstStreamStatusType)enter, owner=(GstElement)"\(GstQTDemux\)\ qtdemux2", object=(GstTask)"\(GstTask\)\ qtdemux2:sink";
Got message #784 from pad "typefind:sink" (property-notify): GstMessagePropertyNotify, property-name=(string)caps, property-value=(GstCaps)"video/quicktime\,\ variant\=\(string\)iso";
/GstPipeline:pipeline0/GstDecodeBin:decodebin3/GstTypeFindElement:typefind.GstPad:sink: caps = video/quicktime, variant=(string)iso
Got message #785 from pad "decodebin3:sink" (property-notify): GstMessagePropertyNotify, property-name=(string)caps, property-value=(GstCaps)"video/quicktime\,\ variant\=\(string\)iso";
/GstPipeline:pipeline0/GstDecodeBin:decodebin3.GstGhostPad:sink: caps = video/quicktime, variant=(string)iso
Got message #786 from pad "src_0:proxypad17" (property-notify): GstMessagePropertyNotify, property-name=(string)caps, property-value=(GstCaps)"video/quicktime\,\ variant\=\(string\)iso";
/GstPipeline:pipeline0/GstURISourceBin:urisourcebin3.GstGhostPad:src_0.GstProxyPad:proxypad17: caps = video/quicktime, variant=(string)iso
Got message #787 from element "qtdemux4" (state-changed): GstMessageStateChanged, old-state=(GstState)ready, new-state=(GstState)paused, pending-state=(GstState)void-pending;
Got message #788 from pad "qtdemux1:sink" (stream-status): GstMessageStreamStatus, type=(GstStreamStatusType)enter, owner=(GstElement)"\(GstQTDemux\)\ qtdemux1", object=(GstTask)"\(GstTask\)\ qtdemux1:sink";
Got message #789 from pad "typefind:sink" (property-notify): GstMessagePropertyNotify, property-name=(string)caps, property-value=(GstCaps)"video/quicktime\,\ variant\=\(string\)iso";
/GstPipeline:pipeline0/GstDecodeBin:decodebin6/GstTypeFindElement:typefind.GstPad:sink: caps = video/quicktime, variant=(string)iso
Got message #790 from pad "decodebin6:sink" (property-notify): GstMessagePropertyNotify, property-name=(string)caps, property-value=(GstCaps)"video/quicktime\,\ variant\=\(string\)iso";
/GstPipeline:pipeline0/GstDecodeBin:decodebin6.GstGhostPad:sink: caps = video/quicktime, variant=(string)iso
Got message #791 from pad "src_0:proxypad18" (property-notify): GstMessagePropertyNotify, property-name=(string)caps, property-value=(GstCaps)"video/quicktime\,\ variant\=\(string\)iso";
/GstPipeline:pipeline0/GstURISourceBin:urisourcebin6.GstGhostPad:src_0.GstProxyPad:proxypad18: caps = video/quicktime, variant=(string)iso
Got message #792 from element "qtdemux7" (state-changed): GstMessageStateChanged, old-state=(GstState)ready, new-state=(GstState)paused, pending-state=(GstState)void-pending;
Got message #793 from pad "qtdemux4:sink" (stream-status): GstMessageStreamStatus, type=(GstStreamStatusType)enter, owner=(GstElement)"\(GstQTDemux\)\ qtdemux4", object=(GstTask)"\(GstTask\)\ qtdemux4:sink";
Got message #794 from pad "typefind:sink" (property-notify): GstMessagePropertyNotify, property-name=(string)caps, property-value=(GstCaps)"video/quicktime\,\ variant\=\(string\)iso";
/GstPipeline:pipeline0/GstDecodeBin:decodebin9/GstTypeFindElement:typefind.GstPad:sink: caps = video/quicktime, variant=(string)iso
Got message #795 from pad "decodebin9:sink" (property-notify): GstMessagePropertyNotify, property-name=(string)caps, property-value=(GstCaps)"video/quicktime\,\ variant\=\(string\)iso";
/GstPipeline:pipeline0/GstDecodeBin:decodebin9.GstGhostPad:sink: caps = video/quicktime, variant=(string)iso
Got message #796 from pad "src_0:proxypad12" (property-notify): GstMessagePropertyNotify, property-name=(string)caps, property-value=(GstCaps)"video/quicktime\,\ variant\=\(string\)iso";
/GstPipeline:pipeline0/GstURISourceBin:urisourcebin9.GstGhostPad:src_0.GstProxyPad:proxypad12: caps = video/quicktime, variant=(string)iso
Got message #801 from element "qtdemux6" (state-changed): GstMessageStateChanged, old-state=(GstState)ready, new-state=(GstState)paused, pending-state=(GstState)void-pending;
Got message #802 from pad "qtdemux7:sink" (stream-status): GstMessageStreamStatus, type=(GstStreamStatusType)enter, owner=(GstElement)"\(GstQTDemux\)\ qtdemux7", object=(GstTask)"\(GstTask\)\ qtdemux7:sink";
Got message #803 from pad "typefind:sink" (property-notify): GstMessagePropertyNotify, property-name=(string)caps, property-value=(GstCaps)"video/quicktime\,\ variant\=\(string\)iso";
/GstPipeline:pipeline0/GstDecodeBin:decodebin1/GstTypeFindElement:typefind.GstPad:sink: caps = video/quicktime, variant=(string)iso
Got message #804 from pad "decodebin1:sink" (property-notify): GstMessagePropertyNotify, property-name=(string)caps, property-value=(GstCaps)"video/quicktime\,\ variant\=\(string\)iso";
/GstPipeline:pipeline0/GstDecodeBin:decodebin1.GstGhostPad:sink: caps = video/quicktime, variant=(string)iso
Got message #805 from pad "src_0:proxypad14" (property-notify): GstMessagePropertyNotify, property-name=(string)caps, property-value=(GstCaps)"video/quicktime\,\ variant\=\(string\)iso";
/GstPipeline:pipeline0/GstURISourceBin:urisourcebin1.GstGhostPad:src_0.GstProxyPad:proxypad14: caps = video/quicktime, variant=(string)iso
Got message #806 from element "qtdemux3" (state-changed): GstMessageStateChanged, old-state=(GstState)ready, new-state=(GstState)paused, pending-state=(GstState)void-pending;
Got message #809 from pad "qtdemux6:sink" (stream-status): GstMessageStreamStatus, type=(GstStreamStatusType)enter, owner=(GstElement)"\(GstQTDemux\)\ qtdemux6", object=(GstTask)"\(GstTask\)\ qtdemux6:sink";
Got message #810 from pad "typefind:sink" (property-notify): GstMessagePropertyNotify, property-name=(string)caps, property-value=(GstCaps)"video/quicktime\,\ variant\=\(string\)iso";
/GstPipeline:pipeline0/GstDecodeBin:decodebin0/GstTypeFindElement:typefind.GstPad:sink: caps = video/quicktime, variant=(string)iso
Got message #811 from pad "decodebin0:sink" (property-notify): GstMessagePropertyNotify, property-name=(string)caps, property-value=(GstCaps)"video/quicktime\,\ variant\=\(string\)iso";
/GstPipeline:pipeline0/GstDecodeBin:decodebin0.GstGhostPad:sink: caps = video/quicktime, variant=(string)iso
Got message #812 from pad "src_0:proxypad10" (property-notify): GstMessagePropertyNotify, property-name=(string)caps, property-value=(GstCaps)"video/quicktime\,\ variant\=\(string\)iso";
/GstPipeline:pipeline0/GstURISourceBin:urisourcebin0.GstGhostPad:src_0.GstProxyPad:proxypad10: caps = video/quicktime, variant=(string)iso
Got message #815 from element "qtdemux5" (state-changed): GstMessageStateChanged, old-state=(GstState)ready, new-state=(GstState)paused, pending-state=(GstState)void-pending;
Got message #817 from pad "qtdemux3:sink" (stream-status): GstMessageStreamStatus, type=(GstStreamStatusType)enter, owner=(GstElement)"\(GstQTDemux\)\ qtdemux3", object=(GstTask)"\(GstTask\)\ qtdemux3:sink";
Got message #819 from pad "typefind:sink" (property-notify): GstMessagePropertyNotify, property-name=(string)caps, property-value=(GstCaps)"video/quicktime\,\ variant\=\(string\)iso";
/GstPipeline:pipeline0/GstDecodeBin:decodebin8/GstTypeFindElement:typefind.GstPad:sink: caps = video/quicktime, variant=(string)iso
Got message #820 from pad "decodebin8:sink" (property-notify): GstMessagePropertyNotify, property-name=(string)caps, property-value=(GstCaps)"video/quicktime\,\ variant\=\(string\)iso";
/GstPipeline:pipeline0/GstDecodeBin:decodebin8.GstGhostPad:sink: caps = video/quicktime, variant=(string)iso
Got message #821 from pad "src_0:proxypad16" (property-notify): GstMessagePropertyNotify, property-name=(string)caps, property-value=(GstCaps)"video/quicktime\,\ variant\=\(string\)iso";
/GstPipeline:pipeline0/GstURISourceBin:urisourcebin8.GstGhostPad:src_0.GstProxyPad:proxypad16: caps = video/quicktime, variant=(string)iso
Got message #831 from element "qtdemux9" (state-changed): GstMessageStateChanged, old-state=(GstState)ready, new-state=(GstState)paused, pending-state=(GstState)void-pending;
Got message #832 from pad "qtdemux5:sink" (stream-status): GstMessageStreamStatus, type=(GstStreamStatusType)enter, owner=(GstElement)"\(GstQTDemux\)\ qtdemux5", object=(GstTask)"\(GstTask\)\ qtdemux5:sink";
Got message #836 from pad "typefind:sink" (property-notify): GstMessagePropertyNotify, property-name=(string)caps, property-value=(GstCaps)"video/quicktime\,\ variant\=\(string\)iso";
/GstPipeline:pipeline0/GstDecodeBin:decodebin7/GstTypeFindElement:typefind.GstPad:sink: caps = video/quicktime, variant=(string)iso
Got message #839 from pad "qtdemux9:sink" (stream-status): GstMessageStreamStatus, type=(GstStreamStatusType)enter, owner=(GstElement)"\(GstQTDemux\)\ qtdemux9", object=(GstTask)"\(GstTask\)\ qtdemux9:sink";
Got message #841 from pad "decodebin7:sink" (property-notify): GstMessagePropertyNotify, property-name=(string)caps, property-value=(GstCaps)"video/quicktime\,\ variant\=\(string\)iso";
/GstPipeline:pipeline0/GstDecodeBin:decodebin7.GstGhostPad:sink: caps = video/quicktime, variant=(string)iso
Got message #842 from pad "src_0:proxypad13" (property-notify): GstMessagePropertyNotify, property-name=(string)caps, property-value=(GstCaps)"video/quicktime\,\ variant\=\(string\)iso";
/GstPipeline:pipeline0/GstURISourceBin:urisourcebin7.GstGhostPad:src_0.GstProxyPad:proxypad13: caps = video/quicktime, variant=(string)iso
Got message #862 from element "qtdemux8" (state-changed): GstMessageStateChanged, old-state=(GstState)ready, new-state=(GstState)paused, pending-state=(GstState)void-pending;
Got message #863 from pad "multiqueue1:src_0" (stream-status): GstMessageStreamStatus, type=(GstStreamStatusType)create, owner=(GstElement)"\(GstMultiQueue\)\ multiqueue1", object=(GstTask)"\(GstTask\)\ task44";
Got message #866 from pad "qtdemux8:sink" (stream-status): GstMessageStreamStatus, type=(GstStreamStatusType)enter, owner=(GstElement)"\(GstQTDemux\)\ qtdemux8", object=(GstTask)"\(GstTask\)\ qtdemux8:sink";
Got message #869 from pad "multiqueue2:src_0" (stream-status): GstMessageStreamStatus, type=(GstStreamStatusType)create, owner=(GstElement)"\(GstMultiQueue\)\ multiqueue2", object=(GstTask)"\(GstTask\)\ task46";
Got message #871 from pad "multiqueue0:src_0" (stream-status): GstMessageStreamStatus, type=(GstStreamStatusType)create, owner=(GstElement)"\(GstMultiQueue\)\ multiqueue0", object=(GstTask)"\(GstTask\)\ task45";
Got message #876 from pad "typefind:sink" (property-notify): GstMessagePropertyNotify, property-name=(string)caps, property-value=(GstCaps)"video/quicktime\,\ variant\=\(string\)iso";
/GstPipeline:pipeline0/GstDecodeBin:decodebin2/GstTypeFindElement:typefind.GstPad:sink: caps = video/quicktime, variant=(string)iso
Got message #879 from pad "decodebin2:sink" (property-notify): GstMessagePropertyNotify, property-name=(string)caps, property-value=(GstCaps)"video/quicktime\,\ variant\=\(string\)iso";
/GstPipeline:pipeline0/GstDecodeBin:decodebin2.GstGhostPad:sink: caps = video/quicktime, variant=(string)iso
Got message #880 from pad "multiqueue3:src_0" (stream-status): GstMessageStreamStatus, type=(GstStreamStatusType)create, owner=(GstElement)"\(GstMultiQueue\)\ multiqueue3", object=(GstTask)"\(GstTask\)\ multiqueue3:src_0";
Got message #882 from pad "src_0:proxypad15" (property-notify): GstMessagePropertyNotify, property-name=(string)caps, property-value=(GstCaps)"video/quicktime\,\ variant\=\(string\)iso";
/GstPipeline:pipeline0/GstURISourceBin:urisourcebin2.GstGhostPad:src_0.GstProxyPad:proxypad15: caps = video/quicktime, variant=(string)iso
Got message #887 from pad "src_0:proxypad15" (property-notify): GstMessagePropertyNotify, property-name=(string)caps, property-value=(GstCaps)"video/quicktime\,\ variant\=\(string\)iso";
/GstPipeline:pipeline0/GstURISourceBin:urisourcebin2.GstGhostPad:src_0.GstProxyPad:proxypad15: caps = video/quicktime, variant=(string)iso
Got message #915 from pad "multiqueue1:src_0" (stream-status): GstMessageStreamStatus, type=(GstStreamStatusType)enter, owner=(GstElement)"\(GstMultiQueue\)\ multiqueue1", object=(GstTask)"\(GstTask\)\ multiqueue1:src_0";
Got message #918 from pad "multiqueue4:src_0" (stream-status): GstMessageStreamStatus, type=(GstStreamStatusType)create, owner=(GstElement)"\(GstMultiQueue\)\ multiqueue4", object=(GstTask)"\(GstTask\)\ task48";
Got message #919 from pad "multiqueue3:src_0" (stream-status): GstMessageStreamStatus, type=(GstStreamStatusType)enter, owner=(GstElement)"\(GstMultiQueue\)\ multiqueue3", object=(GstTask)"\(GstTask\)\ multiqueue3:src_0";
Got message #920 from pad "multiqueue3:src_0" (property-notify): GstMessagePropertyNotify, property-name=(string)caps, property-value=(GstCaps)"video/x-h264\,\ stream-format\=\(string\)avc\,\ alignment\=\(string\)au\,\ level\=\(string\)4\,\ profile\=\(string\)high\,\ codec_data\=\(buffer\)01640028ffe1001d67640028acd940780227e5c05a808080a000007d20001d4c01e30632c001000568e93b2c8bfdf8f800\,\ width\=\(int\)1920\,\ height\=\(int\)1080\,\ framerate\=\(fraction\)30000/1001\,\ pixel-aspect-ratio\=\(fraction\)1/1\,\ colorimetry\=\(string\)bt709";
/GstPipeline:pipeline0/GstDecodeBin:decodebin6/GstMultiQueue:multiqueue3.GstMultiQueuePad:src_0: caps = video/x-h264, stream-format=(string)avc, alignment=(string)au, level=(string)4, profile=(string)high, codec_data=(buffer)01640028ffe1001d67640028acd940780227e5c05a808080a000007d20001d4c01e30632c001000568e93b2c8bfdf8f800, width=(int)1920, height=(int)1080, framerate=(fraction)30000/1001, pixel-aspect-ratio=(fraction)1/1, colorimetry=(string)bt709
Got message #937 from pad "multiqueue7:src_0" (stream-status): GstMessageStreamStatus, type=(GstStreamStatusType)create, owner=(GstElement)"\(GstMultiQueue\)\ multiqueue7", object=(GstTask)"\(GstTask\)\ task49";
Got message #940 from pad "multiqueue6:src_0" (stream-status): GstMessageStreamStatus, type=(GstStreamStatusType)create, owner=(GstElement)"\(GstMultiQueue\)\ multiqueue6", object=(GstTask)"\(GstTask\)\ task50";
Got message #946 from pad "multiqueue8:src_0" (stream-status): GstMessageStreamStatus, type=(GstStreamStatusType)create, owner=(GstElement)"\(GstMultiQueue\)\ multiqueue8", object=(GstTask)"\(GstTask\)\ task51";
Got message #949 from pad "multiqueue9:src_0" (stream-status): GstMessageStreamStatus, type=(GstStreamStatusType)create, owner=(GstElement)"\(GstMultiQueue\)\ multiqueue9", object=(GstTask)"\(GstTask\)\ task52";
Got message #953 from pad "multiqueue4:src_0" (property-notify): GstMessagePropertyNotify, property-name=(string)caps, property-value=(GstCaps)"video/x-h264\,\ stream-format\=\(string\)avc\,\ alignment\=\(string\)au\,\ level\=\(string\)4\,\ profile\=\(string\)high\,\ codec_data\=\(buffer\)01640028ffe1001d67640028acd940780227e5c05a808080a000007d20001d4c01e30632c001000568e93b2c8bfdf8f800\,\ width\=\(int\)1920\,\ height\=\(int\)1080\,\ framerate\=\(fraction\)30000/1001\,\ pixel-aspect-ratio\=\(fraction\)1/1\,\ colorimetry\=\(string\)bt709";
/GstPipeline:pipeline0/GstDecodeBin:decodebin9/GstMultiQueue:multiqueue4.GstMultiQueuePad:src_0: caps = video/x-h264, stream-format=(string)avc, alignment=(string)au, level=(string)4, profile=(string)high, codec_data=(buffer)01640028ffe1001d67640028acd940780227e5c05a808080a000007d20001d4c01e30632c001000568e93b2c8bfdf8f800, width=(int)1920, height=(int)1080, framerate=(fraction)30000/1001, pixel-aspect-ratio=(fraction)1/1, colorimetry=(string)bt709
Got message #958 from pad "multiqueue4:src_0" (stream-status): GstMessageStreamStatus, type=(GstStreamStatusType)enter, owner=(GstElement)"\(GstMultiQueue\)\ multiqueue4", object=(GstTask)"\(GstTask\)\ multiqueue4:src_0";
Got message #966 from pad "multiqueue2:src_0" (property-notify): GstMessagePropertyNotify, property-name=(string)caps, property-value=(GstCaps)"video/x-h264\,\ stream-format\=\(string\)avc\,\ alignment\=\(string\)au\,\ level\=\(string\)4\,\ profile\=\(string\)high\,\ codec_data\=\(buffer\)01640028ffe1001d67640028acd940780227e5c05a808080a000007d20001d4c01e30632c001000568e93b2c8bfdf8f800\,\ width\=\(int\)1920\,\ height\=\(int\)1080\,\ framerate\=\(fraction\)30000/1001\,\ pixel-aspect-ratio\=\(fraction\)1/1\,\ colorimetry\=\(string\)bt709";
/GstPipeline:pipeline0/GstDecodeBin:decodebin5/GstMultiQueue:multiqueue2.GstMultiQueuePad:src_0: caps = video/x-h264, stream-format=(string)avc, alignment=(string)au, level=(string)4, profile=(string)high, codec_data=(buffer)01640028ffe1001d67640028acd940780227e5c05a808080a000007d20001d4c01e30632c001000568e93b2c8bfdf8f800, width=(int)1920, height=(int)1080, framerate=(fraction)30000/1001, pixel-aspect-ratio=(fraction)1/1, colorimetry=(string)bt709
Got message #972 from pad "multiqueue2:src_0" (stream-status): GstMessageStreamStatus, type=(GstStreamStatusType)enter, owner=(GstElement)"\(GstMultiQueue\)\ multiqueue2", object=(GstTask)"\(GstTask\)\ multiqueue2:src_0";
Got message #985 from pad "multiqueue7:src_0" (stream-status): GstMessageStreamStatus, type=(GstStreamStatusType)enter, owner=(GstElement)"\(GstMultiQueue\)\ multiqueue7", object=(GstTask)"\(GstTask\)\ multiqueue7:src_0";
Got message #987 from pad "multiqueue7:src_0" (property-notify): GstMessagePropertyNotify, property-name=(string)caps, property-value=(GstCaps)"video/x-h264\,\ stream-format\=\(string\)avc\,\ alignment\=\(string\)au\,\ level\=\(string\)4\,\ profile\=\(string\)high\,\ codec_data\=\(buffer\)01640028ffe1001d67640028acd940780227e5c05a808080a000007d20001d4c01e30632c001000568e93b2c8bfdf8f800\,\ width\=\(int\)1920\,\ height\=\(int\)1080\,\ framerate\=\(fraction\)30000/1001\,\ pixel-aspect-ratio\=\(fraction\)1/1\,\ colorimetry\=\(string\)bt709";
/GstPipeline:pipeline0/GstDecodeBin:decodebin8/GstMultiQueue:multiqueue7.GstMultiQueuePad:src_0: caps = video/x-h264, stream-format=(string)avc, alignment=(string)au, level=(string)4, profile=(string)high, codec_data=(buffer)01640028ffe1001d67640028acd940780227e5c05a808080a000007d20001d4c01e30632c001000568e93b2c8bfdf8f800, width=(int)1920, height=(int)1080, framerate=(fraction)30000/1001, pixel-aspect-ratio=(fraction)1/1, colorimetry=(string)bt709
Got message #995 from pad "multiqueue6:src_0" (property-notify): GstMessagePropertyNotify, property-name=(string)caps, property-value=(GstCaps)"video/x-h264\,\ stream-format\=\(string\)avc\,\ alignment\=\(string\)au\,\ level\=\(string\)4\,\ profile\=\(string\)high\,\ codec_data\=\(buffer\)01640028ffe1001d67640028acd940780227e5c05a808080a000007d20001d4c01e30632c001000568e93b2c8bfdf8f800\,\ width\=\(int\)1920\,\ height\=\(int\)1080\,\ framerate\=\(fraction\)30000/1001\,\ pixel-aspect-ratio\=\(fraction\)1/1\,\ colorimetry\=\(string\)bt709";
/GstPipeline:pipeline0/GstDecodeBin:decodebin1/GstMultiQueue:multiqueue6.GstMultiQueuePad:src_0: caps = video/x-h264, stream-format=(string)avc, alignment=(string)au, level=(string)4, profile=(string)high, codec_data=(buffer)01640028ffe1001d67640028acd940780227e5c05a808080a000007d20001d4c01e30632c001000568e93b2c8bfdf8f800, width=(int)1920, height=(int)1080, framerate=(fraction)30000/1001, pixel-aspect-ratio=(fraction)1/1, colorimetry=(string)bt709
Got message #1012 from pad "multiqueue6:src_0" (stream-status): GstMessageStreamStatus, type=(GstStreamStatusType)enter, owner=(GstElement)"\(GstMultiQueue\)\ multiqueue6", object=(GstTask)"\(GstTask\)\ multiqueue6:src_0";
Got message #1013 from pad "multiqueue8:src_0" (property-notify): GstMessagePropertyNotify, property-name=(string)caps, property-value=(GstCaps)"video/x-h264\,\ stream-format\=\(string\)avc\,\ alignment\=\(string\)au\,\ level\=\(string\)4\,\ profile\=\(string\)high\,\ codec_data\=\(buffer\)01640028ffe1001d67640028acd940780227e5c05a808080a000007d20001d4c01e30632c001000568e93b2c8bfdf8f800\,\ width\=\(int\)1920\,\ height\=\(int\)1080\,\ framerate\=\(fraction\)30000/1001\,\ pixel-aspect-ratio\=\(fraction\)1/1\,\ colorimetry\=\(string\)bt709";
/GstPipeline:pipeline0/GstDecodeBin:decodebin7/GstMultiQueue:multiqueue8.GstMultiQueuePad:src_0: caps = video/x-h264, stream-format=(string)avc, alignment=(string)au, level=(string)4, profile=(string)high, codec_data=(buffer)01640028ffe1001d67640028acd940780227e5c05a808080a000007d20001d4c01e30632c001000568e93b2c8bfdf8f800, width=(int)1920, height=(int)1080, framerate=(fraction)30000/1001, pixel-aspect-ratio=(fraction)1/1, colorimetry=(string)bt709
Got message #1029 from element "h264parse0" (state-changed): GstMessageStateChanged, old-state=(GstState)null, new-state=(GstState)ready, pending-state=(GstState)void-pending;
Got message #1036 from element "h264parse1" (state-changed): GstMessageStateChanged, old-state=(GstState)null, new-state=(GstState)ready, pending-state=(GstState)void-pending;
Got message #1038 from pad "multiqueue8:src_0" (stream-status): GstMessageStreamStatus, type=(GstStreamStatusType)enter, owner=(GstElement)"\(GstMultiQueue\)\ multiqueue8", object=(GstTask)"\(GstTask\)\ multiqueue8:src_0";
Got message #1044 from element "h264parse3" (state-changed): GstMessageStateChanged, old-state=(GstState)null, new-state=(GstState)ready, pending-state=(GstState)void-pending;
Got message #1045 from element "h264parse2" (state-changed): GstMessageStateChanged, old-state=(GstState)null, new-state=(GstState)ready, pending-state=(GstState)void-pending;
Got message #1053 from element "h264parse4" (state-changed): GstMessageStateChanged, old-state=(GstState)null, new-state=(GstState)ready, pending-state=(GstState)void-pending;
Got message #1054 from pad "multiqueue0:src_0" (property-notify): GstMessagePropertyNotify, property-name=(string)caps, property-value=(GstCaps)"video/x-h264\,\ stream-format\=\(string\)avc\,\ alignment\=\(string\)au\,\ level\=\(string\)4\,\ profile\=\(string\)high\,\ codec_data\=\(buffer\)01640028ffe1001d67640028acd940780227e5c05a808080a000007d20001d4c01e30632c001000568e93b2c8bfdf8f800\,\ width\=\(int\)1920\,\ height\=\(int\)1080\,\ framerate\=\(fraction\)30000/1001\,\ pixel-aspect-ratio\=\(fraction\)1/1\,\ colorimetry\=\(string\)bt709";
/GstPipeline:pipeline0/GstDecodeBin:decodebin4/GstMultiQueue:multiqueue0.GstMultiQueuePad:src_0: caps = video/x-h264, stream-format=(string)avc, alignment=(string)au, level=(string)4, profile=(string)high, codec_data=(buffer)01640028ffe1001d67640028acd940780227e5c05a808080a000007d20001d4c01e30632c001000568e93b2c8bfdf8f800, width=(int)1920, height=(int)1080, framerate=(fraction)30000/1001, pixel-aspect-ratio=(fraction)1/1, colorimetry=(string)bt709
Got message #1066 from element "h264parse5" (state-changed): GstMessageStateChanged, old-state=(GstState)null, new-state=(GstState)ready, pending-state=(GstState)void-pending;
Got message #1086 from pad "multiqueue0:src_0" (stream-status): GstMessageStreamStatus, type=(GstStreamStatusType)enter, owner=(GstElement)"\(GstMultiQueue\)\ multiqueue0", object=(GstTask)"\(GstTask\)\ multiqueue0:src_0";
Got message #1087 from pad "multiqueue9:src_0" (property-notify): GstMessagePropertyNotify, property-name=(string)caps, property-value=(GstCaps)"video/x-h264\,\ stream-format\=\(string\)avc\,\ alignment\=\(string\)au\,\ level\=\(string\)4\,\ profile\=\(string\)high\,\ codec_data\=\(buffer\)01640028ffe1001d67640028acd940780227e5c05a808080a000007d20001d4c01e30632c001000568e93b2c8bfdf8f800\,\ width\=\(int\)1920\,\ height\=\(int\)1080\,\ framerate\=\(fraction\)30000/1001\,\ pixel-aspect-ratio\=\(fraction\)1/1\,\ colorimetry\=\(string\)bt709";
/GstPipeline:pipeline0/GstDecodeBin:decodebin2/GstMultiQueue:multiqueue9.GstMultiQueuePad:src_0: caps = video/x-h264, stream-format=(string)avc, alignment=(string)au, level=(string)4, profile=(string)high, codec_data=(buffer)01640028ffe1001d67640028acd940780227e5c05a808080a000007d20001d4c01e30632c001000568e93b2c8bfdf8f800, width=(int)1920, height=(int)1080, framerate=(fraction)30000/1001, pixel-aspect-ratio=(fraction)1/1, colorimetry=(string)bt709
Got message #1096 from pad "multiqueue5:src_0" (stream-status): GstMessageStreamStatus, type=(GstStreamStatusType)create, owner=(GstElement)"\(GstMultiQueue\)\ multiqueue5", object=(GstTask)"\(GstTask\)\ multiqueue5:src_0";
Got message #1097 from pad "multiqueue9:src_0" (stream-status): GstMessageStreamStatus, type=(GstStreamStatusType)enter, owner=(GstElement)"\(GstMultiQueue\)\ multiqueue9", object=(GstTask)"\(GstTask\)\ multiqueue9:src_0";
Got message #1103 from element "h264parse6" (state-changed): GstMessageStateChanged, old-state=(GstState)null, new-state=(GstState)ready, pending-state=(GstState)void-pending;
Got message #1112 from element "h264parse7" (state-changed): GstMessageStateChanged, old-state=(GstState)null, new-state=(GstState)ready, pending-state=(GstState)void-pending;
Got message #1113 from pad "multiqueue5:src_0" (property-notify): GstMessagePropertyNotify, property-name=(string)caps, property-value=(GstCaps)"video/x-h264\,\ stream-format\=\(string\)avc\,\ alignment\=\(string\)au\,\ level\=\(string\)4\,\ profile\=\(string\)high\,\ codec_data\=\(buffer\)01640028ffe1001d67640028acd940780227e5c05a808080a000007d20001d4c01e30632c001000568e93b2c8bfdf8f800\,\ width\=\(int\)1920\,\ height\=\(int\)1080\,\ framerate\=\(fraction\)30000/1001\,\ pixel-aspect-ratio\=\(fraction\)1/1\,\ colorimetry\=\(string\)bt709";
/GstPipeline:pipeline0/GstDecodeBin:decodebin0/GstMultiQueue:multiqueue5.GstMultiQueuePad:src_0: caps = video/x-h264, stream-format=(string)avc, alignment=(string)au, level=(string)4, profile=(string)high, codec_data=(buffer)01640028ffe1001d67640028acd940780227e5c05a808080a000007d20001d4c01e30632c001000568e93b2c8bfdf8f800, width=(int)1920, height=(int)1080, framerate=(fraction)30000/1001, pixel-aspect-ratio=(fraction)1/1, colorimetry=(string)bt709
Got message #1114 from pad "multiqueue5:src_0" (stream-status): GstMessageStreamStatus, type=(GstStreamStatusType)enter, owner=(GstElement)"\(GstMultiQueue\)\ multiqueue5", object=(GstTask)"\(GstTask\)\ multiqueue5:src_0";
Got message #1149 from element "h264parse8" (state-changed): GstMessageStateChanged, old-state=(GstState)null, new-state=(GstState)ready, pending-state=(GstState)void-pending;
Got message #1167 from element "h264parse9" (state-changed): GstMessageStateChanged, old-state=(GstState)null, new-state=(GstState)ready, pending-state=(GstState)void-pending;
Got message #1239 from element "h264parse1" (state-changed): GstMessageStateChanged, old-state=(GstState)ready, new-state=(GstState)paused, pending-state=(GstState)void-pending;
Got message #1249 from element "h264parse2" (state-changed): GstMessageStateChanged, old-state=(GstState)ready, new-state=(GstState)paused, pending-state=(GstState)void-pending;
Got message #1250 from element "h264parse5" (state-changed): GstMessageStateChanged, old-state=(GstState)ready, new-state=(GstState)paused, pending-state=(GstState)void-pending;
Got message #1256 from element "h264parse3" (state-changed): GstMessageStateChanged, old-state=(GstState)ready, new-state=(GstState)paused, pending-state=(GstState)void-pending;
Got message #1257 from element "h264parse0" (state-changed): GstMessageStateChanged, old-state=(GstState)ready, new-state=(GstState)paused, pending-state=(GstState)void-pending;
Got message #1258 from element "h264parse4" (state-changed): GstMessageStateChanged, old-state=(GstState)ready, new-state=(GstState)paused, pending-state=(GstState)void-pending;
Got message #1259 from element "h264parse7" (state-changed): GstMessageStateChanged, old-state=(GstState)ready, new-state=(GstState)paused, pending-state=(GstState)void-pending;
Got message #1260 from element "h264parse6" (state-changed): GstMessageStateChanged, old-state=(GstState)ready, new-state=(GstState)paused, pending-state=(GstState)void-pending;
Got message #1263 from element "h264parse8" (state-changed): GstMessageStateChanged, old-state=(GstState)ready, new-state=(GstState)paused, pending-state=(GstState)void-pending;
Got message #1264 from element "h264parse9" (state-changed): GstMessageStateChanged, old-state=(GstState)ready, new-state=(GstState)paused, pending-state=(GstState)void-pending;
Got message #1265 from pad "h264parse5:src" (property-notify): GstMessagePropertyNotify, property-name=(string)caps, property-value=(GstCaps)"video/x-h264\,\ stream-format\=\(string\)avc\,\ alignment\=\(string\)au\,\ level\=\(string\)4\,\ profile\=\(string\)high\,\ codec_data\=\(buffer\)01640028ffe1001d67640028acd940780227e5c05a808080a000007d20001d4c01e30632c001000568e93b2c8b\,\ width\=\(int\)1920\,\ height\=\(int\)1080\,\ framerate\=\(fraction\)30000/1001\,\ pixel-aspect-ratio\=\(fraction\)1/1\,\ colorimetry\=\(string\)bt709\,\ chroma-format\=\(string\)4:2:0\,\ bit-depth-luma\=\(uint\)8\,\ bit-depth-chroma\=\(uint\)8\,\ parsed\=\(boolean\)true";
/GstPipeline:pipeline0/GstDecodeBin:decodebin7/GstH264Parse:h264parse5.GstPad:src: caps = video/x-h264, stream-format=(string)avc, alignment=(string)au, level=(string)4, profile=(string)high, codec_data=(buffer)01640028ffe1001d67640028acd940780227e5c05a808080a000007d20001d4c01e30632c001000568e93b2c8b, width=(int)1920, height=(int)1080, framerate=(fraction)30000/1001, pixel-aspect-ratio=(fraction)1/1, colorimetry=(string)bt709, chroma-format=(string)4:2:0, bit-depth-luma=(uint)8, bit-depth-chroma=(uint)8, parsed=(boolean)true
Got message #1268 from pad "h264parse1:src" (property-notify): GstMessagePropertyNotify, property-name=(string)caps, property-value=(GstCaps)"video/x-h264\,\ stream-format\=\(string\)avc\,\ alignment\=\(string\)au\,\ level\=\(string\)4\,\ profile\=\(string\)high\,\ codec_data\=\(buffer\)01640028ffe1001d67640028acd940780227e5c05a808080a000007d20001d4c01e30632c001000568e93b2c8b\,\ width\=\(int\)1920\,\ height\=\(int\)1080\,\ framerate\=\(fraction\)30000/1001\,\ pixel-aspect-ratio\=\(fraction\)1/1\,\ colorimetry\=\(string\)bt709\,\ chroma-format\=\(string\)4:2:0\,\ bit-depth-luma\=\(uint\)8\,\ bit-depth-chroma\=\(uint\)8\,\ parsed\=\(boolean\)true";
/GstPipeline:pipeline0/GstDecodeBin:decodebin3/GstH264Parse:h264parse1.GstPad:src: caps = video/x-h264, stream-format=(string)avc, alignment=(string)au, level=(string)4, profile=(string)high, codec_data=(buffer)01640028ffe1001d67640028acd940780227e5c05a808080a000007d20001d4c01e30632c001000568e93b2c8b, width=(int)1920, height=(int)1080, framerate=(fraction)30000/1001, pixel-aspect-ratio=(fraction)1/1, colorimetry=(string)bt709, chroma-format=(string)4:2:0, bit-depth-luma=(uint)8, bit-depth-chroma=(uint)8, parsed=(boolean)true
Got message #1270 from pad "h264parse3:src" (property-notify): GstMessagePropertyNotify, property-name=(string)caps, property-value=(GstCaps)"video/x-h264\,\ stream-format\=\(string\)avc\,\ alignment\=\(string\)au\,\ level\=\(string\)4\,\ profile\=\(string\)high\,\ codec_data\=\(buffer\)01640028ffe1001d67640028acd940780227e5c05a808080a000007d20001d4c01e30632c001000568e93b2c8b\,\ width\=\(int\)1920\,\ height\=\(int\)1080\,\ framerate\=\(fraction\)30000/1001\,\ pixel-aspect-ratio\=\(fraction\)1/1\,\ colorimetry\=\(string\)bt709\,\ chroma-format\=\(string\)4:2:0\,\ bit-depth-luma\=\(uint\)8\,\ bit-depth-chroma\=\(uint\)8\,\ parsed\=\(boolean\)true";
/GstPipeline:pipeline0/GstDecodeBin:decodebin1/GstH264Parse:h264parse3.GstPad:src: caps = video/x-h264, stream-format=(string)avc, alignment=(string)au, level=(string)4, profile=(string)high, codec_data=(buffer)01640028ffe1001d67640028acd940780227e5c05a808080a000007d20001d4c01e30632c001000568e93b2c8b, width=(int)1920, height=(int)1080, framerate=(fraction)30000/1001, pixel-aspect-ratio=(fraction)1/1, colorimetry=(string)bt709, chroma-format=(string)4:2:0, bit-depth-luma=(uint)8, bit-depth-chroma=(uint)8, parsed=(boolean)true
Got message #1274 from pad "h264parse0:src" (property-notify): GstMessagePropertyNotify, property-name=(string)caps, property-value=(GstCaps)"video/x-h264\,\ stream-format\=\(string\)avc\,\ alignment\=\(string\)au\,\ level\=\(string\)4\,\ profile\=\(string\)high\,\ codec_data\=\(buffer\)01640028ffe1001d67640028acd940780227e5c05a808080a000007d20001d4c01e30632c001000568e93b2c8b\,\ width\=\(int\)1920\,\ height\=\(int\)1080\,\ framerate\=\(fraction\)30000/1001\,\ pixel-aspect-ratio\=\(fraction\)1/1\,\ colorimetry\=\(string\)bt709\,\ chroma-format\=\(string\)4:2:0\,\ bit-depth-luma\=\(uint\)8\,\ bit-depth-chroma\=\(uint\)8\,\ parsed\=\(boolean\)true";
/GstPipeline:pipeline0/GstDecodeBin:decodebin9/GstH264Parse:h264parse0.GstPad:src: caps = video/x-h264, stream-format=(string)avc, alignment=(string)au, level=(string)4, profile=(string)high, codec_data=(buffer)01640028ffe1001d67640028acd940780227e5c05a808080a000007d20001d4c01e30632c001000568e93b2c8b, width=(int)1920, height=(int)1080, framerate=(fraction)30000/1001, pixel-aspect-ratio=(fraction)1/1, colorimetry=(string)bt709, chroma-format=(string)4:2:0, bit-depth-luma=(uint)8, bit-depth-chroma=(uint)8, parsed=(boolean)true
Got message #1300 from pad "h264parse4:src" (property-notify): GstMessagePropertyNotify, property-name=(string)caps, property-value=(GstCaps)"video/x-h264\,\ stream-format\=\(string\)avc\,\ alignment\=\(string\)au\,\ level\=\(string\)4\,\ profile\=\(string\)high\,\ codec_data\=\(buffer\)01640028ffe1001d67640028acd940780227e5c05a808080a000007d20001d4c01e30632c001000568e93b2c8b\,\ width\=\(int\)1920\,\ height\=\(int\)1080\,\ framerate\=\(fraction\)30000/1001\,\ pixel-aspect-ratio\=\(fraction\)1/1\,\ colorimetry\=\(string\)bt709\,\ chroma-format\=\(string\)4:2:0\,\ bit-depth-luma\=\(uint\)8\,\ bit-depth-chroma\=\(uint\)8\,\ parsed\=\(boolean\)true";
/GstPipeline:pipeline0/GstDecodeBin:decodebin6/GstH264Parse:h264parse4.GstPad:src: caps = video/x-h264, stream-format=(string)avc, alignment=(string)au, level=(string)4, profile=(string)high, codec_data=(buffer)01640028ffe1001d67640028acd940780227e5c05a808080a000007d20001d4c01e30632c001000568e93b2c8b, width=(int)1920, height=(int)1080, framerate=(fraction)30000/1001, pixel-aspect-ratio=(fraction)1/1, colorimetry=(string)bt709, chroma-format=(string)4:2:0, bit-depth-luma=(uint)8, bit-depth-chroma=(uint)8, parsed=(boolean)true
Got message #1311 from pad "h264parse9:src" (property-notify): GstMessagePropertyNotify, property-name=(string)caps, property-value=(GstCaps)"video/x-h264\,\ stream-format\=\(string\)avc\,\ alignment\=\(string\)au\,\ level\=\(string\)4\,\ profile\=\(string\)high\,\ codec_data\=\(buffer\)01640028ffe1001d67640028acd940780227e5c05a808080a000007d20001d4c01e30632c001000568e93b2c8b\,\ width\=\(int\)1920\,\ height\=\(int\)1080\,\ framerate\=\(fraction\)30000/1001\,\ pixel-aspect-ratio\=\(fraction\)1/1\,\ colorimetry\=\(string\)bt709\,\ chroma-format\=\(string\)4:2:0\,\ bit-depth-luma\=\(uint\)8\,\ bit-depth-chroma\=\(uint\)8\,\ parsed\=\(boolean\)true";
/GstPipeline:pipeline0/GstDecodeBin:decodebin8/GstH264Parse:h264parse9.GstPad:src: caps = video/x-h264, stream-format=(string)avc, alignment=(string)au, level=(string)4, profile=(string)high, codec_data=(buffer)01640028ffe1001d67640028acd940780227e5c05a808080a000007d20001d4c01e30632c001000568e93b2c8b, width=(int)1920, height=(int)1080, framerate=(fraction)30000/1001, pixel-aspect-ratio=(fraction)1/1, colorimetry=(string)bt709, chroma-format=(string)4:2:0, bit-depth-luma=(uint)8, bit-depth-chroma=(uint)8, parsed=(boolean)true
Got message #1312 from pad "h264parse8:src" (property-notify): GstMessagePropertyNotify, property-name=(string)caps, property-value=(GstCaps)"video/x-h264\,\ stream-format\=\(string\)avc\,\ alignment\=\(string\)au\,\ level\=\(string\)4\,\ profile\=\(string\)high\,\ codec_data\=\(buffer\)01640028ffe1001d67640028acd940780227e5c05a808080a000007d20001d4c01e30632c001000568e93b2c8b\,\ width\=\(int\)1920\,\ height\=\(int\)1080\,\ framerate\=\(fraction\)30000/1001\,\ pixel-aspect-ratio\=\(fraction\)1/1\,\ colorimetry\=\(string\)bt709\,\ chroma-format\=\(string\)4:2:0\,\ bit-depth-luma\=\(uint\)8\,\ bit-depth-chroma\=\(uint\)8\,\ parsed\=\(boolean\)true";
/GstPipeline:pipeline0/GstDecodeBin:decodebin0/GstH264Parse:h264parse8.GstPad:src: caps = video/x-h264, stream-format=(string)avc, alignment=(string)au, level=(string)4, profile=(string)high, codec_data=(buffer)01640028ffe1001d67640028acd940780227e5c05a808080a000007d20001d4c01e30632c001000568e93b2c8b, width=(int)1920, height=(int)1080, framerate=(fraction)30000/1001, pixel-aspect-ratio=(fraction)1/1, colorimetry=(string)bt709, chroma-format=(string)4:2:0, bit-depth-luma=(uint)8, bit-depth-chroma=(uint)8, parsed=(boolean)true
Got message #1317 from pad "h264parse7:src" (property-notify): GstMessagePropertyNotify, property-name=(string)caps, property-value=(GstCaps)"video/x-h264\,\ stream-format\=\(string\)avc\,\ alignment\=\(string\)au\,\ level\=\(string\)4\,\ profile\=\(string\)high\,\ codec_data\=\(buffer\)01640028ffe1001d67640028acd940780227e5c05a808080a000007d20001d4c01e30632c001000568e93b2c8b\,\ width\=\(int\)1920\,\ height\=\(int\)1080\,\ framerate\=\(fraction\)30000/1001\,\ pixel-aspect-ratio\=\(fraction\)1/1\,\ colorimetry\=\(string\)bt709\,\ chroma-format\=\(string\)4:2:0\,\ bit-depth-luma\=\(uint\)8\,\ bit-depth-chroma\=\(uint\)8\,\ parsed\=\(boolean\)true";
/GstPipeline:pipeline0/GstDecodeBin:decodebin2/GstH264Parse:h264parse7.GstPad:src: caps = video/x-h264, stream-format=(string)avc, alignment=(string)au, level=(string)4, profile=(string)high, codec_data=(buffer)01640028ffe1001d67640028acd940780227e5c05a808080a000007d20001d4c01e30632c001000568e93b2c8b, width=(int)1920, height=(int)1080, framerate=(fraction)30000/1001, pixel-aspect-ratio=(fraction)1/1, colorimetry=(string)bt709, chroma-format=(string)4:2:0, bit-depth-luma=(uint)8, bit-depth-chroma=(uint)8, parsed=(boolean)true
Got message #1320 from pad "h264parse7:src" (property-notify): GstMessagePropertyNotify, property-name=(string)caps, property-value=(GstCaps)"video/x-h264\,\ stream-format\=\(string\)avc\,\ alignment\=\(string\)au\,\ level\=\(string\)4\,\ profile\=\(string\)high\,\ codec_data\=\(buffer\)01640028ffe1001d67640028acd940780227e5c05a808080a000007d20001d4c01e30632c001000568e93b2c8b\,\ width\=\(int\)1920\,\ height\=\(int\)1080\,\ framerate\=\(fraction\)30000/1001\,\ pixel-aspect-ratio\=\(fraction\)1/1\,\ colorimetry\=\(string\)bt709\,\ chroma-format\=\(string\)4:2:0\,\ bit-depth-luma\=\(uint\)8\,\ bit-depth-chroma\=\(uint\)8\,\ parsed\=\(boolean\)true";
/GstPipeline:pipeline0/GstDecodeBin:decodebin2/GstH264Parse:h264parse7.GstPad:src: caps = video/x-h264, stream-format=(string)avc, alignment=(string)au, level=(string)4, profile=(string)high, codec_data=(buffer)01640028ffe1001d67640028acd940780227e5c05a808080a000007d20001d4c01e30632c001000568e93b2c8b, width=(int)1920, height=(int)1080, framerate=(fraction)30000/1001, pixel-aspect-ratio=(fraction)1/1, colorimetry=(string)bt709, chroma-format=(string)4:2:0, bit-depth-luma=(uint)8, bit-depth-chroma=(uint)8, parsed=(boolean)true
Got message #1515 from element "queue23" (state-changed): GstMessageStateChanged, old-state=(GstState)null, new-state=(GstState)ready, pending-state=(GstState)void-pending;
Got message #1524 from element "vaapidecode1" (state-changed): GstMessageStateChanged, old-state=(GstState)null, new-state=(GstState)ready, pending-state=(GstState)void-pending;
Got message #1531 from element "queue24" (state-changed): GstMessageStateChanged, old-state=(GstState)null, new-state=(GstState)ready, pending-state=(GstState)void-pending;
Got message #1535 from element "queue27" (state-changed): GstMessageStateChanged, old-state=(GstState)null, new-state=(GstState)ready, pending-state=(GstState)void-pending;
Got message #1537 from element "queue25" (state-changed): GstMessageStateChanged, old-state=(GstState)null, new-state=(GstState)ready, pending-state=(GstState)void-pending;
Got message #1539 from element "vaapidecode2" (state-changed): GstMessageStateChanged, old-state=(GstState)null, new-state=(GstState)ready, pending-state=(GstState)void-pending;
Got message #1542 from element "vaapidecode7" (state-changed): GstMessageStateChanged, old-state=(GstState)null, new-state=(GstState)ready, pending-state=(GstState)void-pending;
Got message #1545 from element "vaapidecode0" (state-changed): GstMessageStateChanged, old-state=(GstState)null, new-state=(GstState)ready, pending-state=(GstState)void-pending;
Got message #1547 from element "queue23" (property-notify): GstMessagePropertyNotify, property-name=(string)max-size-time, property-value=(guint64)0;
/GstPipeline:pipeline0/GstDecodeBin:decodebin6/GstVaapiDecodeBin:vaapidecodebin0/GstQueue:queue23: max-size-time = 0
Got message #1551 from element "queue23" (property-notify): GstMessagePropertyNotify, property-name=(string)max-size-buffers, property-value=(uint)1;
/GstPipeline:pipeline0/GstDecodeBin:decodebin6/GstVaapiDecodeBin:vaapidecodebin0/GstQueue:queue23: max-size-buffers = 1
Got message #1552 from element "queue23" (property-notify): GstMessagePropertyNotify, property-name=(string)max-size-bytes, property-value=(uint)0;
/GstPipeline:pipeline0/GstDecodeBin:decodebin6/GstVaapiDecodeBin:vaapidecodebin0/GstQueue:queue23: max-size-bytes = 0
Got message #1553 from element "queue26" (state-changed): GstMessageStateChanged, old-state=(GstState)null, new-state=(GstState)ready, pending-state=(GstState)void-pending;
Got message #1554 from element "vaapidecode5" (state-changed): GstMessageStateChanged, old-state=(GstState)null, new-state=(GstState)ready, pending-state=(GstState)void-pending;
Got message #1556 from element "queue29" (state-changed): GstMessageStateChanged, old-state=(GstState)null, new-state=(GstState)ready, pending-state=(GstState)void-pending;
Got message #1557 from element "queue28" (state-changed): GstMessageStateChanged, old-state=(GstState)null, new-state=(GstState)ready, pending-state=(GstState)void-pending;
Got message #1558 from element "queue24" (property-notify): GstMessagePropertyNotify, property-name=(string)max-size-time, property-value=(guint64)0;
/GstPipeline:pipeline0/GstDecodeBin:decodebin5/GstVaapiDecodeBin:vaapidecodebin2/GstQueue:queue24: max-size-time = 0
Got message #1559 from element "vaapidecode8" (state-changed): GstMessageStateChanged, old-state=(GstState)null, new-state=(GstState)ready, pending-state=(GstState)void-pending;
Got message #1560 from element "vaapidecode4" (state-changed): GstMessageStateChanged, old-state=(GstState)null, new-state=(GstState)ready, pending-state=(GstState)void-pending;
Got message #1563 from element "queue24" (property-notify): GstMessagePropertyNotify, property-name=(string)max-size-buffers, property-value=(uint)1;
/GstPipeline:pipeline0/GstDecodeBin:decodebin5/GstVaapiDecodeBin:vaapidecodebin2/GstQueue:queue24: max-size-buffers = 1
Got message #1564 from element "queue25" (property-notify): GstMessagePropertyNotify, property-name=(string)max-size-time, property-value=(guint64)0;
/GstPipeline:pipeline0/GstDecodeBin:decodebin3/GstVaapiDecodeBin:vaapidecodebin1/GstQueue:queue25: max-size-time = 0
Got message #1567 from element "queue27" (property-notify): GstMessagePropertyNotify, property-name=(string)max-size-time, property-value=(guint64)0;
/GstPipeline:pipeline0/GstDecodeBin:decodebin8/GstVaapiDecodeBin:vaapidecodebin3/GstQueue:queue27: max-size-time = 0
Got message #1571 from element "queue25" (property-notify): GstMessagePropertyNotify, property-name=(string)max-size-buffers, property-value=(uint)1;
/GstPipeline:pipeline0/GstDecodeBin:decodebin3/GstVaapiDecodeBin:vaapidecodebin1/GstQueue:queue25: max-size-buffers = 1
Got message #1572 from element "queue26" (property-notify): GstMessagePropertyNotify, property-name=(string)max-size-time, property-value=(guint64)0;
/GstPipeline:pipeline0/GstDecodeBin:decodebin9/GstVaapiDecodeBin:vaapidecodebin4/GstQueue:queue26: max-size-time = 0
Got message #1573 from element "queue24" (property-notify): GstMessagePropertyNotify, property-name=(string)max-size-bytes, property-value=(uint)0;
/GstPipeline:pipeline0/GstDecodeBin:decodebin5/GstVaapiDecodeBin:vaapidecodebin2/GstQueue:queue24: max-size-bytes = 0
Got message #1574 from element "queue26" (property-notify): GstMessagePropertyNotify, property-name=(string)max-size-time, property-value=(guint64)0;
/GstPipeline:pipeline0/GstDecodeBin:decodebin9/GstVaapiDecodeBin:vaapidecodebin4/GstQueue:queue26: max-size-time = 0
Got message #1576 from element "queue28" (property-notify): GstMessagePropertyNotify, property-name=(string)max-size-buffers, property-value=(uint)1;
/GstPipeline:pipeline0/GstDecodeBin:decodebin1/GstVaapiDecodeBin:vaapidecodebin5/GstQueue:queue28: max-size-buffers = 1
Got message #1577 from element "queue25" (property-notify): GstMessagePropertyNotify, property-name=(string)max-size-bytes, property-value=(uint)0;
/GstPipeline:pipeline0/GstDecodeBin:decodebin3/GstVaapiDecodeBin:vaapidecodebin1/GstQueue:queue25: max-size-bytes = 0
Got message #1580 from element "queue29" (property-notify): GstMessagePropertyNotify, property-name=(string)max-size-buffers, property-value=(uint)1;
/GstPipeline:pipeline0/GstDecodeBin:decodebin7/GstVaapiDecodeBin:vaapidecodebin6/GstQueue:queue29: max-size-buffers = 1
Got message #1581 from element "queue28" (property-notify): GstMessagePropertyNotify, property-name=(string)max-size-bytes, property-value=(uint)0;
/GstPipeline:pipeline0/GstDecodeBin:decodebin1/GstVaapiDecodeBin:vaapidecodebin5/GstQueue:queue28: max-size-bytes = 0
Got message #1582 from element "queue28" (property-notify): GstMessagePropertyNotify, property-name=(string)max-size-bytes, property-value=(uint)0;
/GstPipeline:pipeline0/GstDecodeBin:decodebin1/GstVaapiDecodeBin:vaapidecodebin5/GstQueue:queue28: max-size-bytes = 0
Got message #1583 from element "queue29" (property-notify): GstMessagePropertyNotify, property-name=(string)max-size-buffers, property-value=(uint)1;
/GstPipeline:pipeline0/GstDecodeBin:decodebin7/GstVaapiDecodeBin:vaapidecodebin6/GstQueue:queue29: max-size-buffers = 1
Got message #1584 from element "queue29" (property-notify): GstMessagePropertyNotify, property-name=(string)max-size-bytes, property-value=(uint)0;
/GstPipeline:pipeline0/GstDecodeBin:decodebin7/GstVaapiDecodeBin:vaapidecodebin6/GstQueue:queue29: max-size-bytes = 0
Got message #1596 from element "queue30" (state-changed): GstMessageStateChanged, old-state=(GstState)null, new-state=(GstState)ready, pending-state=(GstState)void-pending;
Got message #1597 from element "vaapidecode3" (state-changed): GstMessageStateChanged, old-state=(GstState)null, new-state=(GstState)ready, pending-state=(GstState)void-pending;
Got message #1600 from element "queue30" (property-notify): GstMessagePropertyNotify, property-name=(string)max-size-time, property-value=(guint64)0;
/GstPipeline:pipeline0/GstDecodeBin:decodebin2/GstVaapiDecodeBin:vaapidecodebin7/GstQueue:queue30: max-size-time = 0
Got message #1601 from element "queue31" (state-changed): GstMessageStateChanged, old-state=(GstState)null, new-state=(GstState)ready, pending-state=(GstState)void-pending;
Got message #1602 from element "queue30" (property-notify): GstMessagePropertyNotify, property-name=(string)max-size-buffers, property-value=(uint)1;
/GstPipeline:pipeline0/GstDecodeBin:decodebin2/GstVaapiDecodeBin:vaapidecodebin7/GstQueue:queue30: max-size-buffers = 1
Got message #1603 from element "queue32" (state-changed): GstMessageStateChanged, old-state=(GstState)null, new-state=(GstState)ready, pending-state=(GstState)void-pending;
Got message #1604 from element "queue30" (property-notify): GstMessagePropertyNotify, property-name=(string)max-size-bytes, property-value=(uint)0;
/GstPipeline:pipeline0/GstDecodeBin:decodebin2/GstVaapiDecodeBin:vaapidecodebin7/GstQueue:queue30: max-size-bytes = 0
Got message #1605 from element "vaapidecode6" (state-changed): GstMessageStateChanged, old-state=(GstState)null, new-state=(GstState)ready, pending-state=(GstState)void-pending;
Got message #1606 from element "vaapidecode9" (state-changed): GstMessageStateChanged, old-state=(GstState)null, new-state=(GstState)ready, pending-state=(GstState)void-pending;
Got message #1609 from element "queue32" (property-notify): GstMessagePropertyNotify, property-name=(string)max-size-time, property-value=(guint64)0;
/GstPipeline:pipeline0/GstDecodeBin:decodebin4/GstVaapiDecodeBin:vaapidecodebin8/GstQueue:queue32: max-size-time = 0
Got message #1610 from element "queue31" (property-notify): GstMessagePropertyNotify, property-name=(string)max-size-time, property-value=(guint64)0;
/GstPipeline:pipeline0/GstDecodeBin:decodebin0/GstVaapiDecodeBin:vaapidecodebin9/GstQueue:queue31: max-size-time = 0
Got message #1611 from element "queue32" (property-notify): GstMessagePropertyNotify, property-name=(string)max-size-buffers, property-value=(uint)1;
/GstPipeline:pipeline0/GstDecodeBin:decodebin4/GstVaapiDecodeBin:vaapidecodebin8/GstQueue:queue32: max-size-buffers = 1
Got message #1612 from element "queue31" (property-notify): GstMessagePropertyNotify, property-name=(string)max-size-buffers, property-value=(uint)1;
/GstPipeline:pipeline0/GstDecodeBin:decodebin0/GstVaapiDecodeBin:vaapidecodebin9/GstQueue:queue31: max-size-buffers = 1
Got message #1613 from element "queue32" (property-notify): GstMessagePropertyNotify, property-name=(string)max-size-bytes, property-value=(uint)0;
/GstPipeline:pipeline0/GstDecodeBin:decodebin4/GstVaapiDecodeBin:vaapidecodebin8/GstQueue:queue32: max-size-bytes = 0
Got message #1614 from element "queue31" (property-notify): GstMessagePropertyNotify, property-name=(string)max-size-bytes, property-value=(uint)0;
/GstPipeline:pipeline0/GstDecodeBin:decodebin0/GstVaapiDecodeBin:vaapidecodebin9/GstQueue:queue31: max-size-bytes = 0
Got message #1630 from element "capsfilter16" (state-changed): GstMessageStateChanged, old-state=(GstState)null, new-state=(GstState)ready, pending-state=(GstState)void-pending;
Got message #1632 from element "vaapipostproc5" (state-changed): GstMessageStateChanged, old-state=(GstState)null, new-state=(GstState)ready, pending-state=(GstState)void-pending;
Got message #1631 from element "capsfilter10" (state-changed): GstMessageStateChanged, old-state=(GstState)null, new-state=(GstState)ready, pending-state=(GstState)void-pending;
Got message #1634 from element "vaapipostproc0" (state-changed): GstMessageStateChanged, old-state=(GstState)null, new-state=(GstState)ready, pending-state=(GstState)void-pending;
Got message #1643 from element "capsfilter13" (state-changed): GstMessageStateChanged, old-state=(GstState)null, new-state=(GstState)ready, pending-state=(GstState)void-pending;
Got message #1646 from element "capsfilter12" (state-changed): GstMessageStateChanged, old-state=(GstState)null, new-state=(GstState)ready, pending-state=(GstState)void-pending;
Got message #1647 from element "vaapipostproc2" (state-changed): GstMessageStateChanged, old-state=(GstState)null, new-state=(GstState)ready, pending-state=(GstState)void-pending;
Got message #1648 from element "vaapipostproc1" (state-changed): GstMessageStateChanged, old-state=(GstState)null, new-state=(GstState)ready, pending-state=(GstState)void-pending;
Got message #1657 from element "capsfilter11" (state-changed): GstMessageStateChanged, old-state=(GstState)null, new-state=(GstState)ready, pending-state=(GstState)void-pending;
Got message #1661 from element "vaapipostproc3" (state-changed): GstMessageStateChanged, old-state=(GstState)null, new-state=(GstState)ready, pending-state=(GstState)void-pending;
Got message #1663 from element "capsfilter17" (state-changed): GstMessageStateChanged, old-state=(GstState)null, new-state=(GstState)ready, pending-state=(GstState)void-pending;
Got message #1669 from element "vaapidecodebin9" (state-changed): GstMessageStateChanged, old-state=(GstState)null, new-state=(GstState)ready, pending-state=(GstState)void-pending;
Got message #1670 from element "vaapipostproc7" (state-changed): GstMessageStateChanged, old-state=(GstState)null, new-state=(GstState)ready, pending-state=(GstState)void-pending;
Got message #1675 from element "capsfilter14" (state-changed): GstMessageStateChanged, old-state=(GstState)null, new-state=(GstState)ready, pending-state=(GstState)void-pending;
Got message #1677 from element "vaapipostproc9" (state-changed): GstMessageStateChanged, old-state=(GstState)null, new-state=(GstState)ready, pending-state=(GstState)void-pending;
Got message #1684 from element "capsfilter18" (state-changed): GstMessageStateChanged, old-state=(GstState)null, new-state=(GstState)ready, pending-state=(GstState)void-pending;
Got message #1685 from element "vaapipostproc8" (state-changed): GstMessageStateChanged, old-state=(GstState)null, new-state=(GstState)ready, pending-state=(GstState)void-pending;
Got message #1695 from element "vaapidecodebin2" (state-changed): GstMessageStateChanged, old-state=(GstState)null, new-state=(GstState)ready, pending-state=(GstState)void-pending;
Got message #1703 from element "vaapidecodebin3" (state-changed): GstMessageStateChanged, old-state=(GstState)null, new-state=(GstState)ready, pending-state=(GstState)void-pending;
Got message #1706 from element "vaapidecodebin4" (state-changed): GstMessageStateChanged, old-state=(GstState)null, new-state=(GstState)ready, pending-state=(GstState)void-pending;
Got message #1712 from element "vaapidecodebin0" (state-changed): GstMessageStateChanged, old-state=(GstState)null, new-state=(GstState)ready, pending-state=(GstState)void-pending;
Got message #1718 from element "vaapidecodebin5" (state-changed): GstMessageStateChanged, old-state=(GstState)null, new-state=(GstState)ready, pending-state=(GstState)void-pending;
Got message #1724 from element "vaapidecodebin7" (state-changed): GstMessageStateChanged, old-state=(GstState)null, new-state=(GstState)ready, pending-state=(GstState)void-pending;
Got message #1730 from element "vaapidecodebin1" (state-changed): GstMessageStateChanged, old-state=(GstState)null, new-state=(GstState)ready, pending-state=(GstState)void-pending;
Got message #1735 from element "capsfilter15" (state-changed): GstMessageStateChanged, old-state=(GstState)null, new-state=(GstState)ready, pending-state=(GstState)void-pending;
Got message #1736 from element "vaapipostproc4" (state-changed): GstMessageStateChanged, old-state=(GstState)null, new-state=(GstState)ready, pending-state=(GstState)void-pending;
Got message #1742 from element "capsfilter19" (state-changed): GstMessageStateChanged, old-state=(GstState)null, new-state=(GstState)ready, pending-state=(GstState)void-pending;
Got message #1743 from element "vaapipostproc6" (state-changed): GstMessageStateChanged, old-state=(GstState)null, new-state=(GstState)ready, pending-state=(GstState)void-pending;
Got message #1752 from element "vaapidecodebin6" (state-changed): GstMessageStateChanged, old-state=(GstState)null, new-state=(GstState)ready, pending-state=(GstState)void-pending;
Got message #1758 from element "vaapidecodebin8" (state-changed): GstMessageStateChanged, old-state=(GstState)null, new-state=(GstState)ready, pending-state=(GstState)void-pending;
Got message #1768 from element "vaapipostproc3" (need-context): GstMessageNeedContext, context-type=(string)gst.vaapi.Display;
Got message #1774 from element "vaapipostproc1" (need-context): GstMessageNeedContext, context-type=(string)gst.vaapi.Display;
Got message #1773 from element "vaapipostproc2" (need-context): GstMessageNeedContext, context-type=(string)gst.vaapi.Display;
Got message #1777 from element "vaapipostproc3" (need-context): GstMessageNeedContext, context-type=(string)gst.gl.GLDisplay;
Got message #1778 from element "vaapipostproc2" (need-context): GstMessageNeedContext, context-type=(string)gst.gl.GLDisplay;
Got message #1779 from element "vaapipostproc0" (need-context): GstMessageNeedContext, context-type=(string)gst.vaapi.Display;
Got message #1780 from element "vaapipostproc3" (need-context): GstMessageNeedContext, context-type=(string)gst.x11.display.handle;
Got message #1781 from element "vaapipostproc2" (need-context): GstMessageNeedContext, context-type=(string)gst.x11.display.handle;
Got message #1783 from element "vaapipostproc3" (need-context): GstMessageNeedContext, context-type=(string)GstWaylandDisplayHandleContextType;
Got message #1782 from element "vaapipostproc7" (need-context): GstMessageNeedContext, context-type=(string)gst.vaapi.Display;
Got message #1784 from element "vaapipostproc2" (need-context): GstMessageNeedContext, context-type=(string)GstWaylandDisplayHandleContextType;
Got message #1785 from element "vaapipostproc0" (need-context): GstMessageNeedContext, context-type=(string)gst.gl.GLDisplay;
Got message #1786 from element "vaapipostproc0" (need-context): GstMessageNeedContext, context-type=(string)gst.x11.display.handle;
Got message #1787 from element "vaapipostproc7" (need-context): GstMessageNeedContext, context-type=(string)gst.gl.GLDisplay;
Got message #1788 from element "vaapipostproc0" (need-context): GstMessageNeedContext, context-type=(string)GstWaylandDisplayHandleContextType;
Got message #1789 from element "vaapipostproc7" (need-context): GstMessageNeedContext, context-type=(string)gst.x11.display.handle;
Got message #1790 from element "vaapipostproc7" (need-context): GstMessageNeedContext, context-type=(string)GstWaylandDisplayHandleContextType;
Got message #1794 from element "vaapipostproc5" (need-context): GstMessageNeedContext, context-type=(string)gst.vaapi.Display;
Got message #1795 from element "vaapipostproc5" (need-context): GstMessageNeedContext, context-type=(string)gst.gl.GLDisplay;
Got message #1796 from element "vaapipostproc5" (need-context): GstMessageNeedContext, context-type=(string)gst.x11.display.handle;
Got message #1797 from element "vaapipostproc5" (need-context): GstMessageNeedContext, context-type=(string)GstWaylandDisplayHandleContextType;
Got message #1801 from element "vaapipostproc6" (need-context): GstMessageNeedContext, context-type=(string)gst.vaapi.Display;
Got message #1802 from element "vaapipostproc1" (need-context): GstMessageNeedContext, context-type=(string)gst.gl.GLDisplay;
Got message #1803 from element "vaapipostproc6" (need-context): GstMessageNeedContext, context-type=(string)gst.gl.GLDisplay;
Got message #1804 from element "vaapipostproc1" (need-context): GstMessageNeedContext, context-type=(string)gst.x11.display.handle;
Got message #1805 from element "vaapipostproc6" (need-context): GstMessageNeedContext, context-type=(string)gst.x11.display.handle;
Got message #1806 from element "vaapipostproc1" (need-context): GstMessageNeedContext, context-type=(string)GstWaylandDisplayHandleContextType;
Got message #1807 from element "vaapipostproc6" (need-context): GstMessageNeedContext, context-type=(string)GstWaylandDisplayHandleContextType;
Got message #1811 from element "vaapipostproc9" (need-context): GstMessageNeedContext, context-type=(string)gst.vaapi.Display;
Got message #1812 from element "vaapipostproc9" (need-context): GstMessageNeedContext, context-type=(string)gst.gl.GLDisplay;
Got message #1813 from element "vaapipostproc9" (need-context): GstMessageNeedContext, context-type=(string)gst.x11.display.handle;
Got message #1814 from element "vaapipostproc9" (need-context): GstMessageNeedContext, context-type=(string)GstWaylandDisplayHandleContextType;
Got message #1818 from element "vaapipostproc4" (need-context): GstMessageNeedContext, context-type=(string)gst.vaapi.Display;
Got message #1819 from element "vaapipostproc4" (need-context): GstMessageNeedContext, context-type=(string)gst.gl.GLDisplay;
Got message #1820 from element "vaapipostproc4" (need-context): GstMessageNeedContext, context-type=(string)gst.x11.display.handle;
Got message #1821 from element "vaapipostproc4" (need-context): GstMessageNeedContext, context-type=(string)GstWaylandDisplayHandleContextType;
Got message #1825 from element "vaapipostproc8" (need-context): GstMessageNeedContext, context-type=(string)gst.vaapi.Display;
Got message #1826 from element "vaapipostproc8" (need-context): GstMessageNeedContext, context-type=(string)gst.gl.GLDisplay;
Got message #1827 from element "vaapipostproc8" (need-context): GstMessageNeedContext, context-type=(string)gst.x11.display.handle;
Got message #1828 from element "vaapipostproc8" (need-context): GstMessageNeedContext, context-type=(string)GstWaylandDisplayHandleContextType;
Got message #1829 from element "vaapipostproc2" (have-context): GstMessageHaveContext, context=(GstContext)NULL;
Got context from element 'vaapipostproc2': gst.gl.GLDisplay=context, gst.gl.GLDisplay=(GstGLDisplay)"\(GstGLDisplayX11\)\ gldisplayx11-0";
Got message #1830 from element "vaapipostproc2" (need-context): GstMessageNeedContext, context-type=(string)gst.gl.app_context;
Got message #1831 from element "vaapipostproc0" (have-context): GstMessageHaveContext, context=(GstContext)NULL;
Got context from element 'vaapipostproc0': gst.gl.GLDisplay=context, gst.gl.GLDisplay=(GstGLDisplay)"\(GstGLDisplayX11\)\ gldisplayx11-1";
Got message #1832 from element "vaapipostproc5" (have-context): GstMessageHaveContext, context=(GstContext)NULL;
Got context from element 'vaapipostproc5': gst.gl.GLDisplay=context, gst.gl.GLDisplay=(GstGLDisplay)"\(GstGLDisplayX11\)\ gldisplayx11-3";
Got message #1833 from element "vaapipostproc7" (have-context): GstMessageHaveContext, context=(GstContext)NULL;
Got context from element 'vaapipostproc7': gst.gl.GLDisplay=context, gst.gl.GLDisplay=(GstGLDisplay)"\(GstGLDisplayX11\)\ gldisplayx11-2";
Got message #1834 from element "vaapipostproc1" (have-context): GstMessageHaveContext, context=(GstContext)NULL;
Got context from element 'vaapipostproc1': gst.gl.GLDisplay=context, gst.gl.GLDisplay=(GstGLDisplay)"\(GstGLDisplayX11\)\ gldisplayx11-7";
Got message #1835 from element "vaapipostproc4" (have-context): GstMessageHaveContext, context=(GstContext)NULL;
Got context from element 'vaapipostproc4': gst.gl.GLDisplay=context, gst.gl.GLDisplay=(GstGLDisplay)"\(GstGLDisplayX11\)\ gldisplayx11-5";
Got message #1838 from element "vaapipostproc7" (need-context): GstMessageNeedContext, context-type=(string)gst.gl.app_context;
Got message #1839 from element "vaapipostproc5" (need-context): GstMessageNeedContext, context-type=(string)gst.gl.app_context;
Got message #1836 from element "vaapipostproc9" (have-context): GstMessageHaveContext, context=(GstContext)NULL;
Got context from element 'vaapipostproc9': gst.gl.GLDisplay=context, gst.gl.GLDisplay=(GstGLDisplay)"\(GstGLDisplayX11\)\ gldisplayx11-6";
Got message #1837 from element "vaapipostproc1" (need-context): GstMessageNeedContext, context-type=(string)gst.gl.app_context;
Got message #1840 from element "vaapipostproc0" (need-context): GstMessageNeedContext, context-type=(string)gst.gl.app_context;
Got message #1843 from element "vaapipostproc6" (have-context): GstMessageHaveContext, context=(GstContext)NULL;
Got context from element 'vaapipostproc6': gst.gl.GLDisplay=context, gst.gl.GLDisplay=(GstGLDisplay)"\(GstGLDisplayX11\)\ gldisplayx11-8";
Got message #1844 from element "vaapipostproc4" (need-context): GstMessageNeedContext, context-type=(string)gst.gl.app_context;
Got message #1845 from element "vaapipostproc9" (need-context): GstMessageNeedContext, context-type=(string)gst.gl.app_context;
Got message #1841 from element "vaapipostproc8" (have-context): GstMessageHaveContext, context=(GstContext)NULL;
Got context from element 'vaapipostproc8': gst.gl.GLDisplay=context, gst.gl.GLDisplay=(GstGLDisplay)"\(GstGLDisplayX11\)\ gldisplayx11-9";
Got message #1842 from element "vaapipostproc3" (have-context): GstMessageHaveContext, context=(GstContext)NULL;
Got context from element 'vaapipostproc3': gst.gl.GLDisplay=context, gst.gl.GLDisplay=(GstGLDisplay)"\(GstGLDisplayX11\)\ gldisplayx11-4";
Got message #1846 from element "vaapipostproc6" (need-context): GstMessageNeedContext, context-type=(string)gst.gl.app_context;
Got message #1847 from element "vaapipostproc8" (need-context): GstMessageNeedContext, context-type=(string)gst.gl.app_context;
Got message #1848 from element "vaapipostproc3" (need-context): GstMessageNeedContext, context-type=(string)gst.gl.app_context;
Got message #1849 from element "vaapipostproc4" (have-context): GstMessageHaveContext, context=(GstContext)NULL;
Got context from element 'vaapipostproc4': gst.vaapi.Display=context, gst.vaapi.Display=(GstVaapiDisplay)"\(GstVaapiDisplayGLX\)\ vaapidisplayglx0", gst.vaapi.Display.GObject=(GstObject)"\(GstVaapiDisplayGLX\)\ vaapidisplayglx0";
Got message #1850 from element "vaapipostproc4" (state-changed): GstMessageStateChanged, old-state=(GstState)ready, new-state=(GstState)paused, pending-state=(GstState)void-pending;
Got message #1851 from element "capsfilter15" (state-changed): GstMessageStateChanged, old-state=(GstState)ready, new-state=(GstState)paused, pending-state=(GstState)void-pending;
Got message #1852 from pad "queue29:src" (stream-status): GstMessageStreamStatus, type=(GstStreamStatusType)create, owner=(GstElement)"\(GstQueue\)\ queue29", object=(GstTask)"\(GstTask\)\ task54";
Got message #1853 from element "queue29" (state-changed): GstMessageStateChanged, old-state=(GstState)ready, new-state=(GstState)paused, pending-state=(GstState)void-pending;
Got message #1854 from pad "queue29:src" (stream-status): GstMessageStreamStatus, type=(GstStreamStatusType)enter, owner=(GstElement)"\(GstQueue\)\ queue29", object=(GstTask)"\(GstTask\)\ queue29:src";
Got message #1855 from element "vaapidecode8" (state-changed): GstMessageStateChanged, old-state=(GstState)ready, new-state=(GstState)paused, pending-state=(GstState)void-pending;
Got message #1856 from element "vaapidecodebin6" (state-changed): GstMessageStateChanged, old-state=(GstState)ready, new-state=(GstState)paused, pending-state=(GstState)void-pending;
Got message #1857 from element "vaapipostproc9" (have-context): GstMessageHaveContext, context=(GstContext)NULL;
Got context from element 'vaapipostproc9': gst.vaapi.Display=context, gst.vaapi.Display=(GstVaapiDisplay)"\(GstVaapiDisplayGLX\)\ vaapidisplayglx3", gst.vaapi.Display.GObject=(GstObject)"\(GstVaapiDisplayGLX\)\ vaapidisplayglx3";
Got message #1858 from element "vaapipostproc9" (state-changed): GstMessageStateChanged, old-state=(GstState)ready, new-state=(GstState)paused, pending-state=(GstState)void-pending;
Got message #1859 from element "capsfilter14" (state-changed): GstMessageStateChanged, old-state=(GstState)ready, new-state=(GstState)paused, pending-state=(GstState)void-pending;
Got message #1860 from pad "queue28:src" (stream-status): GstMessageStreamStatus, type=(GstStreamStatusType)create, owner=(GstElement)"\(GstQueue\)\ queue28", object=(GstTask)"\(GstTask\)\ task55";
Got message #1861 from element "queue28" (state-changed): GstMessageStateChanged, old-state=(GstState)ready, new-state=(GstState)paused, pending-state=(GstState)void-pending;
Got message #1862 from pad "queue28:src" (stream-status): GstMessageStreamStatus, type=(GstStreamStatusType)enter, owner=(GstElement)"\(GstQueue\)\ queue28", object=(GstTask)"\(GstTask\)\ queue28:src";
Got message #1863 from element "vaapidecode4" (state-changed): GstMessageStateChanged, old-state=(GstState)ready, new-state=(GstState)paused, pending-state=(GstState)void-pending;
Got message #1864 from element "vaapidecodebin5" (state-changed): GstMessageStateChanged, old-state=(GstState)ready, new-state=(GstState)paused, pending-state=(GstState)void-pending;
Got message #1865 from element "vaapipostproc8" (have-context): GstMessageHaveContext, context=(GstContext)NULL;
Got context from element 'vaapipostproc8': gst.vaapi.Display=context, gst.vaapi.Display=(GstVaapiDisplay)"\(GstVaapiDisplayGLX\)\ vaapidisplayglx2", gst.vaapi.Display.GObject=(GstObject)"\(GstVaapiDisplayGLX\)\ vaapidisplayglx2";
Got message #1866 from element "vaapipostproc8" (state-changed): GstMessageStateChanged, old-state=(GstState)ready, new-state=(GstState)paused, pending-state=(GstState)void-pending;
Got message #1867 from element "capsfilter18" (state-changed): GstMessageStateChanged, old-state=(GstState)ready, new-state=(GstState)paused, pending-state=(GstState)void-pending;
Got message #1868 from pad "queue30:src" (stream-status): GstMessageStreamStatus, type=(GstStreamStatusType)create, owner=(GstElement)"\(GstQueue\)\ queue30", object=(GstTask)"\(GstTask\)\ task56";
Got message #1869 from element "queue30" (state-changed): GstMessageStateChanged, old-state=(GstState)ready, new-state=(GstState)paused, pending-state=(GstState)void-pending;
Got message #1870 from pad "queue30:src" (stream-status): GstMessageStreamStatus, type=(GstStreamStatusType)enter, owner=(GstElement)"\(GstQueue\)\ queue30", object=(GstTask)"\(GstTask\)\ queue30:src";
Got message #1871 from element "vaapidecode3" (state-changed): GstMessageStateChanged, old-state=(GstState)ready, new-state=(GstState)paused, pending-state=(GstState)void-pending;
Got message #1872 from element "vaapidecodebin7" (state-changed): GstMessageStateChanged, old-state=(GstState)ready, new-state=(GstState)paused, pending-state=(GstState)void-pending;
Got message #1873 from element "vaapipostproc1" (have-context): GstMessageHaveContext, context=(GstContext)NULL;
Got context from element 'vaapipostproc1': gst.vaapi.Display=context, gst.vaapi.Display=(GstVaapiDisplay)"\(GstVaapiDisplayGLX\)\ vaapidisplayglx1", gst.vaapi.Display.GObject=(GstObject)"\(GstVaapiDisplayGLX\)\ vaapidisplayglx1";
Got message #1874 from element "vaapipostproc1" (state-changed): GstMessageStateChanged, old-state=(GstState)ready, new-state=(GstState)paused, pending-state=(GstState)void-pending;
Got message #1875 from element "capsfilter12" (state-changed): GstMessageStateChanged, old-state=(GstState)ready, new-state=(GstState)paused, pending-state=(GstState)void-pending;
Got message #1876 from pad "queue27:src" (stream-status): GstMessageStreamStatus, type=(GstStreamStatusType)create, owner=(GstElement)"\(GstQueue\)\ queue27", object=(GstTask)"\(GstTask\)\ task57";
Got message #1877 from element "queue27" (state-changed): GstMessageStateChanged, old-state=(GstState)ready, new-state=(GstState)paused, pending-state=(GstState)void-pending;
Got message #1878 from element "vaapidecode7" (state-changed): GstMessageStateChanged, old-state=(GstState)ready, new-state=(GstState)paused, pending-state=(GstState)void-pending;
Got message #1879 from pad "queue27:src" (stream-status): GstMessageStreamStatus, type=(GstStreamStatusType)enter, owner=(GstElement)"\(GstQueue\)\ queue27", object=(GstTask)"\(GstTask\)\ queue27:src";
Got message #1880 from element "vaapidecodebin3" (state-changed): GstMessageStateChanged, old-state=(GstState)ready, new-state=(GstState)paused, pending-state=(GstState)void-pending;
Got message #1881 from pad "sink:proxypad49" (property-notify): GstMessagePropertyNotify, property-name=(string)caps, property-value=(GstCaps)"video/x-h264\,\ stream-format\=\(string\)avc\,\ alignment\=\(string\)au\,\ level\=\(string\)4\,\ profile\=\(string\)high\,\ codec_data\=\(buffer\)01640028ffe1001d67640028acd940780227e5c05a808080a000007d20001d4c01e30632c001000568e93b2c8b\,\ width\=\(int\)1920\,\ height\=\(int\)1080\,\ framerate\=\(fraction\)30000/1001\,\ pixel-aspect-ratio\=\(fraction\)1/1\,\ colorimetry\=\(string\)bt709\,\ chroma-format\=\(string\)4:2:0\,\ bit-depth-luma\=\(uint\)8\,\ bit-depth-chroma\=\(uint\)8\,\ parsed\=\(boolean\)true";
/GstPipeline:pipeline0/GstDecodeBin:decodebin7/GstVaapiDecodeBin:vaapidecodebin6.GstGhostPad:sink.GstProxyPad:proxypad49: caps = video/x-h264, stream-format=(string)avc, alignment=(string)au, level=(string)4, profile=(string)high, codec_data=(buffer)01640028ffe1001d67640028acd940780227e5c05a808080a000007d20001d4c01e30632c001000568e93b2c8b, width=(int)1920, height=(int)1080, framerate=(fraction)30000/1001, pixel-aspect-ratio=(fraction)1/1, colorimetry=(string)bt709, chroma-format=(string)4:2:0, bit-depth-luma=(uint)8, bit-depth-chroma=(uint)8, parsed=(boolean)true
Got message #1882 from pad "sink:proxypad50" (property-notify): GstMessagePropertyNotify, property-name=(string)caps, property-value=(GstCaps)"video/x-h264\,\ stream-format\=\(string\)avc\,\ alignment\=\(string\)au\,\ level\=\(string\)4\,\ profile\=\(string\)high\,\ codec_data\=\(buffer\)01640028ffe1001d67640028acd940780227e5c05a808080a000007d20001d4c01e30632c001000568e93b2c8b\,\ width\=\(int\)1920\,\ height\=\(int\)1080\,\ framerate\=\(fraction\)30000/1001\,\ pixel-aspect-ratio\=\(fraction\)1/1\,\ colorimetry\=\(string\)bt709\,\ chroma-format\=\(string\)4:2:0\,\ bit-depth-luma\=\(uint\)8\,\ bit-depth-chroma\=\(uint\)8\,\ parsed\=\(boolean\)true";
/GstPipeline:pipeline0/GstDecodeBin:decodebin1/GstVaapiDecodeBin:vaapidecodebin5.GstGhostPad:sink.GstProxyPad:proxypad50: caps = video/x-h264, stream-format=(string)avc, alignment=(string)au, level=(string)4, profile=(string)high, codec_data=(buffer)01640028ffe1001d67640028acd940780227e5c05a808080a000007d20001d4c01e30632c001000568e93b2c8b, width=(int)1920, height=(int)1080, framerate=(fraction)30000/1001, pixel-aspect-ratio=(fraction)1/1, colorimetry=(string)bt709, chroma-format=(string)4:2:0, bit-depth-luma=(uint)8, bit-depth-chroma=(uint)8, parsed=(boolean)true
Got message #1883 from pad "vaapidecode4:sink" (property-notify): GstMessagePropertyNotify, property-name=(string)caps, property-value=(GstCaps)"video/x-h264\,\ stream-format\=\(string\)avc\,\ alignment\=\(string\)au\,\ level\=\(string\)4\,\ profile\=\(string\)high\,\ codec_data\=\(buffer\)01640028ffe1001d67640028acd940780227e5c05a808080a000007d20001d4c01e30632c001000568e93b2c8b\,\ width\=\(int\)1920\,\ height\=\(int\)1080\,\ framerate\=\(fraction\)30000/1001\,\ pixel-aspect-ratio\=\(fraction\)1/1\,\ colorimetry\=\(string\)bt709\,\ chroma-format\=\(string\)4:2:0\,\ bit-depth-luma\=\(uint\)8\,\ bit-depth-chroma\=\(uint\)8\,\ parsed\=\(boolean\)true";
/GstPipeline:pipeline0/GstDecodeBin:decodebin1/GstVaapiDecodeBin:vaapidecodebin5/GstVaapiDecode:vaapidecode4.GstPad:sink: caps = video/x-h264, stream-format=(string)avc, alignment=(string)au, level=(string)4, profile=(string)high, codec_data=(buffer)01640028ffe1001d67640028acd940780227e5c05a808080a000007d20001d4c01e30632c001000568e93b2c8b, width=(int)1920, height=(int)1080, framerate=(fraction)30000/1001, pixel-aspect-ratio=(fraction)1/1, colorimetry=(string)bt709, chroma-format=(string)4:2:0, bit-depth-luma=(uint)8, bit-depth-chroma=(uint)8, parsed=(boolean)true
Got message #1885 from pad "vaapidecode4:sink" (property-notify): GstMessagePropertyNotify, property-name=(string)caps, property-value=(GstCaps)"video/x-h264\,\ stream-format\=\(string\)avc\,\ alignment\=\(string\)au\,\ level\=\(string\)4\,\ profile\=\(string\)high\,\ codec_data\=\(buffer\)01640028ffe1001d67640028acd940780227e5c05a808080a000007d20001d4c01e30632c001000568e93b2c8b\,\ width\=\(int\)1920\,\ height\=\(int\)1080\,\ framerate\=\(fraction\)30000/1001\,\ pixel-aspect-ratio\=\(fraction\)1/1\,\ colorimetry\=\(string\)bt709\,\ chroma-format\=\(string\)4:2:0\,\ bit-depth-luma\=\(uint\)8\,\ bit-depth-chroma\=\(uint\)8\,\ parsed\=\(boolean\)true";
/GstPipeline:pipeline0/GstDecodeBin:decodebin1/GstVaapiDecodeBin:vaapidecodebin5/GstVaapiDecode:vaapidecode4.GstPad:sink: caps = video/x-h264, stream-format=(string)avc, alignment=(string)au, level=(string)4, profile=(string)high, codec_data=(buffer)01640028ffe1001d67640028acd940780227e5c05a808080a000007d20001d4c01e30632c001000568e93b2c8b, width=(int)1920, height=(int)1080, framerate=(fraction)30000/1001, pixel-aspect-ratio=(fraction)1/1, colorimetry=(string)bt709, chroma-format=(string)4:2:0, bit-depth-luma=(uint)8, bit-depth-chroma=(uint)8, parsed=(boolean)true
Got message #1886 from pad "vaapidecode4:sink" (property-notify): GstMessagePropertyNotify, property-name=(string)caps, property-value=(GstCaps)"video/x-h264\,\ stream-format\=\(string\)avc\,\ alignment\=\(string\)au\,\ level\=\(string\)4\,\ profile\=\(string\)high\,\ codec_data\=\(buffer\)01640028ffe1001d67640028acd940780227e5c05a808080a000007d20001d4c01e30632c001000568e93b2c8b\,\ width\=\(int\)1920\,\ height\=\(int\)1080\,\ framerate\=\(fraction\)30000/1001\,\ pixel-aspect-ratio\=\(fraction\)1/1\,\ colorimetry\=\(string\)bt709\,\ chroma-format\=\(string\)4:2:0\,\ bit-depth-luma\=\(uint\)8\,\ bit-depth-chroma\=\(uint\)8\,\ parsed\=\(boolean\)true";
/GstPipeline:pipeline0/GstDecodeBin:decodebin1/GstVaapiDecodeBin:vaapidecodebin5/GstVaapiDecode:vaapidecode4.GstPad:sink: caps = video/x-h264, stream-format=(string)avc, alignment=(string)au, level=(string)4, profile=(string)high, codec_data=(buffer)01640028ffe1001d67640028acd940780227e5c05a808080a000007d20001d4c01e30632c001000568e93b2c8b, width=(int)1920, height=(int)1080, framerate=(fraction)30000/1001, pixel-aspect-ratio=(fraction)1/1, colorimetry=(string)bt709, chroma-format=(string)4:2:0, bit-depth-luma=(uint)8, bit-depth-chroma=(uint)8, parsed=(boolean)true
Got message #1884 from element "vaapipostproc6" (have-context): GstMessageHaveContext, context=(GstContext)NULL;
Got context from element 'vaapipostproc6': gst.vaapi.Display=context, gst.vaapi.Display=(GstVaapiDisplay)"\(GstVaapiDisplayGLX\)\ vaapidisplayglx4", gst.vaapi.Display.GObject=(GstObject)"\(GstVaapiDisplayGLX\)\ vaapidisplayglx4";
Got message #1887 from pad "vaapidecodebin5:sink" (property-notify): GstMessagePropertyNotify, property-name=(string)caps, property-value=(GstCaps)"video/x-h264\,\ stream-format\=\(string\)avc\,\ alignment\=\(string\)au\,\ level\=\(string\)4\,\ profile\=\(string\)high\,\ codec_data\=\(buffer\)01640028ffe1001d67640028acd940780227e5c05a808080a000007d20001d4c01e30632c001000568e93b2c8b\,\ width\=\(int\)1920\,\ height\=\(int\)1080\,\ framerate\=\(fraction\)30000/1001\,\ pixel-aspect-ratio\=\(fraction\)1/1\,\ colorimetry\=\(string\)bt709\,\ chroma-format\=\(string\)4:2:0\,\ bit-depth-luma\=\(uint\)8\,\ bit-depth-chroma\=\(uint\)8\,\ parsed\=\(boolean\)true";
/GstPipeline:pipeline0/GstDecodeBin:decodebin1/GstVaapiDecodeBin:vaapidecodebin5.GstGhostPad:sink: caps = video/x-h264, stream-format=(string)avc, alignment=(string)au, level=(string)4, profile=(string)high, codec_data=(buffer)01640028ffe1001d67640028acd940780227e5c05a808080a000007d20001d4c01e30632c001000568e93b2c8b, width=(int)1920, height=(int)1080, framerate=(fraction)30000/1001, pixel-aspect-ratio=(fraction)1/1, colorimetry=(string)bt709, chroma-format=(string)4:2:0, bit-depth-luma=(uint)8, bit-depth-chroma=(uint)8, parsed=(boolean)true
Got message #1888 from pad "capsfilter4:src" (property-notify): GstMessagePropertyNotify, property-name=(string)caps, property-value=(GstCaps)"video/x-h264\,\ stream-format\=\(string\)avc\,\ alignment\=\(string\)au\,\ level\=\(string\)4\,\ profile\=\(string\)high\,\ codec_data\=\(buffer\)01640028ffe1001d67640028acd940780227e5c05a808080a000007d20001d4c01e30632c001000568e93b2c8b\,\ width\=\(int\)1920\,\ height\=\(int\)1080\,\ framerate\=\(fraction\)30000/1001\,\ pixel-aspect-ratio\=\(fraction\)1/1\,\ colorimetry\=\(string\)bt709\,\ chroma-format\=\(string\)4:2:0\,\ bit-depth-luma\=\(uint\)8\,\ bit-depth-chroma\=\(uint\)8\,\ parsed\=\(boolean\)true";
/GstPipeline:pipeline0/GstDecodeBin:decodebin1/GstCapsFilter:capsfilter4.GstPad:src: caps = video/x-h264, stream-format=(string)avc, alignment=(string)au, level=(string)4, profile=(string)high, codec_data=(buffer)01640028ffe1001d67640028acd940780227e5c05a808080a000007d20001d4c01e30632c001000568e93b2c8b, width=(int)1920, height=(int)1080, framerate=(fraction)30000/1001, pixel-aspect-ratio=(fraction)1/1, colorimetry=(string)bt709, chroma-format=(string)4:2:0, bit-depth-luma=(uint)8, bit-depth-chroma=(uint)8, parsed=(boolean)true
Got message #1889 from element "vaapipostproc6" (state-changed): GstMessageStateChanged, old-state=(GstState)ready, new-state=(GstState)paused, pending-state=(GstState)void-pending;
Got message #1890 from pad "capsfilter2:src" (property-notify): GstMessagePropertyNotify, property-name=(string)caps, property-value=(GstCaps)"video/x-h264\,\ stream-format\=\(string\)avc\,\ alignment\=\(string\)au\,\ level\=\(string\)4\,\ profile\=\(string\)high\,\ codec_data\=\(buffer\)01640028ffe1001d67640028acd940780227e5c05a808080a000007d20001d4c01e30632c001000568e93b2c8b\,\ width\=\(int\)1920\,\ height\=\(int\)1080\,\ framerate\=\(fraction\)30000/1001\,\ pixel-aspect-ratio\=\(fraction\)1/1\,\ colorimetry\=\(string\)bt709\,\ chroma-format\=\(string\)4:2:0\,\ bit-depth-luma\=\(uint\)8\,\ bit-depth-chroma\=\(uint\)8\,\ parsed\=\(boolean\)true";
/GstPipeline:pipeline0/GstDecodeBin:decodebin7/GstCapsFilter:capsfilter2.GstPad:src: caps = video/x-h264, stream-format=(string)avc, alignment=(string)au, level=(string)4, profile=(string)high, codec_data=(buffer)01640028ffe1001d67640028acd940780227e5c05a808080a000007d20001d4c01e30632c001000568e93b2c8b, width=(int)1920, height=(int)1080, framerate=(fraction)30000/1001, pixel-aspect-ratio=(fraction)1/1, colorimetry=(string)bt709, chroma-format=(string)4:2:0, bit-depth-luma=(uint)8, bit-depth-chroma=(uint)8, parsed=(boolean)true
Got message #1891 from element "capsfilter19" (state-changed): GstMessageStateChanged, old-state=(GstState)ready, new-state=(GstState)paused, pending-state=(GstState)void-pending;
Got message #1892 from pad "queue32:src" (stream-status): GstMessageStreamStatus, type=(GstStreamStatusType)create, owner=(GstElement)"\(GstQueue\)\ queue32", object=(GstTask)"\(GstTask\)\ queue32:src";
Got message #1893 from element "queue32" (state-changed): GstMessageStateChanged, old-state=(GstState)ready, new-state=(GstState)paused, pending-state=(GstState)void-pending;
Got message #1894 from pad "capsfilter4:sink" (property-notify): GstMessagePropertyNotify, property-name=(string)caps, property-value=(GstCaps)"video/x-h264\,\ stream-format\=\(string\)avc\,\ alignment\=\(string\)au\,\ level\=\(string\)4\,\ profile\=\(string\)high\,\ codec_data\=\(buffer\)01640028ffe1001d67640028acd940780227e5c05a808080a000007d20001d4c01e30632c001000568e93b2c8b\,\ width\=\(int\)1920\,\ height\=\(int\)1080\,\ framerate\=\(fraction\)30000/1001\,\ pixel-aspect-ratio\=\(fraction\)1/1\,\ colorimetry\=\(string\)bt709\,\ chroma-format\=\(string\)4:2:0\,\ bit-depth-luma\=\(uint\)8\,\ bit-depth-chroma\=\(uint\)8\,\ parsed\=\(boolean\)true";
/GstPipeline:pipeline0/GstDecodeBin:decodebin1/GstCapsFilter:capsfilter4.GstPad:sink: caps = video/x-h264, stream-format=(string)avc, alignment=(string)au, level=(string)4, profile=(string)high, codec_data=(buffer)01640028ffe1001d67640028acd940780227e5c05a808080a000007d20001d4c01e30632c001000568e93b2c8b, width=(int)1920, height=(int)1080, framerate=(fraction)30000/1001, pixel-aspect-ratio=(fraction)1/1, colorimetry=(string)bt709, chroma-format=(string)4:2:0, bit-depth-luma=(uint)8, bit-depth-chroma=(uint)8, parsed=(boolean)true
Got message #1895 from pad "h264parse3:sink" (property-notify): GstMessagePropertyNotify, property-name=(string)caps, property-value=(GstCaps)"video/x-h264\,\ stream-format\=\(string\)avc\,\ alignment\=\(string\)au\,\ level\=\(string\)4\,\ profile\=\(string\)high\,\ codec_data\=\(buffer\)01640028ffe1001d67640028acd940780227e5c05a808080a000007d20001d4c01e30632c001000568e93b2c8bfdf8f800\,\ width\=\(int\)1920\,\ height\=\(int\)1080\,\ framerate\=\(fraction\)30000/1001\,\ pixel-aspect-ratio\=\(fraction\)1/1\,\ colorimetry\=\(string\)bt709";
/GstPipeline:pipeline0/GstDecodeBin:decodebin1/GstH264Parse:h264parse3.GstPad:sink: caps = video/x-h264, stream-format=(string)avc, alignment=(string)au, level=(string)4, profile=(string)high, codec_data=(buffer)01640028ffe1001d67640028acd940780227e5c05a808080a000007d20001d4c01e30632c001000568e93b2c8bfdf8f800, width=(int)1920, height=(int)1080, framerate=(fraction)30000/1001, pixel-aspect-ratio=(fraction)1/1, colorimetry=(string)bt709
Got message #1896 from pad "queue32:src" (stream-status): GstMessageStreamStatus, type=(GstStreamStatusType)enter, owner=(GstElement)"\(GstQueue\)\ queue32", object=(GstTask)"\(GstTask\)\ queue32:src";
Got message #1897 from element "vaapidecode9" (state-changed): GstMessageStateChanged, old-state=(GstState)ready, new-state=(GstState)paused, pending-state=(GstState)void-pending;
Got message #1898 from element "vaapidecodebin8" (state-changed): GstMessageStateChanged, old-state=(GstState)ready, new-state=(GstState)paused, pending-state=(GstState)void-pending;
Got message #1899 from pad "capsfilter2:sink" (property-notify): GstMessagePropertyNotify, property-name=(string)caps, property-value=(GstCaps)"video/x-h264\,\ stream-format\=\(string\)avc\,\ alignment\=\(string\)au\,\ level\=\(string\)4\,\ profile\=\(string\)high\,\ codec_data\=\(buffer\)01640028ffe1001d67640028acd940780227e5c05a808080a000007d20001d4c01e30632c001000568e93b2c8b\,\ width\=\(int\)1920\,\ height\=\(int\)1080\,\ framerate\=\(fraction\)30000/1001\,\ pixel-aspect-ratio\=\(fraction\)1/1\,\ colorimetry\=\(string\)bt709\,\ chroma-format\=\(string\)4:2:0\,\ bit-depth-luma\=\(uint\)8\,\ bit-depth-chroma\=\(uint\)8\,\ parsed\=\(boolean\)true";
/GstPipeline:pipeline0/GstDecodeBin:decodebin7/GstCapsFilter:capsfilter2.GstPad:sink: caps = video/x-h264, stream-format=(string)avc, alignment=(string)au, level=(string)4, profile=(string)high, codec_data=(buffer)01640028ffe1001d67640028acd940780227e5c05a808080a000007d20001d4c01e30632c001000568e93b2c8b, width=(int)1920, height=(int)1080, framerate=(fraction)30000/1001, pixel-aspect-ratio=(fraction)1/1, colorimetry=(string)bt709, chroma-format=(string)4:2:0, bit-depth-luma=(uint)8, bit-depth-chroma=(uint)8, parsed=(boolean)true
Got message #1900 from pad "h264parse5:sink" (property-notify): GstMessagePropertyNotify, property-name=(string)caps, property-value=(GstCaps)"video/x-h264\,\ stream-format\=\(string\)avc\,\ alignment\=\(string\)au\,\ level\=\(string\)4\,\ profile\=\(string\)high\,\ codec_data\=\(buffer\)01640028ffe1001d67640028acd940780227e5c05a808080a000007d20001d4c01e30632c001000568e93b2c8bfdf8f800\,\ width\=\(int\)1920\,\ height\=\(int\)1080\,\ framerate\=\(fraction\)30000/1001\,\ pixel-aspect-ratio\=\(fraction\)1/1\,\ colorimetry\=\(string\)bt709";
/GstPipeline:pipeline0/GstDecodeBin:decodebin7/GstH264Parse:h264parse5.GstPad:sink: caps = video/x-h264, stream-format=(string)avc, alignment=(string)au, level=(string)4, profile=(string)high, codec_data=(buffer)01640028ffe1001d67640028acd940780227e5c05a808080a000007d20001d4c01e30632c001000568e93b2c8bfdf8f800, width=(int)1920, height=(int)1080, framerate=(fraction)30000/1001, pixel-aspect-ratio=(fraction)1/1, colorimetry=(string)bt709
Got message #1901 from element "multiqueue8" (property-notify): GstMessagePropertyNotify, property-name=(string)max-size-time, property-value=(guint64)0;
/GstPipeline:pipeline0/GstDecodeBin:decodebin7/GstMultiQueue:multiqueue8: max-size-time = 0
Got message #1902 from element "multiqueue8" (property-notify): GstMessagePropertyNotify, property-name=(string)max-size-bytes, property-value=(uint)8388608;
/GstPipeline:pipeline0/GstDecodeBin:decodebin7/GstMultiQueue:multiqueue8: max-size-bytes = 8388608
Got message #1904 from pad "multiqueue8:sink_0" (property-notify): GstMessagePropertyNotify, property-name=(string)caps, property-value=(GstCaps)"video/x-h264\,\ stream-format\=\(string\)avc\,\ alignment\=\(string\)au\,\ level\=\(string\)4\,\ profile\=\(string\)high\,\ codec_data\=\(buffer\)01640028ffe1001d67640028acd940780227e5c05a808080a000007d20001d4c01e30632c001000568e93b2c8bfdf8f800\,\ width\=\(int\)1920\,\ height\=\(int\)1080\,\ framerate\=\(fraction\)30000/1001\,\ pixel-aspect-ratio\=\(fraction\)1/1\,\ colorimetry\=\(string\)bt709";
/GstPipeline:pipeline0/GstDecodeBin:decodebin7/GstMultiQueue:multiqueue8.GstMultiQueuePad:sink_0: caps = video/x-h264, stream-format=(string)avc, alignment=(string)au, level=(string)4, profile=(string)high, codec_data=(buffer)01640028ffe1001d67640028acd940780227e5c05a808080a000007d20001d4c01e30632c001000568e93b2c8bfdf8f800, width=(int)1920, height=(int)1080, framerate=(fraction)30000/1001, pixel-aspect-ratio=(fraction)1/1, colorimetry=(string)bt709
Got message #1907 from element "multiqueue8" (property-notify): GstMessagePropertyNotify, property-name=(string)max-size-time, property-value=(guint64)0;
/GstPipeline:pipeline0/GstDecodeBin:decodebin7/GstMultiQueue:multiqueue8: max-size-time = 0
Got message #1908 from element "multiqueue8" (property-notify): GstMessagePropertyNotify, property-name=(string)max-size-bytes, property-value=(uint)8388608;
/GstPipeline:pipeline0/GstDecodeBin:decodebin7/GstMultiQueue:multiqueue8: max-size-bytes = 8388608
Got message #1910 from pad "h264parse5:src" (property-notify): GstMessagePropertyNotify, property-name=(string)caps, property-value=(GstCaps)"video/x-h264\,\ stream-format\=\(string\)avc\,\ alignment\=\(string\)au\,\ level\=\(string\)4\,\ profile\=\(string\)high\,\ codec_data\=\(buffer\)01640028ffe1001d67640028acd940780227e5c05a808080a000007d20001d4c01e30632c001000568e93b2c8b\,\ width\=\(int\)1920\,\ height\=\(int\)1080\,\ framerate\=\(fraction\)30000/1001\,\ pixel-aspect-ratio\=\(fraction\)1/1\,\ colorimetry\=\(string\)bt709\,\ chroma-format\=\(string\)4:2:0\,\ bit-depth-luma\=\(uint\)8\,\ bit-depth-chroma\=\(uint\)8\,\ parsed\=\(boolean\)true";
/GstPipeline:pipeline0/GstDecodeBin:decodebin7/GstH264Parse:h264parse5.GstPad:src: caps = video/x-h264, stream-format=(string)avc, alignment=(string)au, level=(string)4, profile=(string)high, codec_data=(buffer)01640028ffe1001d67640028acd940780227e5c05a808080a000007d20001d4c01e30632c001000568e93b2c8b, width=(int)1920, height=(int)1080, framerate=(fraction)30000/1001, pixel-aspect-ratio=(fraction)1/1, colorimetry=(string)bt709, chroma-format=(string)4:2:0, bit-depth-luma=(uint)8, bit-depth-chroma=(uint)8, parsed=(boolean)true
Got message #1911 from pad "capsfilter2:sink" (property-notify): GstMessagePropertyNotify, property-name=(string)caps, property-value=(GstCaps)"video/x-h264\,\ stream-format\=\(string\)avc\,\ alignment\=\(string\)au\,\ level\=\(string\)4\,\ profile\=\(string\)high\,\ codec_data\=\(buffer\)01640028ffe1001d67640028acd940780227e5c05a808080a000007d20001d4c01e30632c001000568e93b2c8b\,\ width\=\(int\)1920\,\ height\=\(int\)1080\,\ framerate\=\(fraction\)30000/1001\,\ pixel-aspect-ratio\=\(fraction\)1/1\,\ colorimetry\=\(string\)bt709\,\ chroma-format\=\(string\)4:2:0\,\ bit-depth-luma\=\(uint\)8\,\ bit-depth-chroma\=\(uint\)8\,\ parsed\=\(boolean\)true";
/GstPipeline:pipeline0/GstDecodeBin:decodebin7/GstCapsFilter:capsfilter2.GstPad:sink: caps = video/x-h264, stream-format=(string)avc, alignment=(string)au, level=(string)4, profile=(string)high, codec_data=(buffer)01640028ffe1001d67640028acd940780227e5c05a808080a000007d20001d4c01e30632c001000568e93b2c8b, width=(int)1920, height=(int)1080, framerate=(fraction)30000/1001, pixel-aspect-ratio=(fraction)1/1, colorimetry=(string)bt709, chroma-format=(string)4:2:0, bit-depth-luma=(uint)8, bit-depth-chroma=(uint)8, parsed=(boolean)true
Got message #1914 from pad "h264parse5:src" (property-notify): GstMessagePropertyNotify, property-name=(string)caps, property-value=(GstCaps)"video/x-h264\,\ stream-format\=\(string\)avc\,\ alignment\=\(string\)au\,\ level\=\(string\)4\,\ profile\=\(string\)high\,\ codec_data\=\(buffer\)01640028ffe1001d67640028acd940780227e5c05a808080a000007d20001d4c01e30632c001000568e93b2c8b\,\ width\=\(int\)1920\,\ height\=\(int\)1080\,\ framerate\=\(fraction\)30000/1001\,\ pixel-aspect-ratio\=\(fraction\)1/1\,\ colorimetry\=\(string\)bt709\,\ chroma-format\=\(string\)4:2:0\,\ bit-depth-luma\=\(uint\)8\,\ bit-depth-chroma\=\(uint\)8\,\ parsed\=\(boolean\)true";
/GstPipeline:pipeline0/GstDecodeBin:decodebin7/GstH264Parse:h264parse5.GstPad:src: caps = video/x-h264, stream-format=(string)avc, alignment=(string)au, level=(string)4, profile=(string)high, codec_data=(buffer)01640028ffe1001d67640028acd940780227e5c05a808080a000007d20001d4c01e30632c001000568e93b2c8b, width=(int)1920, height=(int)1080, framerate=(fraction)30000/1001, pixel-aspect-ratio=(fraction)1/1, colorimetry=(string)bt709, chroma-format=(string)4:2:0, bit-depth-luma=(uint)8, bit-depth-chroma=(uint)8, parsed=(boolean)true
Got message #1915 from pad "capsfilter2:sink" (property-notify): GstMessagePropertyNotify, property-name=(string)caps, property-value=(GstCaps)"video/x-h264\,\ stream-format\=\(string\)avc\,\ alignment\=\(string\)au\,\ level\=\(string\)4\,\ profile\=\(string\)high\,\ codec_data\=\(buffer\)01640028ffe1001d67640028acd940780227e5c05a808080a000007d20001d4c01e30632c001000568e93b2c8b\,\ width\=\(int\)1920\,\ height\=\(int\)1080\,\ framerate\=\(fraction\)30000/1001\,\ pixel-aspect-ratio\=\(fraction\)1/1\,\ colorimetry\=\(string\)bt709\,\ chroma-format\=\(string\)4:2:0\,\ bit-depth-luma\=\(uint\)8\,\ bit-depth-chroma\=\(uint\)8\,\ parsed\=\(boolean\)true";
/GstPipeline:pipeline0/GstDecodeBin:decodebin7/GstCapsFilter:capsfilter2.GstPad:sink: caps = video/x-h264, stream-format=(string)avc, alignment=(string)au, level=(string)4, profile=(string)high, codec_data=(buffer)01640028ffe1001d67640028acd940780227e5c05a808080a000007d20001d4c01e30632c001000568e93b2c8b, width=(int)1920, height=(int)1080, framerate=(fraction)30000/1001, pixel-aspect-ratio=(fraction)1/1, colorimetry=(string)bt709, chroma-format=(string)4:2:0, bit-depth-luma=(uint)8, bit-depth-chroma=(uint)8, parsed=(boolean)true
Got message #1916 from element "h264parse5" (duration-changed): GstMessageDurationChanged;
Got message #1920 from element "multiqueue8" (property-notify): GstMessagePropertyNotify, property-name=(string)max-size-time, property-value=(guint64)0;
/GstPipeline:pipeline0/GstDecodeBin:decodebin7/GstMultiQueue:multiqueue8: max-size-time = 0
Got message #1921 from element "multiqueue8" (property-notify): GstMessagePropertyNotify, property-name=(string)max-size-bytes, property-value=(uint)8388608;
/GstPipeline:pipeline0/GstDecodeBin:decodebin7/GstMultiQueue:multiqueue8: max-size-bytes = 8388608
Got message #1922 from element "vaapipostproc3" (have-context): GstMessageHaveContext, context=(GstContext)NULL;
Got context from element 'vaapipostproc3': gst.vaapi.Display=context, gst.vaapi.Display=(GstVaapiDisplay)"\(GstVaapiDisplayGLX\)\ vaapidisplayglx8", gst.vaapi.Display.GObject=(GstObject)"\(GstVaapiDisplayGLX\)\ vaapidisplayglx8";
Got message #1923 from element "vaapipostproc3" (state-changed): GstMessageStateChanged, old-state=(GstState)ready, new-state=(GstState)paused, pending-state=(GstState)void-pending;
Got message #1924 from element "capsfilter11" (state-changed): GstMessageStateChanged, old-state=(GstState)ready, new-state=(GstState)paused, pending-state=(GstState)void-pending;
Got message #1925 from pad "queue25:src" (stream-status): GstMessageStreamStatus, type=(GstStreamStatusType)create, owner=(GstElement)"\(GstQueue\)\ queue25", object=(GstTask)"\(GstTask\)\ queue25:src";
Got message #1926 from element "queue25" (state-changed): GstMessageStateChanged, old-state=(GstState)ready, new-state=(GstState)paused, pending-state=(GstState)void-pending;
Got message #1927 from pad "queue25:src" (stream-status): GstMessageStreamStatus, type=(GstStreamStatusType)enter, owner=(GstElement)"\(GstQueue\)\ queue25", object=(GstTask)"\(GstTask\)\ queue25:src";
Got message #1928 from element "vaapidecode0" (state-changed): GstMessageStateChanged, old-state=(GstState)ready, new-state=(GstState)paused, pending-state=(GstState)void-pending;
Got message #1929 from element "vaapidecodebin1" (state-changed): GstMessageStateChanged, old-state=(GstState)ready, new-state=(GstState)paused, pending-state=(GstState)void-pending;
Got message #1930 from element "multiqueue6" (property-notify): GstMessagePropertyNotify, property-name=(string)max-size-buffers, property-value=(uint)5;
/GstPipeline:pipeline0/GstDecodeBin:decodebin1/GstMultiQueue:multiqueue6: max-size-buffers = 5
Got message #1931 from element "multiqueue6" (property-notify): GstMessagePropertyNotify, property-name=(string)max-size-buffers, property-value=(uint)5;
/GstPipeline:pipeline0/GstDecodeBin:decodebin1/GstMultiQueue:multiqueue6: max-size-buffers = 5
Got message #1932 from element "multiqueue6" (property-notify): GstMessagePropertyNotify, property-name=(string)max-size-time, property-value=(guint64)0;
/GstPipeline:pipeline0/GstDecodeBin:decodebin1/GstMultiQueue:multiqueue6: max-size-time = 0
Got message #1933 from element "multiqueue6" (property-notify): GstMessagePropertyNotify, property-name=(string)max-size-bytes, property-value=(uint)8388608;
/GstPipeline:pipeline0/GstDecodeBin:decodebin1/GstMultiQueue:multiqueue6: max-size-bytes = 8388608
Got message #1935 from pad "multiqueue6:sink_0" (property-notify): GstMessagePropertyNotify, property-name=(string)caps, property-value=(GstCaps)"video/x-h264\,\ stream-format\=\(string\)avc\,\ alignment\=\(string\)au\,\ level\=\(string\)4\,\ profile\=\(string\)high\,\ codec_data\=\(buffer\)01640028ffe1001d67640028acd940780227e5c05a808080a000007d20001d4c01e30632c001000568e93b2c8bfdf8f800\,\ width\=\(int\)1920\,\ height\=\(int\)1080\,\ framerate\=\(fraction\)30000/1001\,\ pixel-aspect-ratio\=\(fraction\)1/1\,\ colorimetry\=\(string\)bt709";
/GstPipeline:pipeline0/GstDecodeBin:decodebin1/GstMultiQueue:multiqueue6.GstMultiQueuePad:sink_0: caps = video/x-h264, stream-format=(string)avc, alignment=(string)au, level=(string)4, profile=(string)high, codec_data=(buffer)01640028ffe1001d67640028acd940780227e5c05a808080a000007d20001d4c01e30632c001000568e93b2c8bfdf8f800, width=(int)1920, height=(int)1080, framerate=(fraction)30000/1001, pixel-aspect-ratio=(fraction)1/1, colorimetry=(string)bt709
Got message #1938 from pad "sink:proxypad54" (property-notify): GstMessagePropertyNotify, property-name=(string)caps, property-value=(GstCaps)"video/x-h264\,\ stream-format\=\(string\)avc\,\ alignment\=\(string\)au\,\ level\=\(string\)4\,\ profile\=\(string\)high\,\ codec_data\=\(buffer\)01640028ffe1001d67640028acd940780227e5c05a808080a000007d20001d4c01e30632c001000568e93b2c8b\,\ width\=\(int\)1920\,\ height\=\(int\)1080\,\ framerate\=\(fraction\)30000/1001\,\ pixel-aspect-ratio\=\(fraction\)1/1\,\ colorimetry\=\(string\)bt709\,\ chroma-format\=\(string\)4:2:0\,\ bit-depth-luma\=\(uint\)8\,\ bit-depth-chroma\=\(uint\)8\,\ parsed\=\(boolean\)true";
/GstPipeline:pipeline0/GstDecodeBin:decodebin2/GstVaapiDecodeBin:vaapidecodebin7.GstGhostPad:sink.GstProxyPad:proxypad54: caps = video/x-h264, stream-format=(string)avc, alignment=(string)au, level=(string)4, profile=(string)high, codec_data=(buffer)01640028ffe1001d67640028acd940780227e5c05a808080a000007d20001d4c01e30632c001000568e93b2c8b, width=(int)1920, height=(int)1080, framerate=(fraction)30000/1001, pixel-aspect-ratio=(fraction)1/1, colorimetry=(string)bt709, chroma-format=(string)4:2:0, bit-depth-luma=(uint)8, bit-depth-chroma=(uint)8, parsed=(boolean)true
Got message #1940 from pad "h264parse3:src" (property-notify): GstMessagePropertyNotify, property-name=(string)caps, property-value=(GstCaps)"video/x-h264\,\ stream-format\=\(string\)avc\,\ alignment\=\(string\)au\,\ level\=\(string\)4\,\ profile\=\(string\)high\,\ codec_data\=\(buffer\)01640028ffe1001d67640028acd940780227e5c05a808080a000007d20001d4c01e30632c001000568e93b2c8b\,\ width\=\(int\)1920\,\ height\=\(int\)1080\,\ framerate\=\(fraction\)30000/1001\,\ pixel-aspect-ratio\=\(fraction\)1/1\,\ colorimetry\=\(string\)bt709\,\ chroma-format\=\(string\)4:2:0\,\ bit-depth-luma\=\(uint\)8\,\ bit-depth-chroma\=\(uint\)8\,\ parsed\=\(boolean\)true";
/GstPipeline:pipeline0/GstDecodeBin:decodebin1/GstH264Parse:h264parse3.GstPad:src: caps = video/x-h264, stream-format=(string)avc, alignment=(string)au, level=(string)4, profile=(string)high, codec_data=(buffer)01640028ffe1001d67640028acd940780227e5c05a808080a000007d20001d4c01e30632c001000568e93b2c8b, width=(int)1920, height=(int)1080, framerate=(fraction)30000/1001, pixel-aspect-ratio=(fraction)1/1, colorimetry=(string)bt709, chroma-format=(string)4:2:0, bit-depth-luma=(uint)8, bit-depth-chroma=(uint)8, parsed=(boolean)true
Got message #1941 from element "multiqueue6" (property-notify): GstMessagePropertyNotify, property-name=(string)max-size-buffers, property-value=(uint)5;
/GstPipeline:pipeline0/GstDecodeBin:decodebin1/GstMultiQueue:multiqueue6: max-size-buffers = 5
Got message #1942 from element "multiqueue6" (property-notify): GstMessagePropertyNotify, property-name=(string)max-size-time, property-value=(guint64)0;
/GstPipeline:pipeline0/GstDecodeBin:decodebin1/GstMultiQueue:multiqueue6: max-size-time = 0
Got message #1943 from element "multiqueue6" (property-notify): GstMessagePropertyNotify, property-name=(string)max-size-bytes, property-value=(uint)8388608;
/GstPipeline:pipeline0/GstDecodeBin:decodebin1/GstMultiQueue:multiqueue6: max-size-bytes = 8388608
Got message #1944 from pad "vaapidecode3:sink" (property-notify): GstMessagePropertyNotify, property-name=(string)caps, property-value=(GstCaps)"video/x-h264\,\ stream-format\=\(string\)avc\,\ alignment\=\(string\)au\,\ level\=\(string\)4\,\ profile\=\(string\)high\,\ codec_data\=\(buffer\)01640028ffe1001d67640028acd940780227e5c05a808080a000007d20001d4c01e30632c001000568e93b2c8b\,\ width\=\(int\)1920\,\ height\=\(int\)1080\,\ framerate\=\(fraction\)30000/1001\,\ pixel-aspect-ratio\=\(fraction\)1/1\,\ colorimetry\=\(string\)bt709\,\ chroma-format\=\(string\)4:2:0\,\ bit-depth-luma\=\(uint\)8\,\ bit-depth-chroma\=\(uint\)8\,\ parsed\=\(boolean\)true";
/GstPipeline:pipeline0/GstDecodeBin:decodebin2/GstVaapiDecodeBin:vaapidecodebin7/GstVaapiDecode:vaapidecode3.GstPad:sink: caps = video/x-h264, stream-format=(string)avc, alignment=(string)au, level=(string)4, profile=(string)high, codec_data=(buffer)01640028ffe1001d67640028acd940780227e5c05a808080a000007d20001d4c01e30632c001000568e93b2c8b, width=(int)1920, height=(int)1080, framerate=(fraction)30000/1001, pixel-aspect-ratio=(fraction)1/1, colorimetry=(string)bt709, chroma-format=(string)4:2:0, bit-depth-luma=(uint)8, bit-depth-chroma=(uint)8, parsed=(boolean)true
Got message #1945 from pad "vaapidecodebin7:sink" (property-notify): GstMessagePropertyNotify, property-name=(string)caps, property-value=(GstCaps)"video/x-h264\,\ stream-format\=\(string\)avc\,\ alignment\=\(string\)au\,\ level\=\(string\)4\,\ profile\=\(string\)high\,\ codec_data\=\(buffer\)01640028ffe1001d67640028acd940780227e5c05a808080a000007d20001d4c01e30632c001000568e93b2c8b\,\ width\=\(int\)1920\,\ height\=\(int\)1080\,\ framerate\=\(fraction\)30000/1001\,\ pixel-aspect-ratio\=\(fraction\)1/1\,\ colorimetry\=\(string\)bt709\,\ chroma-format\=\(string\)4:2:0\,\ bit-depth-luma\=\(uint\)8\,\ bit-depth-chroma\=\(uint\)8\,\ parsed\=\(boolean\)true";
/GstPipeline:pipeline0/GstDecodeBin:decodebin2/GstVaapiDecodeBin:vaapidecodebin7.GstGhostPad:sink: caps = video/x-h264, stream-format=(string)avc, alignment=(string)au, level=(string)4, profile=(string)high, codec_data=(buffer)01640028ffe1001d67640028acd940780227e5c05a808080a000007d20001d4c01e30632c001000568e93b2c8b, width=(int)1920, height=(int)1080, framerate=(fraction)30000/1001, pixel-aspect-ratio=(fraction)1/1, colorimetry=(string)bt709, chroma-format=(string)4:2:0, bit-depth-luma=(uint)8, bit-depth-chroma=(uint)8, parsed=(boolean)true
Got message #1946 from pad "capsfilter6:src" (property-notify): GstMessagePropertyNotify, property-name=(string)caps, property-value=(GstCaps)"video/x-h264\,\ stream-format\=\(string\)avc\,\ alignment\=\(string\)au\,\ level\=\(string\)4\,\ profile\=\(string\)high\,\ codec_data\=\(buffer\)01640028ffe1001d67640028acd940780227e5c05a808080a000007d20001d4c01e30632c001000568e93b2c8b\,\ width\=\(int\)1920\,\ height\=\(int\)1080\,\ framerate\=\(fraction\)30000/1001\,\ pixel-aspect-ratio\=\(fraction\)1/1\,\ colorimetry\=\(string\)bt709\,\ chroma-format\=\(string\)4:2:0\,\ bit-depth-luma\=\(uint\)8\,\ bit-depth-chroma\=\(uint\)8\,\ parsed\=\(boolean\)true";
/GstPipeline:pipeline0/GstDecodeBin:decodebin2/GstCapsFilter:capsfilter6.GstPad:src: caps = video/x-h264, stream-format=(string)avc, alignment=(string)au, level=(string)4, profile=(string)high, codec_data=(buffer)01640028ffe1001d67640028acd940780227e5c05a808080a000007d20001d4c01e30632c001000568e93b2c8b, width=(int)1920, height=(int)1080, framerate=(fraction)30000/1001, pixel-aspect-ratio=(fraction)1/1, colorimetry=(string)bt709, chroma-format=(string)4:2:0, bit-depth-luma=(uint)8, bit-depth-chroma=(uint)8, parsed=(boolean)true
Got message #1947 from pad "capsfilter4:sink" (property-notify): GstMessagePropertyNotify, property-name=(string)caps, property-value=(GstCaps)"video/x-h264\,\ stream-format\=\(string\)avc\,\ alignment\=\(string\)au\,\ level\=\(string\)4\,\ profile\=\(string\)high\,\ codec_data\=\(buffer\)01640028ffe1001d67640028acd940780227e5c05a808080a000007d20001d4c01e30632c001000568e93b2c8b\,\ width\=\(int\)1920\,\ height\=\(int\)1080\,\ framerate\=\(fraction\)30000/1001\,\ pixel-aspect-ratio\=\(fraction\)1/1\,\ colorimetry\=\(string\)bt709\,\ chroma-format\=\(string\)4:2:0\,\ bit-depth-luma\=\(uint\)8\,\ bit-depth-chroma\=\(uint\)8\,\ parsed\=\(boolean\)true";
/GstPipeline:pipeline0/GstDecodeBin:decodebin1/GstCapsFilter:capsfilter4.GstPad:sink: caps = video/x-h264, stream-format=(string)avc, alignment=(string)au, level=(string)4, profile=(string)high, codec_data=(buffer)01640028ffe1001d67640028acd940780227e5c05a808080a000007d20001d4c01e30632c001000568e93b2c8b, width=(int)1920, height=(int)1080, framerate=(fraction)30000/1001, pixel-aspect-ratio=(fraction)1/1, colorimetry=(string)bt709, chroma-format=(string)4:2:0, bit-depth-luma=(uint)8, bit-depth-chroma=(uint)8, parsed=(boolean)true
Got message #1949 from pad "capsfilter6:sink" (property-notify): GstMessagePropertyNotify, property-name=(string)caps, property-value=(GstCaps)"video/x-h264\,\ stream-format\=\(string\)avc\,\ alignment\=\(string\)au\,\ level\=\(string\)4\,\ profile\=\(string\)high\,\ codec_data\=\(buffer\)01640028ffe1001d67640028acd940780227e5c05a808080a000007d20001d4c01e30632c001000568e93b2c8b\,\ width\=\(int\)1920\,\ height\=\(int\)1080\,\ framerate\=\(fraction\)30000/1001\,\ pixel-aspect-ratio\=\(fraction\)1/1\,\ colorimetry\=\(string\)bt709\,\ chroma-format\=\(string\)4:2:0\,\ bit-depth-luma\=\(uint\)8\,\ bit-depth-chroma\=\(uint\)8\,\ parsed\=\(boolean\)true";
/GstPipeline:pipeline0/GstDecodeBin:decodebin2/GstCapsFilter:capsfilter6.GstPad:sink: caps = video/x-h264, stream-format=(string)avc, alignment=(string)au, level=(string)4, profile=(string)high, codec_data=(buffer)01640028ffe1001d67640028acd940780227e5c05a808080a000007d20001d4c01e30632c001000568e93b2c8b, width=(int)1920, height=(int)1080, framerate=(fraction)30000/1001, pixel-aspect-ratio=(fraction)1/1, colorimetry=(string)bt709, chroma-format=(string)4:2:0, bit-depth-luma=(uint)8, bit-depth-chroma=(uint)8, parsed=(boolean)true
Got message #1950 from pad "h264parse7:sink" (property-notify): GstMessagePropertyNotify, property-name=(string)caps, property-value=(GstCaps)"video/x-h264\,\ stream-format\=\(string\)avc\,\ alignment\=\(string\)au\,\ level\=\(string\)4\,\ profile\=\(string\)high\,\ codec_data\=\(buffer\)01640028ffe1001d67640028acd940780227e5c05a808080a000007d20001d4c01e30632c001000568e93b2c8bfdf8f800\,\ width\=\(int\)1920\,\ height\=\(int\)1080\,\ framerate\=\(fraction\)30000/1001\,\ pixel-aspect-ratio\=\(fraction\)1/1\,\ colorimetry\=\(string\)bt709";
/GstPipeline:pipeline0/GstDecodeBin:decodebin2/GstH264Parse:h264parse7.GstPad:sink: caps = video/x-h264, stream-format=(string)avc, alignment=(string)au, level=(string)4, profile=(string)high, codec_data=(buffer)01640028ffe1001d67640028acd940780227e5c05a808080a000007d20001d4c01e30632c001000568e93b2c8bfdf8f800, width=(int)1920, height=(int)1080, framerate=(fraction)30000/1001, pixel-aspect-ratio=(fraction)1/1, colorimetry=(string)bt709
Got message #1951 from element "multiqueue6" (property-notify): GstMessagePropertyNotify, property-name=(string)max-size-buffers, property-value=(uint)5;
/GstPipeline:pipeline0/GstDecodeBin:decodebin1/GstMultiQueue:multiqueue6: max-size-buffers = 5
Got message #1952 from element "multiqueue6" (property-notify): GstMessagePropertyNotify, property-name=(string)max-size-time, property-value=(guint64)0;
/GstPipeline:pipeline0/GstDecodeBin:decodebin1/GstMultiQueue:multiqueue6: max-size-time = 0
Got message #1953 from element "multiqueue9" (property-notify): GstMessagePropertyNotify, property-name=(string)max-size-buffers, property-value=(uint)5;
/GstPipeline:pipeline0/GstDecodeBin:decodebin2/GstMultiQueue:multiqueue9: max-size-buffers = 5
Got message #1954 from element "multiqueue9" (property-notify): GstMessagePropertyNotify, property-name=(string)max-size-time, property-value=(guint64)0;
/GstPipeline:pipeline0/GstDecodeBin:decodebin2/GstMultiQueue:multiqueue9: max-size-time = 0
Got message #1956 from pad "multiqueue9:sink_0" (property-notify): GstMessagePropertyNotify, property-name=(string)caps, property-value=(GstCaps)"video/x-h264\,\ stream-format\=\(string\)avc\,\ alignment\=\(string\)au\,\ level\=\(string\)4\,\ profile\=\(string\)high\,\ codec_data\=\(buffer\)01640028ffe1001d67640028acd940780227e5c05a808080a000007d20001d4c01e30632c001000568e93b2c8bfdf8f800\,\ width\=\(int\)1920\,\ height\=\(int\)1080\,\ framerate\=\(fraction\)30000/1001\,\ pixel-aspect-ratio\=\(fraction\)1/1\,\ colorimetry\=\(string\)bt709";
/GstPipeline:pipeline0/GstDecodeBin:decodebin2/GstMultiQueue:multiqueue9.GstMultiQueuePad:sink_0: caps = video/x-h264, stream-format=(string)avc, alignment=(string)au, level=(string)4, profile=(string)high, codec_data=(buffer)01640028ffe1001d67640028acd940780227e5c05a808080a000007d20001d4c01e30632c001000568e93b2c8bfdf8f800, width=(int)1920, height=(int)1080, framerate=(fraction)30000/1001, pixel-aspect-ratio=(fraction)1/1, colorimetry=(string)bt709
Got message #1959 from element "multiqueue6" (property-notify): GstMessagePropertyNotify, property-name=(string)max-size-bytes, property-value=(uint)8388608;
/GstPipeline:pipeline0/GstDecodeBin:decodebin1/GstMultiQueue:multiqueue6: max-size-bytes = 8388608
Got message #1960 from element "multiqueue6" (property-notify): GstMessagePropertyNotify, property-name=(string)max-size-bytes, property-value=(uint)8388608;
/GstPipeline:pipeline0/GstDecodeBin:decodebin1/GstMultiQueue:multiqueue6: max-size-bytes = 8388608
Got message #1962 from pad "h264parse3:src" (property-notify): GstMessagePropertyNotify, property-name=(string)caps, property-value=(GstCaps)"video/x-h264\,\ stream-format\=\(string\)avc\,\ alignment\=\(string\)au\,\ level\=\(string\)4\,\ profile\=\(string\)high\,\ codec_data\=\(buffer\)01640028ffe1001d67640028acd940780227e5c05a808080a000007d20001d4c01e30632c001000568e93b2c8b\,\ width\=\(int\)1920\,\ height\=\(int\)1080\,\ framerate\=\(fraction\)30000/1001\,\ pixel-aspect-ratio\=\(fraction\)1/1\,\ colorimetry\=\(string\)bt709\,\ chroma-format\=\(string\)4:2:0\,\ bit-depth-luma\=\(uint\)8\,\ bit-depth-chroma\=\(uint\)8\,\ parsed\=\(boolean\)true";
/GstPipeline:pipeline0/GstDecodeBin:decodebin1/GstH264Parse:h264parse3.GstPad:src: caps = video/x-h264, stream-format=(string)avc, alignment=(string)au, level=(string)4, profile=(string)high, codec_data=(buffer)01640028ffe1001d67640028acd940780227e5c05a808080a000007d20001d4c01e30632c001000568e93b2c8b, width=(int)1920, height=(int)1080, framerate=(fraction)30000/1001, pixel-aspect-ratio=(fraction)1/1, colorimetry=(string)bt709, chroma-format=(string)4:2:0, bit-depth-luma=(uint)8, bit-depth-chroma=(uint)8, parsed=(boolean)true
Got message #1964 from pad "h264parse7:src" (property-notify): GstMessagePropertyNotify, property-name=(string)caps, property-value=(GstCaps)"video/x-h264\,\ stream-format\=\(string\)avc\,\ alignment\=\(string\)au\,\ level\=\(string\)4\,\ profile\=\(string\)high\,\ codec_data\=\(buffer\)01640028ffe1001d67640028acd940780227e5c05a808080a000007d20001d4c01e30632c001000568e93b2c8b\,\ width\=\(int\)1920\,\ height\=\(int\)1080\,\ framerate\=\(fraction\)30000/1001\,\ pixel-aspect-ratio\=\(fraction\)1/1\,\ colorimetry\=\(string\)bt709\,\ chroma-format\=\(string\)4:2:0\,\ bit-depth-luma\=\(uint\)8\,\ bit-depth-chroma\=\(uint\)8\,\ parsed\=\(boolean\)true";
/GstPipeline:pipeline0/GstDecodeBin:decodebin2/GstH264Parse:h264parse7.GstPad:src: caps = video/x-h264, stream-format=(string)avc, alignment=(string)au, level=(string)4, profile=(string)high, codec_data=(buffer)01640028ffe1001d67640028acd940780227e5c05a808080a000007d20001d4c01e30632c001000568e93b2c8b, width=(int)1920, height=(int)1080, framerate=(fraction)30000/1001, pixel-aspect-ratio=(fraction)1/1, colorimetry=(string)bt709, chroma-format=(string)4:2:0, bit-depth-luma=(uint)8, bit-depth-chroma=(uint)8, parsed=(boolean)true
Got message #1965 from element "multiqueue9" (property-notify): GstMessagePropertyNotify, property-name=(string)max-size-buffers, property-value=(uint)5;
/GstPipeline:pipeline0/GstDecodeBin:decodebin2/GstMultiQueue:multiqueue9: max-size-buffers = 5
Got message #1966 from element "multiqueue9" (property-notify): GstMessagePropertyNotify, property-name=(string)max-size-time, property-value=(guint64)0;
/GstPipeline:pipeline0/GstDecodeBin:decodebin2/GstMultiQueue:multiqueue9: max-size-time = 0
Got message #1967 from element "multiqueue9" (property-notify): GstMessagePropertyNotify, property-name=(string)max-size-bytes, property-value=(uint)8388608;
/GstPipeline:pipeline0/GstDecodeBin:decodebin2/GstMultiQueue:multiqueue9: max-size-bytes = 8388608
Got message #1968 from pad "capsfilter4:sink" (property-notify): GstMessagePropertyNotify, property-name=(string)caps, property-value=(GstCaps)"video/x-h264\,\ stream-format\=\(string\)avc\,\ alignment\=\(string\)au\,\ level\=\(string\)4\,\ profile\=\(string\)high\,\ codec_data\=\(buffer\)01640028ffe1001d67640028acd940780227e5c05a808080a000007d20001d4c01e30632c001000568e93b2c8b\,\ width\=\(int\)1920\,\ height\=\(int\)1080\,\ framerate\=\(fraction\)30000/1001\,\ pixel-aspect-ratio\=\(fraction\)1/1\,\ colorimetry\=\(string\)bt709\,\ chroma-format\=\(string\)4:2:0\,\ bit-depth-luma\=\(uint\)8\,\ bit-depth-chroma\=\(uint\)8\,\ parsed\=\(boolean\)true";
/GstPipeline:pipeline0/GstDecodeBin:decodebin1/GstCapsFilter:capsfilter4.GstPad:sink: caps = video/x-h264, stream-format=(string)avc, alignment=(string)au, level=(string)4, profile=(string)high, codec_data=(buffer)01640028ffe1001d67640028acd940780227e5c05a808080a000007d20001d4c01e30632c001000568e93b2c8b, width=(int)1920, height=(int)1080, framerate=(fraction)30000/1001, pixel-aspect-ratio=(fraction)1/1, colorimetry=(string)bt709, chroma-format=(string)4:2:0, bit-depth-luma=(uint)8, bit-depth-chroma=(uint)8, parsed=(boolean)true
Got message #1969 from pad "capsfilter6:sink" (property-notify): GstMessagePropertyNotify, property-name=(string)caps, property-value=(GstCaps)"video/x-h264\,\ stream-format\=\(string\)avc\,\ alignment\=\(string\)au\,\ level\=\(string\)4\,\ profile\=\(string\)high\,\ codec_data\=\(buffer\)01640028ffe1001d67640028acd940780227e5c05a808080a000007d20001d4c01e30632c001000568e93b2c8b\,\ width\=\(int\)1920\,\ height\=\(int\)1080\,\ framerate\=\(fraction\)30000/1001\,\ pixel-aspect-ratio\=\(fraction\)1/1\,\ colorimetry\=\(string\)bt709\,\ chroma-format\=\(string\)4:2:0\,\ bit-depth-luma\=\(uint\)8\,\ bit-depth-chroma\=\(uint\)8\,\ parsed\=\(boolean\)true";
/GstPipeline:pipeline0/GstDecodeBin:decodebin2/GstCapsFilter:capsfilter6.GstPad:sink: caps = video/x-h264, stream-format=(string)avc, alignment=(string)au, level=(string)4, profile=(string)high, codec_data=(buffer)01640028ffe1001d67640028acd940780227e5c05a808080a000007d20001d4c01e30632c001000568e93b2c8b, width=(int)1920, height=(int)1080, framerate=(fraction)30000/1001, pixel-aspect-ratio=(fraction)1/1, colorimetry=(string)bt709, chroma-format=(string)4:2:0, bit-depth-luma=(uint)8, bit-depth-chroma=(uint)8, parsed=(boolean)true
Got message #1971 from element "multiqueue9" (property-notify): GstMessagePropertyNotify, property-name=(string)max-size-buffers, property-value=(uint)5;
/GstPipeline:pipeline0/GstDecodeBin:decodebin2/GstMultiQueue:multiqueue9: max-size-buffers = 5
Got message #1972 from element "multiqueue9" (property-notify): GstMessagePropertyNotify, property-name=(string)max-size-time, property-value=(guint64)0;
/GstPipeline:pipeline0/GstDecodeBin:decodebin2/GstMultiQueue:multiqueue9: max-size-time = 0
Got message #1973 from element "multiqueue9" (property-notify): GstMessagePropertyNotify, property-name=(string)max-size-bytes, property-value=(uint)8388608;
/GstPipeline:pipeline0/GstDecodeBin:decodebin2/GstMultiQueue:multiqueue9: max-size-bytes = 8388608
Got message #1974 from element "h264parse3" (duration-changed): GstMessageDurationChanged;
Got message #1979 from pad "h264parse7:src" (property-notify): GstMessagePropertyNotify, property-name=(string)caps, property-value=(GstCaps)"video/x-h264\,\ stream-format\=\(string\)avc\,\ alignment\=\(string\)au\,\ level\=\(string\)4\,\ profile\=\(string\)high\,\ codec_data\=\(buffer\)01640028ffe1001d67640028acd940780227e5c05a808080a000007d20001d4c01e30632c001000568e93b2c8b\,\ width\=\(int\)1920\,\ height\=\(int\)1080\,\ framerate\=\(fraction\)30000/1001\,\ pixel-aspect-ratio\=\(fraction\)1/1\,\ colorimetry\=\(string\)bt709\,\ chroma-format\=\(string\)4:2:0\,\ bit-depth-luma\=\(uint\)8\,\ bit-depth-chroma\=\(uint\)8\,\ parsed\=\(boolean\)true";
/GstPipeline:pipeline0/GstDecodeBin:decodebin2/GstH264Parse:h264parse7.GstPad:src: caps = video/x-h264, stream-format=(string)avc, alignment=(string)au, level=(string)4, profile=(string)high, codec_data=(buffer)01640028ffe1001d67640028acd940780227e5c05a808080a000007d20001d4c01e30632c001000568e93b2c8b, width=(int)1920, height=(int)1080, framerate=(fraction)30000/1001, pixel-aspect-ratio=(fraction)1/1, colorimetry=(string)bt709, chroma-format=(string)4:2:0, bit-depth-luma=(uint)8, bit-depth-chroma=(uint)8, parsed=(boolean)true
Got message #1980 from pad "capsfilter6:sink" (property-notify): GstMessagePropertyNotify, property-name=(string)caps, property-value=(GstCaps)"video/x-h264\,\ stream-format\=\(string\)avc\,\ alignment\=\(string\)au\,\ level\=\(string\)4\,\ profile\=\(string\)high\,\ codec_data\=\(buffer\)01640028ffe1001d67640028acd940780227e5c05a808080a000007d20001d4c01e30632c001000568e93b2c8b\,\ width\=\(int\)1920\,\ height\=\(int\)1080\,\ framerate\=\(fraction\)30000/1001\,\ pixel-aspect-ratio\=\(fraction\)1/1\,\ colorimetry\=\(string\)bt709\,\ chroma-format\=\(string\)4:2:0\,\ bit-depth-luma\=\(uint\)8\,\ bit-depth-chroma\=\(uint\)8\,\ parsed\=\(boolean\)true";
/GstPipeline:pipeline0/GstDecodeBin:decodebin2/GstCapsFilter:capsfilter6.GstPad:sink: caps = video/x-h264, stream-format=(string)avc, alignment=(string)au, level=(string)4, profile=(string)high, codec_data=(buffer)01640028ffe1001d67640028acd940780227e5c05a808080a000007d20001d4c01e30632c001000568e93b2c8b, width=(int)1920, height=(int)1080, framerate=(fraction)30000/1001, pixel-aspect-ratio=(fraction)1/1, colorimetry=(string)bt709, chroma-format=(string)4:2:0, bit-depth-luma=(uint)8, bit-depth-chroma=(uint)8, parsed=(boolean)true
Got message #1981 from element "h264parse7" (duration-changed): GstMessageDurationChanged;
Got message #1985 from element "vaapipostproc7" (have-context): GstMessageHaveContext, context=(GstContext)NULL;
Got context from element 'vaapipostproc7': gst.vaapi.Display=context, gst.vaapi.Display=(GstVaapiDisplay)"\(GstVaapiDisplayGLX\)\ vaapidisplayglx5", gst.vaapi.Display.GObject=(GstObject)"\(GstVaapiDisplayGLX\)\ vaapidisplayglx5";
Got message #1986 from element "vaapipostproc7" (state-changed): GstMessageStateChanged, old-state=(GstState)ready, new-state=(GstState)paused, pending-state=(GstState)void-pending;
Got message #1987 from element "capsfilter17" (state-changed): GstMessageStateChanged, old-state=(GstState)ready, new-state=(GstState)paused, pending-state=(GstState)void-pending;
Got message #1988 from pad "queue23:src" (stream-status): GstMessageStreamStatus, type=(GstStreamStatusType)create, owner=(GstElement)"\(GstQueue\)\ queue23", object=(GstTask)"\(GstTask\)\ task60";
Got message #1989 from element "queue23" (state-changed): GstMessageStateChanged, old-state=(GstState)ready, new-state=(GstState)paused, pending-state=(GstState)void-pending;
Got message #1990 from pad "queue23:src" (stream-status): GstMessageStreamStatus, type=(GstStreamStatusType)enter, owner=(GstElement)"\(GstQueue\)\ queue23", object=(GstTask)"\(GstTask\)\ queue23:src";
Got message #1991 from element "vaapidecode1" (state-changed): GstMessageStateChanged, old-state=(GstState)ready, new-state=(GstState)paused, pending-state=(GstState)void-pending;
Got message #1992 from element "vaapidecodebin0" (state-changed): GstMessageStateChanged, old-state=(GstState)ready, new-state=(GstState)paused, pending-state=(GstState)void-pending;
Got message #1993 from element "vaapipostproc0" (have-context): GstMessageHaveContext, context=(GstContext)NULL;
Got context from element 'vaapipostproc0': gst.vaapi.Display=context, gst.vaapi.Display=(GstVaapiDisplay)"\(GstVaapiDisplayGLX\)\ vaapidisplayglx9", gst.vaapi.Display.GObject=(GstObject)"\(GstVaapiDisplayGLX\)\ vaapidisplayglx9";
Got message #1994 from element "vaapipostproc0" (state-changed): GstMessageStateChanged, old-state=(GstState)ready, new-state=(GstState)paused, pending-state=(GstState)void-pending;
Got message #1995 from element "capsfilter10" (state-changed): GstMessageStateChanged, old-state=(GstState)ready, new-state=(GstState)paused, pending-state=(GstState)void-pending;
Got message #1996 from pad "queue24:src" (stream-status): GstMessageStreamStatus, type=(GstStreamStatusType)create, owner=(GstElement)"\(GstQueue\)\ queue24", object=(GstTask)"\(GstTask\)\ queue24:src";
Got message #1997 from element "queue24" (state-changed): GstMessageStateChanged, old-state=(GstState)ready, new-state=(GstState)paused, pending-state=(GstState)void-pending;
Got message #1998 from pad "queue24:src" (stream-status): GstMessageStreamStatus, type=(GstStreamStatusType)enter, owner=(GstElement)"\(GstQueue\)\ queue24", object=(GstTask)"\(GstTask\)\ queue24:src";
Got message #1999 from element "vaapidecode2" (state-changed): GstMessageStateChanged, old-state=(GstState)ready, new-state=(GstState)paused, pending-state=(GstState)void-pending;
Got message #2000 from element "vaapidecodebin2" (state-changed): GstMessageStateChanged, old-state=(GstState)ready, new-state=(GstState)paused, pending-state=(GstState)void-pending;
Got message #2001 from element "multiqueue8" (property-notify): GstMessagePropertyNotify, property-name=(string)max-size-buffers, property-value=(uint)5;
/GstPipeline:pipeline0/GstDecodeBin:decodebin7/GstMultiQueue:multiqueue8: max-size-buffers = 5
Got message #2002 from element "multiqueue8" (property-notify): GstMessagePropertyNotify, property-name=(string)max-size-time, property-value=(guint64)0;
/GstPipeline:pipeline0/GstDecodeBin:decodebin7/GstMultiQueue:multiqueue8: max-size-time = 0
Got message #2003 from element "multiqueue8" (property-notify): GstMessagePropertyNotify, property-name=(string)max-size-bytes, property-value=(uint)8388608;
/GstPipeline:pipeline0/GstDecodeBin:decodebin7/GstMultiQueue:multiqueue8: max-size-bytes = 8388608
Got message #2004 from element "multiqueue8" (property-notify): GstMessagePropertyNotify, property-name=(string)max-size-buffers, property-value=(uint)5;
/GstPipeline:pipeline0/GstDecodeBin:decodebin7/GstMultiQueue:multiqueue8: max-size-buffers = 5
Got message #2005 from element "multiqueue8" (property-notify): GstMessagePropertyNotify, property-name=(string)max-size-time, property-value=(guint64)0;
/GstPipeline:pipeline0/GstDecodeBin:decodebin7/GstMultiQueue:multiqueue8: max-size-time = 0
Got message #2006 from element "multiqueue8" (property-notify): GstMessagePropertyNotify, property-name=(string)max-size-bytes, property-value=(uint)8388608;
/GstPipeline:pipeline0/GstDecodeBin:decodebin7/GstMultiQueue:multiqueue8: max-size-bytes = 8388608
Got message #2007 from element "multiqueue8" (property-notify): GstMessagePropertyNotify, property-name=(string)max-size-buffers, property-value=(uint)5;
/GstPipeline:pipeline0/GstDecodeBin:decodebin7/GstMultiQueue:multiqueue8: max-size-buffers = 5
Got message #2008 from element "multiqueue8" (property-notify): GstMessagePropertyNotify, property-name=(string)max-size-time, property-value=(guint64)0;
/GstPipeline:pipeline0/GstDecodeBin:decodebin7/GstMultiQueue:multiqueue8: max-size-time = 0
Got message #2009 from element "multiqueue8" (property-notify): GstMessagePropertyNotify, property-name=(string)max-size-bytes, property-value=(uint)8388608;
/GstPipeline:pipeline0/GstDecodeBin:decodebin7/GstMultiQueue:multiqueue8: max-size-bytes = 8388608
Got message #2010 from element "vaapipostproc5" (have-context): GstMessageHaveContext, context=(GstContext)NULL;
Got context from element 'vaapipostproc5': gst.vaapi.Display=context, gst.vaapi.Display=(GstVaapiDisplay)"\(GstVaapiDisplayGLX\)\ vaapidisplayglx6", gst.vaapi.Display.GObject=(GstObject)"\(GstVaapiDisplayGLX\)\ vaapidisplayglx6";
Got message #2011 from element "vaapipostproc5" (state-changed): GstMessageStateChanged, old-state=(GstState)ready, new-state=(GstState)paused, pending-state=(GstState)void-pending;
Got message #2012 from element "capsfilter16" (state-changed): GstMessageStateChanged, old-state=(GstState)ready, new-state=(GstState)paused, pending-state=(GstState)void-pending;
Got message #2013 from pad "queue31:src" (stream-status): GstMessageStreamStatus, type=(GstStreamStatusType)create, owner=(GstElement)"\(GstQueue\)\ queue31", object=(GstTask)"\(GstTask\)\ task62";
Got message #2014 from element "queue31" (state-changed): GstMessageStateChanged, old-state=(GstState)ready, new-state=(GstState)paused, pending-state=(GstState)void-pending;
Got message #2015 from pad "queue31:src" (stream-status): GstMessageStreamStatus, type=(GstStreamStatusType)enter, owner=(GstElement)"\(GstQueue\)\ queue31", object=(GstTask)"\(GstTask\)\ queue31:src";
Got message #2016 from element "vaapidecode6" (state-changed): GstMessageStateChanged, old-state=(GstState)ready, new-state=(GstState)paused, pending-state=(GstState)void-pending;
Got message #2017 from element "vaapidecodebin9" (state-changed): GstMessageStateChanged, old-state=(GstState)ready, new-state=(GstState)paused, pending-state=(GstState)void-pending;
Got message #2018 from element "vaapipostproc2" (have-context): GstMessageHaveContext, context=(GstContext)NULL;
Got context from element 'vaapipostproc2': gst.vaapi.Display=context, gst.vaapi.Display=(GstVaapiDisplay)"\(GstVaapiDisplayGLX\)\ vaapidisplayglx7", gst.vaapi.Display.GObject=(GstObject)"\(GstVaapiDisplayGLX\)\ vaapidisplayglx7";
Got message #2019 from element "vaapipostproc2" (state-changed): GstMessageStateChanged, old-state=(GstState)ready, new-state=(GstState)paused, pending-state=(GstState)void-pending;
Got message #2020 from element "capsfilter13" (state-changed): GstMessageStateChanged, old-state=(GstState)ready, new-state=(GstState)paused, pending-state=(GstState)void-pending;
Got message #2021 from pad "queue26:src" (stream-status): GstMessageStreamStatus, type=(GstStreamStatusType)create, owner=(GstElement)"\(GstQueue\)\ queue26", object=(GstTask)"\(GstTask\)\ task63";
Got message #2022 from element "queue26" (state-changed): GstMessageStateChanged, old-state=(GstState)ready, new-state=(GstState)paused, pending-state=(GstState)void-pending;
Got message #2023 from pad "queue26:src" (stream-status): GstMessageStreamStatus, type=(GstStreamStatusType)enter, owner=(GstElement)"\(GstQueue\)\ queue26", object=(GstTask)"\(GstTask\)\ queue26:src";
Got message #2024 from element "vaapidecode5" (state-changed): GstMessageStateChanged, old-state=(GstState)ready, new-state=(GstState)paused, pending-state=(GstState)void-pending;
Got message #2025 from element "vaapidecodebin4" (state-changed): GstMessageStateChanged, old-state=(GstState)ready, new-state=(GstState)paused, pending-state=(GstState)void-pending;
Got message #2026 from element "multiqueue8" (property-notify): GstMessagePropertyNotify, property-name=(string)max-size-buffers, property-value=(uint)5;
/GstPipeline:pipeline0/GstDecodeBin:decodebin7/GstMultiQueue:multiqueue8: max-size-buffers = 5
Got message #2027 from element "multiqueue8" (property-notify): GstMessagePropertyNotify, property-name=(string)max-size-time, property-value=(guint64)0;
/GstPipeline:pipeline0/GstDecodeBin:decodebin7/GstMultiQueue:multiqueue8: max-size-time = 0
Got message #2028 from element "multiqueue8" (property-notify): GstMessagePropertyNotify, property-name=(string)max-size-bytes, property-value=(uint)8388608;
/GstPipeline:pipeline0/GstDecodeBin:decodebin7/GstMultiQueue:multiqueue8: max-size-bytes = 8388608
Got message #2029 from pad "sink:proxypad46" (property-notify): GstMessagePropertyNotify, property-name=(string)caps, property-value=(GstCaps)"video/x-h264\,\ stream-format\=\(string\)avc\,\ alignment\=\(string\)au\,\ level\=\(string\)4\,\ profile\=\(string\)high\,\ codec_data\=\(buffer\)01640028ffe1001d67640028acd940780227e5c05a808080a000007d20001d4c01e30632c001000568e93b2c8b\,\ width\=\(int\)1920\,\ height\=\(int\)1080\,\ framerate\=\(fraction\)30000/1001\,\ pixel-aspect-ratio\=\(fraction\)1/1\,\ colorimetry\=\(string\)bt709\,\ chroma-format\=\(string\)4:2:0\,\ bit-depth-luma\=\(uint\)8\,\ bit-depth-chroma\=\(uint\)8\,\ parsed\=\(boolean\)true";
/GstPipeline:pipeline0/GstDecodeBin:decodebin8/GstVaapiDecodeBin:vaapidecodebin3.GstGhostPad:sink.GstProxyPad:proxypad46: caps = video/x-h264, stream-format=(string)avc, alignment=(string)au, level=(string)4, profile=(string)high, codec_data=(buffer)01640028ffe1001d67640028acd940780227e5c05a808080a000007d20001d4c01e30632c001000568e93b2c8b, width=(int)1920, height=(int)1080, framerate=(fraction)30000/1001, pixel-aspect-ratio=(fraction)1/1, colorimetry=(string)bt709, chroma-format=(string)4:2:0, bit-depth-luma=(uint)8, bit-depth-chroma=(uint)8, parsed=(boolean)true
Got message #2030 from pad "vaapidecode7:sink" (property-notify): GstMessagePropertyNotify, property-name=(string)caps, property-value=(GstCaps)"video/x-h264\,\ stream-format\=\(string\)avc\,\ alignment\=\(string\)au\,\ level\=\(string\)4\,\ profile\=\(string\)high\,\ codec_data\=\(buffer\)01640028ffe1001d67640028acd940780227e5c05a808080a000007d20001d4c01e30632c001000568e93b2c8b\,\ width\=\(int\)1920\,\ height\=\(int\)1080\,\ framerate\=\(fraction\)30000/1001\,\ pixel-aspect-ratio\=\(fraction\)1/1\,\ colorimetry\=\(string\)bt709\,\ chroma-format\=\(string\)4:2:0\,\ bit-depth-luma\=\(uint\)8\,\ bit-depth-chroma\=\(uint\)8\,\ parsed\=\(boolean\)true";
/GstPipeline:pipeline0/GstDecodeBin:decodebin8/GstVaapiDecodeBin:vaapidecodebin3/GstVaapiDecode:vaapidecode7.GstPad:sink: caps = video/x-h264, stream-format=(string)avc, alignment=(string)au, level=(string)4, profile=(string)high, codec_data=(buffer)01640028ffe1001d67640028acd940780227e5c05a808080a000007d20001d4c01e30632c001000568e93b2c8b, width=(int)1920, height=(int)1080, framerate=(fraction)30000/1001, pixel-aspect-ratio=(fraction)1/1, colorimetry=(string)bt709, chroma-format=(string)4:2:0, bit-depth-luma=(uint)8, bit-depth-chroma=(uint)8, parsed=(boolean)true
Got message #2031 from pad "vaapidecodebin3:sink" (property-notify): GstMessagePropertyNotify, property-name=(string)caps, property-value=(GstCaps)"video/x-h264\,\ stream-format\=\(string\)avc\,\ alignment\=\(string\)au\,\ level\=\(string\)4\,\ profile\=\(string\)high\,\ codec_data\=\(buffer\)01640028ffe1001d67640028acd940780227e5c05a808080a000007d20001d4c01e30632c001000568e93b2c8b\,\ width\=\(int\)1920\,\ height\=\(int\)1080\,\ framerate\=\(fraction\)30000/1001\,\ pixel-aspect-ratio\=\(fraction\)1/1\,\ colorimetry\=\(string\)bt709\,\ chroma-format\=\(string\)4:2:0\,\ bit-depth-luma\=\(uint\)8\,\ bit-depth-chroma\=\(uint\)8\,\ parsed\=\(boolean\)true";
/GstPipeline:pipeline0/GstDecodeBin:decodebin8/GstVaapiDecodeBin:vaapidecodebin3.GstGhostPad:sink: caps = video/x-h264, stream-format=(string)avc, alignment=(string)au, level=(string)4, profile=(string)high, codec_data=(buffer)01640028ffe1001d67640028acd940780227e5c05a808080a000007d20001d4c01e30632c001000568e93b2c8b, width=(int)1920, height=(int)1080, framerate=(fraction)30000/1001, pixel-aspect-ratio=(fraction)1/1, colorimetry=(string)bt709, chroma-format=(string)4:2:0, bit-depth-luma=(uint)8, bit-depth-chroma=(uint)8, parsed=(boolean)true
Got message #2032 from pad "capsfilter9:src" (property-notify): GstMessagePropertyNotify, property-name=(string)caps, property-value=(GstCaps)"video/x-h264\,\ stream-format\=\(string\)avc\,\ alignment\=\(string\)au\,\ level\=\(string\)4\,\ profile\=\(string\)high\,\ codec_data\=\(buffer\)01640028ffe1001d67640028acd940780227e5c05a808080a000007d20001d4c01e30632c001000568e93b2c8b\,\ width\=\(int\)1920\,\ height\=\(int\)1080\,\ framerate\=\(fraction\)30000/1001\,\ pixel-aspect-ratio\=\(fraction\)1/1\,\ colorimetry\=\(string\)bt709\,\ chroma-format\=\(string\)4:2:0\,\ bit-depth-luma\=\(uint\)8\,\ bit-depth-chroma\=\(uint\)8\,\ parsed\=\(boolean\)true";
/GstPipeline:pipeline0/GstDecodeBin:decodebin8/GstCapsFilter:capsfilter9.GstPad:src: caps = video/x-h264, stream-format=(string)avc, alignment=(string)au, level=(string)4, profile=(string)high, codec_data=(buffer)01640028ffe1001d67640028acd940780227e5c05a808080a000007d20001d4c01e30632c001000568e93b2c8b, width=(int)1920, height=(int)1080, framerate=(fraction)30000/1001, pixel-aspect-ratio=(fraction)1/1, colorimetry=(string)bt709, chroma-format=(string)4:2:0, bit-depth-luma=(uint)8, bit-depth-chroma=(uint)8, parsed=(boolean)true
Got message #2033 from pad "capsfilter9:sink" (property-notify): GstMessagePropertyNotify, property-name=(string)caps, property-value=(GstCaps)"video/x-h264\,\ stream-format\=\(string\)avc\,\ alignment\=\(string\)au\,\ level\=\(string\)4\,\ profile\=\(string\)high\,\ codec_data\=\(buffer\)01640028ffe1001d67640028acd940780227e5c05a808080a000007d20001d4c01e30632c001000568e93b2c8b\,\ width\=\(int\)1920\,\ height\=\(int\)1080\,\ framerate\=\(fraction\)30000/1001\,\ pixel-aspect-ratio\=\(fraction\)1/1\,\ colorimetry\=\(string\)bt709\,\ chroma-format\=\(string\)4:2:0\,\ bit-depth-luma\=\(uint\)8\,\ bit-depth-chroma\=\(uint\)8\,\ parsed\=\(boolean\)true";
/GstPipeline:pipeline0/GstDecodeBin:decodebin8/GstCapsFilter:capsfilter9.GstPad:sink: caps = video/x-h264, stream-format=(string)avc, alignment=(string)au, level=(string)4, profile=(string)high, codec_data=(buffer)01640028ffe1001d67640028acd940780227e5c05a808080a000007d20001d4c01e30632c001000568e93b2c8b, width=(int)1920, height=(int)1080, framerate=(fraction)30000/1001, pixel-aspect-ratio=(fraction)1/1, colorimetry=(string)bt709, chroma-format=(string)4:2:0, bit-depth-luma=(uint)8, bit-depth-chroma=(uint)8, parsed=(boolean)true
Got message #2034 from pad "h264parse9:sink" (property-notify): GstMessagePropertyNotify, property-name=(string)caps, property-value=(GstCaps)"video/x-h264\,\ stream-format\=\(string\)avc\,\ alignment\=\(string\)au\,\ level\=\(string\)4\,\ profile\=\(string\)high\,\ codec_data\=\(buffer\)01640028ffe1001d67640028acd940780227e5c05a808080a000007d20001d4c01e30632c001000568e93b2c8bfdf8f800\,\ width\=\(int\)1920\,\ height\=\(int\)1080\,\ framerate\=\(fraction\)30000/1001\,\ pixel-aspect-ratio\=\(fraction\)1/1\,\ colorimetry\=\(string\)bt709";
/GstPipeline:pipeline0/GstDecodeBin:decodebin8/GstH264Parse:h264parse9.GstPad:sink: caps = video/x-h264, stream-format=(string)avc, alignment=(string)au, level=(string)4, profile=(string)high, codec_data=(buffer)01640028ffe1001d67640028acd940780227e5c05a808080a000007d20001d4c01e30632c001000568e93b2c8bfdf8f800, width=(int)1920, height=(int)1080, framerate=(fraction)30000/1001, pixel-aspect-ratio=(fraction)1/1, colorimetry=(string)bt709
Got message #2035 from element "multiqueue7" (property-notify): GstMessagePropertyNotify, property-name=(string)max-size-buffers, property-value=(uint)5;
/GstPipeline:pipeline0/GstDecodeBin:decodebin8/GstMultiQueue:multiqueue7: max-size-buffers = 5
Got message #2036 from element "multiqueue7" (property-notify): GstMessagePropertyNotify, property-name=(string)max-size-time, property-value=(guint64)0;
/GstPipeline:pipeline0/GstDecodeBin:decodebin8/GstMultiQueue:multiqueue7: max-size-time = 0
Got message #2037 from element "multiqueue7" (property-notify): GstMessagePropertyNotify, property-name=(string)max-size-bytes, property-value=(uint)8388608;
/GstPipeline:pipeline0/GstDecodeBin:decodebin8/GstMultiQueue:multiqueue7: max-size-bytes = 8388608
Got message #2039 from pad "multiqueue7:sink_0" (property-notify): GstMessagePropertyNotify, property-name=(string)caps, property-value=(GstCaps)"video/x-h264\,\ stream-format\=\(string\)avc\,\ alignment\=\(string\)au\,\ level\=\(string\)4\,\ profile\=\(string\)high\,\ codec_data\=\(buffer\)01640028ffe1001d67640028acd940780227e5c05a808080a000007d20001d4c01e30632c001000568e93b2c8bfdf8f800\,\ width\=\(int\)1920\,\ height\=\(int\)1080\,\ framerate\=\(fraction\)30000/1001\,\ pixel-aspect-ratio\=\(fraction\)1/1\,\ colorimetry\=\(string\)bt709";
/GstPipeline:pipeline0/GstDecodeBin:decodebin8/GstMultiQueue:multiqueue7.GstMultiQueuePad:sink_0: caps = video/x-h264, stream-format=(string)avc, alignment=(string)au, level=(string)4, profile=(string)high, codec_data=(buffer)01640028ffe1001d67640028acd940780227e5c05a808080a000007d20001d4c01e30632c001000568e93b2c8bfdf8f800, width=(int)1920, height=(int)1080, framerate=(fraction)30000/1001, pixel-aspect-ratio=(fraction)1/1, colorimetry=(string)bt709
Got message #2042 from element "multiqueue7" (property-notify): GstMessagePropertyNotify, property-name=(string)max-size-buffers, property-value=(uint)5;
/GstPipeline:pipeline0/GstDecodeBin:decodebin8/GstMultiQueue:multiqueue7: max-size-buffers = 5
Got message #2043 from element "multiqueue7" (property-notify): GstMessagePropertyNotify, property-name=(string)max-size-time, property-value=(guint64)0;
/GstPipeline:pipeline0/GstDecodeBin:decodebin8/GstMultiQueue:multiqueue7: max-size-time = 0
Got message #2044 from element "multiqueue7" (property-notify): GstMessagePropertyNotify, property-name=(string)max-size-bytes, property-value=(uint)8388608;
/GstPipeline:pipeline0/GstDecodeBin:decodebin8/GstMultiQueue:multiqueue7: max-size-bytes = 8388608
Got message #2045 from pad "sink:proxypad45" (property-notify): GstMessagePropertyNotify, property-name=(string)caps, property-value=(GstCaps)"video/x-h264\,\ stream-format\=\(string\)avc\,\ alignment\=\(string\)au\,\ level\=\(string\)4\,\ profile\=\(string\)high\,\ codec_data\=\(buffer\)01640028ffe1001d67640028acd940780227e5c05a808080a000007d20001d4c01e30632c001000568e93b2c8b\,\ width\=\(int\)1920\,\ height\=\(int\)1080\,\ framerate\=\(fraction\)30000/1001\,\ pixel-aspect-ratio\=\(fraction\)1/1\,\ colorimetry\=\(string\)bt709\,\ chroma-format\=\(string\)4:2:0\,\ bit-depth-luma\=\(uint\)8\,\ bit-depth-chroma\=\(uint\)8\,\ parsed\=\(boolean\)true";
/GstPipeline:pipeline0/GstDecodeBin:decodebin3/GstVaapiDecodeBin:vaapidecodebin1.GstGhostPad:sink.GstProxyPad:proxypad45: caps = video/x-h264, stream-format=(string)avc, alignment=(string)au, level=(string)4, profile=(string)high, codec_data=(buffer)01640028ffe1001d67640028acd940780227e5c05a808080a000007d20001d4c01e30632c001000568e93b2c8b, width=(int)1920, height=(int)1080, framerate=(fraction)30000/1001, pixel-aspect-ratio=(fraction)1/1, colorimetry=(string)bt709, chroma-format=(string)4:2:0, bit-depth-luma=(uint)8, bit-depth-chroma=(uint)8, parsed=(boolean)true
Got message #2046 from pad "sink:proxypad55" (property-notify): GstMessagePropertyNotify, property-name=(string)caps, property-value=(GstCaps)"video/x-h264\,\ stream-format\=\(string\)avc\,\ alignment\=\(string\)au\,\ level\=\(string\)4\,\ profile\=\(string\)high\,\ codec_data\=\(buffer\)01640028ffe1001d67640028acd940780227e5c05a808080a000007d20001d4c01e30632c001000568e93b2c8b\,\ width\=\(int\)1920\,\ height\=\(int\)1080\,\ framerate\=\(fraction\)30000/1001\,\ pixel-aspect-ratio\=\(fraction\)1/1\,\ colorimetry\=\(string\)bt709\,\ chroma-format\=\(string\)4:2:0\,\ bit-depth-luma\=\(uint\)8\,\ bit-depth-chroma\=\(uint\)8\,\ parsed\=\(boolean\)true";
/GstPipeline:pipeline0/GstDecodeBin:decodebin4/GstVaapiDecodeBin:vaapidecodebin8.GstGhostPad:sink.GstProxyPad:proxypad55: caps = video/x-h264, stream-format=(string)avc, alignment=(string)au, level=(string)4, profile=(string)high, codec_data=(buffer)01640028ffe1001d67640028acd940780227e5c05a808080a000007d20001d4c01e30632c001000568e93b2c8b, width=(int)1920, height=(int)1080, framerate=(fraction)30000/1001, pixel-aspect-ratio=(fraction)1/1, colorimetry=(string)bt709, chroma-format=(string)4:2:0, bit-depth-luma=(uint)8, bit-depth-chroma=(uint)8, parsed=(boolean)true
Got message #2048 from pad "h264parse9:src" (property-notify): GstMessagePropertyNotify, property-name=(string)caps, property-value=(GstCaps)"video/x-h264\,\ stream-format\=\(string\)avc\,\ alignment\=\(string\)au\,\ level\=\(string\)4\,\ profile\=\(string\)high\,\ codec_data\=\(buffer\)01640028ffe1001d67640028acd940780227e5c05a808080a000007d20001d4c01e30632c001000568e93b2c8b\,\ width\=\(int\)1920\,\ height\=\(int\)1080\,\ framerate\=\(fraction\)30000/1001\,\ pixel-aspect-ratio\=\(fraction\)1/1\,\ colorimetry\=\(string\)bt709\,\ chroma-format\=\(string\)4:2:0\,\ bit-depth-luma\=\(uint\)8\,\ bit-depth-chroma\=\(uint\)8\,\ parsed\=\(boolean\)true";
/GstPipeline:pipeline0/GstDecodeBin:decodebin8/GstH264Parse:h264parse9.GstPad:src: caps = video/x-h264, stream-format=(string)avc, alignment=(string)au, level=(string)4, profile=(string)high, codec_data=(buffer)01640028ffe1001d67640028acd940780227e5c05a808080a000007d20001d4c01e30632c001000568e93b2c8b, width=(int)1920, height=(int)1080, framerate=(fraction)30000/1001, pixel-aspect-ratio=(fraction)1/1, colorimetry=(string)bt709, chroma-format=(string)4:2:0, bit-depth-luma=(uint)8, bit-depth-chroma=(uint)8, parsed=(boolean)true
Got message #2049 from pad "vaapidecode0:sink" (property-notify): GstMessagePropertyNotify, property-name=(string)caps, property-value=(GstCaps)"video/x-h264\,\ stream-format\=\(string\)avc\,\ alignment\=\(string\)au\,\ level\=\(string\)4\,\ profile\=\(string\)high\,\ codec_data\=\(buffer\)01640028ffe1001d67640028acd940780227e5c05a808080a000007d20001d4c01e30632c001000568e93b2c8b\,\ width\=\(int\)1920\,\ height\=\(int\)1080\,\ framerate\=\(fraction\)30000/1001\,\ pixel-aspect-ratio\=\(fraction\)1/1\,\ colorimetry\=\(string\)bt709\,\ chroma-format\=\(string\)4:2:0\,\ bit-depth-luma\=\(uint\)8\,\ bit-depth-chroma\=\(uint\)8\,\ parsed\=\(boolean\)true";
/GstPipeline:pipeline0/GstDecodeBin:decodebin3/GstVaapiDecodeBin:vaapidecodebin1/GstVaapiDecode:vaapidecode0.GstPad:sink: caps = video/x-h264, stream-format=(string)avc, alignment=(string)au, level=(string)4, profile=(string)high, codec_data=(buffer)01640028ffe1001d67640028acd940780227e5c05a808080a000007d20001d4c01e30632c001000568e93b2c8b, width=(int)1920, height=(int)1080, framerate=(fraction)30000/1001, pixel-aspect-ratio=(fraction)1/1, colorimetry=(string)bt709, chroma-format=(string)4:2:0, bit-depth-luma=(uint)8, bit-depth-chroma=(uint)8, parsed=(boolean)true
Got message #2050 from pad "vaapidecodebin1:sink" (property-notify): GstMessagePropertyNotify, property-name=(string)caps, property-value=(GstCaps)"video/x-h264\,\ stream-format\=\(string\)avc\,\ alignment\=\(string\)au\,\ level\=\(string\)4\,\ profile\=\(string\)high\,\ codec_data\=\(buffer\)01640028ffe1001d67640028acd940780227e5c05a808080a000007d20001d4c01e30632c001000568e93b2c8b\,\ width\=\(int\)1920\,\ height\=\(int\)1080\,\ framerate\=\(fraction\)30000/1001\,\ pixel-aspect-ratio\=\(fraction\)1/1\,\ colorimetry\=\(string\)bt709\,\ chroma-format\=\(string\)4:2:0\,\ bit-depth-luma\=\(uint\)8\,\ bit-depth-chroma\=\(uint\)8\,\ parsed\=\(boolean\)true";
/GstPipeline:pipeline0/GstDecodeBin:decodebin3/GstVaapiDecodeBin:vaapidecodebin1.GstGhostPad:sink: caps = video/x-h264, stream-format=(string)avc, alignment=(string)au, level=(string)4, profile=(string)high, codec_data=(buffer)01640028ffe1001d67640028acd940780227e5c05a808080a000007d20001d4c01e30632c001000568e93b2c8b, width=(int)1920, height=(int)1080, framerate=(fraction)30000/1001, pixel-aspect-ratio=(fraction)1/1, colorimetry=(string)bt709, chroma-format=(string)4:2:0, bit-depth-luma=(uint)8, bit-depth-chroma=(uint)8, parsed=(boolean)true
Got message #2051 from pad "vaapidecode9:sink" (property-notify): GstMessagePropertyNotify, property-name=(string)caps, property-value=(GstCaps)"video/x-h264\,\ stream-format\=\(string\)avc\,\ alignment\=\(string\)au\,\ level\=\(string\)4\,\ profile\=\(string\)high\,\ codec_data\=\(buffer\)01640028ffe1001d67640028acd940780227e5c05a808080a000007d20001d4c01e30632c001000568e93b2c8b\,\ width\=\(int\)1920\,\ height\=\(int\)1080\,\ framerate\=\(fraction\)30000/1001\,\ pixel-aspect-ratio\=\(fraction\)1/1\,\ colorimetry\=\(string\)bt709\,\ chroma-format\=\(string\)4:2:0\,\ bit-depth-luma\=\(uint\)8\,\ bit-depth-chroma\=\(uint\)8\,\ parsed\=\(boolean\)true";
/GstPipeline:pipeline0/GstDecodeBin:decodebin4/GstVaapiDecodeBin:vaapidecodebin8/GstVaapiDecode:vaapidecode9.GstPad:sink: caps = video/x-h264, stream-format=(string)avc, alignment=(string)au, level=(string)4, profile=(string)high, codec_data=(buffer)01640028ffe1001d67640028acd940780227e5c05a808080a000007d20001d4c01e30632c001000568e93b2c8b, width=(int)1920, height=(int)1080, framerate=(fraction)30000/1001, pixel-aspect-ratio=(fraction)1/1, colorimetry=(string)bt709, chroma-format=(string)4:2:0, bit-depth-luma=(uint)8, bit-depth-chroma=(uint)8, parsed=(boolean)true
Got message #2052 from pad "vaapidecodebin8:sink" (property-notify): GstMessagePropertyNotify, property-name=(string)caps, property-value=(GstCaps)"video/x-h264\,\ stream-format\=\(string\)avc\,\ alignment\=\(string\)au\,\ level\=\(string\)4\,\ profile\=\(string\)high\,\ codec_data\=\(buffer\)01640028ffe1001d67640028acd940780227e5c05a808080a000007d20001d4c01e30632c001000568e93b2c8b\,\ width\=\(int\)1920\,\ height\=\(int\)1080\,\ framerate\=\(fraction\)30000/1001\,\ pixel-aspect-ratio\=\(fraction\)1/1\,\ colorimetry\=\(string\)bt709\,\ chroma-format\=\(string\)4:2:0\,\ bit-depth-luma\=\(uint\)8\,\ bit-depth-chroma\=\(uint\)8\,\ parsed\=\(boolean\)true";
/GstPipeline:pipeline0/GstDecodeBin:decodebin4/GstVaapiDecodeBin:vaapidecodebin8.GstGhostPad:sink: caps = video/x-h264, stream-format=(string)avc, alignment=(string)au, level=(string)4, profile=(string)high, codec_data=(buffer)01640028ffe1001d67640028acd940780227e5c05a808080a000007d20001d4c01e30632c001000568e93b2c8b, width=(int)1920, height=(int)1080, framerate=(fraction)30000/1001, pixel-aspect-ratio=(fraction)1/1, colorimetry=(string)bt709, chroma-format=(string)4:2:0, bit-depth-luma=(uint)8, bit-depth-chroma=(uint)8, parsed=(boolean)true
Got message #2053 from pad "vaapidecodebin8:sink" (property-notify): GstMessagePropertyNotify, property-name=(string)caps, property-value=(GstCaps)"video/x-h264\,\ stream-format\=\(string\)avc\,\ alignment\=\(string\)au\,\ level\=\(string\)4\,\ profile\=\(string\)high\,\ codec_data\=\(buffer\)01640028ffe1001d67640028acd940780227e5c05a808080a000007d20001d4c01e30632c001000568e93b2c8b\,\ width\=\(int\)1920\,\ height\=\(int\)1080\,\ framerate\=\(fraction\)30000/1001\,\ pixel-aspect-ratio\=\(fraction\)1/1\,\ colorimetry\=\(string\)bt709\,\ chroma-format\=\(string\)4:2:0\,\ bit-depth-luma\=\(uint\)8\,\ bit-depth-chroma\=\(uint\)8\,\ parsed\=\(boolean\)true";
/GstPipeline:pipeline0/GstDecodeBin:decodebin4/GstVaapiDecodeBin:vaapidecodebin8.GstGhostPad:sink: caps = video/x-h264, stream-format=(string)avc, alignment=(string)au, level=(string)4, profile=(string)high, codec_data=(buffer)01640028ffe1001d67640028acd940780227e5c05a808080a000007d20001d4c01e30632c001000568e93b2c8b, width=(int)1920, height=(int)1080, framerate=(fraction)30000/1001, pixel-aspect-ratio=(fraction)1/1, colorimetry=(string)bt709, chroma-format=(string)4:2:0, bit-depth-luma=(uint)8, bit-depth-chroma=(uint)8, parsed=(boolean)true
Got message #2054 from pad "capsfilter7:src" (property-notify): GstMessagePropertyNotify, property-name=(string)caps, property-value=(GstCaps)"video/x-h264\,\ stream-format\=\(string\)avc\,\ alignment\=\(string\)au\,\ level\=\(string\)4\,\ profile\=\(string\)high\,\ codec_data\=\(buffer\)01640028ffe1001d67640028acd940780227e5c05a808080a000007d20001d4c01e30632c001000568e93b2c8b\,\ width\=\(int\)1920\,\ height\=\(int\)1080\,\ framerate\=\(fraction\)30000/1001\,\ pixel-aspect-ratio\=\(fraction\)1/1\,\ colorimetry\=\(string\)bt709\,\ chroma-format\=\(string\)4:2:0\,\ bit-depth-luma\=\(uint\)8\,\ bit-depth-chroma\=\(uint\)8\,\ parsed\=\(boolean\)true";
/GstPipeline:pipeline0/GstDecodeBin:decodebin4/GstCapsFilter:capsfilter7.GstPad:src: caps = video/x-h264, stream-format=(string)avc, alignment=(string)au, level=(string)4, profile=(string)high, codec_data=(buffer)01640028ffe1001d67640028acd940780227e5c05a808080a000007d20001d4c01e30632c001000568e93b2c8b, width=(int)1920, height=(int)1080, framerate=(fraction)30000/1001, pixel-aspect-ratio=(fraction)1/1, colorimetry=(string)bt709, chroma-format=(string)4:2:0, bit-depth-luma=(uint)8, bit-depth-chroma=(uint)8, parsed=(boolean)true
Got message #2055 from pad "capsfilter9:sink" (property-notify): GstMessagePropertyNotify, property-name=(string)caps, property-value=(GstCaps)"video/x-h264\,\ stream-format\=\(string\)avc\,\ alignment\=\(string\)au\,\ level\=\(string\)4\,\ profile\=\(string\)high\,\ codec_data\=\(buffer\)01640028ffe1001d67640028acd940780227e5c05a808080a000007d20001d4c01e30632c001000568e93b2c8b\,\ width\=\(int\)1920\,\ height\=\(int\)1080\,\ framerate\=\(fraction\)30000/1001\,\ pixel-aspect-ratio\=\(fraction\)1/1\,\ colorimetry\=\(string\)bt709\,\ chroma-format\=\(string\)4:2:0\,\ bit-depth-luma\=\(uint\)8\,\ bit-depth-chroma\=\(uint\)8\,\ parsed\=\(boolean\)true";
/GstPipeline:pipeline0/GstDecodeBin:decodebin8/GstCapsFilter:capsfilter9.GstPad:sink: caps = video/x-h264, stream-format=(string)avc, alignment=(string)au, level=(string)4, profile=(string)high, codec_data=(buffer)01640028ffe1001d67640028acd940780227e5c05a808080a000007d20001d4c01e30632c001000568e93b2c8b, width=(int)1920, height=(int)1080, framerate=(fraction)30000/1001, pixel-aspect-ratio=(fraction)1/1, colorimetry=(string)bt709, chroma-format=(string)4:2:0, bit-depth-luma=(uint)8, bit-depth-chroma=(uint)8, parsed=(boolean)true
Got message #2057 from pad "capsfilter0:sink" (property-notify): GstMessagePropertyNotify, property-name=(string)caps, property-value=(GstCaps)"video/x-h264\,\ stream-format\=\(string\)avc\,\ alignment\=\(string\)au\,\ level\=\(string\)4\,\ profile\=\(string\)high\,\ codec_data\=\(buffer\)01640028ffe1001d67640028acd940780227e5c05a808080a000007d20001d4c01e30632c001000568e93b2c8b\,\ width\=\(int\)1920\,\ height\=\(int\)1080\,\ framerate\=\(fraction\)30000/1001\,\ pixel-aspect-ratio\=\(fraction\)1/1\,\ colorimetry\=\(string\)bt709\,\ chroma-format\=\(string\)4:2:0\,\ bit-depth-luma\=\(uint\)8\,\ bit-depth-chroma\=\(uint\)8\,\ parsed\=\(boolean\)true";
/GstPipeline:pipeline0/GstDecodeBin:decodebin3/GstCapsFilter:capsfilter0.GstPad:sink: caps = video/x-h264, stream-format=(string)avc, alignment=(string)au, level=(string)4, profile=(string)high, codec_data=(buffer)01640028ffe1001d67640028acd940780227e5c05a808080a000007d20001d4c01e30632c001000568e93b2c8b, width=(int)1920, height=(int)1080, framerate=(fraction)30000/1001, pixel-aspect-ratio=(fraction)1/1, colorimetry=(string)bt709, chroma-format=(string)4:2:0, bit-depth-luma=(uint)8, bit-depth-chroma=(uint)8, parsed=(boolean)true
Got message #2058 from pad "h264parse1:sink" (property-notify): GstMessagePropertyNotify, property-name=(string)caps, property-value=(GstCaps)"video/x-h264\,\ stream-format\=\(string\)avc\,\ alignment\=\(string\)au\,\ level\=\(string\)4\,\ profile\=\(string\)high\,\ codec_data\=\(buffer\)01640028ffe1001d67640028acd940780227e5c05a808080a000007d20001d4c01e30632c001000568e93b2c8bfdf8f800\,\ width\=\(int\)1920\,\ height\=\(int\)1080\,\ framerate\=\(fraction\)30000/1001\,\ pixel-aspect-ratio\=\(fraction\)1/1\,\ colorimetry\=\(string\)bt709";
/GstPipeline:pipeline0/GstDecodeBin:decodebin3/GstH264Parse:h264parse1.GstPad:sink: caps = video/x-h264, stream-format=(string)avc, alignment=(string)au, level=(string)4, profile=(string)high, codec_data=(buffer)01640028ffe1001d67640028acd940780227e5c05a808080a000007d20001d4c01e30632c001000568e93b2c8bfdf8f800, width=(int)1920, height=(int)1080, framerate=(fraction)30000/1001, pixel-aspect-ratio=(fraction)1/1, colorimetry=(string)bt709
Got message #2059 from element "multiqueue1" (property-notify): GstMessagePropertyNotify, property-name=(string)max-size-buffers, property-value=(uint)5;
/GstPipeline:pipeline0/GstDecodeBin:decodebin3/GstMultiQueue:multiqueue1: max-size-buffers = 5
Got message #2060 from element "multiqueue1" (property-notify): GstMessagePropertyNotify, property-name=(string)max-size-time, property-value=(guint64)0;
/GstPipeline:pipeline0/GstDecodeBin:decodebin3/GstMultiQueue:multiqueue1: max-size-time = 0
Got message #2061 from element "multiqueue1" (property-notify): GstMessagePropertyNotify, property-name=(string)max-size-bytes, property-value=(uint)8388608;
/GstPipeline:pipeline0/GstDecodeBin:decodebin3/GstMultiQueue:multiqueue1: max-size-bytes = 8388608
Got message #2063 from pad "capsfilter7:sink" (property-notify): GstMessagePropertyNotify, property-name=(string)caps, property-value=(GstCaps)"video/x-h264\,\ stream-format\=\(string\)avc\,\ alignment\=\(string\)au\,\ level\=\(string\)4\,\ profile\=\(string\)high\,\ codec_data\=\(buffer\)01640028ffe1001d67640028acd940780227e5c05a808080a000007d20001d4c01e30632c001000568e93b2c8b\,\ width\=\(int\)1920\,\ height\=\(int\)1080\,\ framerate\=\(fraction\)30000/1001\,\ pixel-aspect-ratio\=\(fraction\)1/1\,\ colorimetry\=\(string\)bt709\,\ chroma-format\=\(string\)4:2:0\,\ bit-depth-luma\=\(uint\)8\,\ bit-depth-chroma\=\(uint\)8\,\ parsed\=\(boolean\)true";
/GstPipeline:pipeline0/GstDecodeBin:decodebin4/GstCapsFilter:capsfilter7.GstPad:sink: caps = video/x-h264, stream-format=(string)avc, alignment=(string)au, level=(string)4, profile=(string)high, codec_data=(buffer)01640028ffe1001d67640028acd940780227e5c05a808080a000007d20001d4c01e30632c001000568e93b2c8b, width=(int)1920, height=(int)1080, framerate=(fraction)30000/1001, pixel-aspect-ratio=(fraction)1/1, colorimetry=(string)bt709, chroma-format=(string)4:2:0, bit-depth-luma=(uint)8, bit-depth-chroma=(uint)8, parsed=(boolean)true
Got message #2064 from pad "multiqueue1:sink_0" (property-notify): GstMessagePropertyNotify, property-name=(string)caps, property-value=(GstCaps)"video/x-h264\,\ stream-format\=\(string\)avc\,\ alignment\=\(string\)au\,\ level\=\(string\)4\,\ profile\=\(string\)high\,\ codec_data\=\(buffer\)01640028ffe1001d67640028acd940780227e5c05a808080a000007d20001d4c01e30632c001000568e93b2c8bfdf8f800\,\ width\=\(int\)1920\,\ height\=\(int\)1080\,\ framerate\=\(fraction\)30000/1001\,\ pixel-aspect-ratio\=\(fraction\)1/1\,\ colorimetry\=\(string\)bt709";
/GstPipeline:pipeline0/GstDecodeBin:decodebin3/GstMultiQueue:multiqueue1.GstMultiQueuePad:sink_0: caps = video/x-h264, stream-format=(string)avc, alignment=(string)au, level=(string)4, profile=(string)high, codec_data=(buffer)01640028ffe1001d67640028acd940780227e5c05a808080a000007d20001d4c01e30632c001000568e93b2c8bfdf8f800, width=(int)1920, height=(int)1080, framerate=(fraction)30000/1001, pixel-aspect-ratio=(fraction)1/1, colorimetry=(string)bt709
Got message #2065 from pad "h264parse6:sink" (property-notify): GstMessagePropertyNotify, property-name=(string)caps, property-value=(GstCaps)"video/x-h264\,\ stream-format\=\(string\)avc\,\ alignment\=\(string\)au\,\ level\=\(string\)4\,\ profile\=\(string\)high\,\ codec_data\=\(buffer\)01640028ffe1001d67640028acd940780227e5c05a808080a000007d20001d4c01e30632c001000568e93b2c8bfdf8f800\,\ width\=\(int\)1920\,\ height\=\(int\)1080\,\ framerate\=\(fraction\)30000/1001\,\ pixel-aspect-ratio\=\(fraction\)1/1\,\ colorimetry\=\(string\)bt709";
/GstPipeline:pipeline0/GstDecodeBin:decodebin4/GstH264Parse:h264parse6.GstPad:sink: caps = video/x-h264, stream-format=(string)avc, alignment=(string)au, level=(string)4, profile=(string)high, codec_data=(buffer)01640028ffe1001d67640028acd940780227e5c05a808080a000007d20001d4c01e30632c001000568e93b2c8bfdf8f800, width=(int)1920, height=(int)1080, framerate=(fraction)30000/1001, pixel-aspect-ratio=(fraction)1/1, colorimetry=(string)bt709
Got message #2068 from element "multiqueue0" (property-notify): GstMessagePropertyNotify, property-name=(string)max-size-buffers, property-value=(uint)5;
/GstPipeline:pipeline0/GstDecodeBin:decodebin4/GstMultiQueue:multiqueue0: max-size-buffers = 5
Got message #2069 from element "multiqueue0" (property-notify): GstMessagePropertyNotify, property-name=(string)max-size-time, property-value=(guint64)0;
/GstPipeline:pipeline0/GstDecodeBin:decodebin4/GstMultiQueue:multiqueue0: max-size-time = 0
Got message #2070 from element "multiqueue0" (property-notify): GstMessagePropertyNotify, property-name=(string)max-size-bytes, property-value=(uint)8388608;
/GstPipeline:pipeline0/GstDecodeBin:decodebin4/GstMultiQueue:multiqueue0: max-size-bytes = 8388608
Got message #2072 from pad "multiqueue0:sink_0" (property-notify): GstMessagePropertyNotify, property-name=(string)caps, property-value=(GstCaps)"video/x-h264\,\ stream-format\=\(string\)avc\,\ alignment\=\(string\)au\,\ level\=\(string\)4\,\ profile\=\(string\)high\,\ codec_data\=\(buffer\)01640028ffe1001d67640028acd940780227e5c05a808080a000007d20001d4c01e30632c001000568e93b2c8bfdf8f800\,\ width\=\(int\)1920\,\ height\=\(int\)1080\,\ framerate\=\(fraction\)30000/1001\,\ pixel-aspect-ratio\=\(fraction\)1/1\,\ colorimetry\=\(string\)bt709";
/GstPipeline:pipeline0/GstDecodeBin:decodebin4/GstMultiQueue:multiqueue0.GstMultiQueuePad:sink_0: caps = video/x-h264, stream-format=(string)avc, alignment=(string)au, level=(string)4, profile=(string)high, codec_data=(buffer)01640028ffe1001d67640028acd940780227e5c05a808080a000007d20001d4c01e30632c001000568e93b2c8bfdf8f800, width=(int)1920, height=(int)1080, framerate=(fraction)30000/1001, pixel-aspect-ratio=(fraction)1/1, colorimetry=(string)bt709
Got message #2075 from element "multiqueue1" (property-notify): GstMessagePropertyNotify, property-name=(string)max-size-buffers, property-value=(uint)5;
/GstPipeline:pipeline0/GstDecodeBin:decodebin3/GstMultiQueue:multiqueue1: max-size-buffers = 5
Got message #2076 from element "multiqueue1" (property-notify): GstMessagePropertyNotify, property-name=(string)max-size-time, property-value=(guint64)0;
/GstPipeline:pipeline0/GstDecodeBin:decodebin3/GstMultiQueue:multiqueue1: max-size-time = 0
Got message #2077 from element "multiqueue1" (property-notify): GstMessagePropertyNotify, property-name=(string)max-size-bytes, property-value=(uint)8388608;
/GstPipeline:pipeline0/GstDecodeBin:decodebin3/GstMultiQueue:multiqueue1: max-size-bytes = 8388608
Got message #2079 from pad "h264parse9:src" (property-notify): GstMessagePropertyNotify, property-name=(string)caps, property-value=(GstCaps)"video/x-h264\,\ stream-format\=\(string\)avc\,\ alignment\=\(string\)au\,\ level\=\(string\)4\,\ profile\=\(string\)high\,\ codec_data\=\(buffer\)01640028ffe1001d67640028acd940780227e5c05a808080a000007d20001d4c01e30632c001000568e93b2c8b\,\ width\=\(int\)1920\,\ height\=\(int\)1080\,\ framerate\=\(fraction\)30000/1001\,\ pixel-aspect-ratio\=\(fraction\)1/1\,\ colorimetry\=\(string\)bt709\,\ chroma-format\=\(string\)4:2:0\,\ bit-depth-luma\=\(uint\)8\,\ bit-depth-chroma\=\(uint\)8\,\ parsed\=\(boolean\)true";
/GstPipeline:pipeline0/GstDecodeBin:decodebin8/GstH264Parse:h264parse9.GstPad:src: caps = video/x-h264, stream-format=(string)avc, alignment=(string)au, level=(string)4, profile=(string)high, codec_data=(buffer)01640028ffe1001d67640028acd940780227e5c05a808080a000007d20001d4c01e30632c001000568e93b2c8b, width=(int)1920, height=(int)1080, framerate=(fraction)30000/1001, pixel-aspect-ratio=(fraction)1/1, colorimetry=(string)bt709, chroma-format=(string)4:2:0, bit-depth-luma=(uint)8, bit-depth-chroma=(uint)8, parsed=(boolean)true
Got message #2080 from element "multiqueue0" (property-notify): GstMessagePropertyNotify, property-name=(string)max-size-buffers, property-value=(uint)5;
/GstPipeline:pipeline0/GstDecodeBin:decodebin4/GstMultiQueue:multiqueue0: max-size-buffers = 5
Got message #2081 from element "multiqueue0" (property-notify): GstMessagePropertyNotify, property-name=(string)max-size-time, property-value=(guint64)0;
/GstPipeline:pipeline0/GstDecodeBin:decodebin4/GstMultiQueue:multiqueue0: max-size-time = 0
Got message #2082 from element "multiqueue0" (property-notify): GstMessagePropertyNotify, property-name=(string)max-size-bytes, property-value=(uint)8388608;
/GstPipeline:pipeline0/GstDecodeBin:decodebin4/GstMultiQueue:multiqueue0: max-size-bytes = 8388608
Got message #2084 from pad "h264parse1:src" (property-notify): GstMessagePropertyNotify, property-name=(string)caps, property-value=(GstCaps)"video/x-h264\,\ stream-format\=\(string\)avc\,\ alignment\=\(string\)au\,\ level\=\(string\)4\,\ profile\=\(string\)high\,\ codec_data\=\(buffer\)01640028ffe1001d67640028acd940780227e5c05a808080a000007d20001d4c01e30632c001000568e93b2c8b\,\ width\=\(int\)1920\,\ height\=\(int\)1080\,\ framerate\=\(fraction\)30000/1001\,\ pixel-aspect-ratio\=\(fraction\)1/1\,\ colorimetry\=\(string\)bt709\,\ chroma-format\=\(string\)4:2:0\,\ bit-depth-luma\=\(uint\)8\,\ bit-depth-chroma\=\(uint\)8\,\ parsed\=\(boolean\)true";
/GstPipeline:pipeline0/GstDecodeBin:decodebin3/GstH264Parse:h264parse1.GstPad:src: caps = video/x-h264, stream-format=(string)avc, alignment=(string)au, level=(string)4, profile=(string)high, codec_data=(buffer)01640028ffe1001d67640028acd940780227e5c05a808080a000007d20001d4c01e30632c001000568e93b2c8b, width=(int)1920, height=(int)1080, framerate=(fraction)30000/1001, pixel-aspect-ratio=(fraction)1/1, colorimetry=(string)bt709, chroma-format=(string)4:2:0, bit-depth-luma=(uint)8, bit-depth-chroma=(uint)8, parsed=(boolean)true
Got message #2085 from pad "capsfilter9:sink" (property-notify): GstMessagePropertyNotify, property-name=(string)caps, property-value=(GstCaps)"video/x-h264\,\ stream-format\=\(string\)avc\,\ alignment\=\(string\)au\,\ level\=\(string\)4\,\ profile\=\(string\)high\,\ codec_data\=\(buffer\)01640028ffe1001d67640028acd940780227e5c05a808080a000007d20001d4c01e30632c001000568e93b2c8b\,\ width\=\(int\)1920\,\ height\=\(int\)1080\,\ framerate\=\(fraction\)30000/1001\,\ pixel-aspect-ratio\=\(fraction\)1/1\,\ colorimetry\=\(string\)bt709\,\ chroma-format\=\(string\)4:2:0\,\ bit-depth-luma\=\(uint\)8\,\ bit-depth-chroma\=\(uint\)8\,\ parsed\=\(boolean\)true";
/GstPipeline:pipeline0/GstDecodeBin:decodebin8/GstCapsFilter:capsfilter9.GstPad:sink: caps = video/x-h264, stream-format=(string)avc, alignment=(string)au, level=(string)4, profile=(string)high, codec_data=(buffer)01640028ffe1001d67640028acd940780227e5c05a808080a000007d20001d4c01e30632c001000568e93b2c8b, width=(int)1920, height=(int)1080, framerate=(fraction)30000/1001, pixel-aspect-ratio=(fraction)1/1, colorimetry=(string)bt709, chroma-format=(string)4:2:0, bit-depth-luma=(uint)8, bit-depth-chroma=(uint)8, parsed=(boolean)true
Got message #2086 from pad "capsfilter0:sink" (property-notify): GstMessagePropertyNotify, property-name=(string)caps, property-value=(GstCaps)"video/x-h264\,\ stream-format\=\(string\)avc\,\ alignment\=\(string\)au\,\ level\=\(string\)4\,\ profile\=\(string\)high\,\ codec_data\=\(buffer\)01640028ffe1001d67640028acd940780227e5c05a808080a000007d20001d4c01e30632c001000568e93b2c8b\,\ width\=\(int\)1920\,\ height\=\(int\)1080\,\ framerate\=\(fraction\)30000/1001\,\ pixel-aspect-ratio\=\(fraction\)1/1\,\ colorimetry\=\(string\)bt709\,\ chroma-format\=\(string\)4:2:0\,\ bit-depth-luma\=\(uint\)8\,\ bit-depth-chroma\=\(uint\)8\,\ parsed\=\(boolean\)true";
/GstPipeline:pipeline0/GstDecodeBin:decodebin3/GstCapsFilter:capsfilter0.GstPad:sink: caps = video/x-h264, stream-format=(string)avc, alignment=(string)au, level=(string)4, profile=(string)high, codec_data=(buffer)01640028ffe1001d67640028acd940780227e5c05a808080a000007d20001d4c01e30632c001000568e93b2c8b, width=(int)1920, height=(int)1080, framerate=(fraction)30000/1001, pixel-aspect-ratio=(fraction)1/1, colorimetry=(string)bt709, chroma-format=(string)4:2:0, bit-depth-luma=(uint)8, bit-depth-chroma=(uint)8, parsed=(boolean)true
Got message #2089 from pad "h264parse6:src" (property-notify): GstMessagePropertyNotify, property-name=(string)caps, property-value=(GstCaps)"video/x-h264\,\ stream-format\=\(string\)avc\,\ alignment\=\(string\)au\,\ level\=\(string\)4\,\ profile\=\(string\)high\,\ codec_data\=\(buffer\)01640028ffe1001d67640028acd940780227e5c05a808080a000007d20001d4c01e30632c001000568e93b2c8b\,\ width\=\(int\)1920\,\ height\=\(int\)1080\,\ framerate\=\(fraction\)30000/1001\,\ pixel-aspect-ratio\=\(fraction\)1/1\,\ colorimetry\=\(string\)bt709\,\ chroma-format\=\(string\)4:2:0\,\ bit-depth-luma\=\(uint\)8\,\ bit-depth-chroma\=\(uint\)8\,\ parsed\=\(boolean\)true";
/GstPipeline:pipeline0/GstDecodeBin:decodebin4/GstH264Parse:h264parse6.GstPad:src: caps = video/x-h264, stream-format=(string)avc, alignment=(string)au, level=(string)4, profile=(string)high, codec_data=(buffer)01640028ffe1001d67640028acd940780227e5c05a808080a000007d20001d4c01e30632c001000568e93b2c8b, width=(int)1920, height=(int)1080, framerate=(fraction)30000/1001, pixel-aspect-ratio=(fraction)1/1, colorimetry=(string)bt709, chroma-format=(string)4:2:0, bit-depth-luma=(uint)8, bit-depth-chroma=(uint)8, parsed=(boolean)true
Got message #2090 from element "multiqueue1" (property-notify): GstMessagePropertyNotify, property-name=(string)max-size-buffers, property-value=(uint)5;
/GstPipeline:pipeline0/GstDecodeBin:decodebin3/GstMultiQueue:multiqueue1: max-size-buffers = 5
Got message #2091 from element "multiqueue1" (property-notify): GstMessagePropertyNotify, property-name=(string)max-size-time, property-value=(guint64)0;
/GstPipeline:pipeline0/GstDecodeBin:decodebin3/GstMultiQueue:multiqueue1: max-size-time = 0
Got message #2092 from element "multiqueue1" (property-notify): GstMessagePropertyNotify, property-name=(string)max-size-bytes, property-value=(uint)8388608;
/GstPipeline:pipeline0/GstDecodeBin:decodebin3/GstMultiQueue:multiqueue1: max-size-bytes = 8388608
Got message #2093 from element "h264parse9" (duration-changed): GstMessageDurationChanged;
Got message #2096 from pad "capsfilter7:sink" (property-notify): GstMessagePropertyNotify, property-name=(string)caps, property-value=(GstCaps)"video/x-h264\,\ stream-format\=\(string\)avc\,\ alignment\=\(string\)au\,\ level\=\(string\)4\,\ profile\=\(string\)high\,\ codec_data\=\(buffer\)01640028ffe1001d67640028acd940780227e5c05a808080a000007d20001d4c01e30632c001000568e93b2c8b\,\ width\=\(int\)1920\,\ height\=\(int\)1080\,\ framerate\=\(fraction\)30000/1001\,\ pixel-aspect-ratio\=\(fraction\)1/1\,\ colorimetry\=\(string\)bt709\,\ chroma-format\=\(string\)4:2:0\,\ bit-depth-luma\=\(uint\)8\,\ bit-depth-chroma\=\(uint\)8\,\ parsed\=\(boolean\)true";
/GstPipeline:pipeline0/GstDecodeBin:decodebin4/GstCapsFilter:capsfilter7.GstPad:sink: caps = video/x-h264, stream-format=(string)avc, alignment=(string)au, level=(string)4, profile=(string)high, codec_data=(buffer)01640028ffe1001d67640028acd940780227e5c05a808080a000007d20001d4c01e30632c001000568e93b2c8b, width=(int)1920, height=(int)1080, framerate=(fraction)30000/1001, pixel-aspect-ratio=(fraction)1/1, colorimetry=(string)bt709, chroma-format=(string)4:2:0, bit-depth-luma=(uint)8, bit-depth-chroma=(uint)8, parsed=(boolean)true
Got message #2099 from element "multiqueue0" (property-notify): GstMessagePropertyNotify, property-name=(string)max-size-buffers, property-value=(uint)5;
/GstPipeline:pipeline0/GstDecodeBin:decodebin4/GstMultiQueue:multiqueue0: max-size-buffers = 5
Got message #2100 from element "multiqueue0" (property-notify): GstMessagePropertyNotify, property-name=(string)max-size-time, property-value=(guint64)0;
/GstPipeline:pipeline0/GstDecodeBin:decodebin4/GstMultiQueue:multiqueue0: max-size-time = 0
Got message #2101 from element "multiqueue0" (property-notify): GstMessagePropertyNotify, property-name=(string)max-size-bytes, property-value=(uint)8388608;
/GstPipeline:pipeline0/GstDecodeBin:decodebin4/GstMultiQueue:multiqueue0: max-size-bytes = 8388608
Got message #2103 from pad "h264parse1:src" (property-notify): GstMessagePropertyNotify, property-name=(string)caps, property-value=(GstCaps)"video/x-h264\,\ stream-format\=\(string\)avc\,\ alignment\=\(string\)au\,\ level\=\(string\)4\,\ profile\=\(string\)high\,\ codec_data\=\(buffer\)01640028ffe1001d67640028acd940780227e5c05a808080a000007d20001d4c01e30632c001000568e93b2c8b\,\ width\=\(int\)1920\,\ height\=\(int\)1080\,\ framerate\=\(fraction\)30000/1001\,\ pixel-aspect-ratio\=\(fraction\)1/1\,\ colorimetry\=\(string\)bt709\,\ chroma-format\=\(string\)4:2:0\,\ bit-depth-luma\=\(uint\)8\,\ bit-depth-chroma\=\(uint\)8\,\ parsed\=\(boolean\)true";
/GstPipeline:pipeline0/GstDecodeBin:decodebin3/GstH264Parse:h264parse1.GstPad:src: caps = video/x-h264, stream-format=(string)avc, alignment=(string)au, level=(string)4, profile=(string)high, codec_data=(buffer)01640028ffe1001d67640028acd940780227e5c05a808080a000007d20001d4c01e30632c001000568e93b2c8b, width=(int)1920, height=(int)1080, framerate=(fraction)30000/1001, pixel-aspect-ratio=(fraction)1/1, colorimetry=(string)bt709, chroma-format=(string)4:2:0, bit-depth-luma=(uint)8, bit-depth-chroma=(uint)8, parsed=(boolean)true
Got message #2105 from pad "capsfilter0:sink" (property-notify): GstMessagePropertyNotify, property-name=(string)caps, property-value=(GstCaps)"video/x-h264\,\ stream-format\=\(string\)avc\,\ alignment\=\(string\)au\,\ level\=\(string\)4\,\ profile\=\(string\)high\,\ codec_data\=\(buffer\)01640028ffe1001d67640028acd940780227e5c05a808080a000007d20001d4c01e30632c001000568e93b2c8b\,\ width\=\(int\)1920\,\ height\=\(int\)1080\,\ framerate\=\(fraction\)30000/1001\,\ pixel-aspect-ratio\=\(fraction\)1/1\,\ colorimetry\=\(string\)bt709\,\ chroma-format\=\(string\)4:2:0\,\ bit-depth-luma\=\(uint\)8\,\ bit-depth-chroma\=\(uint\)8\,\ parsed\=\(boolean\)true";
/GstPipeline:pipeline0/GstDecodeBin:decodebin3/GstCapsFilter:capsfilter0.GstPad:sink: caps = video/x-h264, stream-format=(string)avc, alignment=(string)au, level=(string)4, profile=(string)high, codec_data=(buffer)01640028ffe1001d67640028acd940780227e5c05a808080a000007d20001d4c01e30632c001000568e93b2c8b, width=(int)1920, height=(int)1080, framerate=(fraction)30000/1001, pixel-aspect-ratio=(fraction)1/1, colorimetry=(string)bt709, chroma-format=(string)4:2:0, bit-depth-luma=(uint)8, bit-depth-chroma=(uint)8, parsed=(boolean)true
Got message #2104 from element "multiqueue7" (property-notify): GstMessagePropertyNotify, property-name=(string)max-size-buffers, property-value=(uint)5;
/GstPipeline:pipeline0/GstDecodeBin:decodebin8/GstMultiQueue:multiqueue7: max-size-buffers = 5
Got message #2107 from element "multiqueue7" (property-notify): GstMessagePropertyNotify, property-name=(string)max-size-time, property-value=(guint64)0;
/GstPipeline:pipeline0/GstDecodeBin:decodebin8/GstMultiQueue:multiqueue7: max-size-time = 0
Got message #2108 from element "multiqueue7" (property-notify): GstMessagePropertyNotify, property-name=(string)max-size-bytes, property-value=(uint)8388608;
/GstPipeline:pipeline0/GstDecodeBin:decodebin8/GstMultiQueue:multiqueue7: max-size-bytes = 8388608
Got message #2109 from pad "capsfilter0:sink" (property-notify): GstMessagePropertyNotify, property-name=(string)caps, property-value=(GstCaps)"video/x-h264\,\ stream-format\=\(string\)avc\,\ alignment\=\(string\)au\,\ level\=\(string\)4\,\ profile\=\(string\)high\,\ codec_data\=\(buffer\)01640028ffe1001d67640028acd940780227e5c05a808080a000007d20001d4c01e30632c001000568e93b2c8b\,\ width\=\(int\)1920\,\ height\=\(int\)1080\,\ framerate\=\(fraction\)30000/1001\,\ pixel-aspect-ratio\=\(fraction\)1/1\,\ colorimetry\=\(string\)bt709\,\ chroma-format\=\(string\)4:2:0\,\ bit-depth-luma\=\(uint\)8\,\ bit-depth-chroma\=\(uint\)8\,\ parsed\=\(boolean\)true";
/GstPipeline:pipeline0/GstDecodeBin:decodebin3/GstCapsFilter:capsfilter0.GstPad:sink: caps = video/x-h264, stream-format=(string)avc, alignment=(string)au, level=(string)4, profile=(string)high, codec_data=(buffer)01640028ffe1001d67640028acd940780227e5c05a808080a000007d20001d4c01e30632c001000568e93b2c8b, width=(int)1920, height=(int)1080, framerate=(fraction)30000/1001, pixel-aspect-ratio=(fraction)1/1, colorimetry=(string)bt709, chroma-format=(string)4:2:0, bit-depth-luma=(uint)8, bit-depth-chroma=(uint)8, parsed=(boolean)true
Got message #2110 from pad "capsfilter7:sink" (property-notify): GstMessagePropertyNotify, property-name=(string)caps, property-value=(GstCaps)"video/x-h264\,\ stream-format\=\(string\)avc\,\ alignment\=\(string\)au\,\ level\=\(string\)4\,\ profile\=\(string\)high\,\ codec_data\=\(buffer\)01640028ffe1001d67640028acd940780227e5c05a808080a000007d20001d4c01e30632c001000568e93b2c8b\,\ width\=\(int\)1920\,\ height\=\(int\)1080\,\ framerate\=\(fraction\)30000/1001\,\ pixel-aspect-ratio\=\(fraction\)1/1\,\ colorimetry\=\(string\)bt709\,\ chroma-format\=\(string\)4:2:0\,\ bit-depth-luma\=\(uint\)8\,\ bit-depth-chroma\=\(uint\)8\,\ parsed\=\(boolean\)true";
/GstPipeline:pipeline0/GstDecodeBin:decodebin4/GstCapsFilter:capsfilter7.GstPad:sink: caps = video/x-h264, stream-format=(string)avc, alignment=(string)au, level=(string)4, profile=(string)high, codec_data=(buffer)01640028ffe1001d67640028acd940780227e5c05a808080a000007d20001d4c01e30632c001000568e93b2c8b, width=(int)1920, height=(int)1080, framerate=(fraction)30000/1001, pixel-aspect-ratio=(fraction)1/1, colorimetry=(string)bt709, chroma-format=(string)4:2:0, bit-depth-luma=(uint)8, bit-depth-chroma=(uint)8, parsed=(boolean)true
Got message #2111 from element "h264parse1" (duration-changed): GstMessageDurationChanged;
Got message #2112 from pad "sink:proxypad40" (property-notify): GstMessagePropertyNotify, property-name=(string)caps, property-value=(GstCaps)"video/x-h264\,\ stream-format\=\(string\)avc\,\ alignment\=\(string\)au\,\ level\=\(string\)4\,\ profile\=\(string\)high\,\ codec_data\=\(buffer\)01640028ffe1001d67640028acd940780227e5c05a808080a000007d20001d4c01e30632c001000568e93b2c8b\,\ width\=\(int\)1920\,\ height\=\(int\)1080\,\ framerate\=\(fraction\)30000/1001\,\ pixel-aspect-ratio\=\(fraction\)1/1\,\ colorimetry\=\(string\)bt709\,\ chroma-format\=\(string\)4:2:0\,\ bit-depth-luma\=\(uint\)8\,\ bit-depth-chroma\=\(uint\)8\,\ parsed\=\(boolean\)true";
/GstPipeline:pipeline0/GstDecodeBin:decodebin6/GstVaapiDecodeBin:vaapidecodebin0.GstGhostPad:sink.GstProxyPad:proxypad40: caps = video/x-h264, stream-format=(string)avc, alignment=(string)au, level=(string)4, profile=(string)high, codec_data=(buffer)01640028ffe1001d67640028acd940780227e5c05a808080a000007d20001d4c01e30632c001000568e93b2c8b, width=(int)1920, height=(int)1080, framerate=(fraction)30000/1001, pixel-aspect-ratio=(fraction)1/1, colorimetry=(string)bt709, chroma-format=(string)4:2:0, bit-depth-luma=(uint)8, bit-depth-chroma=(uint)8, parsed=(boolean)true
Got message #2114 from element "h264parse6" (duration-changed): GstMessageDurationChanged;
Got message #2120 from pad "vaapidecode1:sink" (property-notify): GstMessagePropertyNotify, property-name=(string)caps, property-value=(GstCaps)"video/x-h264\,\ stream-format\=\(string\)avc\,\ alignment\=\(string\)au\,\ level\=\(string\)4\,\ profile\=\(string\)high\,\ codec_data\=\(buffer\)01640028ffe1001d67640028acd940780227e5c05a808080a000007d20001d4c01e30632c001000568e93b2c8b\,\ width\=\(int\)1920\,\ height\=\(int\)1080\,\ framerate\=\(fraction\)30000/1001\,\ pixel-aspect-ratio\=\(fraction\)1/1\,\ colorimetry\=\(string\)bt709\,\ chroma-format\=\(string\)4:2:0\,\ bit-depth-luma\=\(uint\)8\,\ bit-depth-chroma\=\(uint\)8\,\ parsed\=\(boolean\)true";
/GstPipeline:pipeline0/GstDecodeBin:decodebin6/GstVaapiDecodeBin:vaapidecodebin0/GstVaapiDecode:vaapidecode1.GstPad:sink: caps = video/x-h264, stream-format=(string)avc, alignment=(string)au, level=(string)4, profile=(string)high, codec_data=(buffer)01640028ffe1001d67640028acd940780227e5c05a808080a000007d20001d4c01e30632c001000568e93b2c8b, width=(int)1920, height=(int)1080, framerate=(fraction)30000/1001, pixel-aspect-ratio=(fraction)1/1, colorimetry=(string)bt709, chroma-format=(string)4:2:0, bit-depth-luma=(uint)8, bit-depth-chroma=(uint)8, parsed=(boolean)true
Got message #2121 from pad "vaapidecodebin0:sink" (property-notify): GstMessagePropertyNotify, property-name=(string)caps, property-value=(GstCaps)"video/x-h264\,\ stream-format\=\(string\)avc\,\ alignment\=\(string\)au\,\ level\=\(string\)4\,\ profile\=\(string\)high\,\ codec_data\=\(buffer\)01640028ffe1001d67640028acd940780227e5c05a808080a000007d20001d4c01e30632c001000568e93b2c8b\,\ width\=\(int\)1920\,\ height\=\(int\)1080\,\ framerate\=\(fraction\)30000/1001\,\ pixel-aspect-ratio\=\(fraction\)1/1\,\ colorimetry\=\(string\)bt709\,\ chroma-format\=\(string\)4:2:0\,\ bit-depth-luma\=\(uint\)8\,\ bit-depth-chroma\=\(uint\)8\,\ parsed\=\(boolean\)true";
/GstPipeline:pipeline0/GstDecodeBin:decodebin6/GstVaapiDecodeBin:vaapidecodebin0.GstGhostPad:sink: caps = video/x-h264, stream-format=(string)avc, alignment=(string)au, level=(string)4, profile=(string)high, codec_data=(buffer)01640028ffe1001d67640028acd940780227e5c05a808080a000007d20001d4c01e30632c001000568e93b2c8b, width=(int)1920, height=(int)1080, framerate=(fraction)30000/1001, pixel-aspect-ratio=(fraction)1/1, colorimetry=(string)bt709, chroma-format=(string)4:2:0, bit-depth-luma=(uint)8, bit-depth-chroma=(uint)8, parsed=(boolean)true
Got message #2122 from pad "capsfilter5:src" (property-notify): GstMessagePropertyNotify, property-name=(string)caps, property-value=(GstCaps)"video/x-h264\,\ stream-format\=\(string\)avc\,\ alignment\=\(string\)au\,\ level\=\(string\)4\,\ profile\=\(string\)high\,\ codec_data\=\(buffer\)01640028ffe1001d67640028acd940780227e5c05a808080a000007d20001d4c01e30632c001000568e93b2c8b\,\ width\=\(int\)1920\,\ height\=\(int\)1080\,\ framerate\=\(fraction\)30000/1001\,\ pixel-aspect-ratio\=\(fraction\)1/1\,\ colorimetry\=\(string\)bt709\,\ chroma-format\=\(string\)4:2:0\,\ bit-depth-luma\=\(uint\)8\,\ bit-depth-chroma\=\(uint\)8\,\ parsed\=\(boolean\)true";
/GstPipeline:pipeline0/GstDecodeBin:decodebin6/GstCapsFilter:capsfilter5.GstPad:src: caps = video/x-h264, stream-format=(string)avc, alignment=(string)au, level=(string)4, profile=(string)high, codec_data=(buffer)01640028ffe1001d67640028acd940780227e5c05a808080a000007d20001d4c01e30632c001000568e93b2c8b, width=(int)1920, height=(int)1080, framerate=(fraction)30000/1001, pixel-aspect-ratio=(fraction)1/1, colorimetry=(string)bt709, chroma-format=(string)4:2:0, bit-depth-luma=(uint)8, bit-depth-chroma=(uint)8, parsed=(boolean)true
Got message #2123 from element "multiqueue6" (property-notify): GstMessagePropertyNotify, property-name=(string)max-size-buffers, property-value=(uint)5;
/GstPipeline:pipeline0/GstDecodeBin:decodebin1/GstMultiQueue:multiqueue6: max-size-buffers = 5
Got message #2124 from element "multiqueue6" (property-notify): GstMessagePropertyNotify, property-name=(string)max-size-time, property-value=(guint64)0;
/GstPipeline:pipeline0/GstDecodeBin:decodebin1/GstMultiQueue:multiqueue6: max-size-time = 0
Got message #2125 from element "multiqueue6" (property-notify): GstMessagePropertyNotify, property-name=(string)max-size-bytes, property-value=(uint)8388608;
/GstPipeline:pipeline0/GstDecodeBin:decodebin1/GstMultiQueue:multiqueue6: max-size-bytes = 8388608
Got message #2126 from pad "capsfilter5:sink" (property-notify): GstMessagePropertyNotify, property-name=(string)caps, property-value=(GstCaps)"video/x-h264\,\ stream-format\=\(string\)avc\,\ alignment\=\(string\)au\,\ level\=\(string\)4\,\ profile\=\(string\)high\,\ codec_data\=\(buffer\)01640028ffe1001d67640028acd940780227e5c05a808080a000007d20001d4c01e30632c001000568e93b2c8b\,\ width\=\(int\)1920\,\ height\=\(int\)1080\,\ framerate\=\(fraction\)30000/1001\,\ pixel-aspect-ratio\=\(fraction\)1/1\,\ colorimetry\=\(string\)bt709\,\ chroma-format\=\(string\)4:2:0\,\ bit-depth-luma\=\(uint\)8\,\ bit-depth-chroma\=\(uint\)8\,\ parsed\=\(boolean\)true";
/GstPipeline:pipeline0/GstDecodeBin:decodebin6/GstCapsFilter:capsfilter5.GstPad:sink: caps = video/x-h264, stream-format=(string)avc, alignment=(string)au, level=(string)4, profile=(string)high, codec_data=(buffer)01640028ffe1001d67640028acd940780227e5c05a808080a000007d20001d4c01e30632c001000568e93b2c8b, width=(int)1920, height=(int)1080, framerate=(fraction)30000/1001, pixel-aspect-ratio=(fraction)1/1, colorimetry=(string)bt709, chroma-format=(string)4:2:0, bit-depth-luma=(uint)8, bit-depth-chroma=(uint)8, parsed=(boolean)true
Got message #2127 from pad "h264parse4:sink" (property-notify): GstMessagePropertyNotify, property-name=(string)caps, property-value=(GstCaps)"video/x-h264\,\ stream-format\=\(string\)avc\,\ alignment\=\(string\)au\,\ level\=\(string\)4\,\ profile\=\(string\)high\,\ codec_data\=\(buffer\)01640028ffe1001d67640028acd940780227e5c05a808080a000007d20001d4c01e30632c001000568e93b2c8bfdf8f800\,\ width\=\(int\)1920\,\ height\=\(int\)1080\,\ framerate\=\(fraction\)30000/1001\,\ pixel-aspect-ratio\=\(fraction\)1/1\,\ colorimetry\=\(string\)bt709";
/GstPipeline:pipeline0/GstDecodeBin:decodebin6/GstH264Parse:h264parse4.GstPad:sink: caps = video/x-h264, stream-format=(string)avc, alignment=(string)au, level=(string)4, profile=(string)high, codec_data=(buffer)01640028ffe1001d67640028acd940780227e5c05a808080a000007d20001d4c01e30632c001000568e93b2c8bfdf8f800, width=(int)1920, height=(int)1080, framerate=(fraction)30000/1001, pixel-aspect-ratio=(fraction)1/1, colorimetry=(string)bt709
Got message #2128 from element "multiqueue6" (property-notify): GstMessagePropertyNotify, property-name=(string)max-size-buffers, property-value=(uint)5;
/GstPipeline:pipeline0/GstDecodeBin:decodebin1/GstMultiQueue:multiqueue6: max-size-buffers = 5
Got message #2129 from element "multiqueue6" (property-notify): GstMessagePropertyNotify, property-name=(string)max-size-time, property-value=(guint64)0;
/GstPipeline:pipeline0/GstDecodeBin:decodebin1/GstMultiQueue:multiqueue6: max-size-time = 0
Got message #2130 from element "multiqueue6" (property-notify): GstMessagePropertyNotify, property-name=(string)max-size-bytes, property-value=(uint)8388608;
/GstPipeline:pipeline0/GstDecodeBin:decodebin1/GstMultiQueue:multiqueue6: max-size-bytes = 8388608
Got message #2131 from element "multiqueue9" (property-notify): GstMessagePropertyNotify, property-name=(string)max-size-buffers, property-value=(uint)5;
/GstPipeline:pipeline0/GstDecodeBin:decodebin2/GstMultiQueue:multiqueue9: max-size-buffers = 5
Got message #2132 from element "multiqueue3" (property-notify): GstMessagePropertyNotify, property-name=(string)max-size-time, property-value=(guint64)0;
/GstPipeline:pipeline0/GstDecodeBin:decodebin6/GstMultiQueue:multiqueue3: max-size-time = 0
Got message #2133 from element "multiqueue9" (property-notify): GstMessagePropertyNotify, property-name=(string)max-size-buffers, property-value=(uint)5;
/GstPipeline:pipeline0/GstDecodeBin:decodebin2/GstMultiQueue:multiqueue9: max-size-buffers = 5
Got message #2134 from element "multiqueue3" (property-notify): GstMessagePropertyNotify, property-name=(string)max-size-bytes, property-value=(uint)8388608;
/GstPipeline:pipeline0/GstDecodeBin:decodebin6/GstMultiQueue:multiqueue3: max-size-bytes = 8388608
Got message #2135 from element "multiqueue9" (property-notify): GstMessagePropertyNotify, property-name=(string)max-size-time, property-value=(guint64)0;
/GstPipeline:pipeline0/GstDecodeBin:decodebin2/GstMultiQueue:multiqueue9: max-size-time = 0
Got message #2136 from element "multiqueue9" (property-notify): GstMessagePropertyNotify, property-name=(string)max-size-bytes, property-value=(uint)8388608;
/GstPipeline:pipeline0/GstDecodeBin:decodebin2/GstMultiQueue:multiqueue9: max-size-bytes = 8388608
Got message #2138 from pad "multiqueue3:sink_0" (property-notify): GstMessagePropertyNotify, property-name=(string)caps, property-value=(GstCaps)"video/x-h264\,\ stream-format\=\(string\)avc\,\ alignment\=\(string\)au\,\ level\=\(string\)4\,\ profile\=\(string\)high\,\ codec_data\=\(buffer\)01640028ffe1001d67640028acd940780227e5c05a808080a000007d20001d4c01e30632c001000568e93b2c8bfdf8f800\,\ width\=\(int\)1920\,\ height\=\(int\)1080\,\ framerate\=\(fraction\)30000/1001\,\ pixel-aspect-ratio\=\(fraction\)1/1\,\ colorimetry\=\(string\)bt709";
/GstPipeline:pipeline0/GstDecodeBin:decodebin6/GstMultiQueue:multiqueue3.GstMultiQueuePad:sink_0: caps = video/x-h264, stream-format=(string)avc, alignment=(string)au, level=(string)4, profile=(string)high, codec_data=(buffer)01640028ffe1001d67640028acd940780227e5c05a808080a000007d20001d4c01e30632c001000568e93b2c8bfdf8f800, width=(int)1920, height=(int)1080, framerate=(fraction)30000/1001, pixel-aspect-ratio=(fraction)1/1, colorimetry=(string)bt709
Got message #2141 from element "multiqueue6" (property-notify): GstMessagePropertyNotify, property-name=(string)max-size-buffers, property-value=(uint)5;
/GstPipeline:pipeline0/GstDecodeBin:decodebin1/GstMultiQueue:multiqueue6: max-size-buffers = 5
Got message #2142 from element "multiqueue6" (property-notify): GstMessagePropertyNotify, property-name=(string)max-size-time, property-value=(guint64)0;
/GstPipeline:pipeline0/GstDecodeBin:decodebin1/GstMultiQueue:multiqueue6: max-size-time = 0
Got message #2143 from element "multiqueue6" (property-notify): GstMessagePropertyNotify, property-name=(string)max-size-bytes, property-value=(uint)8388608;
/GstPipeline:pipeline0/GstDecodeBin:decodebin1/GstMultiQueue:multiqueue6: max-size-bytes = 8388608
Got message #2144 from element "multiqueue9" (property-notify): GstMessagePropertyNotify, property-name=(string)max-size-buffers, property-value=(uint)5;
/GstPipeline:pipeline0/GstDecodeBin:decodebin2/GstMultiQueue:multiqueue9: max-size-buffers = 5
Got message #2145 from element "multiqueue9" (property-notify): GstMessagePropertyNotify, property-name=(string)max-size-time, property-value=(guint64)0;
/GstPipeline:pipeline0/GstDecodeBin:decodebin2/GstMultiQueue:multiqueue9: max-size-time = 0
Got message #2146 from element "multiqueue9" (property-notify): GstMessagePropertyNotify, property-name=(string)max-size-bytes, property-value=(uint)8388608;
/GstPipeline:pipeline0/GstDecodeBin:decodebin2/GstMultiQueue:multiqueue9: max-size-bytes = 8388608
Got message #2147 from element "multiqueue9" (property-notify): GstMessagePropertyNotify, property-name=(string)max-size-buffers, property-value=(uint)5;
/GstPipeline:pipeline0/GstDecodeBin:decodebin2/GstMultiQueue:multiqueue9: max-size-buffers = 5
Got message #2148 from element "multiqueue9" (property-notify): GstMessagePropertyNotify, property-name=(string)max-size-time, property-value=(guint64)0;
/GstPipeline:pipeline0/GstDecodeBin:decodebin2/GstMultiQueue:multiqueue9: max-size-time = 0
Got message #2149 from element "multiqueue9" (property-notify): GstMessagePropertyNotify, property-name=(string)max-size-bytes, property-value=(uint)8388608;
/GstPipeline:pipeline0/GstDecodeBin:decodebin2/GstMultiQueue:multiqueue9: max-size-bytes = 8388608
Got message #2150 from element "multiqueue3" (property-notify): GstMessagePropertyNotify, property-name=(string)max-size-buffers, property-value=(uint)5;
/GstPipeline:pipeline0/GstDecodeBin:decodebin6/GstMultiQueue:multiqueue3: max-size-buffers = 5
Got message #2151 from element "multiqueue3" (property-notify): GstMessagePropertyNotify, property-name=(string)max-size-time, property-value=(guint64)0;
/GstPipeline:pipeline0/GstDecodeBin:decodebin6/GstMultiQueue:multiqueue3: max-size-time = 0
Got message #2152 from element "multiqueue3" (property-notify): GstMessagePropertyNotify, property-name=(string)max-size-bytes, property-value=(uint)8388608;
/GstPipeline:pipeline0/GstDecodeBin:decodebin6/GstMultiQueue:multiqueue3: max-size-bytes = 8388608
Got message #2154 from pad "h264parse4:src" (property-notify): GstMessagePropertyNotify, property-name=(string)caps, property-value=(GstCaps)"video/x-h264\,\ stream-format\=\(string\)avc\,\ alignment\=\(string\)au\,\ level\=\(string\)4\,\ profile\=\(string\)high\,\ codec_data\=\(buffer\)01640028ffe1001d67640028acd940780227e5c05a808080a000007d20001d4c01e30632c001000568e93b2c8b\,\ width\=\(int\)1920\,\ height\=\(int\)1080\,\ framerate\=\(fraction\)30000/1001\,\ pixel-aspect-ratio\=\(fraction\)1/1\,\ colorimetry\=\(string\)bt709\,\ chroma-format\=\(string\)4:2:0\,\ bit-depth-luma\=\(uint\)8\,\ bit-depth-chroma\=\(uint\)8\,\ parsed\=\(boolean\)true";
/GstPipeline:pipeline0/GstDecodeBin:decodebin6/GstH264Parse:h264parse4.GstPad:src: caps = video/x-h264, stream-format=(string)avc, alignment=(string)au, level=(string)4, profile=(string)high, codec_data=(buffer)01640028ffe1001d67640028acd940780227e5c05a808080a000007d20001d4c01e30632c001000568e93b2c8b, width=(int)1920, height=(int)1080, framerate=(fraction)30000/1001, pixel-aspect-ratio=(fraction)1/1, colorimetry=(string)bt709, chroma-format=(string)4:2:0, bit-depth-luma=(uint)8, bit-depth-chroma=(uint)8, parsed=(boolean)true
Got message #2155 from pad "capsfilter5:sink" (property-notify): GstMessagePropertyNotify, property-name=(string)caps, property-value=(GstCaps)"video/x-h264\,\ stream-format\=\(string\)avc\,\ alignment\=\(string\)au\,\ level\=\(string\)4\,\ profile\=\(string\)high\,\ codec_data\=\(buffer\)01640028ffe1001d67640028acd940780227e5c05a808080a000007d20001d4c01e30632c001000568e93b2c8b\,\ width\=\(int\)1920\,\ height\=\(int\)1080\,\ framerate\=\(fraction\)30000/1001\,\ pixel-aspect-ratio\=\(fraction\)1/1\,\ colorimetry\=\(string\)bt709\,\ chroma-format\=\(string\)4:2:0\,\ bit-depth-luma\=\(uint\)8\,\ bit-depth-chroma\=\(uint\)8\,\ parsed\=\(boolean\)true";
/GstPipeline:pipeline0/GstDecodeBin:decodebin6/GstCapsFilter:capsfilter5.GstPad:sink: caps = video/x-h264, stream-format=(string)avc, alignment=(string)au, level=(string)4, profile=(string)high, codec_data=(buffer)01640028ffe1001d67640028acd940780227e5c05a808080a000007d20001d4c01e30632c001000568e93b2c8b, width=(int)1920, height=(int)1080, framerate=(fraction)30000/1001, pixel-aspect-ratio=(fraction)1/1, colorimetry=(string)bt709, chroma-format=(string)4:2:0, bit-depth-luma=(uint)8, bit-depth-chroma=(uint)8, parsed=(boolean)true
Got message #2158 from pad "h264parse4:src" (property-notify): GstMessagePropertyNotify, property-name=(string)caps, property-value=(GstCaps)"video/x-h264\,\ stream-format\=\(string\)avc\,\ alignment\=\(string\)au\,\ level\=\(string\)4\,\ profile\=\(string\)high\,\ codec_data\=\(buffer\)01640028ffe1001d67640028acd940780227e5c05a808080a000007d20001d4c01e30632c001000568e93b2c8b\,\ width\=\(int\)1920\,\ height\=\(int\)1080\,\ framerate\=\(fraction\)30000/1001\,\ pixel-aspect-ratio\=\(fraction\)1/1\,\ colorimetry\=\(string\)bt709\,\ chroma-format\=\(string\)4:2:0\,\ bit-depth-luma\=\(uint\)8\,\ bit-depth-chroma\=\(uint\)8\,\ parsed\=\(boolean\)true";
/GstPipeline:pipeline0/GstDecodeBin:decodebin6/GstH264Parse:h264parse4.GstPad:src: caps = video/x-h264, stream-format=(string)avc, alignment=(string)au, level=(string)4, profile=(string)high, codec_data=(buffer)01640028ffe1001d67640028acd940780227e5c05a808080a000007d20001d4c01e30632c001000568e93b2c8b, width=(int)1920, height=(int)1080, framerate=(fraction)30000/1001, pixel-aspect-ratio=(fraction)1/1, colorimetry=(string)bt709, chroma-format=(string)4:2:0, bit-depth-luma=(uint)8, bit-depth-chroma=(uint)8, parsed=(boolean)true
Got message #2159 from pad "capsfilter5:sink" (property-notify): GstMessagePropertyNotify, property-name=(string)caps, property-value=(GstCaps)"video/x-h264\,\ stream-format\=\(string\)avc\,\ alignment\=\(string\)au\,\ level\=\(string\)4\,\ profile\=\(string\)high\,\ codec_data\=\(buffer\)01640028ffe1001d67640028acd940780227e5c05a808080a000007d20001d4c01e30632c001000568e93b2c8b\,\ width\=\(int\)1920\,\ height\=\(int\)1080\,\ framerate\=\(fraction\)30000/1001\,\ pixel-aspect-ratio\=\(fraction\)1/1\,\ colorimetry\=\(string\)bt709\,\ chroma-format\=\(string\)4:2:0\,\ bit-depth-luma\=\(uint\)8\,\ bit-depth-chroma\=\(uint\)8\,\ parsed\=\(boolean\)true";
/GstPipeline:pipeline0/GstDecodeBin:decodebin6/GstCapsFilter:capsfilter5.GstPad:sink: caps = video/x-h264, stream-format=(string)avc, alignment=(string)au, level=(string)4, profile=(string)high, codec_data=(buffer)01640028ffe1001d67640028acd940780227e5c05a808080a000007d20001d4c01e30632c001000568e93b2c8b, width=(int)1920, height=(int)1080, framerate=(fraction)30000/1001, pixel-aspect-ratio=(fraction)1/1, colorimetry=(string)bt709, chroma-format=(string)4:2:0, bit-depth-luma=(uint)8, bit-depth-chroma=(uint)8, parsed=(boolean)true
Got message #2160 from element "h264parse4" (duration-changed): GstMessageDurationChanged;
Got message #2164 from element "multiqueue3" (property-notify): GstMessagePropertyNotify, property-name=(string)max-size-buffers, property-value=(uint)5;
/GstPipeline:pipeline0/GstDecodeBin:decodebin6/GstMultiQueue:multiqueue3: max-size-buffers = 5
Got message #2165 from element "multiqueue3" (property-notify): GstMessagePropertyNotify, property-name=(string)max-size-time, property-value=(guint64)0;
/GstPipeline:pipeline0/GstDecodeBin:decodebin6/GstMultiQueue:multiqueue3: max-size-time = 0
Got message #2166 from element "multiqueue3" (property-notify): GstMessagePropertyNotify, property-name=(string)max-size-bytes, property-value=(uint)8388608;
/GstPipeline:pipeline0/GstDecodeBin:decodebin6/GstMultiQueue:multiqueue3: max-size-bytes = 8388608
Got message #2167 from pad "sink:proxypad41" (property-notify): GstMessagePropertyNotify, property-name=(string)caps, property-value=(GstCaps)"video/x-h264\,\ stream-format\=\(string\)avc\,\ alignment\=\(string\)au\,\ level\=\(string\)4\,\ profile\=\(string\)high\,\ codec_data\=\(buffer\)01640028ffe1001d67640028acd940780227e5c05a808080a000007d20001d4c01e30632c001000568e93b2c8b\,\ width\=\(int\)1920\,\ height\=\(int\)1080\,\ framerate\=\(fraction\)30000/1001\,\ pixel-aspect-ratio\=\(fraction\)1/1\,\ colorimetry\=\(string\)bt709\,\ chroma-format\=\(string\)4:2:0\,\ bit-depth-luma\=\(uint\)8\,\ bit-depth-chroma\=\(uint\)8\,\ parsed\=\(boolean\)true";
/GstPipeline:pipeline0/GstDecodeBin:decodebin5/GstVaapiDecodeBin:vaapidecodebin2.GstGhostPad:sink.GstProxyPad:proxypad41: caps = video/x-h264, stream-format=(string)avc, alignment=(string)au, level=(string)4, profile=(string)high, codec_data=(buffer)01640028ffe1001d67640028acd940780227e5c05a808080a000007d20001d4c01e30632c001000568e93b2c8b, width=(int)1920, height=(int)1080, framerate=(fraction)30000/1001, pixel-aspect-ratio=(fraction)1/1, colorimetry=(string)bt709, chroma-format=(string)4:2:0, bit-depth-luma=(uint)8, bit-depth-chroma=(uint)8, parsed=(boolean)true
Got message #2168 from pad "sink:proxypad41" (property-notify): GstMessagePropertyNotify, property-name=(string)caps, property-value=(GstCaps)"video/x-h264\,\ stream-format\=\(string\)avc\,\ alignment\=\(string\)au\,\ level\=\(string\)4\,\ profile\=\(string\)high\,\ codec_data\=\(buffer\)01640028ffe1001d67640028acd940780227e5c05a808080a000007d20001d4c01e30632c001000568e93b2c8b\,\ width\=\(int\)1920\,\ height\=\(int\)1080\,\ framerate\=\(fraction\)30000/1001\,\ pixel-aspect-ratio\=\(fraction\)1/1\,\ colorimetry\=\(string\)bt709\,\ chroma-format\=\(string\)4:2:0\,\ bit-depth-luma\=\(uint\)8\,\ bit-depth-chroma\=\(uint\)8\,\ parsed\=\(boolean\)true";
/GstPipeline:pipeline0/GstDecodeBin:decodebin5/GstVaapiDecodeBin:vaapidecodebin2.GstGhostPad:sink.GstProxyPad:proxypad41: caps = video/x-h264, stream-format=(string)avc, alignment=(string)au, level=(string)4, profile=(string)high, codec_data=(buffer)01640028ffe1001d67640028acd940780227e5c05a808080a000007d20001d4c01e30632c001000568e93b2c8b, width=(int)1920, height=(int)1080, framerate=(fraction)30000/1001, pixel-aspect-ratio=(fraction)1/1, colorimetry=(string)bt709, chroma-format=(string)4:2:0, bit-depth-luma=(uint)8, bit-depth-chroma=(uint)8, parsed=(boolean)true
Got message #2169 from pad "vaapidecode2:sink" (property-notify): GstMessagePropertyNotify, property-name=(string)caps, property-value=(GstCaps)"video/x-h264\,\ stream-format\=\(string\)avc\,\ alignment\=\(string\)au\,\ level\=\(string\)4\,\ profile\=\(string\)high\,\ codec_data\=\(buffer\)01640028ffe1001d67640028acd940780227e5c05a808080a000007d20001d4c01e30632c001000568e93b2c8b\,\ width\=\(int\)1920\,\ height\=\(int\)1080\,\ framerate\=\(fraction\)30000/1001\,\ pixel-aspect-ratio\=\(fraction\)1/1\,\ colorimetry\=\(string\)bt709\,\ chroma-format\=\(string\)4:2:0\,\ bit-depth-luma\=\(uint\)8\,\ bit-depth-chroma\=\(uint\)8\,\ parsed\=\(boolean\)true";
/GstPipeline:pipeline0/GstDecodeBin:decodebin5/GstVaapiDecodeBin:vaapidecodebin2/GstVaapiDecode:vaapidecode2.GstPad:sink: caps = video/x-h264, stream-format=(string)avc, alignment=(string)au, level=(string)4, profile=(string)high, codec_data=(buffer)01640028ffe1001d67640028acd940780227e5c05a808080a000007d20001d4c01e30632c001000568e93b2c8b, width=(int)1920, height=(int)1080, framerate=(fraction)30000/1001, pixel-aspect-ratio=(fraction)1/1, colorimetry=(string)bt709, chroma-format=(string)4:2:0, bit-depth-luma=(uint)8, bit-depth-chroma=(uint)8, parsed=(boolean)true
Got message #2170 from pad "vaapidecodebin2:sink" (property-notify): GstMessagePropertyNotify, property-name=(string)caps, property-value=(GstCaps)"video/x-h264\,\ stream-format\=\(string\)avc\,\ alignment\=\(string\)au\,\ level\=\(string\)4\,\ profile\=\(string\)high\,\ codec_data\=\(buffer\)01640028ffe1001d67640028acd940780227e5c05a808080a000007d20001d4c01e30632c001000568e93b2c8b\,\ width\=\(int\)1920\,\ height\=\(int\)1080\,\ framerate\=\(fraction\)30000/1001\,\ pixel-aspect-ratio\=\(fraction\)1/1\,\ colorimetry\=\(string\)bt709\,\ chroma-format\=\(string\)4:2:0\,\ bit-depth-luma\=\(uint\)8\,\ bit-depth-chroma\=\(uint\)8\,\ parsed\=\(boolean\)true";
/GstPipeline:pipeline0/GstDecodeBin:decodebin5/GstVaapiDecodeBin:vaapidecodebin2.GstGhostPad:sink: caps = video/x-h264, stream-format=(string)avc, alignment=(string)au, level=(string)4, profile=(string)high, codec_data=(buffer)01640028ffe1001d67640028acd940780227e5c05a808080a000007d20001d4c01e30632c001000568e93b2c8b, width=(int)1920, height=(int)1080, framerate=(fraction)30000/1001, pixel-aspect-ratio=(fraction)1/1, colorimetry=(string)bt709, chroma-format=(string)4:2:0, bit-depth-luma=(uint)8, bit-depth-chroma=(uint)8, parsed=(boolean)true
Got message #2171 from pad "capsfilter1:src" (property-notify): GstMessagePropertyNotify, property-name=(string)caps, property-value=(GstCaps)"video/x-h264\,\ stream-format\=\(string\)avc\,\ alignment\=\(string\)au\,\ level\=\(string\)4\,\ profile\=\(string\)high\,\ codec_data\=\(buffer\)01640028ffe1001d67640028acd940780227e5c05a808080a000007d20001d4c01e30632c001000568e93b2c8b\,\ width\=\(int\)1920\,\ height\=\(int\)1080\,\ framerate\=\(fraction\)30000/1001\,\ pixel-aspect-ratio\=\(fraction\)1/1\,\ colorimetry\=\(string\)bt709\,\ chroma-format\=\(string\)4:2:0\,\ bit-depth-luma\=\(uint\)8\,\ bit-depth-chroma\=\(uint\)8\,\ parsed\=\(boolean\)true";
/GstPipeline:pipeline0/GstDecodeBin:decodebin5/GstCapsFilter:capsfilter1.GstPad:src: caps = video/x-h264, stream-format=(string)avc, alignment=(string)au, level=(string)4, profile=(string)high, codec_data=(buffer)01640028ffe1001d67640028acd940780227e5c05a808080a000007d20001d4c01e30632c001000568e93b2c8b, width=(int)1920, height=(int)1080, framerate=(fraction)30000/1001, pixel-aspect-ratio=(fraction)1/1, colorimetry=(string)bt709, chroma-format=(string)4:2:0, bit-depth-luma=(uint)8, bit-depth-chroma=(uint)8, parsed=(boolean)true
Got message #2172 from pad "vaapidecode6:sink" (property-notify): GstMessagePropertyNotify, property-name=(string)caps, property-value=(GstCaps)"video/x-h264\,\ stream-format\=\(string\)avc\,\ alignment\=\(string\)au\,\ level\=\(string\)4\,\ profile\=\(string\)high\,\ codec_data\=\(buffer\)01640028ffe1001d67640028acd940780227e5c05a808080a000007d20001d4c01e30632c001000568e93b2c8b\,\ width\=\(int\)1920\,\ height\=\(int\)1080\,\ framerate\=\(fraction\)30000/1001\,\ pixel-aspect-ratio\=\(fraction\)1/1\,\ colorimetry\=\(string\)bt709\,\ chroma-format\=\(string\)4:2:0\,\ bit-depth-luma\=\(uint\)8\,\ bit-depth-chroma\=\(uint\)8\,\ parsed\=\(boolean\)true";
/GstPipeline:pipeline0/GstDecodeBin:decodebin0/GstVaapiDecodeBin:vaapidecodebin9/GstVaapiDecode:vaapidecode6.GstPad:sink: caps = video/x-h264, stream-format=(string)avc, alignment=(string)au, level=(string)4, profile=(string)high, codec_data=(buffer)01640028ffe1001d67640028acd940780227e5c05a808080a000007d20001d4c01e30632c001000568e93b2c8b, width=(int)1920, height=(int)1080, framerate=(fraction)30000/1001, pixel-aspect-ratio=(fraction)1/1, colorimetry=(string)bt709, chroma-format=(string)4:2:0, bit-depth-luma=(uint)8, bit-depth-chroma=(uint)8, parsed=(boolean)true
Got message #2173 from pad "vaapidecodebin9:sink" (property-notify): GstMessagePropertyNotify, property-name=(string)caps, property-value=(GstCaps)"video/x-h264\,\ stream-format\=\(string\)avc\,\ alignment\=\(string\)au\,\ level\=\(string\)4\,\ profile\=\(string\)high\,\ codec_data\=\(buffer\)01640028ffe1001d67640028acd940780227e5c05a808080a000007d20001d4c01e30632c001000568e93b2c8b\,\ width\=\(int\)1920\,\ height\=\(int\)1080\,\ framerate\=\(fraction\)30000/1001\,\ pixel-aspect-ratio\=\(fraction\)1/1\,\ colorimetry\=\(string\)bt709\,\ chroma-format\=\(string\)4:2:0\,\ bit-depth-luma\=\(uint\)8\,\ bit-depth-chroma\=\(uint\)8\,\ parsed\=\(boolean\)true";
/GstPipeline:pipeline0/GstDecodeBin:decodebin0/GstVaapiDecodeBin:vaapidecodebin9.GstGhostPad:sink: caps = video/x-h264, stream-format=(string)avc, alignment=(string)au, level=(string)4, profile=(string)high, codec_data=(buffer)01640028ffe1001d67640028acd940780227e5c05a808080a000007d20001d4c01e30632c001000568e93b2c8b, width=(int)1920, height=(int)1080, framerate=(fraction)30000/1001, pixel-aspect-ratio=(fraction)1/1, colorimetry=(string)bt709, chroma-format=(string)4:2:0, bit-depth-luma=(uint)8, bit-depth-chroma=(uint)8, parsed=(boolean)true
Got message #2174 from pad "capsfilter8:src" (property-notify): GstMessagePropertyNotify, property-name=(string)caps, property-value=(GstCaps)"video/x-h264\,\ stream-format\=\(string\)avc\,\ alignment\=\(string\)au\,\ level\=\(string\)4\,\ profile\=\(string\)high\,\ codec_data\=\(buffer\)01640028ffe1001d67640028acd940780227e5c05a808080a000007d20001d4c01e30632c001000568e93b2c8b\,\ width\=\(int\)1920\,\ height\=\(int\)1080\,\ framerate\=\(fraction\)30000/1001\,\ pixel-aspect-ratio\=\(fraction\)1/1\,\ colorimetry\=\(string\)bt709\,\ chroma-format\=\(string\)4:2:0\,\ bit-depth-luma\=\(uint\)8\,\ bit-depth-chroma\=\(uint\)8\,\ parsed\=\(boolean\)true";
/GstPipeline:pipeline0/GstDecodeBin:decodebin0/GstCapsFilter:capsfilter8.GstPad:src: caps = video/x-h264, stream-format=(string)avc, alignment=(string)au, level=(string)4, profile=(string)high, codec_data=(buffer)01640028ffe1001d67640028acd940780227e5c05a808080a000007d20001d4c01e30632c001000568e93b2c8b, width=(int)1920, height=(int)1080, framerate=(fraction)30000/1001, pixel-aspect-ratio=(fraction)1/1, colorimetry=(string)bt709, chroma-format=(string)4:2:0, bit-depth-luma=(uint)8, bit-depth-chroma=(uint)8, parsed=(boolean)true
Got message #2175 from pad "capsfilter1:sink" (property-notify): GstMessagePropertyNotify, property-name=(string)caps, property-value=(GstCaps)"video/x-h264\,\ stream-format\=\(string\)avc\,\ alignment\=\(string\)au\,\ level\=\(string\)4\,\ profile\=\(string\)high\,\ codec_data\=\(buffer\)01640028ffe1001d67640028acd940780227e5c05a808080a000007d20001d4c01e30632c001000568e93b2c8b\,\ width\=\(int\)1920\,\ height\=\(int\)1080\,\ framerate\=\(fraction\)30000/1001\,\ pixel-aspect-ratio\=\(fraction\)1/1\,\ colorimetry\=\(string\)bt709\,\ chroma-format\=\(string\)4:2:0\,\ bit-depth-luma\=\(uint\)8\,\ bit-depth-chroma\=\(uint\)8\,\ parsed\=\(boolean\)true";
/GstPipeline:pipeline0/GstDecodeBin:decodebin5/GstCapsFilter:capsfilter1.GstPad:sink: caps = video/x-h264, stream-format=(string)avc, alignment=(string)au, level=(string)4, profile=(string)high, codec_data=(buffer)01640028ffe1001d67640028acd940780227e5c05a808080a000007d20001d4c01e30632c001000568e93b2c8b, width=(int)1920, height=(int)1080, framerate=(fraction)30000/1001, pixel-aspect-ratio=(fraction)1/1, colorimetry=(string)bt709, chroma-format=(string)4:2:0, bit-depth-luma=(uint)8, bit-depth-chroma=(uint)8, parsed=(boolean)true
Got message #2176 from pad "h264parse2:sink" (property-notify): GstMessagePropertyNotify, property-name=(string)caps, property-value=(GstCaps)"video/x-h264\,\ stream-format\=\(string\)avc\,\ alignment\=\(string\)au\,\ level\=\(string\)4\,\ profile\=\(string\)high\,\ codec_data\=\(buffer\)01640028ffe1001d67640028acd940780227e5c05a808080a000007d20001d4c01e30632c001000568e93b2c8bfdf8f800\,\ width\=\(int\)1920\,\ height\=\(int\)1080\,\ framerate\=\(fraction\)30000/1001\,\ pixel-aspect-ratio\=\(fraction\)1/1\,\ colorimetry\=\(string\)bt709";
/GstPipeline:pipeline0/GstDecodeBin:decodebin5/GstH264Parse:h264parse2.GstPad:sink: caps = video/x-h264, stream-format=(string)avc, alignment=(string)au, level=(string)4, profile=(string)high, codec_data=(buffer)01640028ffe1001d67640028acd940780227e5c05a808080a000007d20001d4c01e30632c001000568e93b2c8bfdf8f800, width=(int)1920, height=(int)1080, framerate=(fraction)30000/1001, pixel-aspect-ratio=(fraction)1/1, colorimetry=(string)bt709
Got message #2177 from element "multiqueue2" (property-notify): GstMessagePropertyNotify, property-name=(string)max-size-buffers, property-value=(uint)5;
/GstPipeline:pipeline0/GstDecodeBin:decodebin5/GstMultiQueue:multiqueue2: max-size-buffers = 5
Got message #2178 from element "multiqueue2" (property-notify): GstMessagePropertyNotify, property-name=(string)max-size-time, property-value=(guint64)0;
/GstPipeline:pipeline0/GstDecodeBin:decodebin5/GstMultiQueue:multiqueue2: max-size-time = 0
Got message #2179 from element "multiqueue2" (property-notify): GstMessagePropertyNotify, property-name=(string)max-size-bytes, property-value=(uint)8388608;
/GstPipeline:pipeline0/GstDecodeBin:decodebin5/GstMultiQueue:multiqueue2: max-size-bytes = 8388608
Got message #2181 from pad "multiqueue2:sink_0" (property-notify): GstMessagePropertyNotify, property-name=(string)caps, property-value=(GstCaps)"video/x-h264\,\ stream-format\=\(string\)avc\,\ alignment\=\(string\)au\,\ level\=\(string\)4\,\ profile\=\(string\)high\,\ codec_data\=\(buffer\)01640028ffe1001d67640028acd940780227e5c05a808080a000007d20001d4c01e30632c001000568e93b2c8bfdf8f800\,\ width\=\(int\)1920\,\ height\=\(int\)1080\,\ framerate\=\(fraction\)30000/1001\,\ pixel-aspect-ratio\=\(fraction\)1/1\,\ colorimetry\=\(string\)bt709";
/GstPipeline:pipeline0/GstDecodeBin:decodebin5/GstMultiQueue:multiqueue2.GstMultiQueuePad:sink_0: caps = video/x-h264, stream-format=(string)avc, alignment=(string)au, level=(string)4, profile=(string)high, codec_data=(buffer)01640028ffe1001d67640028acd940780227e5c05a808080a000007d20001d4c01e30632c001000568e93b2c8bfdf8f800, width=(int)1920, height=(int)1080, framerate=(fraction)30000/1001, pixel-aspect-ratio=(fraction)1/1, colorimetry=(string)bt709
Got message #2184 from pad "capsfilter8:sink" (property-notify): GstMessagePropertyNotify, property-name=(string)caps, property-value=(GstCaps)"video/x-h264\,\ stream-format\=\(string\)avc\,\ alignment\=\(string\)au\,\ level\=\(string\)4\,\ profile\=\(string\)high\,\ codec_data\=\(buffer\)01640028ffe1001d67640028acd940780227e5c05a808080a000007d20001d4c01e30632c001000568e93b2c8b\,\ width\=\(int\)1920\,\ height\=\(int\)1080\,\ framerate\=\(fraction\)30000/1001\,\ pixel-aspect-ratio\=\(fraction\)1/1\,\ colorimetry\=\(string\)bt709\,\ chroma-format\=\(string\)4:2:0\,\ bit-depth-luma\=\(uint\)8\,\ bit-depth-chroma\=\(uint\)8\,\ parsed\=\(boolean\)true";
/GstPipeline:pipeline0/GstDecodeBin:decodebin0/GstCapsFilter:capsfilter8.GstPad:sink: caps = video/x-h264, stream-format=(string)avc, alignment=(string)au, level=(string)4, profile=(string)high, codec_data=(buffer)01640028ffe1001d67640028acd940780227e5c05a808080a000007d20001d4c01e30632c001000568e93b2c8b, width=(int)1920, height=(int)1080, framerate=(fraction)30000/1001, pixel-aspect-ratio=(fraction)1/1, colorimetry=(string)bt709, chroma-format=(string)4:2:0, bit-depth-luma=(uint)8, bit-depth-chroma=(uint)8, parsed=(boolean)true
Got message #2185 from pad "h264parse8:sink" (property-notify): GstMessagePropertyNotify, property-name=(string)caps, property-value=(GstCaps)"video/x-h264\,\ stream-format\=\(string\)avc\,\ alignment\=\(string\)au\,\ level\=\(string\)4\,\ profile\=\(string\)high\,\ codec_data\=\(buffer\)01640028ffe1001d67640028acd940780227e5c05a808080a000007d20001d4c01e30632c001000568e93b2c8bfdf8f800\,\ width\=\(int\)1920\,\ height\=\(int\)1080\,\ framerate\=\(fraction\)30000/1001\,\ pixel-aspect-ratio\=\(fraction\)1/1\,\ colorimetry\=\(string\)bt709";
/GstPipeline:pipeline0/GstDecodeBin:decodebin0/GstH264Parse:h264parse8.GstPad:sink: caps = video/x-h264, stream-format=(string)avc, alignment=(string)au, level=(string)4, profile=(string)high, codec_data=(buffer)01640028ffe1001d67640028acd940780227e5c05a808080a000007d20001d4c01e30632c001000568e93b2c8bfdf8f800, width=(int)1920, height=(int)1080, framerate=(fraction)30000/1001, pixel-aspect-ratio=(fraction)1/1, colorimetry=(string)bt709
Got message #2186 from element "multiqueue2" (property-notify): GstMessagePropertyNotify, property-name=(string)max-size-buffers, property-value=(uint)5;
/GstPipeline:pipeline0/GstDecodeBin:decodebin5/GstMultiQueue:multiqueue2: max-size-buffers = 5
Got message #2187 from element "multiqueue2" (property-notify): GstMessagePropertyNotify, property-name=(string)max-size-time, property-value=(guint64)0;
/GstPipeline:pipeline0/GstDecodeBin:decodebin5/GstMultiQueue:multiqueue2: max-size-time = 0
Got message #2188 from element "multiqueue2" (property-notify): GstMessagePropertyNotify, property-name=(string)max-size-bytes, property-value=(uint)8388608;
/GstPipeline:pipeline0/GstDecodeBin:decodebin5/GstMultiQueue:multiqueue2: max-size-bytes = 8388608
Got message #2189 from element "multiqueue5" (property-notify): GstMessagePropertyNotify, property-name=(string)max-size-buffers, property-value=(uint)5;
/GstPipeline:pipeline0/GstDecodeBin:decodebin0/GstMultiQueue:multiqueue5: max-size-buffers = 5
Got message #2190 from element "multiqueue5" (property-notify): GstMessagePropertyNotify, property-name=(string)max-size-time, property-value=(guint64)0;
/GstPipeline:pipeline0/GstDecodeBin:decodebin0/GstMultiQueue:multiqueue5: max-size-time = 0
Got message #2191 from pad "sink:proxypad44" (property-notify): GstMessagePropertyNotify, property-name=(string)caps, property-value=(GstCaps)"video/x-h264\,\ stream-format\=\(string\)avc\,\ alignment\=\(string\)au\,\ level\=\(string\)4\,\ profile\=\(string\)high\,\ codec_data\=\(buffer\)01640028ffe1001d67640028acd940780227e5c05a808080a000007d20001d4c01e30632c001000568e93b2c8b\,\ width\=\(int\)1920\,\ height\=\(int\)1080\,\ framerate\=\(fraction\)30000/1001\,\ pixel-aspect-ratio\=\(fraction\)1/1\,\ colorimetry\=\(string\)bt709\,\ chroma-format\=\(string\)4:2:0\,\ bit-depth-luma\=\(uint\)8\,\ bit-depth-chroma\=\(uint\)8\,\ parsed\=\(boolean\)true";
/GstPipeline:pipeline0/GstDecodeBin:decodebin9/GstVaapiDecodeBin:vaapidecodebin4.GstGhostPad:sink.GstProxyPad:proxypad44: caps = video/x-h264, stream-format=(string)avc, alignment=(string)au, level=(string)4, profile=(string)high, codec_data=(buffer)01640028ffe1001d67640028acd940780227e5c05a808080a000007d20001d4c01e30632c001000568e93b2c8b, width=(int)1920, height=(int)1080, framerate=(fraction)30000/1001, pixel-aspect-ratio=(fraction)1/1, colorimetry=(string)bt709, chroma-format=(string)4:2:0, bit-depth-luma=(uint)8, bit-depth-chroma=(uint)8, parsed=(boolean)true
Got message #2192 from element "multiqueue2" (property-notify): GstMessagePropertyNotify, property-name=(string)max-size-bytes, property-value=(uint)8388608;
/GstPipeline:pipeline0/GstDecodeBin:decodebin5/GstMultiQueue:multiqueue2: max-size-bytes = 8388608
Got message #2194 from pad "multiqueue5:sink_0" (property-notify): GstMessagePropertyNotify, property-name=(string)caps, property-value=(GstCaps)"video/x-h264\,\ stream-format\=\(string\)avc\,\ alignment\=\(string\)au\,\ level\=\(string\)4\,\ profile\=\(string\)high\,\ codec_data\=\(buffer\)01640028ffe1001d67640028acd940780227e5c05a808080a000007d20001d4c01e30632c001000568e93b2c8bfdf8f800\,\ width\=\(int\)1920\,\ height\=\(int\)1080\,\ framerate\=\(fraction\)30000/1001\,\ pixel-aspect-ratio\=\(fraction\)1/1\,\ colorimetry\=\(string\)bt709";
/GstPipeline:pipeline0/GstDecodeBin:decodebin0/GstMultiQueue:multiqueue5.GstMultiQueuePad:sink_0: caps = video/x-h264, stream-format=(string)avc, alignment=(string)au, level=(string)4, profile=(string)high, codec_data=(buffer)01640028ffe1001d67640028acd940780227e5c05a808080a000007d20001d4c01e30632c001000568e93b2c8bfdf8f800, width=(int)1920, height=(int)1080, framerate=(fraction)30000/1001, pixel-aspect-ratio=(fraction)1/1, colorimetry=(string)bt709
Got message #2197 from pad "vaapidecode5:sink" (property-notify): GstMessagePropertyNotify, property-name=(string)caps, property-value=(GstCaps)"video/x-h264\,\ stream-format\=\(string\)avc\,\ alignment\=\(string\)au\,\ level\=\(string\)4\,\ profile\=\(string\)high\,\ codec_data\=\(buffer\)01640028ffe1001d67640028acd940780227e5c05a808080a000007d20001d4c01e30632c001000568e93b2c8b\,\ width\=\(int\)1920\,\ height\=\(int\)1080\,\ framerate\=\(fraction\)30000/1001\,\ pixel-aspect-ratio\=\(fraction\)1/1\,\ colorimetry\=\(string\)bt709\,\ chroma-format\=\(string\)4:2:0\,\ bit-depth-luma\=\(uint\)8\,\ bit-depth-chroma\=\(uint\)8\,\ parsed\=\(boolean\)true";
/GstPipeline:pipeline0/GstDecodeBin:decodebin9/GstVaapiDecodeBin:vaapidecodebin4/GstVaapiDecode:vaapidecode5.GstPad:sink: caps = video/x-h264, stream-format=(string)avc, alignment=(string)au, level=(string)4, profile=(string)high, codec_data=(buffer)01640028ffe1001d67640028acd940780227e5c05a808080a000007d20001d4c01e30632c001000568e93b2c8b, width=(int)1920, height=(int)1080, framerate=(fraction)30000/1001, pixel-aspect-ratio=(fraction)1/1, colorimetry=(string)bt709, chroma-format=(string)4:2:0, bit-depth-luma=(uint)8, bit-depth-chroma=(uint)8, parsed=(boolean)true
Got message #2198 from pad "vaapidecodebin4:sink" (property-notify): GstMessagePropertyNotify, property-name=(string)caps, property-value=(GstCaps)"video/x-h264\,\ stream-format\=\(string\)avc\,\ alignment\=\(string\)au\,\ level\=\(string\)4\,\ profile\=\(string\)high\,\ codec_data\=\(buffer\)01640028ffe1001d67640028acd940780227e5c05a808080a000007d20001d4c01e30632c001000568e93b2c8b\,\ width\=\(int\)1920\,\ height\=\(int\)1080\,\ framerate\=\(fraction\)30000/1001\,\ pixel-aspect-ratio\=\(fraction\)1/1\,\ colorimetry\=\(string\)bt709\,\ chroma-format\=\(string\)4:2:0\,\ bit-depth-luma\=\(uint\)8\,\ bit-depth-chroma\=\(uint\)8\,\ parsed\=\(boolean\)true";
/GstPipeline:pipeline0/GstDecodeBin:decodebin9/GstVaapiDecodeBin:vaapidecodebin4.GstGhostPad:sink: caps = video/x-h264, stream-format=(string)avc, alignment=(string)au, level=(string)4, profile=(string)high, codec_data=(buffer)01640028ffe1001d67640028acd940780227e5c05a808080a000007d20001d4c01e30632c001000568e93b2c8b, width=(int)1920, height=(int)1080, framerate=(fraction)30000/1001, pixel-aspect-ratio=(fraction)1/1, colorimetry=(string)bt709, chroma-format=(string)4:2:0, bit-depth-luma=(uint)8, bit-depth-chroma=(uint)8, parsed=(boolean)true
Got message #2199 from element "multiqueue5" (property-notify): GstMessagePropertyNotify, property-name=(string)max-size-buffers, property-value=(uint)5;
/GstPipeline:pipeline0/GstDecodeBin:decodebin0/GstMultiQueue:multiqueue5: max-size-buffers = 5
Got message #2200 from element "multiqueue5" (property-notify): GstMessagePropertyNotify, property-name=(string)max-size-time, property-value=(guint64)0;
/GstPipeline:pipeline0/GstDecodeBin:decodebin0/GstMultiQueue:multiqueue5: max-size-time = 0
Got message #2201 from element "multiqueue5" (property-notify): GstMessagePropertyNotify, property-name=(string)max-size-bytes, property-value=(uint)8388608;
/GstPipeline:pipeline0/GstDecodeBin:decodebin0/GstMultiQueue:multiqueue5: max-size-bytes = 8388608
Got message #2203 from pad "capsfilter3:src" (property-notify): GstMessagePropertyNotify, property-name=(string)caps, property-value=(GstCaps)"video/x-h264\,\ stream-format\=\(string\)avc\,\ alignment\=\(string\)au\,\ level\=\(string\)4\,\ profile\=\(string\)high\,\ codec_data\=\(buffer\)01640028ffe1001d67640028acd940780227e5c05a808080a000007d20001d4c01e30632c001000568e93b2c8b\,\ width\=\(int\)1920\,\ height\=\(int\)1080\,\ framerate\=\(fraction\)30000/1001\,\ pixel-aspect-ratio\=\(fraction\)1/1\,\ colorimetry\=\(string\)bt709\,\ chroma-format\=\(string\)4:2:0\,\ bit-depth-luma\=\(uint\)8\,\ bit-depth-chroma\=\(uint\)8\,\ parsed\=\(boolean\)true";
/GstPipeline:pipeline0/GstDecodeBin:decodebin9/GstCapsFilter:capsfilter3.GstPad:src: caps = video/x-h264, stream-format=(string)avc, alignment=(string)au, level=(string)4, profile=(string)high, codec_data=(buffer)01640028ffe1001d67640028acd940780227e5c05a808080a000007d20001d4c01e30632c001000568e93b2c8b, width=(int)1920, height=(int)1080, framerate=(fraction)30000/1001, pixel-aspect-ratio=(fraction)1/1, colorimetry=(string)bt709, chroma-format=(string)4:2:0, bit-depth-luma=(uint)8, bit-depth-chroma=(uint)8, parsed=(boolean)true
Got message #2204 from pad "h264parse2:src" (property-notify): GstMessagePropertyNotify, property-name=(string)caps, property-value=(GstCaps)"video/x-h264\,\ stream-format\=\(string\)avc\,\ alignment\=\(string\)au\,\ level\=\(string\)4\,\ profile\=\(string\)high\,\ codec_data\=\(buffer\)01640028ffe1001d67640028acd940780227e5c05a808080a000007d20001d4c01e30632c001000568e93b2c8b\,\ width\=\(int\)1920\,\ height\=\(int\)1080\,\ framerate\=\(fraction\)30000/1001\,\ pixel-aspect-ratio\=\(fraction\)1/1\,\ colorimetry\=\(string\)bt709\,\ chroma-format\=\(string\)4:2:0\,\ bit-depth-luma\=\(uint\)8\,\ bit-depth-chroma\=\(uint\)8\,\ parsed\=\(boolean\)true";
/GstPipeline:pipeline0/GstDecodeBin:decodebin5/GstH264Parse:h264parse2.GstPad:src: caps = video/x-h264, stream-format=(string)avc, alignment=(string)au, level=(string)4, profile=(string)high, codec_data=(buffer)01640028ffe1001d67640028acd940780227e5c05a808080a000007d20001d4c01e30632c001000568e93b2c8b, width=(int)1920, height=(int)1080, framerate=(fraction)30000/1001, pixel-aspect-ratio=(fraction)1/1, colorimetry=(string)bt709, chroma-format=(string)4:2:0, bit-depth-luma=(uint)8, bit-depth-chroma=(uint)8, parsed=(boolean)true
Got message #2205 from pad "capsfilter3:sink" (property-notify): GstMessagePropertyNotify, property-name=(string)caps, property-value=(GstCaps)"video/x-h264\,\ stream-format\=\(string\)avc\,\ alignment\=\(string\)au\,\ level\=\(string\)4\,\ profile\=\(string\)high\,\ codec_data\=\(buffer\)01640028ffe1001d67640028acd940780227e5c05a808080a000007d20001d4c01e30632c001000568e93b2c8b\,\ width\=\(int\)1920\,\ height\=\(int\)1080\,\ framerate\=\(fraction\)30000/1001\,\ pixel-aspect-ratio\=\(fraction\)1/1\,\ colorimetry\=\(string\)bt709\,\ chroma-format\=\(string\)4:2:0\,\ bit-depth-luma\=\(uint\)8\,\ bit-depth-chroma\=\(uint\)8\,\ parsed\=\(boolean\)true";
/GstPipeline:pipeline0/GstDecodeBin:decodebin9/GstCapsFilter:capsfilter3.GstPad:sink: caps = video/x-h264, stream-format=(string)avc, alignment=(string)au, level=(string)4, profile=(string)high, codec_data=(buffer)01640028ffe1001d67640028acd940780227e5c05a808080a000007d20001d4c01e30632c001000568e93b2c8b, width=(int)1920, height=(int)1080, framerate=(fraction)30000/1001, pixel-aspect-ratio=(fraction)1/1, colorimetry=(string)bt709, chroma-format=(string)4:2:0, bit-depth-luma=(uint)8, bit-depth-chroma=(uint)8, parsed=(boolean)true
Got message #2206 from pad "h264parse0:sink" (property-notify): GstMessagePropertyNotify, property-name=(string)caps, property-value=(GstCaps)"video/x-h264\,\ stream-format\=\(string\)avc\,\ alignment\=\(string\)au\,\ level\=\(string\)4\,\ profile\=\(string\)high\,\ codec_data\=\(buffer\)01640028ffe1001d67640028acd940780227e5c05a808080a000007d20001d4c01e30632c001000568e93b2c8bfdf8f800\,\ width\=\(int\)1920\,\ height\=\(int\)1080\,\ framerate\=\(fraction\)30000/1001\,\ pixel-aspect-ratio\=\(fraction\)1/1\,\ colorimetry\=\(string\)bt709";
/GstPipeline:pipeline0/GstDecodeBin:decodebin9/GstH264Parse:h264parse0.GstPad:sink: caps = video/x-h264, stream-format=(string)avc, alignment=(string)au, level=(string)4, profile=(string)high, codec_data=(buffer)01640028ffe1001d67640028acd940780227e5c05a808080a000007d20001d4c01e30632c001000568e93b2c8bfdf8f800, width=(int)1920, height=(int)1080, framerate=(fraction)30000/1001, pixel-aspect-ratio=(fraction)1/1, colorimetry=(string)bt709
Got message #2207 from pad "capsfilter1:sink" (property-notify): GstMessagePropertyNotify, property-name=(string)caps, property-value=(GstCaps)"video/x-h264\,\ stream-format\=\(string\)avc\,\ alignment\=\(string\)au\,\ level\=\(string\)4\,\ profile\=\(string\)high\,\ codec_data\=\(buffer\)01640028ffe1001d67640028acd940780227e5c05a808080a000007d20001d4c01e30632c001000568e93b2c8b\,\ width\=\(int\)1920\,\ height\=\(int\)1080\,\ framerate\=\(fraction\)30000/1001\,\ pixel-aspect-ratio\=\(fraction\)1/1\,\ colorimetry\=\(string\)bt709\,\ chroma-format\=\(string\)4:2:0\,\ bit-depth-luma\=\(uint\)8\,\ bit-depth-chroma\=\(uint\)8\,\ parsed\=\(boolean\)true";
/GstPipeline:pipeline0/GstDecodeBin:decodebin5/GstCapsFilter:capsfilter1.GstPad:sink: caps = video/x-h264, stream-format=(string)avc, alignment=(string)au, level=(string)4, profile=(string)high, codec_data=(buffer)01640028ffe1001d67640028acd940780227e5c05a808080a000007d20001d4c01e30632c001000568e93b2c8b, width=(int)1920, height=(int)1080, framerate=(fraction)30000/1001, pixel-aspect-ratio=(fraction)1/1, colorimetry=(string)bt709, chroma-format=(string)4:2:0, bit-depth-luma=(uint)8, bit-depth-chroma=(uint)8, parsed=(boolean)true
Got message #2208 from element "multiqueue4" (property-notify): GstMessagePropertyNotify, property-name=(string)max-size-buffers, property-value=(uint)5;
/GstPipeline:pipeline0/GstDecodeBin:decodebin9/GstMultiQueue:multiqueue4: max-size-buffers = 5
Got message #2209 from element "multiqueue4" (property-notify): GstMessagePropertyNotify, property-name=(string)max-size-time, property-value=(guint64)0;
/GstPipeline:pipeline0/GstDecodeBin:decodebin9/GstMultiQueue:multiqueue4: max-size-time = 0
Got message #2210 from element "multiqueue4" (property-notify): GstMessagePropertyNotify, property-name=(string)max-size-bytes, property-value=(uint)8388608;
/GstPipeline:pipeline0/GstDecodeBin:decodebin9/GstMultiQueue:multiqueue4: max-size-bytes = 8388608
Got message #2213 from pad "multiqueue4:sink_0" (property-notify): GstMessagePropertyNotify, property-name=(string)caps, property-value=(GstCaps)"video/x-h264\,\ stream-format\=\(string\)avc\,\ alignment\=\(string\)au\,\ level\=\(string\)4\,\ profile\=\(string\)high\,\ codec_data\=\(buffer\)01640028ffe1001d67640028acd940780227e5c05a808080a000007d20001d4c01e30632c001000568e93b2c8bfdf8f800\,\ width\=\(int\)1920\,\ height\=\(int\)1080\,\ framerate\=\(fraction\)30000/1001\,\ pixel-aspect-ratio\=\(fraction\)1/1\,\ colorimetry\=\(string\)bt709";
/GstPipeline:pipeline0/GstDecodeBin:decodebin9/GstMultiQueue:multiqueue4.GstMultiQueuePad:sink_0: caps = video/x-h264, stream-format=(string)avc, alignment=(string)au, level=(string)4, profile=(string)high, codec_data=(buffer)01640028ffe1001d67640028acd940780227e5c05a808080a000007d20001d4c01e30632c001000568e93b2c8bfdf8f800, width=(int)1920, height=(int)1080, framerate=(fraction)30000/1001, pixel-aspect-ratio=(fraction)1/1, colorimetry=(string)bt709
Got message #2217 from pad "h264parse8:src" (property-notify): GstMessagePropertyNotify, property-name=(string)caps, property-value=(GstCaps)"video/x-h264\,\ stream-format\=\(string\)avc\,\ alignment\=\(string\)au\,\ level\=\(string\)4\,\ profile\=\(string\)high\,\ codec_data\=\(buffer\)01640028ffe1001d67640028acd940780227e5c05a808080a000007d20001d4c01e30632c001000568e93b2c8b\,\ width\=\(int\)1920\,\ height\=\(int\)1080\,\ framerate\=\(fraction\)30000/1001\,\ pixel-aspect-ratio\=\(fraction\)1/1\,\ colorimetry\=\(string\)bt709\,\ chroma-format\=\(string\)4:2:0\,\ bit-depth-luma\=\(uint\)8\,\ bit-depth-chroma\=\(uint\)8\,\ parsed\=\(boolean\)true";
/GstPipeline:pipeline0/GstDecodeBin:decodebin0/GstH264Parse:h264parse8.GstPad:src: caps = video/x-h264, stream-format=(string)avc, alignment=(string)au, level=(string)4, profile=(string)high, codec_data=(buffer)01640028ffe1001d67640028acd940780227e5c05a808080a000007d20001d4c01e30632c001000568e93b2c8b, width=(int)1920, height=(int)1080, framerate=(fraction)30000/1001, pixel-aspect-ratio=(fraction)1/1, colorimetry=(string)bt709, chroma-format=(string)4:2:0, bit-depth-luma=(uint)8, bit-depth-chroma=(uint)8, parsed=(boolean)true
Got message #2218 from element "multiqueue2" (property-notify): GstMessagePropertyNotify, property-name=(string)max-size-buffers, property-value=(uint)5;
/GstPipeline:pipeline0/GstDecodeBin:decodebin5/GstMultiQueue:multiqueue2: max-size-buffers = 5
Got message #2219 from element "multiqueue2" (property-notify): GstMessagePropertyNotify, property-name=(string)max-size-time, property-value=(guint64)0;
/GstPipeline:pipeline0/GstDecodeBin:decodebin5/GstMultiQueue:multiqueue2: max-size-time = 0
Got message #2220 from element "multiqueue2" (property-notify): GstMessagePropertyNotify, property-name=(string)max-size-bytes, property-value=(uint)8388608;
/GstPipeline:pipeline0/GstDecodeBin:decodebin5/GstMultiQueue:multiqueue2: max-size-bytes = 8388608
Got message #2221 from pad "capsfilter8:sink" (property-notify): GstMessagePropertyNotify, property-name=(string)caps, property-value=(GstCaps)"video/x-h264\,\ stream-format\=\(string\)avc\,\ alignment\=\(string\)au\,\ level\=\(string\)4\,\ profile\=\(string\)high\,\ codec_data\=\(buffer\)01640028ffe1001d67640028acd940780227e5c05a808080a000007d20001d4c01e30632c001000568e93b2c8b\,\ width\=\(int\)1920\,\ height\=\(int\)1080\,\ framerate\=\(fraction\)30000/1001\,\ pixel-aspect-ratio\=\(fraction\)1/1\,\ colorimetry\=\(string\)bt709\,\ chroma-format\=\(string\)4:2:0\,\ bit-depth-luma\=\(uint\)8\,\ bit-depth-chroma\=\(uint\)8\,\ parsed\=\(boolean\)true";
/GstPipeline:pipeline0/GstDecodeBin:decodebin0/GstCapsFilter:capsfilter8.GstPad:sink: caps = video/x-h264, stream-format=(string)avc, alignment=(string)au, level=(string)4, profile=(string)high, codec_data=(buffer)01640028ffe1001d67640028acd940780227e5c05a808080a000007d20001d4c01e30632c001000568e93b2c8b, width=(int)1920, height=(int)1080, framerate=(fraction)30000/1001, pixel-aspect-ratio=(fraction)1/1, colorimetry=(string)bt709, chroma-format=(string)4:2:0, bit-depth-luma=(uint)8, bit-depth-chroma=(uint)8, parsed=(boolean)true
Got message #2222 from element "multiqueue4" (property-notify): GstMessagePropertyNotify, property-name=(string)max-size-buffers, property-value=(uint)5;
/GstPipeline:pipeline0/GstDecodeBin:decodebin9/GstMultiQueue:multiqueue4: max-size-buffers = 5
Got message #2223 from element "multiqueue4" (property-notify): GstMessagePropertyNotify, property-name=(string)max-size-time, property-value=(guint64)0;
/GstPipeline:pipeline0/GstDecodeBin:decodebin9/GstMultiQueue:multiqueue4: max-size-time = 0
Got message #2224 from element "multiqueue4" (property-notify): GstMessagePropertyNotify, property-name=(string)max-size-bytes, property-value=(uint)8388608;
/GstPipeline:pipeline0/GstDecodeBin:decodebin9/GstMultiQueue:multiqueue4: max-size-bytes = 8388608
Got message #2226 from element "multiqueue5" (property-notify): GstMessagePropertyNotify, property-name=(string)max-size-buffers, property-value=(uint)5;
/GstPipeline:pipeline0/GstDecodeBin:decodebin0/GstMultiQueue:multiqueue5: max-size-buffers = 5
Got message #2227 from element "multiqueue5" (property-notify): GstMessagePropertyNotify, property-name=(string)max-size-time, property-value=(guint64)0;
/GstPipeline:pipeline0/GstDecodeBin:decodebin0/GstMultiQueue:multiqueue5: max-size-time = 0
Got message #2228 from element "multiqueue5" (property-notify): GstMessagePropertyNotify, property-name=(string)max-size-bytes, property-value=(uint)8388608;
/GstPipeline:pipeline0/GstDecodeBin:decodebin0/GstMultiQueue:multiqueue5: max-size-bytes = 8388608
Got message #2230 from pad "h264parse2:src" (property-notify): GstMessagePropertyNotify, property-name=(string)caps, property-value=(GstCaps)"video/x-h264\,\ stream-format\=\(string\)avc\,\ alignment\=\(string\)au\,\ level\=\(string\)4\,\ profile\=\(string\)high\,\ codec_data\=\(buffer\)01640028ffe1001d67640028acd940780227e5c05a808080a000007d20001d4c01e30632c001000568e93b2c8b\,\ width\=\(int\)1920\,\ height\=\(int\)1080\,\ framerate\=\(fraction\)30000/1001\,\ pixel-aspect-ratio\=\(fraction\)1/1\,\ colorimetry\=\(string\)bt709\,\ chroma-format\=\(string\)4:2:0\,\ bit-depth-luma\=\(uint\)8\,\ bit-depth-chroma\=\(uint\)8\,\ parsed\=\(boolean\)true";
/GstPipeline:pipeline0/GstDecodeBin:decodebin5/GstH264Parse:h264parse2.GstPad:src: caps = video/x-h264, stream-format=(string)avc, alignment=(string)au, level=(string)4, profile=(string)high, codec_data=(buffer)01640028ffe1001d67640028acd940780227e5c05a808080a000007d20001d4c01e30632c001000568e93b2c8b, width=(int)1920, height=(int)1080, framerate=(fraction)30000/1001, pixel-aspect-ratio=(fraction)1/1, colorimetry=(string)bt709, chroma-format=(string)4:2:0, bit-depth-luma=(uint)8, bit-depth-chroma=(uint)8, parsed=(boolean)true
Got message #2231 from pad "capsfilter1:sink" (property-notify): GstMessagePropertyNotify, property-name=(string)caps, property-value=(GstCaps)"video/x-h264\,\ stream-format\=\(string\)avc\,\ alignment\=\(string\)au\,\ level\=\(string\)4\,\ profile\=\(string\)high\,\ codec_data\=\(buffer\)01640028ffe1001d67640028acd940780227e5c05a808080a000007d20001d4c01e30632c001000568e93b2c8b\,\ width\=\(int\)1920\,\ height\=\(int\)1080\,\ framerate\=\(fraction\)30000/1001\,\ pixel-aspect-ratio\=\(fraction\)1/1\,\ colorimetry\=\(string\)bt709\,\ chroma-format\=\(string\)4:2:0\,\ bit-depth-luma\=\(uint\)8\,\ bit-depth-chroma\=\(uint\)8\,\ parsed\=\(boolean\)true";
/GstPipeline:pipeline0/GstDecodeBin:decodebin5/GstCapsFilter:capsfilter1.GstPad:sink: caps = video/x-h264, stream-format=(string)avc, alignment=(string)au, level=(string)4, profile=(string)high, codec_data=(buffer)01640028ffe1001d67640028acd940780227e5c05a808080a000007d20001d4c01e30632c001000568e93b2c8b, width=(int)1920, height=(int)1080, framerate=(fraction)30000/1001, pixel-aspect-ratio=(fraction)1/1, colorimetry=(string)bt709, chroma-format=(string)4:2:0, bit-depth-luma=(uint)8, bit-depth-chroma=(uint)8, parsed=(boolean)true
Got message #2233 from pad "h264parse8:src" (property-notify): GstMessagePropertyNotify, property-name=(string)caps, property-value=(GstCaps)"video/x-h264\,\ stream-format\=\(string\)avc\,\ alignment\=\(string\)au\,\ level\=\(string\)4\,\ profile\=\(string\)high\,\ codec_data\=\(buffer\)01640028ffe1001d67640028acd940780227e5c05a808080a000007d20001d4c01e30632c001000568e93b2c8b\,\ width\=\(int\)1920\,\ height\=\(int\)1080\,\ framerate\=\(fraction\)30000/1001\,\ pixel-aspect-ratio\=\(fraction\)1/1\,\ colorimetry\=\(string\)bt709\,\ chroma-format\=\(string\)4:2:0\,\ bit-depth-luma\=\(uint\)8\,\ bit-depth-chroma\=\(uint\)8\,\ parsed\=\(boolean\)true";
/GstPipeline:pipeline0/GstDecodeBin:decodebin0/GstH264Parse:h264parse8.GstPad:src: caps = video/x-h264, stream-format=(string)avc, alignment=(string)au, level=(string)4, profile=(string)high, codec_data=(buffer)01640028ffe1001d67640028acd940780227e5c05a808080a000007d20001d4c01e30632c001000568e93b2c8b, width=(int)1920, height=(int)1080, framerate=(fraction)30000/1001, pixel-aspect-ratio=(fraction)1/1, colorimetry=(string)bt709, chroma-format=(string)4:2:0, bit-depth-luma=(uint)8, bit-depth-chroma=(uint)8, parsed=(boolean)true
Got message #2235 from pad "h264parse0:src" (property-notify): GstMessagePropertyNotify, property-name=(string)caps, property-value=(GstCaps)"video/x-h264\,\ stream-format\=\(string\)avc\,\ alignment\=\(string\)au\,\ level\=\(string\)4\,\ profile\=\(string\)high\,\ codec_data\=\(buffer\)01640028ffe1001d67640028acd940780227e5c05a808080a000007d20001d4c01e30632c001000568e93b2c8b\,\ width\=\(int\)1920\,\ height\=\(int\)1080\,\ framerate\=\(fraction\)30000/1001\,\ pixel-aspect-ratio\=\(fraction\)1/1\,\ colorimetry\=\(string\)bt709\,\ chroma-format\=\(string\)4:2:0\,\ bit-depth-luma\=\(uint\)8\,\ bit-depth-chroma\=\(uint\)8\,\ parsed\=\(boolean\)true";
/GstPipeline:pipeline0/GstDecodeBin:decodebin9/GstH264Parse:h264parse0.GstPad:src: caps = video/x-h264, stream-format=(string)avc, alignment=(string)au, level=(string)4, profile=(string)high, codec_data=(buffer)01640028ffe1001d67640028acd940780227e5c05a808080a000007d20001d4c01e30632c001000568e93b2c8b, width=(int)1920, height=(int)1080, framerate=(fraction)30000/1001, pixel-aspect-ratio=(fraction)1/1, colorimetry=(string)bt709, chroma-format=(string)4:2:0, bit-depth-luma=(uint)8, bit-depth-chroma=(uint)8, parsed=(boolean)true
Got message #2236 from element "h264parse2" (duration-changed): GstMessageDurationChanged;
Got message #2240 from pad "capsfilter8:sink" (property-notify): GstMessagePropertyNotify, property-name=(string)caps, property-value=(GstCaps)"video/x-h264\,\ stream-format\=\(string\)avc\,\ alignment\=\(string\)au\,\ level\=\(string\)4\,\ profile\=\(string\)high\,\ codec_data\=\(buffer\)01640028ffe1001d67640028acd940780227e5c05a808080a000007d20001d4c01e30632c001000568e93b2c8b\,\ width\=\(int\)1920\,\ height\=\(int\)1080\,\ framerate\=\(fraction\)30000/1001\,\ pixel-aspect-ratio\=\(fraction\)1/1\,\ colorimetry\=\(string\)bt709\,\ chroma-format\=\(string\)4:2:0\,\ bit-depth-luma\=\(uint\)8\,\ bit-depth-chroma\=\(uint\)8\,\ parsed\=\(boolean\)true";
/GstPipeline:pipeline0/GstDecodeBin:decodebin0/GstCapsFilter:capsfilter8.GstPad:sink: caps = video/x-h264, stream-format=(string)avc, alignment=(string)au, level=(string)4, profile=(string)high, codec_data=(buffer)01640028ffe1001d67640028acd940780227e5c05a808080a000007d20001d4c01e30632c001000568e93b2c8b, width=(int)1920, height=(int)1080, framerate=(fraction)30000/1001, pixel-aspect-ratio=(fraction)1/1, colorimetry=(string)bt709, chroma-format=(string)4:2:0, bit-depth-luma=(uint)8, bit-depth-chroma=(uint)8, parsed=(boolean)true
Got message #2241 from pad "capsfilter3:sink" (property-notify): GstMessagePropertyNotify, property-name=(string)caps, property-value=(GstCaps)"video/x-h264\,\ stream-format\=\(string\)avc\,\ alignment\=\(string\)au\,\ level\=\(string\)4\,\ profile\=\(string\)high\,\ codec_data\=\(buffer\)01640028ffe1001d67640028acd940780227e5c05a808080a000007d20001d4c01e30632c001000568e93b2c8b\,\ width\=\(int\)1920\,\ height\=\(int\)1080\,\ framerate\=\(fraction\)30000/1001\,\ pixel-aspect-ratio\=\(fraction\)1/1\,\ colorimetry\=\(string\)bt709\,\ chroma-format\=\(string\)4:2:0\,\ bit-depth-luma\=\(uint\)8\,\ bit-depth-chroma\=\(uint\)8\,\ parsed\=\(boolean\)true";
/GstPipeline:pipeline0/GstDecodeBin:decodebin9/GstCapsFilter:capsfilter3.GstPad:sink: caps = video/x-h264, stream-format=(string)avc, alignment=(string)au, level=(string)4, profile=(string)high, codec_data=(buffer)01640028ffe1001d67640028acd940780227e5c05a808080a000007d20001d4c01e30632c001000568e93b2c8b, width=(int)1920, height=(int)1080, framerate=(fraction)30000/1001, pixel-aspect-ratio=(fraction)1/1, colorimetry=(string)bt709, chroma-format=(string)4:2:0, bit-depth-luma=(uint)8, bit-depth-chroma=(uint)8, parsed=(boolean)true
Got message #2243 from element "h264parse8" (duration-changed): GstMessageDurationChanged;
Got message #2245 from element "multiqueue4" (property-notify): GstMessagePropertyNotify, property-name=(string)max-size-buffers, property-value=(uint)5;
/GstPipeline:pipeline0/GstDecodeBin:decodebin9/GstMultiQueue:multiqueue4: max-size-buffers = 5
Got message #2246 from element "multiqueue4" (property-notify): GstMessagePropertyNotify, property-name=(string)max-size-time, property-value=(guint64)0;
/GstPipeline:pipeline0/GstDecodeBin:decodebin9/GstMultiQueue:multiqueue4: max-size-time = 0
Got message #2248 from element "multiqueue4" (property-notify): GstMessagePropertyNotify, property-name=(string)max-size-bytes, property-value=(uint)8388608;
/GstPipeline:pipeline0/GstDecodeBin:decodebin9/GstMultiQueue:multiqueue4: max-size-bytes = 8388608
Got message #2250 from element "vaapidecode8" (latency): no message details
Redistribute latency...
Got message #2252 from pad "vaapidecode8:src" (property-notify): GstMessagePropertyNotify, property-name=(string)caps, property-value=(GstCaps)"video/x-raw\(memory:VASurface\)\,\ format\=\(string\)NV12\,\ width\=\(int\)1920\,\ height\=\(int\)1080\,\ interlace-mode\=\(string\)progressive\,\ multiview-mode\=\(string\)mono\,\ multiview-flags\=\(GstVideoMultiviewFlagsSet\)0:ffffffff:/right-view-first/left-flipped/left-flopped/right-flipped/right-flopped/half-aspect/mixed-mono\,\ pixel-aspect-ratio\=\(fraction\)1/1\,\ colorimetry\=\(string\)bt709\,\ views\=\(int\)2\,\ framerate\=\(fraction\)30000/1001";
/GstPipeline:pipeline0/GstDecodeBin:decodebin7/GstVaapiDecodeBin:vaapidecodebin6/GstVaapiDecode:vaapidecode8.GstPad:src: caps = video/x-raw(memory:VASurface), format=(string)NV12, width=(int)1920, height=(int)1080, interlace-mode=(string)progressive, multiview-mode=(string)mono, multiview-flags=(GstVideoMultiviewFlagsSet)0:ffffffff:/right-view-first/left-flipped/left-flopped/right-flipped/right-flopped/half-aspect/mixed-mono, pixel-aspect-ratio=(fraction)1/1, colorimetry=(string)bt709, views=(int)2, framerate=(fraction)30000/1001
Got message #2253 from pad "queue29:sink" (property-notify): GstMessagePropertyNotify, property-name=(string)caps, property-value=(GstCaps)"video/x-raw\(memory:VASurface\)\,\ format\=\(string\)NV12\,\ width\=\(int\)1920\,\ height\=\(int\)1080\,\ interlace-mode\=\(string\)progressive\,\ multiview-mode\=\(string\)mono\,\ multiview-flags\=\(GstVideoMultiviewFlagsSet\)0:ffffffff:/right-view-first/left-flipped/left-flopped/right-flipped/right-flopped/half-aspect/mixed-mono\,\ pixel-aspect-ratio\=\(fraction\)1/1\,\ colorimetry\=\(string\)bt709\,\ views\=\(int\)2\,\ framerate\=\(fraction\)30000/1001";
/GstPipeline:pipeline0/GstDecodeBin:decodebin7/GstVaapiDecodeBin:vaapidecodebin6/GstQueue:queue29.GstPad:sink: caps = video/x-raw(memory:VASurface), format=(string)NV12, width=(int)1920, height=(int)1080, interlace-mode=(string)progressive, multiview-mode=(string)mono, multiview-flags=(GstVideoMultiviewFlagsSet)0:ffffffff:/right-view-first/left-flipped/left-flopped/right-flipped/right-flopped/half-aspect/mixed-mono, pixel-aspect-ratio=(fraction)1/1, colorimetry=(string)bt709, views=(int)2, framerate=(fraction)30000/1001
Got message #2254 from pad "queue29:src" (property-notify): GstMessagePropertyNotify, property-name=(string)caps, property-value=(GstCaps)"video/x-raw\(memory:VASurface\)\,\ format\=\(string\)NV12\,\ width\=\(int\)1920\,\ height\=\(int\)1080\,\ interlace-mode\=\(string\)progressive\,\ multiview-mode\=\(string\)mono\,\ multiview-flags\=\(GstVideoMultiviewFlagsSet\)0:ffffffff:/right-view-first/left-flipped/left-flopped/right-flipped/right-flopped/half-aspect/mixed-mono\,\ pixel-aspect-ratio\=\(fraction\)1/1\,\ colorimetry\=\(string\)bt709\,\ views\=\(int\)2\,\ framerate\=\(fraction\)30000/1001";
/GstPipeline:pipeline0/GstDecodeBin:decodebin7/GstVaapiDecodeBin:vaapidecodebin6/GstQueue:queue29.GstPad:src: caps = video/x-raw(memory:VASurface), format=(string)NV12, width=(int)1920, height=(int)1080, interlace-mode=(string)progressive, multiview-mode=(string)mono, multiview-flags=(GstVideoMultiviewFlagsSet)0:ffffffff:/right-view-first/left-flipped/left-flopped/right-flipped/right-flopped/half-aspect/mixed-mono, pixel-aspect-ratio=(fraction)1/1, colorimetry=(string)bt709, views=(int)2, framerate=(fraction)30000/1001
Got message #2256 from pad "h264parse0:src" (property-notify): GstMessagePropertyNotify, property-name=(string)caps, property-value=(GstCaps)"video/x-h264\,\ stream-format\=\(string\)avc\,\ alignment\=\(string\)au\,\ level\=\(string\)4\,\ profile\=\(string\)high\,\ codec_data\=\(buffer\)01640028ffe1001d67640028acd940780227e5c05a808080a000007d20001d4c01e30632c001000568e93b2c8b\,\ width\=\(int\)1920\,\ height\=\(int\)1080\,\ framerate\=\(fraction\)30000/1001\,\ pixel-aspect-ratio\=\(fraction\)1/1\,\ colorimetry\=\(string\)bt709\,\ chroma-format\=\(string\)4:2:0\,\ bit-depth-luma\=\(uint\)8\,\ bit-depth-chroma\=\(uint\)8\,\ parsed\=\(boolean\)true";
/GstPipeline:pipeline0/GstDecodeBin:decodebin9/GstH264Parse:h264parse0.GstPad:src: caps = video/x-h264, stream-format=(string)avc, alignment=(string)au, level=(string)4, profile=(string)high, codec_data=(buffer)01640028ffe1001d67640028acd940780227e5c05a808080a000007d20001d4c01e30632c001000568e93b2c8b, width=(int)1920, height=(int)1080, framerate=(fraction)30000/1001, pixel-aspect-ratio=(fraction)1/1, colorimetry=(string)bt709, chroma-format=(string)4:2:0, bit-depth-luma=(uint)8, bit-depth-chroma=(uint)8, parsed=(boolean)true
Got message #2258 from pad "capsfilter15:src" (property-notify): GstMessagePropertyNotify, property-name=(string)caps, property-value=(GstCaps)"video/x-raw\(memory:VASurface\)\,\ format\=\(string\)NV12\,\ width\=\(int\)1920\,\ height\=\(int\)1080\,\ interlace-mode\=\(string\)progressive\,\ multiview-mode\=\(string\)mono\,\ multiview-flags\=\(GstVideoMultiviewFlagsSet\)0:ffffffff:/right-view-first/left-flipped/left-flopped/right-flipped/right-flopped/half-aspect/mixed-mono\,\ pixel-aspect-ratio\=\(fraction\)1/1\,\ colorimetry\=\(string\)bt709\,\ views\=\(int\)2\,\ framerate\=\(fraction\)30000/1001";
/GstPipeline:pipeline0/GstDecodeBin:decodebin7/GstVaapiDecodeBin:vaapidecodebin6/GstCapsFilter:capsfilter15.GstPad:src: caps = video/x-raw(memory:VASurface), format=(string)NV12, width=(int)1920, height=(int)1080, interlace-mode=(string)progressive, multiview-mode=(string)mono, multiview-flags=(GstVideoMultiviewFlagsSet)0:ffffffff:/right-view-first/left-flipped/left-flopped/right-flipped/right-flopped/half-aspect/mixed-mono, pixel-aspect-ratio=(fraction)1/1, colorimetry=(string)bt709, views=(int)2, framerate=(fraction)30000/1001
Got message #2259 from pad "capsfilter3:sink" (property-notify): GstMessagePropertyNotify, property-name=(string)caps, property-value=(GstCaps)"video/x-h264\,\ stream-format\=\(string\)avc\,\ alignment\=\(string\)au\,\ level\=\(string\)4\,\ profile\=\(string\)high\,\ codec_data\=\(buffer\)01640028ffe1001d67640028acd940780227e5c05a808080a000007d20001d4c01e30632c001000568e93b2c8b\,\ width\=\(int\)1920\,\ height\=\(int\)1080\,\ framerate\=\(fraction\)30000/1001\,\ pixel-aspect-ratio\=\(fraction\)1/1\,\ colorimetry\=\(string\)bt709\,\ chroma-format\=\(string\)4:2:0\,\ bit-depth-luma\=\(uint\)8\,\ bit-depth-chroma\=\(uint\)8\,\ parsed\=\(boolean\)true";
/GstPipeline:pipeline0/GstDecodeBin:decodebin9/GstCapsFilter:capsfilter3.GstPad:sink: caps = video/x-h264, stream-format=(string)avc, alignment=(string)au, level=(string)4, profile=(string)high, codec_data=(buffer)01640028ffe1001d67640028acd940780227e5c05a808080a000007d20001d4c01e30632c001000568e93b2c8b, width=(int)1920, height=(int)1080, framerate=(fraction)30000/1001, pixel-aspect-ratio=(fraction)1/1, colorimetry=(string)bt709, chroma-format=(string)4:2:0, bit-depth-luma=(uint)8, bit-depth-chroma=(uint)8, parsed=(boolean)true
Got message #2261 from element "h264parse0" (duration-changed): GstMessageDurationChanged;
Got message #2266 from pad "vaapipostproc4:src" (property-notify): GstMessagePropertyNotify, property-name=(string)caps, property-value=(GstCaps)"video/x-raw\,\ format\=\(string\)NV12\,\ width\=\(int\)1920\,\ height\=\(int\)1080\,\ framerate\=\(fraction\)30000/1001\,\ interlace-mode\=\(string\)progressive\,\ pixel-aspect-ratio\=\(fraction\)1/1\,\ multiview-mode\=\(string\)mono\,\ multiview-flags\=\(GstVideoMultiviewFlagsSet\)0:ffffffff:/right-view-first/left-flipped/left-flopped/right-flipped/right-flopped/half-aspect/mixed-mono\,\ views\=\(int\)2\,\ chroma-site\=\(string\)mpeg2\,\ colorimetry\=\(string\)bt709";
/GstPipeline:pipeline0/GstDecodeBin:decodebin7/GstVaapiDecodeBin:vaapidecodebin6/GstVaapiPostproc:vaapipostproc4.GstPad:src: caps = video/x-raw, format=(string)NV12, width=(int)1920, height=(int)1080, framerate=(fraction)30000/1001, interlace-mode=(string)progressive, pixel-aspect-ratio=(fraction)1/1, multiview-mode=(string)mono, multiview-flags=(GstVideoMultiviewFlagsSet)0:ffffffff:/right-view-first/left-flipped/left-flopped/right-flipped/right-flopped/half-aspect/mixed-mono, views=(int)2, chroma-site=(string)mpeg2, colorimetry=(string)bt709
Got message #2267 from pad "vaapidecodebin6:src" (property-notify): GstMessagePropertyNotify, property-name=(string)caps, property-value=(GstCaps)"video/x-raw\,\ format\=\(string\)NV12\,\ width\=\(int\)1920\,\ height\=\(int\)1080\,\ framerate\=\(fraction\)30000/1001\,\ interlace-mode\=\(string\)progressive\,\ pixel-aspect-ratio\=\(fraction\)1/1\,\ multiview-mode\=\(string\)mono\,\ multiview-flags\=\(GstVideoMultiviewFlagsSet\)0:ffffffff:/right-view-first/left-flipped/left-flopped/right-flipped/right-flopped/half-aspect/mixed-mono\,\ views\=\(int\)2\,\ chroma-site\=\(string\)mpeg2\,\ colorimetry\=\(string\)bt709";
/GstPipeline:pipeline0/GstDecodeBin:decodebin7/GstVaapiDecodeBin:vaapidecodebin6.GstGhostPad:src: caps = video/x-raw, format=(string)NV12, width=(int)1920, height=(int)1080, framerate=(fraction)30000/1001, interlace-mode=(string)progressive, pixel-aspect-ratio=(fraction)1/1, multiview-mode=(string)mono, multiview-flags=(GstVideoMultiviewFlagsSet)0:ffffffff:/right-view-first/left-flipped/left-flopped/right-flipped/right-flopped/half-aspect/mixed-mono, views=(int)2, chroma-site=(string)mpeg2, colorimetry=(string)bt709
Got message #2273 from element "decodebin7" (state-changed): GstMessageStateChanged, old-state=(GstState)ready, new-state=(GstState)paused, pending-state=(GstState)void-pending;
Got message #2274 from pad "queue7:sink" (property-notify): GstMessagePropertyNotify, property-name=(string)caps, property-value=(GstCaps)"video/x-raw\,\ format\=\(string\)NV12\,\ width\=\(int\)1920\,\ height\=\(int\)1080\,\ framerate\=\(fraction\)30000/1001\,\ interlace-mode\=\(string\)progressive\,\ pixel-aspect-ratio\=\(fraction\)1/1\,\ multiview-mode\=\(string\)mono\,\ multiview-flags\=\(GstVideoMultiviewFlagsSet\)0:ffffffff:/right-view-first/left-flipped/left-flopped/right-flipped/right-flopped/half-aspect/mixed-mono\,\ views\=\(int\)2\,\ chroma-site\=\(string\)mpeg2\,\ colorimetry\=\(string\)bt709";
/GstPipeline:pipeline0/GstQueue:queue7.GstPad:sink: caps = video/x-raw, format=(string)NV12, width=(int)1920, height=(int)1080, framerate=(fraction)30000/1001, interlace-mode=(string)progressive, pixel-aspect-ratio=(fraction)1/1, multiview-mode=(string)mono, multiview-flags=(GstVideoMultiviewFlagsSet)0:ffffffff:/right-view-first/left-flipped/left-flopped/right-flipped/right-flopped/half-aspect/mixed-mono, views=(int)2, chroma-site=(string)mpeg2, colorimetry=(string)bt709
Got message #2275 from pad "src_0:proxypad38" (property-notify): GstMessagePropertyNotify, property-name=(string)caps, property-value=(GstCaps)"video/x-raw\,\ format\=\(string\)NV12\,\ width\=\(int\)1920\,\ height\=\(int\)1080\,\ framerate\=\(fraction\)30000/1001\,\ interlace-mode\=\(string\)progressive\,\ pixel-aspect-ratio\=\(fraction\)1/1\,\ multiview-mode\=\(string\)mono\,\ multiview-flags\=\(GstVideoMultiviewFlagsSet\)0:ffffffff:/right-view-first/left-flipped/left-flopped/right-flipped/right-flopped/half-aspect/mixed-mono\,\ views\=\(int\)2\,\ chroma-site\=\(string\)mpeg2\,\ colorimetry\=\(string\)bt709";
/GstPipeline:pipeline0/GstDecodeBin:decodebin7.GstDecodePad:src_0.GstProxyPad:proxypad38: caps = video/x-raw, format=(string)NV12, width=(int)1920, height=(int)1080, framerate=(fraction)30000/1001, interlace-mode=(string)progressive, pixel-aspect-ratio=(fraction)1/1, multiview-mode=(string)mono, multiview-flags=(GstVideoMultiviewFlagsSet)0:ffffffff:/right-view-first/left-flipped/left-flopped/right-flipped/right-flopped/half-aspect/mixed-mono, views=(int)2, chroma-site=(string)mpeg2, colorimetry=(string)bt709
Got message #2276 from pad "src:proxypad53" (property-notify): GstMessagePropertyNotify, property-name=(string)caps, property-value=(GstCaps)"video/x-raw\,\ format\=\(string\)NV12\,\ width\=\(int\)1920\,\ height\=\(int\)1080\,\ framerate\=\(fraction\)30000/1001\,\ interlace-mode\=\(string\)progressive\,\ pixel-aspect-ratio\=\(fraction\)1/1\,\ multiview-mode\=\(string\)mono\,\ multiview-flags\=\(GstVideoMultiviewFlagsSet\)0:ffffffff:/right-view-first/left-flipped/left-flopped/right-flipped/right-flopped/half-aspect/mixed-mono\,\ views\=\(int\)2\,\ chroma-site\=\(string\)mpeg2\,\ colorimetry\=\(string\)bt709";
/GstPipeline:pipeline0/GstDecodeBin:decodebin7/GstVaapiDecodeBin:vaapidecodebin6.GstGhostPad:src.GstProxyPad:proxypad53: caps = video/x-raw, format=(string)NV12, width=(int)1920, height=(int)1080, framerate=(fraction)30000/1001, interlace-mode=(string)progressive, pixel-aspect-ratio=(fraction)1/1, multiview-mode=(string)mono, multiview-flags=(GstVideoMultiviewFlagsSet)0:ffffffff:/right-view-first/left-flipped/left-flopped/right-flipped/right-flopped/half-aspect/mixed-mono, views=(int)2, chroma-site=(string)mpeg2, colorimetry=(string)bt709
Got message #2278 from pad "vaapipostproc4:src" (property-notify): GstMessagePropertyNotify, property-name=(string)caps, property-value=(GstCaps)"video/x-raw\,\ format\=\(string\)NV12\,\ width\=\(int\)1920\,\ height\=\(int\)1080\,\ framerate\=\(fraction\)30000/1001\,\ interlace-mode\=\(string\)progressive\,\ pixel-aspect-ratio\=\(fraction\)1/1\,\ multiview-mode\=\(string\)mono\,\ multiview-flags\=\(GstVideoMultiviewFlagsSet\)0:ffffffff:/right-view-first/left-flipped/left-flopped/right-flipped/right-flopped/half-aspect/mixed-mono\,\ views\=\(int\)2\,\ chroma-site\=\(string\)mpeg2\,\ colorimetry\=\(string\)bt709";
/GstPipeline:pipeline0/GstDecodeBin:decodebin7/GstVaapiDecodeBin:vaapidecodebin6/GstVaapiPostproc:vaapipostproc4.GstPad:src: caps = video/x-raw, format=(string)NV12, width=(int)1920, height=(int)1080, framerate=(fraction)30000/1001, interlace-mode=(string)progressive, pixel-aspect-ratio=(fraction)1/1, multiview-mode=(string)mono, multiview-flags=(GstVideoMultiviewFlagsSet)0:ffffffff:/right-view-first/left-flipped/left-flopped/right-flipped/right-flopped/half-aspect/mixed-mono, views=(int)2, chroma-site=(string)mpeg2, colorimetry=(string)bt709
Got message #2279 from pad "queue7:src" (property-notify): GstMessagePropertyNotify, property-name=(string)caps, property-value=(GstCaps)"video/x-raw\,\ format\=\(string\)NV12\,\ width\=\(int\)1920\,\ height\=\(int\)1080\,\ framerate\=\(fraction\)30000/1001\,\ interlace-mode\=\(string\)progressive\,\ pixel-aspect-ratio\=\(fraction\)1/1\,\ multiview-mode\=\(string\)mono\,\ multiview-flags\=\(GstVideoMultiviewFlagsSet\)0:ffffffff:/right-view-first/left-flipped/left-flopped/right-flipped/right-flopped/half-aspect/mixed-mono\,\ views\=\(int\)2\,\ chroma-site\=\(string\)mpeg2\,\ colorimetry\=\(string\)bt709";
/GstPipeline:pipeline0/GstQueue:queue7.GstPad:src: caps = video/x-raw, format=(string)NV12, width=(int)1920, height=(int)1080, framerate=(fraction)30000/1001, interlace-mode=(string)progressive, pixel-aspect-ratio=(fraction)1/1, multiview-mode=(string)mono, multiview-flags=(GstVideoMultiviewFlagsSet)0:ffffffff:/right-view-first/left-flipped/left-flopped/right-flipped/right-flopped/half-aspect/mixed-mono, views=(int)2, chroma-site=(string)mpeg2, colorimetry=(string)bt709
Got message #2280 from pad "queue7:src" (property-notify): GstMessagePropertyNotify, property-name=(string)caps, property-value=(GstCaps)"video/x-raw\,\ format\=\(string\)NV12\,\ width\=\(int\)1920\,\ height\=\(int\)1080\,\ framerate\=\(fraction\)30000/1001\,\ interlace-mode\=\(string\)progressive\,\ pixel-aspect-ratio\=\(fraction\)1/1\,\ multiview-mode\=\(string\)mono\,\ multiview-flags\=\(GstVideoMultiviewFlagsSet\)0:ffffffff:/right-view-first/left-flipped/left-flopped/right-flipped/right-flopped/half-aspect/mixed-mono\,\ views\=\(int\)2\,\ chroma-site\=\(string\)mpeg2\,\ colorimetry\=\(string\)bt709";
/GstPipeline:pipeline0/GstQueue:queue7.GstPad:src: caps = video/x-raw, format=(string)NV12, width=(int)1920, height=(int)1080, framerate=(fraction)30000/1001, interlace-mode=(string)progressive, pixel-aspect-ratio=(fraction)1/1, multiview-mode=(string)mono, multiview-flags=(GstVideoMultiviewFlagsSet)0:ffffffff:/right-view-first/left-flipped/left-flopped/right-flipped/right-flopped/half-aspect/mixed-mono, views=(int)2, chroma-site=(string)mpeg2, colorimetry=(string)bt709
Got message #2281 from pad "queue7:src" (property-notify): GstMessagePropertyNotify, property-name=(string)caps, property-value=(GstCaps)"video/x-raw\,\ format\=\(string\)NV12\,\ width\=\(int\)1920\,\ height\=\(int\)1080\,\ framerate\=\(fraction\)30000/1001\,\ interlace-mode\=\(string\)progressive\,\ pixel-aspect-ratio\=\(fraction\)1/1\,\ multiview-mode\=\(string\)mono\,\ multiview-flags\=\(GstVideoMultiviewFlagsSet\)0:ffffffff:/right-view-first/left-flipped/left-flopped/right-flipped/right-flopped/half-aspect/mixed-mono\,\ views\=\(int\)2\,\ chroma-site\=\(string\)mpeg2\,\ colorimetry\=\(string\)bt709";
/GstPipeline:pipeline0/GstQueue:queue7.GstPad:src: caps = video/x-raw, format=(string)NV12, width=(int)1920, height=(int)1080, framerate=(fraction)30000/1001, interlace-mode=(string)progressive, pixel-aspect-ratio=(fraction)1/1, multiview-mode=(string)mono, multiview-flags=(GstVideoMultiviewFlagsSet)0:ffffffff:/right-view-first/left-flipped/left-flopped/right-flipped/right-flopped/half-aspect/mixed-mono, views=(int)2, chroma-site=(string)mpeg2, colorimetry=(string)bt709
Got message #2282 from pad "queue7:sink" (property-notify): GstMessagePropertyNotify, property-name=(string)caps, property-value=(GstCaps)"video/x-raw\,\ format\=\(string\)NV12\,\ width\=\(int\)1920\,\ height\=\(int\)1080\,\ framerate\=\(fraction\)30000/1001\,\ interlace-mode\=\(string\)progressive\,\ pixel-aspect-ratio\=\(fraction\)1/1\,\ multiview-mode\=\(string\)mono\,\ multiview-flags\=\(GstVideoMultiviewFlagsSet\)0:ffffffff:/right-view-first/left-flipped/left-flopped/right-flipped/right-flopped/half-aspect/mixed-mono\,\ views\=\(int\)2\,\ chroma-site\=\(string\)mpeg2\,\ colorimetry\=\(string\)bt709";
/GstPipeline:pipeline0/GstQueue:queue7.GstPad:sink: caps = video/x-raw, format=(string)NV12, width=(int)1920, height=(int)1080, framerate=(fraction)30000/1001, interlace-mode=(string)progressive, pixel-aspect-ratio=(fraction)1/1, multiview-mode=(string)mono, multiview-flags=(GstVideoMultiviewFlagsSet)0:ffffffff:/right-view-first/left-flipped/left-flopped/right-flipped/right-flopped/half-aspect/mixed-mono, views=(int)2, chroma-site=(string)mpeg2, colorimetry=(string)bt709
Got message #2283 from pad "src_0:proxypad38" (property-notify): GstMessagePropertyNotify, property-name=(string)caps, property-value=(GstCaps)"video/x-raw\,\ format\=\(string\)NV12\,\ width\=\(int\)1920\,\ height\=\(int\)1080\,\ framerate\=\(fraction\)30000/1001\,\ interlace-mode\=\(string\)progressive\,\ pixel-aspect-ratio\=\(fraction\)1/1\,\ multiview-mode\=\(string\)mono\,\ multiview-flags\=\(GstVideoMultiviewFlagsSet\)0:ffffffff:/right-view-first/left-flipped/left-flopped/right-flipped/right-flopped/half-aspect/mixed-mono\,\ views\=\(int\)2\,\ chroma-site\=\(string\)mpeg2\,\ colorimetry\=\(string\)bt709";
/GstPipeline:pipeline0/GstDecodeBin:decodebin7.GstDecodePad:src_0.GstProxyPad:proxypad38: caps = video/x-raw, format=(string)NV12, width=(int)1920, height=(int)1080, framerate=(fraction)30000/1001, interlace-mode=(string)progressive, pixel-aspect-ratio=(fraction)1/1, multiview-mode=(string)mono, multiview-flags=(GstVideoMultiviewFlagsSet)0:ffffffff:/right-view-first/left-flipped/left-flopped/right-flipped/right-flopped/half-aspect/mixed-mono, views=(int)2, chroma-site=(string)mpeg2, colorimetry=(string)bt709
Got message #2284 from pad "src:proxypad53" (property-notify): GstMessagePropertyNotify, property-name=(string)caps, property-value=(GstCaps)"video/x-raw\,\ format\=\(string\)NV12\,\ width\=\(int\)1920\,\ height\=\(int\)1080\,\ framerate\=\(fraction\)30000/1001\,\ interlace-mode\=\(string\)progressive\,\ pixel-aspect-ratio\=\(fraction\)1/1\,\ multiview-mode\=\(string\)mono\,\ multiview-flags\=\(GstVideoMultiviewFlagsSet\)0:ffffffff:/right-view-first/left-flipped/left-flopped/right-flipped/right-flopped/half-aspect/mixed-mono\,\ views\=\(int\)2\,\ chroma-site\=\(string\)mpeg2\,\ colorimetry\=\(string\)bt709";
/GstPipeline:pipeline0/GstDecodeBin:decodebin7/GstVaapiDecodeBin:vaapidecodebin6.GstGhostPad:src.GstProxyPad:proxypad53: caps = video/x-raw, format=(string)NV12, width=(int)1920, height=(int)1080, framerate=(fraction)30000/1001, interlace-mode=(string)progressive, pixel-aspect-ratio=(fraction)1/1, multiview-mode=(string)mono, multiview-flags=(GstVideoMultiviewFlagsSet)0:ffffffff:/right-view-first/left-flipped/left-flopped/right-flipped/right-flopped/half-aspect/mixed-mono, views=(int)2, chroma-site=(string)mpeg2, colorimetry=(string)bt709
Got message #2286 from pad "in:sink_7" (property-notify): GstMessagePropertyNotify, property-name=(string)caps, property-value=(GstCaps)"video/x-raw\,\ format\=\(string\)NV12\,\ width\=\(int\)1920\,\ height\=\(int\)1080\,\ framerate\=\(fraction\)30000/1001\,\ interlace-mode\=\(string\)progressive\,\ pixel-aspect-ratio\=\(fraction\)1/1\,\ multiview-mode\=\(string\)mono\,\ multiview-flags\=\(GstVideoMultiviewFlagsSet\)0:ffffffff:/right-view-first/left-flipped/left-flopped/right-flipped/right-flopped/half-aspect/mixed-mono\,\ views\=\(int\)2\,\ chroma-site\=\(string\)mpeg2\,\ colorimetry\=\(string\)bt709";
/GstPipeline:pipeline0/GstDxInputSelector:in.GstAggregatorPad:sink_7: caps = video/x-raw, format=(string)NV12, width=(int)1920, height=(int)1080, framerate=(fraction)30000/1001, interlace-mode=(string)progressive, pixel-aspect-ratio=(fraction)1/1, multiview-mode=(string)mono, multiview-flags=(GstVideoMultiviewFlagsSet)0:ffffffff:/right-view-first/left-flipped/left-flopped/right-flipped/right-flopped/half-aspect/mixed-mono, views=(int)2, chroma-site=(string)mpeg2, colorimetry=(string)bt709
Got message #2287 from pad "queue7:src" (property-notify): GstMessagePropertyNotify, property-name=(string)caps, property-value=(GstCaps)"video/x-raw\,\ format\=\(string\)NV12\,\ width\=\(int\)1920\,\ height\=\(int\)1080\,\ framerate\=\(fraction\)30000/1001\,\ interlace-mode\=\(string\)progressive\,\ pixel-aspect-ratio\=\(fraction\)1/1\,\ multiview-mode\=\(string\)mono\,\ multiview-flags\=\(GstVideoMultiviewFlagsSet\)0:ffffffff:/right-view-first/left-flipped/left-flopped/right-flipped/right-flopped/half-aspect/mixed-mono\,\ views\=\(int\)2\,\ chroma-site\=\(string\)mpeg2\,\ colorimetry\=\(string\)bt709";
/GstPipeline:pipeline0/GstQueue:queue7.GstPad:src: caps = video/x-raw, format=(string)NV12, width=(int)1920, height=(int)1080, framerate=(fraction)30000/1001, interlace-mode=(string)progressive, pixel-aspect-ratio=(fraction)1/1, multiview-mode=(string)mono, multiview-flags=(GstVideoMultiviewFlagsSet)0:ffffffff:/right-view-first/left-flipped/left-flopped/right-flipped/right-flopped/half-aspect/mixed-mono, views=(int)2, chroma-site=(string)mpeg2, colorimetry=(string)bt709
Got message #2288 from pad "in:sink_7" (property-notify): GstMessagePropertyNotify, property-name=(string)caps, property-value=(GstCaps)"video/x-raw\,\ format\=\(string\)NV12\,\ width\=\(int\)1920\,\ height\=\(int\)1080\,\ framerate\=\(fraction\)30000/1001\,\ interlace-mode\=\(string\)progressive\,\ pixel-aspect-ratio\=\(fraction\)1/1\,\ multiview-mode\=\(string\)mono\,\ multiview-flags\=\(GstVideoMultiviewFlagsSet\)0:ffffffff:/right-view-first/left-flipped/left-flopped/right-flipped/right-flopped/half-aspect/mixed-mono\,\ views\=\(int\)2\,\ chroma-site\=\(string\)mpeg2\,\ colorimetry\=\(string\)bt709";
/GstPipeline:pipeline0/GstDxInputSelector:in.GstAggregatorPad:sink_7: caps = video/x-raw, format=(string)NV12, width=(int)1920, height=(int)1080, framerate=(fraction)30000/1001, interlace-mode=(string)progressive, pixel-aspect-ratio=(fraction)1/1, multiview-mode=(string)mono, multiview-flags=(GstVideoMultiviewFlagsSet)0:ffffffff:/right-view-first/left-flipped/left-flopped/right-flipped/right-flopped/half-aspect/mixed-mono, views=(int)2, chroma-site=(string)mpeg2, colorimetry=(string)bt709
Got message #2291 from pad "out:src_7" (property-notify): GstMessagePropertyNotify, property-name=(string)caps, property-value=(GstCaps)"video/x-raw\,\ format\=\(string\)NV12\,\ width\=\(int\)1920\,\ height\=\(int\)1080\,\ framerate\=\(fraction\)30000/1001\,\ interlace-mode\=\(string\)progressive\,\ pixel-aspect-ratio\=\(fraction\)1/1\,\ multiview-mode\=\(string\)mono\,\ multiview-flags\=\(GstVideoMultiviewFlagsSet\)0:ffffffff:/right-view-first/left-flipped/left-flopped/right-flipped/right-flopped/half-aspect/mixed-mono\,\ views\=\(int\)2\,\ chroma-site\=\(string\)mpeg2\,\ colorimetry\=\(string\)bt709";
/GstPipeline:pipeline0/GstDxOutputSelector:out.GstPad:src_7: caps = video/x-raw, format=(string)NV12, width=(int)1920, height=(int)1080, framerate=(fraction)30000/1001, interlace-mode=(string)progressive, pixel-aspect-ratio=(fraction)1/1, multiview-mode=(string)mono, multiview-flags=(GstVideoMultiviewFlagsSet)0:ffffffff:/right-view-first/left-flipped/left-flopped/right-flipped/right-flopped/half-aspect/mixed-mono, views=(int)2, chroma-site=(string)mpeg2, colorimetry=(string)bt709
Got message #2293 from pad "queue20:sink" (property-notify): GstMessagePropertyNotify, property-name=(string)caps, property-value=(GstCaps)"video/x-raw\,\ format\=\(string\)NV12\,\ width\=\(int\)1920\,\ height\=\(int\)1080\,\ framerate\=\(fraction\)30000/1001\,\ interlace-mode\=\(string\)progressive\,\ pixel-aspect-ratio\=\(fraction\)1/1\,\ multiview-mode\=\(string\)mono\,\ multiview-flags\=\(GstVideoMultiviewFlagsSet\)0:ffffffff:/right-view-first/left-flipped/left-flopped/right-flipped/right-flopped/half-aspect/mixed-mono\,\ views\=\(int\)2\,\ chroma-site\=\(string\)mpeg2\,\ colorimetry\=\(string\)bt709";
/GstPipeline:pipeline0/GstQueue:queue20.GstPad:sink: caps = video/x-raw, format=(string)NV12, width=(int)1920, height=(int)1080, framerate=(fraction)30000/1001, interlace-mode=(string)progressive, pixel-aspect-ratio=(fraction)1/1, multiview-mode=(string)mono, multiview-flags=(GstVideoMultiviewFlagsSet)0:ffffffff:/right-view-first/left-flipped/left-flopped/right-flipped/right-flopped/half-aspect/mixed-mono, views=(int)2, chroma-site=(string)mpeg2, colorimetry=(string)bt709
Got message #2294 from pad "queue20:sink" (property-notify): GstMessagePropertyNotify, property-name=(string)caps, property-value=(GstCaps)"video/x-raw\,\ format\=\(string\)NV12\,\ width\=\(int\)1920\,\ height\=\(int\)1080\,\ framerate\=\(fraction\)30000/1001\,\ interlace-mode\=\(string\)progressive\,\ pixel-aspect-ratio\=\(fraction\)1/1\,\ multiview-mode\=\(string\)mono\,\ multiview-flags\=\(GstVideoMultiviewFlagsSet\)0:ffffffff:/right-view-first/left-flipped/left-flopped/right-flipped/right-flopped/half-aspect/mixed-mono\,\ views\=\(int\)2\,\ chroma-site\=\(string\)mpeg2\,\ colorimetry\=\(string\)bt709";
/GstPipeline:pipeline0/GstQueue:queue20.GstPad:sink: caps = video/x-raw, format=(string)NV12, width=(int)1920, height=(int)1080, framerate=(fraction)30000/1001, interlace-mode=(string)progressive, pixel-aspect-ratio=(fraction)1/1, multiview-mode=(string)mono, multiview-flags=(GstVideoMultiviewFlagsSet)0:ffffffff:/right-view-first/left-flipped/left-flopped/right-flipped/right-flopped/half-aspect/mixed-mono, views=(int)2, chroma-site=(string)mpeg2, colorimetry=(string)bt709
Got message #2295 from pad "out:src_7" (property-notify): GstMessagePropertyNotify, property-name=(string)caps, property-value=(GstCaps)"video/x-raw\,\ format\=\(string\)NV12\,\ width\=\(int\)1920\,\ height\=\(int\)1080\,\ framerate\=\(fraction\)30000/1001\,\ interlace-mode\=\(string\)progressive\,\ pixel-aspect-ratio\=\(fraction\)1/1\,\ multiview-mode\=\(string\)mono\,\ multiview-flags\=\(GstVideoMultiviewFlagsSet\)0:ffffffff:/right-view-first/left-flipped/left-flopped/right-flipped/right-flopped/half-aspect/mixed-mono\,\ views\=\(int\)2\,\ chroma-site\=\(string\)mpeg2\,\ colorimetry\=\(string\)bt709";
/GstPipeline:pipeline0/GstDxOutputSelector:out.GstPad:src_7: caps = video/x-raw, format=(string)NV12, width=(int)1920, height=(int)1080, framerate=(fraction)30000/1001, interlace-mode=(string)progressive, pixel-aspect-ratio=(fraction)1/1, multiview-mode=(string)mono, multiview-flags=(GstVideoMultiviewFlagsSet)0:ffffffff:/right-view-first/left-flipped/left-flopped/right-flipped/right-flopped/half-aspect/mixed-mono, views=(int)2, chroma-site=(string)mpeg2, colorimetry=(string)bt709
Got message #2296 from pad "out:src_7" (property-notify): GstMessagePropertyNotify, property-name=(string)caps, property-value=(GstCaps)"video/x-raw\,\ format\=\(string\)NV12\,\ width\=\(int\)1920\,\ height\=\(int\)1080\,\ framerate\=\(fraction\)30000/1001\,\ interlace-mode\=\(string\)progressive\,\ pixel-aspect-ratio\=\(fraction\)1/1\,\ multiview-mode\=\(string\)mono\,\ multiview-flags\=\(GstVideoMultiviewFlagsSet\)0:ffffffff:/right-view-first/left-flipped/left-flopped/right-flipped/right-flopped/half-aspect/mixed-mono\,\ views\=\(int\)2\,\ chroma-site\=\(string\)mpeg2\,\ colorimetry\=\(string\)bt709";
/GstPipeline:pipeline0/GstDxOutputSelector:out.GstPad:src_7: caps = video/x-raw, format=(string)NV12, width=(int)1920, height=(int)1080, framerate=(fraction)30000/1001, interlace-mode=(string)progressive, pixel-aspect-ratio=(fraction)1/1, multiview-mode=(string)mono, multiview-flags=(GstVideoMultiviewFlagsSet)0:ffffffff:/right-view-first/left-flipped/left-flopped/right-flipped/right-flopped/half-aspect/mixed-mono, views=(int)2, chroma-site=(string)mpeg2, colorimetry=(string)bt709
Got message #2297 from pad "queue20:sink" (property-notify): GstMessagePropertyNotify, property-name=(string)caps, property-value=(GstCaps)"video/x-raw\,\ format\=\(string\)NV12\,\ width\=\(int\)1920\,\ height\=\(int\)1080\,\ framerate\=\(fraction\)30000/1001\,\ interlace-mode\=\(string\)progressive\,\ pixel-aspect-ratio\=\(fraction\)1/1\,\ multiview-mode\=\(string\)mono\,\ multiview-flags\=\(GstVideoMultiviewFlagsSet\)0:ffffffff:/right-view-first/left-flipped/left-flopped/right-flipped/right-flopped/half-aspect/mixed-mono\,\ views\=\(int\)2\,\ chroma-site\=\(string\)mpeg2\,\ colorimetry\=\(string\)bt709";
/GstPipeline:pipeline0/GstQueue:queue20.GstPad:sink: caps = video/x-raw, format=(string)NV12, width=(int)1920, height=(int)1080, framerate=(fraction)30000/1001, interlace-mode=(string)progressive, pixel-aspect-ratio=(fraction)1/1, multiview-mode=(string)mono, multiview-flags=(GstVideoMultiviewFlagsSet)0:ffffffff:/right-view-first/left-flipped/left-flopped/right-flipped/right-flopped/half-aspect/mixed-mono, views=(int)2, chroma-site=(string)mpeg2, colorimetry=(string)bt709
Got message #2298 from pad "queue20:src" (property-notify): GstMessagePropertyNotify, property-name=(string)caps, property-value=(GstCaps)"video/x-raw\,\ format\=\(string\)NV12\,\ width\=\(int\)1920\,\ height\=\(int\)1080\,\ framerate\=\(fraction\)30000/1001\,\ interlace-mode\=\(string\)progressive\,\ pixel-aspect-ratio\=\(fraction\)1/1\,\ multiview-mode\=\(string\)mono\,\ multiview-flags\=\(GstVideoMultiviewFlagsSet\)0:ffffffff:/right-view-first/left-flipped/left-flopped/right-flipped/right-flopped/half-aspect/mixed-mono\,\ views\=\(int\)2\,\ chroma-site\=\(string\)mpeg2\,\ colorimetry\=\(string\)bt709";
/GstPipeline:pipeline0/GstQueue:queue20.GstPad:src: caps = video/x-raw, format=(string)NV12, width=(int)1920, height=(int)1080, framerate=(fraction)30000/1001, interlace-mode=(string)progressive, pixel-aspect-ratio=(fraction)1/1, multiview-mode=(string)mono, multiview-flags=(GstVideoMultiviewFlagsSet)0:ffffffff:/right-view-first/left-flipped/left-flopped/right-flipped/right-flopped/half-aspect/mixed-mono, views=(int)2, chroma-site=(string)mpeg2, colorimetry=(string)bt709
Got message #2299 from pad "fakesink7:sink" (property-notify): GstMessagePropertyNotify, property-name=(string)caps, property-value=(GstCaps)"video/x-raw\,\ format\=\(string\)NV12\,\ width\=\(int\)1920\,\ height\=\(int\)1080\,\ framerate\=\(fraction\)30000/1001\,\ interlace-mode\=\(string\)progressive\,\ pixel-aspect-ratio\=\(fraction\)1/1\,\ multiview-mode\=\(string\)mono\,\ multiview-flags\=\(GstVideoMultiviewFlagsSet\)0:ffffffff:/right-view-first/left-flipped/left-flopped/right-flipped/right-flopped/half-aspect/mixed-mono\,\ views\=\(int\)2\,\ chroma-site\=\(string\)mpeg2\,\ colorimetry\=\(string\)bt709";
/GstPipeline:pipeline0/GstFakeSink:fakesink7.GstPad:sink: caps = video/x-raw, format=(string)NV12, width=(int)1920, height=(int)1080, framerate=(fraction)30000/1001, interlace-mode=(string)progressive, pixel-aspect-ratio=(fraction)1/1, multiview-mode=(string)mono, multiview-flags=(GstVideoMultiviewFlagsSet)0:ffffffff:/right-view-first/left-flipped/left-flopped/right-flipped/right-flopped/half-aspect/mixed-mono, views=(int)2, chroma-site=(string)mpeg2, colorimetry=(string)bt709
Got message #2300 from pad "vaapipostproc4:sink" (property-notify): GstMessagePropertyNotify, property-name=(string)caps, property-value=(GstCaps)"video/x-raw\(memory:VASurface\)\,\ format\=\(string\)NV12\,\ width\=\(int\)1920\,\ height\=\(int\)1080\,\ interlace-mode\=\(string\)progressive\,\ multiview-mode\=\(string\)mono\,\ multiview-flags\=\(GstVideoMultiviewFlagsSet\)0:ffffffff:/right-view-first/left-flipped/left-flopped/right-flipped/right-flopped/half-aspect/mixed-mono\,\ pixel-aspect-ratio\=\(fraction\)1/1\,\ colorimetry\=\(string\)bt709\,\ views\=\(int\)2\,\ framerate\=\(fraction\)30000/1001";
/GstPipeline:pipeline0/GstDecodeBin:decodebin7/GstVaapiDecodeBin:vaapidecodebin6/GstVaapiPostproc:vaapipostproc4.GstPad:sink: caps = video/x-raw(memory:VASurface), format=(string)NV12, width=(int)1920, height=(int)1080, interlace-mode=(string)progressive, multiview-mode=(string)mono, multiview-flags=(GstVideoMultiviewFlagsSet)0:ffffffff:/right-view-first/left-flipped/left-flopped/right-flipped/right-flopped/half-aspect/mixed-mono, pixel-aspect-ratio=(fraction)1/1, colorimetry=(string)bt709, views=(int)2, framerate=(fraction)30000/1001
Got message #2301 from pad "capsfilter15:sink" (property-notify): GstMessagePropertyNotify, property-name=(string)caps, property-value=(GstCaps)"video/x-raw\(memory:VASurface\)\,\ format\=\(string\)NV12\,\ width\=\(int\)1920\,\ height\=\(int\)1080\,\ interlace-mode\=\(string\)progressive\,\ multiview-mode\=\(string\)mono\,\ multiview-flags\=\(GstVideoMultiviewFlagsSet\)0:ffffffff:/right-view-first/left-flipped/left-flopped/right-flipped/right-flopped/half-aspect/mixed-mono\,\ pixel-aspect-ratio\=\(fraction\)1/1\,\ colorimetry\=\(string\)bt709\,\ views\=\(int\)2\,\ framerate\=\(fraction\)30000/1001";
/GstPipeline:pipeline0/GstDecodeBin:decodebin7/GstVaapiDecodeBin:vaapidecodebin6/GstCapsFilter:capsfilter15.GstPad:sink: caps = video/x-raw(memory:VASurface), format=(string)NV12, width=(int)1920, height=(int)1080, interlace-mode=(string)progressive, multiview-mode=(string)mono, multiview-flags=(GstVideoMultiviewFlagsSet)0:ffffffff:/right-view-first/left-flipped/left-flopped/right-flipped/right-flopped/half-aspect/mixed-mono, pixel-aspect-ratio=(fraction)1/1, colorimetry=(string)bt709, views=(int)2, framerate=(fraction)30000/1001
Got message #2306 from element "fakesink7" (tag): GstMessageTag, taglist=(taglist)"taglist\,\ video-codec\=\(string\)\"H.264\\\ /\\\ AVC\"\,\ maximum-bitrate\=\(uint\)4472819\,\ bitrate\=\(uint\)4472819\;";
Got message #2307 from element "fakesink7" (tag): GstMessageTag, taglist=(taglist)"taglist\,\ encoder\=\(string\)Lavf60.16.100\,\ container-format\=\(string\)\"ISO\\\ MP4/M4A\"\;";
Got message #2308 from element "fakesink7" (tag): GstMessageTag, taglist=(taglist)"taglist\,\ video-codec\=\(string\)\"H.264\\\ \\\(High\\\ Profile\\\)\"\,\ maximum-bitrate\=\(uint\)4472819\,\ bitrate\=\(uint\)4472819\;";
Got message #2309 from element "multiqueue6" (property-notify): GstMessagePropertyNotify, property-name=(string)max-size-buffers, property-value=(uint)5;
/GstPipeline:pipeline0/GstDecodeBin:decodebin1/GstMultiQueue:multiqueue6: max-size-buffers = 5
Got message #2310 from element "multiqueue6" (property-notify): GstMessagePropertyNotify, property-name=(string)max-size-time, property-value=(guint64)0;
/GstPipeline:pipeline0/GstDecodeBin:decodebin1/GstMultiQueue:multiqueue6: max-size-time = 0
Got message #2311 from element "multiqueue6" (property-notify): GstMessagePropertyNotify, property-name=(string)max-size-bytes, property-value=(uint)8388608;
/GstPipeline:pipeline0/GstDecodeBin:decodebin1/GstMultiQueue:multiqueue6: max-size-bytes = 8388608
Got message #2312 from element "multiqueue9" (property-notify): GstMessagePropertyNotify, property-name=(string)max-size-buffers, property-value=(uint)5;
/GstPipeline:pipeline0/GstDecodeBin:decodebin2/GstMultiQueue:multiqueue9: max-size-buffers = 5
Got message #2313 from element "multiqueue9" (property-notify): GstMessagePropertyNotify, property-name=(string)max-size-time, property-value=(guint64)0;
/GstPipeline:pipeline0/GstDecodeBin:decodebin2/GstMultiQueue:multiqueue9: max-size-time = 0
Got message #2314 from element "multiqueue9" (property-notify): GstMessagePropertyNotify, property-name=(string)max-size-bytes, property-value=(uint)8388608;
/GstPipeline:pipeline0/GstDecodeBin:decodebin2/GstMultiQueue:multiqueue9: max-size-bytes = 8388608
Got message #2315 from element "vaapidecode4" (latency): no message details
Redistribute latency...
Got message #2317 from pad "vaapidecode4:src" (property-notify): GstMessagePropertyNotify, property-name=(string)caps, property-value=(GstCaps)"video/x-raw\(memory:VASurface\)\,\ format\=\(string\)NV12\,\ width\=\(int\)1920\,\ height\=\(int\)1080\,\ interlace-mode\=\(string\)progressive\,\ multiview-mode\=\(string\)mono\,\ multiview-flags\=\(GstVideoMultiviewFlagsSet\)0:ffffffff:/right-view-first/left-flipped/left-flopped/right-flipped/right-flopped/half-aspect/mixed-mono\,\ pixel-aspect-ratio\=\(fraction\)1/1\,\ colorimetry\=\(string\)bt709\,\ views\=\(int\)2\,\ framerate\=\(fraction\)30000/1001";
/GstPipeline:pipeline0/GstDecodeBin:decodebin1/GstVaapiDecodeBin:vaapidecodebin5/GstVaapiDecode:vaapidecode4.GstPad:src: caps = video/x-raw(memory:VASurface), format=(string)NV12, width=(int)1920, height=(int)1080, interlace-mode=(string)progressive, multiview-mode=(string)mono, multiview-flags=(GstVideoMultiviewFlagsSet)0:ffffffff:/right-view-first/left-flipped/left-flopped/right-flipped/right-flopped/half-aspect/mixed-mono, pixel-aspect-ratio=(fraction)1/1, colorimetry=(string)bt709, views=(int)2, framerate=(fraction)30000/1001
Got message #2318 from pad "queue28:sink" (property-notify): GstMessagePropertyNotify, property-name=(string)caps, property-value=(GstCaps)"video/x-raw\(memory:VASurface\)\,\ format\=\(string\)NV12\,\ width\=\(int\)1920\,\ height\=\(int\)1080\,\ interlace-mode\=\(string\)progressive\,\ multiview-mode\=\(string\)mono\,\ multiview-flags\=\(GstVideoMultiviewFlagsSet\)0:ffffffff:/right-view-first/left-flipped/left-flopped/right-flipped/right-flopped/half-aspect/mixed-mono\,\ pixel-aspect-ratio\=\(fraction\)1/1\,\ colorimetry\=\(string\)bt709\,\ views\=\(int\)2\,\ framerate\=\(fraction\)30000/1001";
/GstPipeline:pipeline0/GstDecodeBin:decodebin1/GstVaapiDecodeBin:vaapidecodebin5/GstQueue:queue28.GstPad:sink: caps = video/x-raw(memory:VASurface), format=(string)NV12, width=(int)1920, height=(int)1080, interlace-mode=(string)progressive, multiview-mode=(string)mono, multiview-flags=(GstVideoMultiviewFlagsSet)0:ffffffff:/right-view-first/left-flipped/left-flopped/right-flipped/right-flopped/half-aspect/mixed-mono, pixel-aspect-ratio=(fraction)1/1, colorimetry=(string)bt709, views=(int)2, framerate=(fraction)30000/1001
Got message #2319 from pad "queue28:src" (property-notify): GstMessagePropertyNotify, property-name=(string)caps, property-value=(GstCaps)"video/x-raw\(memory:VASurface\)\,\ format\=\(string\)NV12\,\ width\=\(int\)1920\,\ height\=\(int\)1080\,\ interlace-mode\=\(string\)progressive\,\ multiview-mode\=\(string\)mono\,\ multiview-flags\=\(GstVideoMultiviewFlagsSet\)0:ffffffff:/right-view-first/left-flipped/left-flopped/right-flipped/right-flopped/half-aspect/mixed-mono\,\ pixel-aspect-ratio\=\(fraction\)1/1\,\ colorimetry\=\(string\)bt709\,\ views\=\(int\)2\,\ framerate\=\(fraction\)30000/1001";
/GstPipeline:pipeline0/GstDecodeBin:decodebin1/GstVaapiDecodeBin:vaapidecodebin5/GstQueue:queue28.GstPad:src: caps = video/x-raw(memory:VASurface), format=(string)NV12, width=(int)1920, height=(int)1080, interlace-mode=(string)progressive, multiview-mode=(string)mono, multiview-flags=(GstVideoMultiviewFlagsSet)0:ffffffff:/right-view-first/left-flipped/left-flopped/right-flipped/right-flopped/half-aspect/mixed-mono, pixel-aspect-ratio=(fraction)1/1, colorimetry=(string)bt709, views=(int)2, framerate=(fraction)30000/1001
Got message #2321 from pad "capsfilter14:src" (property-notify): GstMessagePropertyNotify, property-name=(string)caps, property-value=(GstCaps)"video/x-raw\(memory:VASurface\)\,\ format\=\(string\)NV12\,\ width\=\(int\)1920\,\ height\=\(int\)1080\,\ interlace-mode\=\(string\)progressive\,\ multiview-mode\=\(string\)mono\,\ multiview-flags\=\(GstVideoMultiviewFlagsSet\)0:ffffffff:/right-view-first/left-flipped/left-flopped/right-flipped/right-flopped/half-aspect/mixed-mono\,\ pixel-aspect-ratio\=\(fraction\)1/1\,\ colorimetry\=\(string\)bt709\,\ views\=\(int\)2\,\ framerate\=\(fraction\)30000/1001";
/GstPipeline:pipeline0/GstDecodeBin:decodebin1/GstVaapiDecodeBin:vaapidecodebin5/GstCapsFilter:capsfilter14.GstPad:src: caps = video/x-raw(memory:VASurface), format=(string)NV12, width=(int)1920, height=(int)1080, interlace-mode=(string)progressive, multiview-mode=(string)mono, multiview-flags=(GstVideoMultiviewFlagsSet)0:ffffffff:/right-view-first/left-flipped/left-flopped/right-flipped/right-flopped/half-aspect/mixed-mono, pixel-aspect-ratio=(fraction)1/1, colorimetry=(string)bt709, views=(int)2, framerate=(fraction)30000/1001
Got message #2324 from pad "vaapipostproc9:src" (property-notify): GstMessagePropertyNotify, property-name=(string)caps, property-value=(GstCaps)"video/x-raw\,\ format\=\(string\)NV12\,\ width\=\(int\)1920\,\ height\=\(int\)1080\,\ framerate\=\(fraction\)30000/1001\,\ interlace-mode\=\(string\)progressive\,\ pixel-aspect-ratio\=\(fraction\)1/1\,\ multiview-mode\=\(string\)mono\,\ multiview-flags\=\(GstVideoMultiviewFlagsSet\)0:ffffffff:/right-view-first/left-flipped/left-flopped/right-flipped/right-flopped/half-aspect/mixed-mono\,\ views\=\(int\)2\,\ chroma-site\=\(string\)mpeg2\,\ colorimetry\=\(string\)bt709";
/GstPipeline:pipeline0/GstDecodeBin:decodebin1/GstVaapiDecodeBin:vaapidecodebin5/GstVaapiPostproc:vaapipostproc9.GstPad:src: caps = video/x-raw, format=(string)NV12, width=(int)1920, height=(int)1080, framerate=(fraction)30000/1001, interlace-mode=(string)progressive, pixel-aspect-ratio=(fraction)1/1, multiview-mode=(string)mono, multiview-flags=(GstVideoMultiviewFlagsSet)0:ffffffff:/right-view-first/left-flipped/left-flopped/right-flipped/right-flopped/half-aspect/mixed-mono, views=(int)2, chroma-site=(string)mpeg2, colorimetry=(string)bt709
Got message #2325 from pad "vaapidecodebin5:src" (property-notify): GstMessagePropertyNotify, property-name=(string)caps, property-value=(GstCaps)"video/x-raw\,\ format\=\(string\)NV12\,\ width\=\(int\)1920\,\ height\=\(int\)1080\,\ framerate\=\(fraction\)30000/1001\,\ interlace-mode\=\(string\)progressive\,\ pixel-aspect-ratio\=\(fraction\)1/1\,\ multiview-mode\=\(string\)mono\,\ multiview-flags\=\(GstVideoMultiviewFlagsSet\)0:ffffffff:/right-view-first/left-flipped/left-flopped/right-flipped/right-flopped/half-aspect/mixed-mono\,\ views\=\(int\)2\,\ chroma-site\=\(string\)mpeg2\,\ colorimetry\=\(string\)bt709";
/GstPipeline:pipeline0/GstDecodeBin:decodebin1/GstVaapiDecodeBin:vaapidecodebin5.GstGhostPad:src: caps = video/x-raw, format=(string)NV12, width=(int)1920, height=(int)1080, framerate=(fraction)30000/1001, interlace-mode=(string)progressive, pixel-aspect-ratio=(fraction)1/1, multiview-mode=(string)mono, multiview-flags=(GstVideoMultiviewFlagsSet)0:ffffffff:/right-view-first/left-flipped/left-flopped/right-flipped/right-flopped/half-aspect/mixed-mono, views=(int)2, chroma-site=(string)mpeg2, colorimetry=(string)bt709
Got message #2331 from element "decodebin1" (state-changed): GstMessageStateChanged, old-state=(GstState)ready, new-state=(GstState)paused, pending-state=(GstState)void-pending;
Got message #2332 from pad "queue1:sink" (property-notify): GstMessagePropertyNotify, property-name=(string)caps, property-value=(GstCaps)"video/x-raw\,\ format\=\(string\)NV12\,\ width\=\(int\)1920\,\ height\=\(int\)1080\,\ framerate\=\(fraction\)30000/1001\,\ interlace-mode\=\(string\)progressive\,\ pixel-aspect-ratio\=\(fraction\)1/1\,\ multiview-mode\=\(string\)mono\,\ multiview-flags\=\(GstVideoMultiviewFlagsSet\)0:ffffffff:/right-view-first/left-flipped/left-flopped/right-flipped/right-flopped/half-aspect/mixed-mono\,\ views\=\(int\)2\,\ chroma-site\=\(string\)mpeg2\,\ colorimetry\=\(string\)bt709";
/GstPipeline:pipeline0/GstQueue:queue1.GstPad:sink: caps = video/x-raw, format=(string)NV12, width=(int)1920, height=(int)1080, framerate=(fraction)30000/1001, interlace-mode=(string)progressive, pixel-aspect-ratio=(fraction)1/1, multiview-mode=(string)mono, multiview-flags=(GstVideoMultiviewFlagsSet)0:ffffffff:/right-view-first/left-flipped/left-flopped/right-flipped/right-flopped/half-aspect/mixed-mono, views=(int)2, chroma-site=(string)mpeg2, colorimetry=(string)bt709
Got message #2333 from pad "src_0:proxypad36" (property-notify): GstMessagePropertyNotify, property-name=(string)caps, property-value=(GstCaps)"video/x-raw\,\ format\=\(string\)NV12\,\ width\=\(int\)1920\,\ height\=\(int\)1080\,\ framerate\=\(fraction\)30000/1001\,\ interlace-mode\=\(string\)progressive\,\ pixel-aspect-ratio\=\(fraction\)1/1\,\ multiview-mode\=\(string\)mono\,\ multiview-flags\=\(GstVideoMultiviewFlagsSet\)0:ffffffff:/right-view-first/left-flipped/left-flopped/right-flipped/right-flopped/half-aspect/mixed-mono\,\ views\=\(int\)2\,\ chroma-site\=\(string\)mpeg2\,\ colorimetry\=\(string\)bt709";
/GstPipeline:pipeline0/GstDecodeBin:decodebin1.GstDecodePad:src_0.GstProxyPad:proxypad36: caps = video/x-raw, format=(string)NV12, width=(int)1920, height=(int)1080, framerate=(fraction)30000/1001, interlace-mode=(string)progressive, pixel-aspect-ratio=(fraction)1/1, multiview-mode=(string)mono, multiview-flags=(GstVideoMultiviewFlagsSet)0:ffffffff:/right-view-first/left-flipped/left-flopped/right-flipped/right-flopped/half-aspect/mixed-mono, views=(int)2, chroma-site=(string)mpeg2, colorimetry=(string)bt709
Got message #2334 from pad "src:proxypad52" (property-notify): GstMessagePropertyNotify, property-name=(string)caps, property-value=(GstCaps)"video/x-raw\,\ format\=\(string\)NV12\,\ width\=\(int\)1920\,\ height\=\(int\)1080\,\ framerate\=\(fraction\)30000/1001\,\ interlace-mode\=\(string\)progressive\,\ pixel-aspect-ratio\=\(fraction\)1/1\,\ multiview-mode\=\(string\)mono\,\ multiview-flags\=\(GstVideoMultiviewFlagsSet\)0:ffffffff:/right-view-first/left-flipped/left-flopped/right-flipped/right-flopped/half-aspect/mixed-mono\,\ views\=\(int\)2\,\ chroma-site\=\(string\)mpeg2\,\ colorimetry\=\(string\)bt709";
/GstPipeline:pipeline0/GstDecodeBin:decodebin1/GstVaapiDecodeBin:vaapidecodebin5.GstGhostPad:src.GstProxyPad:proxypad52: caps = video/x-raw, format=(string)NV12, width=(int)1920, height=(int)1080, framerate=(fraction)30000/1001, interlace-mode=(string)progressive, pixel-aspect-ratio=(fraction)1/1, multiview-mode=(string)mono, multiview-flags=(GstVideoMultiviewFlagsSet)0:ffffffff:/right-view-first/left-flipped/left-flopped/right-flipped/right-flopped/half-aspect/mixed-mono, views=(int)2, chroma-site=(string)mpeg2, colorimetry=(string)bt709
Got message #2336 from pad "vaapipostproc9:src" (property-notify): GstMessagePropertyNotify, property-name=(string)caps, property-value=(GstCaps)"video/x-raw\,\ format\=\(string\)NV12\,\ width\=\(int\)1920\,\ height\=\(int\)1080\,\ framerate\=\(fraction\)30000/1001\,\ interlace-mode\=\(string\)progressive\,\ pixel-aspect-ratio\=\(fraction\)1/1\,\ multiview-mode\=\(string\)mono\,\ multiview-flags\=\(GstVideoMultiviewFlagsSet\)0:ffffffff:/right-view-first/left-flipped/left-flopped/right-flipped/right-flopped/half-aspect/mixed-mono\,\ views\=\(int\)2\,\ chroma-site\=\(string\)mpeg2\,\ colorimetry\=\(string\)bt709";
/GstPipeline:pipeline0/GstDecodeBin:decodebin1/GstVaapiDecodeBin:vaapidecodebin5/GstVaapiPostproc:vaapipostproc9.GstPad:src: caps = video/x-raw, format=(string)NV12, width=(int)1920, height=(int)1080, framerate=(fraction)30000/1001, interlace-mode=(string)progressive, pixel-aspect-ratio=(fraction)1/1, multiview-mode=(string)mono, multiview-flags=(GstVideoMultiviewFlagsSet)0:ffffffff:/right-view-first/left-flipped/left-flopped/right-flipped/right-flopped/half-aspect/mixed-mono, views=(int)2, chroma-site=(string)mpeg2, colorimetry=(string)bt709
Got message #2338 from pad "queue1:src" (property-notify): GstMessagePropertyNotify, property-name=(string)caps, property-value=(GstCaps)"video/x-raw\,\ format\=\(string\)NV12\,\ width\=\(int\)1920\,\ height\=\(int\)1080\,\ framerate\=\(fraction\)30000/1001\,\ interlace-mode\=\(string\)progressive\,\ pixel-aspect-ratio\=\(fraction\)1/1\,\ multiview-mode\=\(string\)mono\,\ multiview-flags\=\(GstVideoMultiviewFlagsSet\)0:ffffffff:/right-view-first/left-flipped/left-flopped/right-flipped/right-flopped/half-aspect/mixed-mono\,\ views\=\(int\)2\,\ chroma-site\=\(string\)mpeg2\,\ colorimetry\=\(string\)bt709";
/GstPipeline:pipeline0/GstQueue:queue1.GstPad:src: caps = video/x-raw, format=(string)NV12, width=(int)1920, height=(int)1080, framerate=(fraction)30000/1001, interlace-mode=(string)progressive, pixel-aspect-ratio=(fraction)1/1, multiview-mode=(string)mono, multiview-flags=(GstVideoMultiviewFlagsSet)0:ffffffff:/right-view-first/left-flipped/left-flopped/right-flipped/right-flopped/half-aspect/mixed-mono, views=(int)2, chroma-site=(string)mpeg2, colorimetry=(string)bt709
Got message #2339 from pad "vaapidecodebin5:src" (property-notify): GstMessagePropertyNotify, property-name=(string)caps, property-value=(GstCaps)"video/x-raw\,\ format\=\(string\)NV12\,\ width\=\(int\)1920\,\ height\=\(int\)1080\,\ framerate\=\(fraction\)30000/1001\,\ interlace-mode\=\(string\)progressive\,\ pixel-aspect-ratio\=\(fraction\)1/1\,\ multiview-mode\=\(string\)mono\,\ multiview-flags\=\(GstVideoMultiviewFlagsSet\)0:ffffffff:/right-view-first/left-flipped/left-flopped/right-flipped/right-flopped/half-aspect/mixed-mono\,\ views\=\(int\)2\,\ chroma-site\=\(string\)mpeg2\,\ colorimetry\=\(string\)bt709";
/GstPipeline:pipeline0/GstDecodeBin:decodebin1/GstVaapiDecodeBin:vaapidecodebin5.GstGhostPad:src: caps = video/x-raw, format=(string)NV12, width=(int)1920, height=(int)1080, framerate=(fraction)30000/1001, interlace-mode=(string)progressive, pixel-aspect-ratio=(fraction)1/1, multiview-mode=(string)mono, multiview-flags=(GstVideoMultiviewFlagsSet)0:ffffffff:/right-view-first/left-flipped/left-flopped/right-flipped/right-flopped/half-aspect/mixed-mono, views=(int)2, chroma-site=(string)mpeg2, colorimetry=(string)bt709
Got message #2340 from pad "decodebin1:src_0" (property-notify): GstMessagePropertyNotify, property-name=(string)caps, property-value=(GstCaps)"video/x-raw\,\ format\=\(string\)NV12\,\ width\=\(int\)1920\,\ height\=\(int\)1080\,\ framerate\=\(fraction\)30000/1001\,\ interlace-mode\=\(string\)progressive\,\ pixel-aspect-ratio\=\(fraction\)1/1\,\ multiview-mode\=\(string\)mono\,\ multiview-flags\=\(GstVideoMultiviewFlagsSet\)0:ffffffff:/right-view-first/left-flipped/left-flopped/right-flipped/right-flopped/half-aspect/mixed-mono\,\ views\=\(int\)2\,\ chroma-site\=\(string\)mpeg2\,\ colorimetry\=\(string\)bt709";
/GstPipeline:pipeline0/GstDecodeBin:decodebin1.GstDecodePad:src_0: caps = video/x-raw, format=(string)NV12, width=(int)1920, height=(int)1080, framerate=(fraction)30000/1001, interlace-mode=(string)progressive, pixel-aspect-ratio=(fraction)1/1, multiview-mode=(string)mono, multiview-flags=(GstVideoMultiviewFlagsSet)0:ffffffff:/right-view-first/left-flipped/left-flopped/right-flipped/right-flopped/half-aspect/mixed-mono, views=(int)2, chroma-site=(string)mpeg2, colorimetry=(string)bt709
Got message #2341 from pad "queue1:sink" (property-notify): GstMessagePropertyNotify, property-name=(string)caps, property-value=(GstCaps)"video/x-raw\,\ format\=\(string\)NV12\,\ width\=\(int\)1920\,\ height\=\(int\)1080\,\ framerate\=\(fraction\)30000/1001\,\ interlace-mode\=\(string\)progressive\,\ pixel-aspect-ratio\=\(fraction\)1/1\,\ multiview-mode\=\(string\)mono\,\ multiview-flags\=\(GstVideoMultiviewFlagsSet\)0:ffffffff:/right-view-first/left-flipped/left-flopped/right-flipped/right-flopped/half-aspect/mixed-mono\,\ views\=\(int\)2\,\ chroma-site\=\(string\)mpeg2\,\ colorimetry\=\(string\)bt709";
/GstPipeline:pipeline0/GstQueue:queue1.GstPad:sink: caps = video/x-raw, format=(string)NV12, width=(int)1920, height=(int)1080, framerate=(fraction)30000/1001, interlace-mode=(string)progressive, pixel-aspect-ratio=(fraction)1/1, multiview-mode=(string)mono, multiview-flags=(GstVideoMultiviewFlagsSet)0:ffffffff:/right-view-first/left-flipped/left-flopped/right-flipped/right-flopped/half-aspect/mixed-mono, views=(int)2, chroma-site=(string)mpeg2, colorimetry=(string)bt709
Got message #2342 from pad "src_0:proxypad36" (property-notify): GstMessagePropertyNotify, property-name=(string)caps, property-value=(GstCaps)"video/x-raw\,\ format\=\(string\)NV12\,\ width\=\(int\)1920\,\ height\=\(int\)1080\,\ framerate\=\(fraction\)30000/1001\,\ interlace-mode\=\(string\)progressive\,\ pixel-aspect-ratio\=\(fraction\)1/1\,\ multiview-mode\=\(string\)mono\,\ multiview-flags\=\(GstVideoMultiviewFlagsSet\)0:ffffffff:/right-view-first/left-flipped/left-flopped/right-flipped/right-flopped/half-aspect/mixed-mono\,\ views\=\(int\)2\,\ chroma-site\=\(string\)mpeg2\,\ colorimetry\=\(string\)bt709";
/GstPipeline:pipeline0/GstDecodeBin:decodebin1.GstDecodePad:src_0.GstProxyPad:proxypad36: caps = video/x-raw, format=(string)NV12, width=(int)1920, height=(int)1080, framerate=(fraction)30000/1001, interlace-mode=(string)progressive, pixel-aspect-ratio=(fraction)1/1, multiview-mode=(string)mono, multiview-flags=(GstVideoMultiviewFlagsSet)0:ffffffff:/right-view-first/left-flipped/left-flopped/right-flipped/right-flopped/half-aspect/mixed-mono, views=(int)2, chroma-site=(string)mpeg2, colorimetry=(string)bt709
Got message #2343 from pad "src:proxypad52" (property-notify): GstMessagePropertyNotify, property-name=(string)caps, property-value=(GstCaps)"video/x-raw\,\ format\=\(string\)NV12\,\ width\=\(int\)1920\,\ height\=\(int\)1080\,\ framerate\=\(fraction\)30000/1001\,\ interlace-mode\=\(string\)progressive\,\ pixel-aspect-ratio\=\(fraction\)1/1\,\ multiview-mode\=\(string\)mono\,\ multiview-flags\=\(GstVideoMultiviewFlagsSet\)0:ffffffff:/right-view-first/left-flipped/left-flopped/right-flipped/right-flopped/half-aspect/mixed-mono\,\ views\=\(int\)2\,\ chroma-site\=\(string\)mpeg2\,\ colorimetry\=\(string\)bt709";
/GstPipeline:pipeline0/GstDecodeBin:decodebin1/GstVaapiDecodeBin:vaapidecodebin5.GstGhostPad:src.GstProxyPad:proxypad52: caps = video/x-raw, format=(string)NV12, width=(int)1920, height=(int)1080, framerate=(fraction)30000/1001, interlace-mode=(string)progressive, pixel-aspect-ratio=(fraction)1/1, multiview-mode=(string)mono, multiview-flags=(GstVideoMultiviewFlagsSet)0:ffffffff:/right-view-first/left-flipped/left-flopped/right-flipped/right-flopped/half-aspect/mixed-mono, views=(int)2, chroma-site=(string)mpeg2, colorimetry=(string)bt709
Got message #2344 from pad "in:sink_1" (property-notify): GstMessagePropertyNotify, property-name=(string)caps, property-value=(GstCaps)"video/x-raw\,\ format\=\(string\)NV12\,\ width\=\(int\)1920\,\ height\=\(int\)1080\,\ framerate\=\(fraction\)30000/1001\,\ interlace-mode\=\(string\)progressive\,\ pixel-aspect-ratio\=\(fraction\)1/1\,\ multiview-mode\=\(string\)mono\,\ multiview-flags\=\(GstVideoMultiviewFlagsSet\)0:ffffffff:/right-view-first/left-flipped/left-flopped/right-flipped/right-flopped/half-aspect/mixed-mono\,\ views\=\(int\)2\,\ chroma-site\=\(string\)mpeg2\,\ colorimetry\=\(string\)bt709";
/GstPipeline:pipeline0/GstDxInputSelector:in.GstAggregatorPad:sink_1: caps = video/x-raw, format=(string)NV12, width=(int)1920, height=(int)1080, framerate=(fraction)30000/1001, interlace-mode=(string)progressive, pixel-aspect-ratio=(fraction)1/1, multiview-mode=(string)mono, multiview-flags=(GstVideoMultiviewFlagsSet)0:ffffffff:/right-view-first/left-flipped/left-flopped/right-flipped/right-flopped/half-aspect/mixed-mono, views=(int)2, chroma-site=(string)mpeg2, colorimetry=(string)bt709
Got message #2347 from pad "queue1:src" (property-notify): GstMessagePropertyNotify, property-name=(string)caps, property-value=(GstCaps)"video/x-raw\,\ format\=\(string\)NV12\,\ width\=\(int\)1920\,\ height\=\(int\)1080\,\ framerate\=\(fraction\)30000/1001\,\ interlace-mode\=\(string\)progressive\,\ pixel-aspect-ratio\=\(fraction\)1/1\,\ multiview-mode\=\(string\)mono\,\ multiview-flags\=\(GstVideoMultiviewFlagsSet\)0:ffffffff:/right-view-first/left-flipped/left-flopped/right-flipped/right-flopped/half-aspect/mixed-mono\,\ views\=\(int\)2\,\ chroma-site\=\(string\)mpeg2\,\ colorimetry\=\(string\)bt709";
/GstPipeline:pipeline0/GstQueue:queue1.GstPad:src: caps = video/x-raw, format=(string)NV12, width=(int)1920, height=(int)1080, framerate=(fraction)30000/1001, interlace-mode=(string)progressive, pixel-aspect-ratio=(fraction)1/1, multiview-mode=(string)mono, multiview-flags=(GstVideoMultiviewFlagsSet)0:ffffffff:/right-view-first/left-flipped/left-flopped/right-flipped/right-flopped/half-aspect/mixed-mono, views=(int)2, chroma-site=(string)mpeg2, colorimetry=(string)bt709
Got message #2348 from pad "in:sink_1" (property-notify): GstMessagePropertyNotify, property-name=(string)caps, property-value=(GstCaps)"video/x-raw\,\ format\=\(string\)NV12\,\ width\=\(int\)1920\,\ height\=\(int\)1080\,\ framerate\=\(fraction\)30000/1001\,\ interlace-mode\=\(string\)progressive\,\ pixel-aspect-ratio\=\(fraction\)1/1\,\ multiview-mode\=\(string\)mono\,\ multiview-flags\=\(GstVideoMultiviewFlagsSet\)0:ffffffff:/right-view-first/left-flipped/left-flopped/right-flipped/right-flopped/half-aspect/mixed-mono\,\ views\=\(int\)2\,\ chroma-site\=\(string\)mpeg2\,\ colorimetry\=\(string\)bt709";
/GstPipeline:pipeline0/GstDxInputSelector:in.GstAggregatorPad:sink_1: caps = video/x-raw, format=(string)NV12, width=(int)1920, height=(int)1080, framerate=(fraction)30000/1001, interlace-mode=(string)progressive, pixel-aspect-ratio=(fraction)1/1, multiview-mode=(string)mono, multiview-flags=(GstVideoMultiviewFlagsSet)0:ffffffff:/right-view-first/left-flipped/left-flopped/right-flipped/right-flopped/half-aspect/mixed-mono, views=(int)2, chroma-site=(string)mpeg2, colorimetry=(string)bt709
Got message #2350 from pad "out:src_1" (property-notify): GstMessagePropertyNotify, property-name=(string)caps, property-value=(GstCaps)"video/x-raw\,\ format\=\(string\)NV12\,\ width\=\(int\)1920\,\ height\=\(int\)1080\,\ framerate\=\(fraction\)30000/1001\,\ interlace-mode\=\(string\)progressive\,\ pixel-aspect-ratio\=\(fraction\)1/1\,\ multiview-mode\=\(string\)mono\,\ multiview-flags\=\(GstVideoMultiviewFlagsSet\)0:ffffffff:/right-view-first/left-flipped/left-flopped/right-flipped/right-flopped/half-aspect/mixed-mono\,\ views\=\(int\)2\,\ chroma-site\=\(string\)mpeg2\,\ colorimetry\=\(string\)bt709";
/GstPipeline:pipeline0/GstDxOutputSelector:out.GstPad:src_1: caps = video/x-raw, format=(string)NV12, width=(int)1920, height=(int)1080, framerate=(fraction)30000/1001, interlace-mode=(string)progressive, pixel-aspect-ratio=(fraction)1/1, multiview-mode=(string)mono, multiview-flags=(GstVideoMultiviewFlagsSet)0:ffffffff:/right-view-first/left-flipped/left-flopped/right-flipped/right-flopped/half-aspect/mixed-mono, views=(int)2, chroma-site=(string)mpeg2, colorimetry=(string)bt709
Got message #2351 from pad "queue14:sink" (property-notify): GstMessagePropertyNotify, property-name=(string)caps, property-value=(GstCaps)"video/x-raw\,\ format\=\(string\)NV12\,\ width\=\(int\)1920\,\ height\=\(int\)1080\,\ framerate\=\(fraction\)30000/1001\,\ interlace-mode\=\(string\)progressive\,\ pixel-aspect-ratio\=\(fraction\)1/1\,\ multiview-mode\=\(string\)mono\,\ multiview-flags\=\(GstVideoMultiviewFlagsSet\)0:ffffffff:/right-view-first/left-flipped/left-flopped/right-flipped/right-flopped/half-aspect/mixed-mono\,\ views\=\(int\)2\,\ chroma-site\=\(string\)mpeg2\,\ colorimetry\=\(string\)bt709";
/GstPipeline:pipeline0/GstQueue:queue14.GstPad:sink: caps = video/x-raw, format=(string)NV12, width=(int)1920, height=(int)1080, framerate=(fraction)30000/1001, interlace-mode=(string)progressive, pixel-aspect-ratio=(fraction)1/1, multiview-mode=(string)mono, multiview-flags=(GstVideoMultiviewFlagsSet)0:ffffffff:/right-view-first/left-flipped/left-flopped/right-flipped/right-flopped/half-aspect/mixed-mono, views=(int)2, chroma-site=(string)mpeg2, colorimetry=(string)bt709
Got message #2352 from pad "out:src_1" (property-notify): GstMessagePropertyNotify, property-name=(string)caps, property-value=(GstCaps)"video/x-raw\,\ format\=\(string\)NV12\,\ width\=\(int\)1920\,\ height\=\(int\)1080\,\ framerate\=\(fraction\)30000/1001\,\ interlace-mode\=\(string\)progressive\,\ pixel-aspect-ratio\=\(fraction\)1/1\,\ multiview-mode\=\(string\)mono\,\ multiview-flags\=\(GstVideoMultiviewFlagsSet\)0:ffffffff:/right-view-first/left-flipped/left-flopped/right-flipped/right-flopped/half-aspect/mixed-mono\,\ views\=\(int\)2\,\ chroma-site\=\(string\)mpeg2\,\ colorimetry\=\(string\)bt709";
/GstPipeline:pipeline0/GstDxOutputSelector:out.GstPad:src_1: caps = video/x-raw, format=(string)NV12, width=(int)1920, height=(int)1080, framerate=(fraction)30000/1001, interlace-mode=(string)progressive, pixel-aspect-ratio=(fraction)1/1, multiview-mode=(string)mono, multiview-flags=(GstVideoMultiviewFlagsSet)0:ffffffff:/right-view-first/left-flipped/left-flopped/right-flipped/right-flopped/half-aspect/mixed-mono, views=(int)2, chroma-site=(string)mpeg2, colorimetry=(string)bt709
Got message #2353 from pad "queue14:src" (property-notify): GstMessagePropertyNotify, property-name=(string)caps, property-value=(GstCaps)"video/x-raw\,\ format\=\(string\)NV12\,\ width\=\(int\)1920\,\ height\=\(int\)1080\,\ framerate\=\(fraction\)30000/1001\,\ interlace-mode\=\(string\)progressive\,\ pixel-aspect-ratio\=\(fraction\)1/1\,\ multiview-mode\=\(string\)mono\,\ multiview-flags\=\(GstVideoMultiviewFlagsSet\)0:ffffffff:/right-view-first/left-flipped/left-flopped/right-flipped/right-flopped/half-aspect/mixed-mono\,\ views\=\(int\)2\,\ chroma-site\=\(string\)mpeg2\,\ colorimetry\=\(string\)bt709";
/GstPipeline:pipeline0/GstQueue:queue14.GstPad:src: caps = video/x-raw, format=(string)NV12, width=(int)1920, height=(int)1080, framerate=(fraction)30000/1001, interlace-mode=(string)progressive, pixel-aspect-ratio=(fraction)1/1, multiview-mode=(string)mono, multiview-flags=(GstVideoMultiviewFlagsSet)0:ffffffff:/right-view-first/left-flipped/left-flopped/right-flipped/right-flopped/half-aspect/mixed-mono, views=(int)2, chroma-site=(string)mpeg2, colorimetry=(string)bt709
Got message #2354 from pad "queue14:src" (property-notify): GstMessagePropertyNotify, property-name=(string)caps, property-value=(GstCaps)"video/x-raw\,\ format\=\(string\)NV12\,\ width\=\(int\)1920\,\ height\=\(int\)1080\,\ framerate\=\(fraction\)30000/1001\,\ interlace-mode\=\(string\)progressive\,\ pixel-aspect-ratio\=\(fraction\)1/1\,\ multiview-mode\=\(string\)mono\,\ multiview-flags\=\(GstVideoMultiviewFlagsSet\)0:ffffffff:/right-view-first/left-flipped/left-flopped/right-flipped/right-flopped/half-aspect/mixed-mono\,\ views\=\(int\)2\,\ chroma-site\=\(string\)mpeg2\,\ colorimetry\=\(string\)bt709";
/GstPipeline:pipeline0/GstQueue:queue14.GstPad:src: caps = video/x-raw, format=(string)NV12, width=(int)1920, height=(int)1080, framerate=(fraction)30000/1001, interlace-mode=(string)progressive, pixel-aspect-ratio=(fraction)1/1, multiview-mode=(string)mono, multiview-flags=(GstVideoMultiviewFlagsSet)0:ffffffff:/right-view-first/left-flipped/left-flopped/right-flipped/right-flopped/half-aspect/mixed-mono, views=(int)2, chroma-site=(string)mpeg2, colorimetry=(string)bt709
Got message #2355 from pad "fakesink1:sink" (property-notify): GstMessagePropertyNotify, property-name=(string)caps, property-value=(GstCaps)"video/x-raw\,\ format\=\(string\)NV12\,\ width\=\(int\)1920\,\ height\=\(int\)1080\,\ framerate\=\(fraction\)30000/1001\,\ interlace-mode\=\(string\)progressive\,\ pixel-aspect-ratio\=\(fraction\)1/1\,\ multiview-mode\=\(string\)mono\,\ multiview-flags\=\(GstVideoMultiviewFlagsSet\)0:ffffffff:/right-view-first/left-flipped/left-flopped/right-flipped/right-flopped/half-aspect/mixed-mono\,\ views\=\(int\)2\,\ chroma-site\=\(string\)mpeg2\,\ colorimetry\=\(string\)bt709";
/GstPipeline:pipeline0/GstFakeSink:fakesink1.GstPad:sink: caps = video/x-raw, format=(string)NV12, width=(int)1920, height=(int)1080, framerate=(fraction)30000/1001, interlace-mode=(string)progressive, pixel-aspect-ratio=(fraction)1/1, multiview-mode=(string)mono, multiview-flags=(GstVideoMultiviewFlagsSet)0:ffffffff:/right-view-first/left-flipped/left-flopped/right-flipped/right-flopped/half-aspect/mixed-mono, views=(int)2, chroma-site=(string)mpeg2, colorimetry=(string)bt709
Got message #2356 from pad "queue14:src" (property-notify): GstMessagePropertyNotify, property-name=(string)caps, property-value=(GstCaps)"video/x-raw\,\ format\=\(string\)NV12\,\ width\=\(int\)1920\,\ height\=\(int\)1080\,\ framerate\=\(fraction\)30000/1001\,\ interlace-mode\=\(string\)progressive\,\ pixel-aspect-ratio\=\(fraction\)1/1\,\ multiview-mode\=\(string\)mono\,\ multiview-flags\=\(GstVideoMultiviewFlagsSet\)0:ffffffff:/right-view-first/left-flipped/left-flopped/right-flipped/right-flopped/half-aspect/mixed-mono\,\ views\=\(int\)2\,\ chroma-site\=\(string\)mpeg2\,\ colorimetry\=\(string\)bt709";
/GstPipeline:pipeline0/GstQueue:queue14.GstPad:src: caps = video/x-raw, format=(string)NV12, width=(int)1920, height=(int)1080, framerate=(fraction)30000/1001, interlace-mode=(string)progressive, pixel-aspect-ratio=(fraction)1/1, multiview-mode=(string)mono, multiview-flags=(GstVideoMultiviewFlagsSet)0:ffffffff:/right-view-first/left-flipped/left-flopped/right-flipped/right-flopped/half-aspect/mixed-mono, views=(int)2, chroma-site=(string)mpeg2, colorimetry=(string)bt709
Got message #2357 from pad "fakesink1:sink" (property-notify): GstMessagePropertyNotify, property-name=(string)caps, property-value=(GstCaps)"video/x-raw\,\ format\=\(string\)NV12\,\ width\=\(int\)1920\,\ height\=\(int\)1080\,\ framerate\=\(fraction\)30000/1001\,\ interlace-mode\=\(string\)progressive\,\ pixel-aspect-ratio\=\(fraction\)1/1\,\ multiview-mode\=\(string\)mono\,\ multiview-flags\=\(GstVideoMultiviewFlagsSet\)0:ffffffff:/right-view-first/left-flipped/left-flopped/right-flipped/right-flopped/half-aspect/mixed-mono\,\ views\=\(int\)2\,\ chroma-site\=\(string\)mpeg2\,\ colorimetry\=\(string\)bt709";
/GstPipeline:pipeline0/GstFakeSink:fakesink1.GstPad:sink: caps = video/x-raw, format=(string)NV12, width=(int)1920, height=(int)1080, framerate=(fraction)30000/1001, interlace-mode=(string)progressive, pixel-aspect-ratio=(fraction)1/1, multiview-mode=(string)mono, multiview-flags=(GstVideoMultiviewFlagsSet)0:ffffffff:/right-view-first/left-flipped/left-flopped/right-flipped/right-flopped/half-aspect/mixed-mono, views=(int)2, chroma-site=(string)mpeg2, colorimetry=(string)bt709
Got message #2358 from pad "vaapipostproc9:sink" (property-notify): GstMessagePropertyNotify, property-name=(string)caps, property-value=(GstCaps)"video/x-raw\(memory:VASurface\)\,\ format\=\(string\)NV12\,\ width\=\(int\)1920\,\ height\=\(int\)1080\,\ interlace-mode\=\(string\)progressive\,\ multiview-mode\=\(string\)mono\,\ multiview-flags\=\(GstVideoMultiviewFlagsSet\)0:ffffffff:/right-view-first/left-flipped/left-flopped/right-flipped/right-flopped/half-aspect/mixed-mono\,\ pixel-aspect-ratio\=\(fraction\)1/1\,\ colorimetry\=\(string\)bt709\,\ views\=\(int\)2\,\ framerate\=\(fraction\)30000/1001";
/GstPipeline:pipeline0/GstDecodeBin:decodebin1/GstVaapiDecodeBin:vaapidecodebin5/GstVaapiPostproc:vaapipostproc9.GstPad:sink: caps = video/x-raw(memory:VASurface), format=(string)NV12, width=(int)1920, height=(int)1080, interlace-mode=(string)progressive, multiview-mode=(string)mono, multiview-flags=(GstVideoMultiviewFlagsSet)0:ffffffff:/right-view-first/left-flipped/left-flopped/right-flipped/right-flopped/half-aspect/mixed-mono, pixel-aspect-ratio=(fraction)1/1, colorimetry=(string)bt709, views=(int)2, framerate=(fraction)30000/1001
Got message #2359 from pad "capsfilter14:sink" (property-notify): GstMessagePropertyNotify, property-name=(string)caps, property-value=(GstCaps)"video/x-raw\(memory:VASurface\)\,\ format\=\(string\)NV12\,\ width\=\(int\)1920\,\ height\=\(int\)1080\,\ interlace-mode\=\(string\)progressive\,\ multiview-mode\=\(string\)mono\,\ multiview-flags\=\(GstVideoMultiviewFlagsSet\)0:ffffffff:/right-view-first/left-flipped/left-flopped/right-flipped/right-flopped/half-aspect/mixed-mono\,\ pixel-aspect-ratio\=\(fraction\)1/1\,\ colorimetry\=\(string\)bt709\,\ views\=\(int\)2\,\ framerate\=\(fraction\)30000/1001";
/GstPipeline:pipeline0/GstDecodeBin:decodebin1/GstVaapiDecodeBin:vaapidecodebin5/GstCapsFilter:capsfilter14.GstPad:sink: caps = video/x-raw(memory:VASurface), format=(string)NV12, width=(int)1920, height=(int)1080, interlace-mode=(string)progressive, multiview-mode=(string)mono, multiview-flags=(GstVideoMultiviewFlagsSet)0:ffffffff:/right-view-first/left-flipped/left-flopped/right-flipped/right-flopped/half-aspect/mixed-mono, pixel-aspect-ratio=(fraction)1/1, colorimetry=(string)bt709, views=(int)2, framerate=(fraction)30000/1001
Got message #2364 from element "fakesink1" (tag): GstMessageTag, taglist=(taglist)"taglist\,\ video-codec\=\(string\)\"H.264\\\ /\\\ AVC\"\,\ maximum-bitrate\=\(uint\)4472819\,\ bitrate\=\(uint\)4472819\;";
Got message #2365 from element "fakesink1" (tag): GstMessageTag, taglist=(taglist)"taglist\,\ encoder\=\(string\)Lavf60.16.100\,\ container-format\=\(string\)\"ISO\\\ MP4/M4A\"\;";
Got message #2366 from element "fakesink1" (tag): GstMessageTag, taglist=(taglist)"taglist\,\ video-codec\=\(string\)\"H.264\\\ \\\(High\\\ Profile\\\)\"\,\ maximum-bitrate\=\(uint\)4472819\,\ bitrate\=\(uint\)4472819\;";
Got message #2367 from element "vaapidecode3" (latency): no message details
Redistribute latency...
Got message #2369 from pad "vaapidecode3:src" (property-notify): GstMessagePropertyNotify, property-name=(string)caps, property-value=(GstCaps)"video/x-raw\(memory:VASurface\)\,\ format\=\(string\)NV12\,\ width\=\(int\)1920\,\ height\=\(int\)1080\,\ interlace-mode\=\(string\)progressive\,\ multiview-mode\=\(string\)mono\,\ multiview-flags\=\(GstVideoMultiviewFlagsSet\)0:ffffffff:/right-view-first/left-flipped/left-flopped/right-flipped/right-flopped/half-aspect/mixed-mono\,\ pixel-aspect-ratio\=\(fraction\)1/1\,\ colorimetry\=\(string\)bt709\,\ views\=\(int\)2\,\ framerate\=\(fraction\)30000/1001";
/GstPipeline:pipeline0/GstDecodeBin:decodebin2/GstVaapiDecodeBin:vaapidecodebin7/GstVaapiDecode:vaapidecode3.GstPad:src: caps = video/x-raw(memory:VASurface), format=(string)NV12, width=(int)1920, height=(int)1080, interlace-mode=(string)progressive, multiview-mode=(string)mono, multiview-flags=(GstVideoMultiviewFlagsSet)0:ffffffff:/right-view-first/left-flipped/left-flopped/right-flipped/right-flopped/half-aspect/mixed-mono, pixel-aspect-ratio=(fraction)1/1, colorimetry=(string)bt709, views=(int)2, framerate=(fraction)30000/1001
Got message #2370 from pad "queue30:sink" (property-notify): GstMessagePropertyNotify, property-name=(string)caps, property-value=(GstCaps)"video/x-raw\(memory:VASurface\)\,\ format\=\(string\)NV12\,\ width\=\(int\)1920\,\ height\=\(int\)1080\,\ interlace-mode\=\(string\)progressive\,\ multiview-mode\=\(string\)mono\,\ multiview-flags\=\(GstVideoMultiviewFlagsSet\)0:ffffffff:/right-view-first/left-flipped/left-flopped/right-flipped/right-flopped/half-aspect/mixed-mono\,\ pixel-aspect-ratio\=\(fraction\)1/1\,\ colorimetry\=\(string\)bt709\,\ views\=\(int\)2\,\ framerate\=\(fraction\)30000/1001";
/GstPipeline:pipeline0/GstDecodeBin:decodebin2/GstVaapiDecodeBin:vaapidecodebin7/GstQueue:queue30.GstPad:sink: caps = video/x-raw(memory:VASurface), format=(string)NV12, width=(int)1920, height=(int)1080, interlace-mode=(string)progressive, multiview-mode=(string)mono, multiview-flags=(GstVideoMultiviewFlagsSet)0:ffffffff:/right-view-first/left-flipped/left-flopped/right-flipped/right-flopped/half-aspect/mixed-mono, pixel-aspect-ratio=(fraction)1/1, colorimetry=(string)bt709, views=(int)2, framerate=(fraction)30000/1001
Got message #2371 from pad "queue30:src" (property-notify): GstMessagePropertyNotify, property-name=(string)caps, property-value=(GstCaps)"video/x-raw\(memory:VASurface\)\,\ format\=\(string\)NV12\,\ width\=\(int\)1920\,\ height\=\(int\)1080\,\ interlace-mode\=\(string\)progressive\,\ multiview-mode\=\(string\)mono\,\ multiview-flags\=\(GstVideoMultiviewFlagsSet\)0:ffffffff:/right-view-first/left-flipped/left-flopped/right-flipped/right-flopped/half-aspect/mixed-mono\,\ pixel-aspect-ratio\=\(fraction\)1/1\,\ colorimetry\=\(string\)bt709\,\ views\=\(int\)2\,\ framerate\=\(fraction\)30000/1001";
/GstPipeline:pipeline0/GstDecodeBin:decodebin2/GstVaapiDecodeBin:vaapidecodebin7/GstQueue:queue30.GstPad:src: caps = video/x-raw(memory:VASurface), format=(string)NV12, width=(int)1920, height=(int)1080, interlace-mode=(string)progressive, multiview-mode=(string)mono, multiview-flags=(GstVideoMultiviewFlagsSet)0:ffffffff:/right-view-first/left-flipped/left-flopped/right-flipped/right-flopped/half-aspect/mixed-mono, pixel-aspect-ratio=(fraction)1/1, colorimetry=(string)bt709, views=(int)2, framerate=(fraction)30000/1001
Got message #2373 from pad "capsfilter18:src" (property-notify): GstMessagePropertyNotify, property-name=(string)caps, property-value=(GstCaps)"video/x-raw\(memory:VASurface\)\,\ format\=\(string\)NV12\,\ width\=\(int\)1920\,\ height\=\(int\)1080\,\ interlace-mode\=\(string\)progressive\,\ multiview-mode\=\(string\)mono\,\ multiview-flags\=\(GstVideoMultiviewFlagsSet\)0:ffffffff:/right-view-first/left-flipped/left-flopped/right-flipped/right-flopped/half-aspect/mixed-mono\,\ pixel-aspect-ratio\=\(fraction\)1/1\,\ colorimetry\=\(string\)bt709\,\ views\=\(int\)2\,\ framerate\=\(fraction\)30000/1001";
/GstPipeline:pipeline0/GstDecodeBin:decodebin2/GstVaapiDecodeBin:vaapidecodebin7/GstCapsFilter:capsfilter18.GstPad:src: caps = video/x-raw(memory:VASurface), format=(string)NV12, width=(int)1920, height=(int)1080, interlace-mode=(string)progressive, multiview-mode=(string)mono, multiview-flags=(GstVideoMultiviewFlagsSet)0:ffffffff:/right-view-first/left-flipped/left-flopped/right-flipped/right-flopped/half-aspect/mixed-mono, pixel-aspect-ratio=(fraction)1/1, colorimetry=(string)bt709, views=(int)2, framerate=(fraction)30000/1001
Got message #2376 from pad "vaapipostproc8:src" (property-notify): GstMessagePropertyNotify, property-name=(string)caps, property-value=(GstCaps)"video/x-raw\,\ format\=\(string\)NV12\,\ width\=\(int\)1920\,\ height\=\(int\)1080\,\ framerate\=\(fraction\)30000/1001\,\ interlace-mode\=\(string\)progressive\,\ pixel-aspect-ratio\=\(fraction\)1/1\,\ multiview-mode\=\(string\)mono\,\ multiview-flags\=\(GstVideoMultiviewFlagsSet\)0:ffffffff:/right-view-first/left-flipped/left-flopped/right-flipped/right-flopped/half-aspect/mixed-mono\,\ views\=\(int\)2\,\ chroma-site\=\(string\)mpeg2\,\ colorimetry\=\(string\)bt709";
/GstPipeline:pipeline0/GstDecodeBin:decodebin2/GstVaapiDecodeBin:vaapidecodebin7/GstVaapiPostproc:vaapipostproc8.GstPad:src: caps = video/x-raw, format=(string)NV12, width=(int)1920, height=(int)1080, framerate=(fraction)30000/1001, interlace-mode=(string)progressive, pixel-aspect-ratio=(fraction)1/1, multiview-mode=(string)mono, multiview-flags=(GstVideoMultiviewFlagsSet)0:ffffffff:/right-view-first/left-flipped/left-flopped/right-flipped/right-flopped/half-aspect/mixed-mono, views=(int)2, chroma-site=(string)mpeg2, colorimetry=(string)bt709
Got message #2377 from pad "vaapidecodebin7:src" (property-notify): GstMessagePropertyNotify, property-name=(string)caps, property-value=(GstCaps)"video/x-raw\,\ format\=\(string\)NV12\,\ width\=\(int\)1920\,\ height\=\(int\)1080\,\ framerate\=\(fraction\)30000/1001\,\ interlace-mode\=\(string\)progressive\,\ pixel-aspect-ratio\=\(fraction\)1/1\,\ multiview-mode\=\(string\)mono\,\ multiview-flags\=\(GstVideoMultiviewFlagsSet\)0:ffffffff:/right-view-first/left-flipped/left-flopped/right-flipped/right-flopped/half-aspect/mixed-mono\,\ views\=\(int\)2\,\ chroma-site\=\(string\)mpeg2\,\ colorimetry\=\(string\)bt709";
/GstPipeline:pipeline0/GstDecodeBin:decodebin2/GstVaapiDecodeBin:vaapidecodebin7.GstGhostPad:src: caps = video/x-raw, format=(string)NV12, width=(int)1920, height=(int)1080, framerate=(fraction)30000/1001, interlace-mode=(string)progressive, pixel-aspect-ratio=(fraction)1/1, multiview-mode=(string)mono, multiview-flags=(GstVideoMultiviewFlagsSet)0:ffffffff:/right-view-first/left-flipped/left-flopped/right-flipped/right-flopped/half-aspect/mixed-mono, views=(int)2, chroma-site=(string)mpeg2, colorimetry=(string)bt709
Got message #2383 from element "decodebin2" (state-changed): GstMessageStateChanged, old-state=(GstState)ready, new-state=(GstState)paused, pending-state=(GstState)void-pending;
Got message #2384 from pad "queue2:sink" (property-notify): GstMessagePropertyNotify, property-name=(string)caps, property-value=(GstCaps)"video/x-raw\,\ format\=\(string\)NV12\,\ width\=\(int\)1920\,\ height\=\(int\)1080\,\ framerate\=\(fraction\)30000/1001\,\ interlace-mode\=\(string\)progressive\,\ pixel-aspect-ratio\=\(fraction\)1/1\,\ multiview-mode\=\(string\)mono\,\ multiview-flags\=\(GstVideoMultiviewFlagsSet\)0:ffffffff:/right-view-first/left-flipped/left-flopped/right-flipped/right-flopped/half-aspect/mixed-mono\,\ views\=\(int\)2\,\ chroma-site\=\(string\)mpeg2\,\ colorimetry\=\(string\)bt709";
/GstPipeline:pipeline0/GstQueue:queue2.GstPad:sink: caps = video/x-raw, format=(string)NV12, width=(int)1920, height=(int)1080, framerate=(fraction)30000/1001, interlace-mode=(string)progressive, pixel-aspect-ratio=(fraction)1/1, multiview-mode=(string)mono, multiview-flags=(GstVideoMultiviewFlagsSet)0:ffffffff:/right-view-first/left-flipped/left-flopped/right-flipped/right-flopped/half-aspect/mixed-mono, views=(int)2, chroma-site=(string)mpeg2, colorimetry=(string)bt709
Got message #2385 from pad "src_0:proxypad39" (property-notify): GstMessagePropertyNotify, property-name=(string)caps, property-value=(GstCaps)"video/x-raw\,\ format\=\(string\)NV12\,\ width\=\(int\)1920\,\ height\=\(int\)1080\,\ framerate\=\(fraction\)30000/1001\,\ interlace-mode\=\(string\)progressive\,\ pixel-aspect-ratio\=\(fraction\)1/1\,\ multiview-mode\=\(string\)mono\,\ multiview-flags\=\(GstVideoMultiviewFlagsSet\)0:ffffffff:/right-view-first/left-flipped/left-flopped/right-flipped/right-flopped/half-aspect/mixed-mono\,\ views\=\(int\)2\,\ chroma-site\=\(string\)mpeg2\,\ colorimetry\=\(string\)bt709";
/GstPipeline:pipeline0/GstDecodeBin:decodebin2.GstDecodePad:src_0.GstProxyPad:proxypad39: caps = video/x-raw, format=(string)NV12, width=(int)1920, height=(int)1080, framerate=(fraction)30000/1001, interlace-mode=(string)progressive, pixel-aspect-ratio=(fraction)1/1, multiview-mode=(string)mono, multiview-flags=(GstVideoMultiviewFlagsSet)0:ffffffff:/right-view-first/left-flipped/left-flopped/right-flipped/right-flopped/half-aspect/mixed-mono, views=(int)2, chroma-site=(string)mpeg2, colorimetry=(string)bt709
Got message #2386 from pad "src:proxypad56" (property-notify): GstMessagePropertyNotify, property-name=(string)caps, property-value=(GstCaps)"video/x-raw\,\ format\=\(string\)NV12\,\ width\=\(int\)1920\,\ height\=\(int\)1080\,\ framerate\=\(fraction\)30000/1001\,\ interlace-mode\=\(string\)progressive\,\ pixel-aspect-ratio\=\(fraction\)1/1\,\ multiview-mode\=\(string\)mono\,\ multiview-flags\=\(GstVideoMultiviewFlagsSet\)0:ffffffff:/right-view-first/left-flipped/left-flopped/right-flipped/right-flopped/half-aspect/mixed-mono\,\ views\=\(int\)2\,\ chroma-site\=\(string\)mpeg2\,\ colorimetry\=\(string\)bt709";
/GstPipeline:pipeline0/GstDecodeBin:decodebin2/GstVaapiDecodeBin:vaapidecodebin7.GstGhostPad:src.GstProxyPad:proxypad56: caps = video/x-raw, format=(string)NV12, width=(int)1920, height=(int)1080, framerate=(fraction)30000/1001, interlace-mode=(string)progressive, pixel-aspect-ratio=(fraction)1/1, multiview-mode=(string)mono, multiview-flags=(GstVideoMultiviewFlagsSet)0:ffffffff:/right-view-first/left-flipped/left-flopped/right-flipped/right-flopped/half-aspect/mixed-mono, views=(int)2, chroma-site=(string)mpeg2, colorimetry=(string)bt709
Got message #2388 from pad "vaapipostproc8:src" (property-notify): GstMessagePropertyNotify, property-name=(string)caps, property-value=(GstCaps)"video/x-raw\,\ format\=\(string\)NV12\,\ width\=\(int\)1920\,\ height\=\(int\)1080\,\ framerate\=\(fraction\)30000/1001\,\ interlace-mode\=\(string\)progressive\,\ pixel-aspect-ratio\=\(fraction\)1/1\,\ multiview-mode\=\(string\)mono\,\ multiview-flags\=\(GstVideoMultiviewFlagsSet\)0:ffffffff:/right-view-first/left-flipped/left-flopped/right-flipped/right-flopped/half-aspect/mixed-mono\,\ views\=\(int\)2\,\ chroma-site\=\(string\)mpeg2\,\ colorimetry\=\(string\)bt709";
/GstPipeline:pipeline0/GstDecodeBin:decodebin2/GstVaapiDecodeBin:vaapidecodebin7/GstVaapiPostproc:vaapipostproc8.GstPad:src: caps = video/x-raw, format=(string)NV12, width=(int)1920, height=(int)1080, framerate=(fraction)30000/1001, interlace-mode=(string)progressive, pixel-aspect-ratio=(fraction)1/1, multiview-mode=(string)mono, multiview-flags=(GstVideoMultiviewFlagsSet)0:ffffffff:/right-view-first/left-flipped/left-flopped/right-flipped/right-flopped/half-aspect/mixed-mono, views=(int)2, chroma-site=(string)mpeg2, colorimetry=(string)bt709
Got message #2390 from pad "queue2:src" (property-notify): GstMessagePropertyNotify, property-name=(string)caps, property-value=(GstCaps)"video/x-raw\,\ format\=\(string\)NV12\,\ width\=\(int\)1920\,\ height\=\(int\)1080\,\ framerate\=\(fraction\)30000/1001\,\ interlace-mode\=\(string\)progressive\,\ pixel-aspect-ratio\=\(fraction\)1/1\,\ multiview-mode\=\(string\)mono\,\ multiview-flags\=\(GstVideoMultiviewFlagsSet\)0:ffffffff:/right-view-first/left-flipped/left-flopped/right-flipped/right-flopped/half-aspect/mixed-mono\,\ views\=\(int\)2\,\ chroma-site\=\(string\)mpeg2\,\ colorimetry\=\(string\)bt709";
/GstPipeline:pipeline0/GstQueue:queue2.GstPad:src: caps = video/x-raw, format=(string)NV12, width=(int)1920, height=(int)1080, framerate=(fraction)30000/1001, interlace-mode=(string)progressive, pixel-aspect-ratio=(fraction)1/1, multiview-mode=(string)mono, multiview-flags=(GstVideoMultiviewFlagsSet)0:ffffffff:/right-view-first/left-flipped/left-flopped/right-flipped/right-flopped/half-aspect/mixed-mono, views=(int)2, chroma-site=(string)mpeg2, colorimetry=(string)bt709
Got message #2391 from pad "queue2:src" (property-notify): GstMessagePropertyNotify, property-name=(string)caps, property-value=(GstCaps)"video/x-raw\,\ format\=\(string\)NV12\,\ width\=\(int\)1920\,\ height\=\(int\)1080\,\ framerate\=\(fraction\)30000/1001\,\ interlace-mode\=\(string\)progressive\,\ pixel-aspect-ratio\=\(fraction\)1/1\,\ multiview-mode\=\(string\)mono\,\ multiview-flags\=\(GstVideoMultiviewFlagsSet\)0:ffffffff:/right-view-first/left-flipped/left-flopped/right-flipped/right-flopped/half-aspect/mixed-mono\,\ views\=\(int\)2\,\ chroma-site\=\(string\)mpeg2\,\ colorimetry\=\(string\)bt709";
/GstPipeline:pipeline0/GstQueue:queue2.GstPad:src: caps = video/x-raw, format=(string)NV12, width=(int)1920, height=(int)1080, framerate=(fraction)30000/1001, interlace-mode=(string)progressive, pixel-aspect-ratio=(fraction)1/1, multiview-mode=(string)mono, multiview-flags=(GstVideoMultiviewFlagsSet)0:ffffffff:/right-view-first/left-flipped/left-flopped/right-flipped/right-flopped/half-aspect/mixed-mono, views=(int)2, chroma-site=(string)mpeg2, colorimetry=(string)bt709
Got message #2392 from pad "decodebin2:src_0" (property-notify): GstMessagePropertyNotify, property-name=(string)caps, property-value=(GstCaps)"video/x-raw\,\ format\=\(string\)NV12\,\ width\=\(int\)1920\,\ height\=\(int\)1080\,\ framerate\=\(fraction\)30000/1001\,\ interlace-mode\=\(string\)progressive\,\ pixel-aspect-ratio\=\(fraction\)1/1\,\ multiview-mode\=\(string\)mono\,\ multiview-flags\=\(GstVideoMultiviewFlagsSet\)0:ffffffff:/right-view-first/left-flipped/left-flopped/right-flipped/right-flopped/half-aspect/mixed-mono\,\ views\=\(int\)2\,\ chroma-site\=\(string\)mpeg2\,\ colorimetry\=\(string\)bt709";
/GstPipeline:pipeline0/GstDecodeBin:decodebin2.GstDecodePad:src_0: caps = video/x-raw, format=(string)NV12, width=(int)1920, height=(int)1080, framerate=(fraction)30000/1001, interlace-mode=(string)progressive, pixel-aspect-ratio=(fraction)1/1, multiview-mode=(string)mono, multiview-flags=(GstVideoMultiviewFlagsSet)0:ffffffff:/right-view-first/left-flipped/left-flopped/right-flipped/right-flopped/half-aspect/mixed-mono, views=(int)2, chroma-site=(string)mpeg2, colorimetry=(string)bt709
Got message #2393 from pad "queue2:sink" (property-notify): GstMessagePropertyNotify, property-name=(string)caps, property-value=(GstCaps)"video/x-raw\,\ format\=\(string\)NV12\,\ width\=\(int\)1920\,\ height\=\(int\)1080\,\ framerate\=\(fraction\)30000/1001\,\ interlace-mode\=\(string\)progressive\,\ pixel-aspect-ratio\=\(fraction\)1/1\,\ multiview-mode\=\(string\)mono\,\ multiview-flags\=\(GstVideoMultiviewFlagsSet\)0:ffffffff:/right-view-first/left-flipped/left-flopped/right-flipped/right-flopped/half-aspect/mixed-mono\,\ views\=\(int\)2\,\ chroma-site\=\(string\)mpeg2\,\ colorimetry\=\(string\)bt709";
/GstPipeline:pipeline0/GstQueue:queue2.GstPad:sink: caps = video/x-raw, format=(string)NV12, width=(int)1920, height=(int)1080, framerate=(fraction)30000/1001, interlace-mode=(string)progressive, pixel-aspect-ratio=(fraction)1/1, multiview-mode=(string)mono, multiview-flags=(GstVideoMultiviewFlagsSet)0:ffffffff:/right-view-first/left-flipped/left-flopped/right-flipped/right-flopped/half-aspect/mixed-mono, views=(int)2, chroma-site=(string)mpeg2, colorimetry=(string)bt709
Got message #2394 from pad "src_0:proxypad39" (property-notify): GstMessagePropertyNotify, property-name=(string)caps, property-value=(GstCaps)"video/x-raw\,\ format\=\(string\)NV12\,\ width\=\(int\)1920\,\ height\=\(int\)1080\,\ framerate\=\(fraction\)30000/1001\,\ interlace-mode\=\(string\)progressive\,\ pixel-aspect-ratio\=\(fraction\)1/1\,\ multiview-mode\=\(string\)mono\,\ multiview-flags\=\(GstVideoMultiviewFlagsSet\)0:ffffffff:/right-view-first/left-flipped/left-flopped/right-flipped/right-flopped/half-aspect/mixed-mono\,\ views\=\(int\)2\,\ chroma-site\=\(string\)mpeg2\,\ colorimetry\=\(string\)bt709";
/GstPipeline:pipeline0/GstDecodeBin:decodebin2.GstDecodePad:src_0.GstProxyPad:proxypad39: caps = video/x-raw, format=(string)NV12, width=(int)1920, height=(int)1080, framerate=(fraction)30000/1001, interlace-mode=(string)progressive, pixel-aspect-ratio=(fraction)1/1, multiview-mode=(string)mono, multiview-flags=(GstVideoMultiviewFlagsSet)0:ffffffff:/right-view-first/left-flipped/left-flopped/right-flipped/right-flopped/half-aspect/mixed-mono, views=(int)2, chroma-site=(string)mpeg2, colorimetry=(string)bt709
Got message #2395 from pad "src:proxypad56" (property-notify): GstMessagePropertyNotify, property-name=(string)caps, property-value=(GstCaps)"video/x-raw\,\ format\=\(string\)NV12\,\ width\=\(int\)1920\,\ height\=\(int\)1080\,\ framerate\=\(fraction\)30000/1001\,\ interlace-mode\=\(string\)progressive\,\ pixel-aspect-ratio\=\(fraction\)1/1\,\ multiview-mode\=\(string\)mono\,\ multiview-flags\=\(GstVideoMultiviewFlagsSet\)0:ffffffff:/right-view-first/left-flipped/left-flopped/right-flipped/right-flopped/half-aspect/mixed-mono\,\ views\=\(int\)2\,\ chroma-site\=\(string\)mpeg2\,\ colorimetry\=\(string\)bt709";
/GstPipeline:pipeline0/GstDecodeBin:decodebin2/GstVaapiDecodeBin:vaapidecodebin7.GstGhostPad:src.GstProxyPad:proxypad56: caps = video/x-raw, format=(string)NV12, width=(int)1920, height=(int)1080, framerate=(fraction)30000/1001, interlace-mode=(string)progressive, pixel-aspect-ratio=(fraction)1/1, multiview-mode=(string)mono, multiview-flags=(GstVideoMultiviewFlagsSet)0:ffffffff:/right-view-first/left-flipped/left-flopped/right-flipped/right-flopped/half-aspect/mixed-mono, views=(int)2, chroma-site=(string)mpeg2, colorimetry=(string)bt709
Got message #2396 from pad "in:sink_2" (property-notify): GstMessagePropertyNotify, property-name=(string)caps, property-value=(GstCaps)"video/x-raw\,\ format\=\(string\)NV12\,\ width\=\(int\)1920\,\ height\=\(int\)1080\,\ framerate\=\(fraction\)30000/1001\,\ interlace-mode\=\(string\)progressive\,\ pixel-aspect-ratio\=\(fraction\)1/1\,\ multiview-mode\=\(string\)mono\,\ multiview-flags\=\(GstVideoMultiviewFlagsSet\)0:ffffffff:/right-view-first/left-flipped/left-flopped/right-flipped/right-flopped/half-aspect/mixed-mono\,\ views\=\(int\)2\,\ chroma-site\=\(string\)mpeg2\,\ colorimetry\=\(string\)bt709";
/GstPipeline:pipeline0/GstDxInputSelector:in.GstAggregatorPad:sink_2: caps = video/x-raw, format=(string)NV12, width=(int)1920, height=(int)1080, framerate=(fraction)30000/1001, interlace-mode=(string)progressive, pixel-aspect-ratio=(fraction)1/1, multiview-mode=(string)mono, multiview-flags=(GstVideoMultiviewFlagsSet)0:ffffffff:/right-view-first/left-flipped/left-flopped/right-flipped/right-flopped/half-aspect/mixed-mono, views=(int)2, chroma-site=(string)mpeg2, colorimetry=(string)bt709
Got message #2398 from pad "queue2:src" (property-notify): GstMessagePropertyNotify, property-name=(string)caps, property-value=(GstCaps)"video/x-raw\,\ format\=\(string\)NV12\,\ width\=\(int\)1920\,\ height\=\(int\)1080\,\ framerate\=\(fraction\)30000/1001\,\ interlace-mode\=\(string\)progressive\,\ pixel-aspect-ratio\=\(fraction\)1/1\,\ multiview-mode\=\(string\)mono\,\ multiview-flags\=\(GstVideoMultiviewFlagsSet\)0:ffffffff:/right-view-first/left-flipped/left-flopped/right-flipped/right-flopped/half-aspect/mixed-mono\,\ views\=\(int\)2\,\ chroma-site\=\(string\)mpeg2\,\ colorimetry\=\(string\)bt709";
/GstPipeline:pipeline0/GstQueue:queue2.GstPad:src: caps = video/x-raw, format=(string)NV12, width=(int)1920, height=(int)1080, framerate=(fraction)30000/1001, interlace-mode=(string)progressive, pixel-aspect-ratio=(fraction)1/1, multiview-mode=(string)mono, multiview-flags=(GstVideoMultiviewFlagsSet)0:ffffffff:/right-view-first/left-flipped/left-flopped/right-flipped/right-flopped/half-aspect/mixed-mono, views=(int)2, chroma-site=(string)mpeg2, colorimetry=(string)bt709
Got message #2400 from pad "in:sink_2" (property-notify): GstMessagePropertyNotify, property-name=(string)caps, property-value=(GstCaps)"video/x-raw\,\ format\=\(string\)NV12\,\ width\=\(int\)1920\,\ height\=\(int\)1080\,\ framerate\=\(fraction\)30000/1001\,\ interlace-mode\=\(string\)progressive\,\ pixel-aspect-ratio\=\(fraction\)1/1\,\ multiview-mode\=\(string\)mono\,\ multiview-flags\=\(GstVideoMultiviewFlagsSet\)0:ffffffff:/right-view-first/left-flipped/left-flopped/right-flipped/right-flopped/half-aspect/mixed-mono\,\ views\=\(int\)2\,\ chroma-site\=\(string\)mpeg2\,\ colorimetry\=\(string\)bt709";
/GstPipeline:pipeline0/GstDxInputSelector:in.GstAggregatorPad:sink_2: caps = video/x-raw, format=(string)NV12, width=(int)1920, height=(int)1080, framerate=(fraction)30000/1001, interlace-mode=(string)progressive, pixel-aspect-ratio=(fraction)1/1, multiview-mode=(string)mono, multiview-flags=(GstVideoMultiviewFlagsSet)0:ffffffff:/right-view-first/left-flipped/left-flopped/right-flipped/right-flopped/half-aspect/mixed-mono, views=(int)2, chroma-site=(string)mpeg2, colorimetry=(string)bt709
Got message #2402 from pad "out:src_2" (property-notify): GstMessagePropertyNotify, property-name=(string)caps, property-value=(GstCaps)"video/x-raw\,\ format\=\(string\)NV12\,\ width\=\(int\)1920\,\ height\=\(int\)1080\,\ framerate\=\(fraction\)30000/1001\,\ interlace-mode\=\(string\)progressive\,\ pixel-aspect-ratio\=\(fraction\)1/1\,\ multiview-mode\=\(string\)mono\,\ multiview-flags\=\(GstVideoMultiviewFlagsSet\)0:ffffffff:/right-view-first/left-flipped/left-flopped/right-flipped/right-flopped/half-aspect/mixed-mono\,\ views\=\(int\)2\,\ chroma-site\=\(string\)mpeg2\,\ colorimetry\=\(string\)bt709";
/GstPipeline:pipeline0/GstDxOutputSelector:out.GstPad:src_2: caps = video/x-raw, format=(string)NV12, width=(int)1920, height=(int)1080, framerate=(fraction)30000/1001, interlace-mode=(string)progressive, pixel-aspect-ratio=(fraction)1/1, multiview-mode=(string)mono, multiview-flags=(GstVideoMultiviewFlagsSet)0:ffffffff:/right-view-first/left-flipped/left-flopped/right-flipped/right-flopped/half-aspect/mixed-mono, views=(int)2, chroma-site=(string)mpeg2, colorimetry=(string)bt709
Got message #2403 from pad "queue15:sink" (property-notify): GstMessagePropertyNotify, property-name=(string)caps, property-value=(GstCaps)"video/x-raw\,\ format\=\(string\)NV12\,\ width\=\(int\)1920\,\ height\=\(int\)1080\,\ framerate\=\(fraction\)30000/1001\,\ interlace-mode\=\(string\)progressive\,\ pixel-aspect-ratio\=\(fraction\)1/1\,\ multiview-mode\=\(string\)mono\,\ multiview-flags\=\(GstVideoMultiviewFlagsSet\)0:ffffffff:/right-view-first/left-flipped/left-flopped/right-flipped/right-flopped/half-aspect/mixed-mono\,\ views\=\(int\)2\,\ chroma-site\=\(string\)mpeg2\,\ colorimetry\=\(string\)bt709";
/GstPipeline:pipeline0/GstQueue:queue15.GstPad:sink: caps = video/x-raw, format=(string)NV12, width=(int)1920, height=(int)1080, framerate=(fraction)30000/1001, interlace-mode=(string)progressive, pixel-aspect-ratio=(fraction)1/1, multiview-mode=(string)mono, multiview-flags=(GstVideoMultiviewFlagsSet)0:ffffffff:/right-view-first/left-flipped/left-flopped/right-flipped/right-flopped/half-aspect/mixed-mono, views=(int)2, chroma-site=(string)mpeg2, colorimetry=(string)bt709
Got message #2404 from pad "out:src_2" (property-notify): GstMessagePropertyNotify, property-name=(string)caps, property-value=(GstCaps)"video/x-raw\,\ format\=\(string\)NV12\,\ width\=\(int\)1920\,\ height\=\(int\)1080\,\ framerate\=\(fraction\)30000/1001\,\ interlace-mode\=\(string\)progressive\,\ pixel-aspect-ratio\=\(fraction\)1/1\,\ multiview-mode\=\(string\)mono\,\ multiview-flags\=\(GstVideoMultiviewFlagsSet\)0:ffffffff:/right-view-first/left-flipped/left-flopped/right-flipped/right-flopped/half-aspect/mixed-mono\,\ views\=\(int\)2\,\ chroma-site\=\(string\)mpeg2\,\ colorimetry\=\(string\)bt709";
/GstPipeline:pipeline0/GstDxOutputSelector:out.GstPad:src_2: caps = video/x-raw, format=(string)NV12, width=(int)1920, height=(int)1080, framerate=(fraction)30000/1001, interlace-mode=(string)progressive, pixel-aspect-ratio=(fraction)1/1, multiview-mode=(string)mono, multiview-flags=(GstVideoMultiviewFlagsSet)0:ffffffff:/right-view-first/left-flipped/left-flopped/right-flipped/right-flopped/half-aspect/mixed-mono, views=(int)2, chroma-site=(string)mpeg2, colorimetry=(string)bt709
Got message #2405 from pad "queue15:src" (property-notify): GstMessagePropertyNotify, property-name=(string)caps, property-value=(GstCaps)"video/x-raw\,\ format\=\(string\)NV12\,\ width\=\(int\)1920\,\ height\=\(int\)1080\,\ framerate\=\(fraction\)30000/1001\,\ interlace-mode\=\(string\)progressive\,\ pixel-aspect-ratio\=\(fraction\)1/1\,\ multiview-mode\=\(string\)mono\,\ multiview-flags\=\(GstVideoMultiviewFlagsSet\)0:ffffffff:/right-view-first/left-flipped/left-flopped/right-flipped/right-flopped/half-aspect/mixed-mono\,\ views\=\(int\)2\,\ chroma-site\=\(string\)mpeg2\,\ colorimetry\=\(string\)bt709";
/GstPipeline:pipeline0/GstQueue:queue15.GstPad:src: caps = video/x-raw, format=(string)NV12, width=(int)1920, height=(int)1080, framerate=(fraction)30000/1001, interlace-mode=(string)progressive, pixel-aspect-ratio=(fraction)1/1, multiview-mode=(string)mono, multiview-flags=(GstVideoMultiviewFlagsSet)0:ffffffff:/right-view-first/left-flipped/left-flopped/right-flipped/right-flopped/half-aspect/mixed-mono, views=(int)2, chroma-site=(string)mpeg2, colorimetry=(string)bt709
Got message #2406 from pad "queue15:src" (property-notify): GstMessagePropertyNotify, property-name=(string)caps, property-value=(GstCaps)"video/x-raw\,\ format\=\(string\)NV12\,\ width\=\(int\)1920\,\ height\=\(int\)1080\,\ framerate\=\(fraction\)30000/1001\,\ interlace-mode\=\(string\)progressive\,\ pixel-aspect-ratio\=\(fraction\)1/1\,\ multiview-mode\=\(string\)mono\,\ multiview-flags\=\(GstVideoMultiviewFlagsSet\)0:ffffffff:/right-view-first/left-flipped/left-flopped/right-flipped/right-flopped/half-aspect/mixed-mono\,\ views\=\(int\)2\,\ chroma-site\=\(string\)mpeg2\,\ colorimetry\=\(string\)bt709";
/GstPipeline:pipeline0/GstQueue:queue15.GstPad:src: caps = video/x-raw, format=(string)NV12, width=(int)1920, height=(int)1080, framerate=(fraction)30000/1001, interlace-mode=(string)progressive, pixel-aspect-ratio=(fraction)1/1, multiview-mode=(string)mono, multiview-flags=(GstVideoMultiviewFlagsSet)0:ffffffff:/right-view-first/left-flipped/left-flopped/right-flipped/right-flopped/half-aspect/mixed-mono, views=(int)2, chroma-site=(string)mpeg2, colorimetry=(string)bt709
Got message #2407 from pad "fakesink2:sink" (property-notify): GstMessagePropertyNotify, property-name=(string)caps, property-value=(GstCaps)"video/x-raw\,\ format\=\(string\)NV12\,\ width\=\(int\)1920\,\ height\=\(int\)1080\,\ framerate\=\(fraction\)30000/1001\,\ interlace-mode\=\(string\)progressive\,\ pixel-aspect-ratio\=\(fraction\)1/1\,\ multiview-mode\=\(string\)mono\,\ multiview-flags\=\(GstVideoMultiviewFlagsSet\)0:ffffffff:/right-view-first/left-flipped/left-flopped/right-flipped/right-flopped/half-aspect/mixed-mono\,\ views\=\(int\)2\,\ chroma-site\=\(string\)mpeg2\,\ colorimetry\=\(string\)bt709";
/GstPipeline:pipeline0/GstFakeSink:fakesink2.GstPad:sink: caps = video/x-raw, format=(string)NV12, width=(int)1920, height=(int)1080, framerate=(fraction)30000/1001, interlace-mode=(string)progressive, pixel-aspect-ratio=(fraction)1/1, multiview-mode=(string)mono, multiview-flags=(GstVideoMultiviewFlagsSet)0:ffffffff:/right-view-first/left-flipped/left-flopped/right-flipped/right-flopped/half-aspect/mixed-mono, views=(int)2, chroma-site=(string)mpeg2, colorimetry=(string)bt709
Got message #2408 from pad "queue15:src" (property-notify): GstMessagePropertyNotify, property-name=(string)caps, property-value=(GstCaps)"video/x-raw\,\ format\=\(string\)NV12\,\ width\=\(int\)1920\,\ height\=\(int\)1080\,\ framerate\=\(fraction\)30000/1001\,\ interlace-mode\=\(string\)progressive\,\ pixel-aspect-ratio\=\(fraction\)1/1\,\ multiview-mode\=\(string\)mono\,\ multiview-flags\=\(GstVideoMultiviewFlagsSet\)0:ffffffff:/right-view-first/left-flipped/left-flopped/right-flipped/right-flopped/half-aspect/mixed-mono\,\ views\=\(int\)2\,\ chroma-site\=\(string\)mpeg2\,\ colorimetry\=\(string\)bt709";
/GstPipeline:pipeline0/GstQueue:queue15.GstPad:src: caps = video/x-raw, format=(string)NV12, width=(int)1920, height=(int)1080, framerate=(fraction)30000/1001, interlace-mode=(string)progressive, pixel-aspect-ratio=(fraction)1/1, multiview-mode=(string)mono, multiview-flags=(GstVideoMultiviewFlagsSet)0:ffffffff:/right-view-first/left-flipped/left-flopped/right-flipped/right-flopped/half-aspect/mixed-mono, views=(int)2, chroma-site=(string)mpeg2, colorimetry=(string)bt709
Got message #2409 from pad "fakesink2:sink" (property-notify): GstMessagePropertyNotify, property-name=(string)caps, property-value=(GstCaps)"video/x-raw\,\ format\=\(string\)NV12\,\ width\=\(int\)1920\,\ height\=\(int\)1080\,\ framerate\=\(fraction\)30000/1001\,\ interlace-mode\=\(string\)progressive\,\ pixel-aspect-ratio\=\(fraction\)1/1\,\ multiview-mode\=\(string\)mono\,\ multiview-flags\=\(GstVideoMultiviewFlagsSet\)0:ffffffff:/right-view-first/left-flipped/left-flopped/right-flipped/right-flopped/half-aspect/mixed-mono\,\ views\=\(int\)2\,\ chroma-site\=\(string\)mpeg2\,\ colorimetry\=\(string\)bt709";
/GstPipeline:pipeline0/GstFakeSink:fakesink2.GstPad:sink: caps = video/x-raw, format=(string)NV12, width=(int)1920, height=(int)1080, framerate=(fraction)30000/1001, interlace-mode=(string)progressive, pixel-aspect-ratio=(fraction)1/1, multiview-mode=(string)mono, multiview-flags=(GstVideoMultiviewFlagsSet)0:ffffffff:/right-view-first/left-flipped/left-flopped/right-flipped/right-flopped/half-aspect/mixed-mono, views=(int)2, chroma-site=(string)mpeg2, colorimetry=(string)bt709
Got message #2410 from pad "vaapipostproc8:sink" (property-notify): GstMessagePropertyNotify, property-name=(string)caps, property-value=(GstCaps)"video/x-raw\(memory:VASurface\)\,\ format\=\(string\)NV12\,\ width\=\(int\)1920\,\ height\=\(int\)1080\,\ interlace-mode\=\(string\)progressive\,\ multiview-mode\=\(string\)mono\,\ multiview-flags\=\(GstVideoMultiviewFlagsSet\)0:ffffffff:/right-view-first/left-flipped/left-flopped/right-flipped/right-flopped/half-aspect/mixed-mono\,\ pixel-aspect-ratio\=\(fraction\)1/1\,\ colorimetry\=\(string\)bt709\,\ views\=\(int\)2\,\ framerate\=\(fraction\)30000/1001";
/GstPipeline:pipeline0/GstDecodeBin:decodebin2/GstVaapiDecodeBin:vaapidecodebin7/GstVaapiPostproc:vaapipostproc8.GstPad:sink: caps = video/x-raw(memory:VASurface), format=(string)NV12, width=(int)1920, height=(int)1080, interlace-mode=(string)progressive, multiview-mode=(string)mono, multiview-flags=(GstVideoMultiviewFlagsSet)0:ffffffff:/right-view-first/left-flipped/left-flopped/right-flipped/right-flopped/half-aspect/mixed-mono, pixel-aspect-ratio=(fraction)1/1, colorimetry=(string)bt709, views=(int)2, framerate=(fraction)30000/1001
Got message #2411 from pad "capsfilter18:sink" (property-notify): GstMessagePropertyNotify, property-name=(string)caps, property-value=(GstCaps)"video/x-raw\(memory:VASurface\)\,\ format\=\(string\)NV12\,\ width\=\(int\)1920\,\ height\=\(int\)1080\,\ interlace-mode\=\(string\)progressive\,\ multiview-mode\=\(string\)mono\,\ multiview-flags\=\(GstVideoMultiviewFlagsSet\)0:ffffffff:/right-view-first/left-flipped/left-flopped/right-flipped/right-flopped/half-aspect/mixed-mono\,\ pixel-aspect-ratio\=\(fraction\)1/1\,\ colorimetry\=\(string\)bt709\,\ views\=\(int\)2\,\ framerate\=\(fraction\)30000/1001";
/GstPipeline:pipeline0/GstDecodeBin:decodebin2/GstVaapiDecodeBin:vaapidecodebin7/GstCapsFilter:capsfilter18.GstPad:sink: caps = video/x-raw(memory:VASurface), format=(string)NV12, width=(int)1920, height=(int)1080, interlace-mode=(string)progressive, multiview-mode=(string)mono, multiview-flags=(GstVideoMultiviewFlagsSet)0:ffffffff:/right-view-first/left-flipped/left-flopped/right-flipped/right-flopped/half-aspect/mixed-mono, pixel-aspect-ratio=(fraction)1/1, colorimetry=(string)bt709, views=(int)2, framerate=(fraction)30000/1001
Got message #2412 from element "multiqueue7" (property-notify): GstMessagePropertyNotify, property-name=(string)max-size-buffers, property-value=(uint)5;
/GstPipeline:pipeline0/GstDecodeBin:decodebin8/GstMultiQueue:multiqueue7: max-size-buffers = 5
Got message #2413 from element "multiqueue7" (property-notify): GstMessagePropertyNotify, property-name=(string)max-size-time, property-value=(guint64)0;
/GstPipeline:pipeline0/GstDecodeBin:decodebin8/GstMultiQueue:multiqueue7: max-size-time = 0
Got message #2414 from element "multiqueue7" (property-notify): GstMessagePropertyNotify, property-name=(string)max-size-bytes, property-value=(uint)8388608;
/GstPipeline:pipeline0/GstDecodeBin:decodebin8/GstMultiQueue:multiqueue7: max-size-bytes = 8388608
Got message #2415 from element "multiqueue7" (property-notify): GstMessagePropertyNotify, property-name=(string)max-size-buffers, property-value=(uint)5;
/GstPipeline:pipeline0/GstDecodeBin:decodebin8/GstMultiQueue:multiqueue7: max-size-buffers = 5
Got message #2416 from element "multiqueue7" (property-notify): GstMessagePropertyNotify, property-name=(string)max-size-time, property-value=(guint64)0;
/GstPipeline:pipeline0/GstDecodeBin:decodebin8/GstMultiQueue:multiqueue7: max-size-time = 0
Got message #2417 from element "multiqueue7" (property-notify): GstMessagePropertyNotify, property-name=(string)max-size-bytes, property-value=(uint)8388608;
/GstPipeline:pipeline0/GstDecodeBin:decodebin8/GstMultiQueue:multiqueue7: max-size-bytes = 8388608
Got message #2418 from element "multiqueue7" (property-notify): GstMessagePropertyNotify, property-name=(string)max-size-buffers, property-value=(uint)5;
/GstPipeline:pipeline0/GstDecodeBin:decodebin8/GstMultiQueue:multiqueue7: max-size-buffers = 5
Got message #2419 from element "multiqueue7" (property-notify): GstMessagePropertyNotify, property-name=(string)max-size-time, property-value=(guint64)0;
/GstPipeline:pipeline0/GstDecodeBin:decodebin8/GstMultiQueue:multiqueue7: max-size-time = 0
Got message #2420 from element "multiqueue7" (property-notify): GstMessagePropertyNotify, property-name=(string)max-size-bytes, property-value=(uint)8388608;
/GstPipeline:pipeline0/GstDecodeBin:decodebin8/GstMultiQueue:multiqueue7: max-size-bytes = 8388608
Got message #2421 from element "multiqueue1" (property-notify): GstMessagePropertyNotify, property-name=(string)max-size-buffers, property-value=(uint)5;
/GstPipeline:pipeline0/GstDecodeBin:decodebin3/GstMultiQueue:multiqueue1: max-size-buffers = 5
Got message #2422 from element "multiqueue1" (property-notify): GstMessagePropertyNotify, property-name=(string)max-size-time, property-value=(guint64)0;
/GstPipeline:pipeline0/GstDecodeBin:decodebin3/GstMultiQueue:multiqueue1: max-size-time = 0
Got message #2423 from element "multiqueue1" (property-notify): GstMessagePropertyNotify, property-name=(string)max-size-bytes, property-value=(uint)8388608;
/GstPipeline:pipeline0/GstDecodeBin:decodebin3/GstMultiQueue:multiqueue1: max-size-bytes = 8388608
Got message #2424 from element "multiqueue0" (property-notify): GstMessagePropertyNotify, property-name=(string)max-size-buffers, property-value=(uint)5;
/GstPipeline:pipeline0/GstDecodeBin:decodebin4/GstMultiQueue:multiqueue0: max-size-buffers = 5
Got message #2425 from element "multiqueue0" (property-notify): GstMessagePropertyNotify, property-name=(string)max-size-time, property-value=(guint64)0;
/GstPipeline:pipeline0/GstDecodeBin:decodebin4/GstMultiQueue:multiqueue0: max-size-time = 0
Got message #2426 from element "multiqueue0" (property-notify): GstMessagePropertyNotify, property-name=(string)max-size-bytes, property-value=(uint)8388608;
/GstPipeline:pipeline0/GstDecodeBin:decodebin4/GstMultiQueue:multiqueue0: max-size-bytes = 8388608
Got message #2427 from element "multiqueue1" (property-notify): GstMessagePropertyNotify, property-name=(string)max-size-buffers, property-value=(uint)5;
/GstPipeline:pipeline0/GstDecodeBin:decodebin3/GstMultiQueue:multiqueue1: max-size-buffers = 5
Got message #2428 from element "multiqueue1" (property-notify): GstMessagePropertyNotify, property-name=(string)max-size-time, property-value=(guint64)0;
/GstPipeline:pipeline0/GstDecodeBin:decodebin3/GstMultiQueue:multiqueue1: max-size-time = 0
Got message #2429 from element "multiqueue1" (property-notify): GstMessagePropertyNotify, property-name=(string)max-size-bytes, property-value=(uint)8388608;
/GstPipeline:pipeline0/GstDecodeBin:decodebin3/GstMultiQueue:multiqueue1: max-size-bytes = 8388608
Got message #2430 from element "multiqueue0" (property-notify): GstMessagePropertyNotify, property-name=(string)max-size-buffers, property-value=(uint)5;
/GstPipeline:pipeline0/GstDecodeBin:decodebin4/GstMultiQueue:multiqueue0: max-size-buffers = 5
Got message #2431 from element "multiqueue0" (property-notify): GstMessagePropertyNotify, property-name=(string)max-size-time, property-value=(guint64)0;
/GstPipeline:pipeline0/GstDecodeBin:decodebin4/GstMultiQueue:multiqueue0: max-size-time = 0
Got message #2432 from element "multiqueue0" (property-notify): GstMessagePropertyNotify, property-name=(string)max-size-bytes, property-value=(uint)8388608;
/GstPipeline:pipeline0/GstDecodeBin:decodebin4/GstMultiQueue:multiqueue0: max-size-bytes = 8388608
Got message #2433 from element "multiqueue1" (property-notify): GstMessagePropertyNotify, property-name=(string)max-size-buffers, property-value=(uint)5;
/GstPipeline:pipeline0/GstDecodeBin:decodebin3/GstMultiQueue:multiqueue1: max-size-buffers = 5
Got message #2434 from element "multiqueue1" (property-notify): GstMessagePropertyNotify, property-name=(string)max-size-time, property-value=(guint64)0;
/GstPipeline:pipeline0/GstDecodeBin:decodebin3/GstMultiQueue:multiqueue1: max-size-time = 0
Got message #2435 from element "multiqueue1" (property-notify): GstMessagePropertyNotify, property-name=(string)max-size-bytes, property-value=(uint)8388608;
/GstPipeline:pipeline0/GstDecodeBin:decodebin3/GstMultiQueue:multiqueue1: max-size-bytes = 8388608
Got message #2436 from element "multiqueue0" (property-notify): GstMessagePropertyNotify, property-name=(string)max-size-buffers, property-value=(uint)5;
/GstPipeline:pipeline0/GstDecodeBin:decodebin4/GstMultiQueue:multiqueue0: max-size-buffers = 5
Got message #2437 from element "multiqueue0" (property-notify): GstMessagePropertyNotify, property-name=(string)max-size-time, property-value=(guint64)0;
/GstPipeline:pipeline0/GstDecodeBin:decodebin4/GstMultiQueue:multiqueue0: max-size-time = 0
Got message #2438 from element "multiqueue0" (property-notify): GstMessagePropertyNotify, property-name=(string)max-size-bytes, property-value=(uint)8388608;
/GstPipeline:pipeline0/GstDecodeBin:decodebin4/GstMultiQueue:multiqueue0: max-size-bytes = 8388608
Got message #2443 from element "fakesink2" (tag): GstMessageTag, taglist=(taglist)"taglist\,\ video-codec\=\(string\)\"H.264\\\ /\\\ AVC\"\,\ maximum-bitrate\=\(uint\)4472819\,\ bitrate\=\(uint\)4472819\;";
Got message #2444 from element "fakesink2" (tag): GstMessageTag, taglist=(taglist)"taglist\,\ encoder\=\(string\)Lavf60.16.100\,\ container-format\=\(string\)\"ISO\\\ MP4/M4A\"\;";
Got message #2445 from element "fakesink2" (tag): GstMessageTag, taglist=(taglist)"taglist\,\ video-codec\=\(string\)\"H.264\\\ \\\(High\\\ Profile\\\)\"\,\ maximum-bitrate\=\(uint\)4472819\,\ bitrate\=\(uint\)4472819\;";
Got message #2446 from element "multiqueue3" (property-notify): GstMessagePropertyNotify, property-name=(string)max-size-buffers, property-value=(uint)5;
/GstPipeline:pipeline0/GstDecodeBin:decodebin6/GstMultiQueue:multiqueue3: max-size-buffers = 5
Got message #2447 from element "multiqueue3" (property-notify): GstMessagePropertyNotify, property-name=(string)max-size-time, property-value=(guint64)0;
/GstPipeline:pipeline0/GstDecodeBin:decodebin6/GstMultiQueue:multiqueue3: max-size-time = 0
Got message #2448 from element "multiqueue3" (property-notify): GstMessagePropertyNotify, property-name=(string)max-size-bytes, property-value=(uint)8388608;
/GstPipeline:pipeline0/GstDecodeBin:decodebin6/GstMultiQueue:multiqueue3: max-size-bytes = 8388608
Got message #2449 from element "multiqueue3" (property-notify): GstMessagePropertyNotify, property-name=(string)max-size-buffers, property-value=(uint)5;
/GstPipeline:pipeline0/GstDecodeBin:decodebin6/GstMultiQueue:multiqueue3: max-size-buffers = 5
Got message #2450 from element "multiqueue3" (property-notify): GstMessagePropertyNotify, property-name=(string)max-size-time, property-value=(guint64)0;
/GstPipeline:pipeline0/GstDecodeBin:decodebin6/GstMultiQueue:multiqueue3: max-size-time = 0
Got message #2451 from element "multiqueue3" (property-notify): GstMessagePropertyNotify, property-name=(string)max-size-bytes, property-value=(uint)8388608;
/GstPipeline:pipeline0/GstDecodeBin:decodebin6/GstMultiQueue:multiqueue3: max-size-bytes = 8388608
Got message #2452 from element "multiqueue3" (property-notify): GstMessagePropertyNotify, property-name=(string)max-size-buffers, property-value=(uint)5;
/GstPipeline:pipeline0/GstDecodeBin:decodebin6/GstMultiQueue:multiqueue3: max-size-buffers = 5
Got message #2453 from element "multiqueue3" (property-notify): GstMessagePropertyNotify, property-name=(string)max-size-time, property-value=(guint64)0;
/GstPipeline:pipeline0/GstDecodeBin:decodebin6/GstMultiQueue:multiqueue3: max-size-time = 0
Got message #2454 from element "multiqueue3" (property-notify): GstMessagePropertyNotify, property-name=(string)max-size-bytes, property-value=(uint)8388608;
/GstPipeline:pipeline0/GstDecodeBin:decodebin6/GstMultiQueue:multiqueue3: max-size-bytes = 8388608
Got message #2457 from element "multiqueue2" (property-notify): GstMessagePropertyNotify, property-name=(string)max-size-buffers, property-value=(uint)5;
/GstPipeline:pipeline0/GstDecodeBin:decodebin5/GstMultiQueue:multiqueue2: max-size-buffers = 5
Got message #2458 from element "multiqueue2" (property-notify): GstMessagePropertyNotify, property-name=(string)max-size-time, property-value=(guint64)0;
/GstPipeline:pipeline0/GstDecodeBin:decodebin5/GstMultiQueue:multiqueue2: max-size-time = 0
Got message #2459 from element "multiqueue2" (property-notify): GstMessagePropertyNotify, property-name=(string)max-size-bytes, property-value=(uint)8388608;
/GstPipeline:pipeline0/GstDecodeBin:decodebin5/GstMultiQueue:multiqueue2: max-size-bytes = 8388608
Got message #2460 from element "multiqueue2" (property-notify): GstMessagePropertyNotify, property-name=(string)max-size-buffers, property-value=(uint)5;
/GstPipeline:pipeline0/GstDecodeBin:decodebin5/GstMultiQueue:multiqueue2: max-size-buffers = 5
Got message #2461 from element "multiqueue2" (property-notify): GstMessagePropertyNotify, property-name=(string)max-size-time, property-value=(guint64)0;
/GstPipeline:pipeline0/GstDecodeBin:decodebin5/GstMultiQueue:multiqueue2: max-size-time = 0
Got message #2462 from element "multiqueue2" (property-notify): GstMessagePropertyNotify, property-name=(string)max-size-bytes, property-value=(uint)8388608;
/GstPipeline:pipeline0/GstDecodeBin:decodebin5/GstMultiQueue:multiqueue2: max-size-bytes = 8388608
Got message #2463 from element "multiqueue2" (property-notify): GstMessagePropertyNotify, property-name=(string)max-size-buffers, property-value=(uint)5;
/GstPipeline:pipeline0/GstDecodeBin:decodebin5/GstMultiQueue:multiqueue2: max-size-buffers = 5
Got message #2464 from element "multiqueue2" (property-notify): GstMessagePropertyNotify, property-name=(string)max-size-time, property-value=(guint64)0;
/GstPipeline:pipeline0/GstDecodeBin:decodebin5/GstMultiQueue:multiqueue2: max-size-time = 0
Got message #2465 from element "multiqueue2" (property-notify): GstMessagePropertyNotify, property-name=(string)max-size-bytes, property-value=(uint)8388608;
/GstPipeline:pipeline0/GstDecodeBin:decodebin5/GstMultiQueue:multiqueue2: max-size-bytes = 8388608
Got message #2466 from element "multiqueue5" (property-notify): GstMessagePropertyNotify, property-name=(string)max-size-buffers, property-value=(uint)5;
/GstPipeline:pipeline0/GstDecodeBin:decodebin0/GstMultiQueue:multiqueue5: max-size-buffers = 5
Got message #2467 from element "multiqueue5" (property-notify): GstMessagePropertyNotify, property-name=(string)max-size-time, property-value=(guint64)0;
/GstPipeline:pipeline0/GstDecodeBin:decodebin0/GstMultiQueue:multiqueue5: max-size-time = 0
Got message #2468 from element "multiqueue5" (property-notify): GstMessagePropertyNotify, property-name=(string)max-size-bytes, property-value=(uint)8388608;
/GstPipeline:pipeline0/GstDecodeBin:decodebin0/GstMultiQueue:multiqueue5: max-size-bytes = 8388608
Got message #2469 from element "multiqueue5" (property-notify): GstMessagePropertyNotify, property-name=(string)max-size-buffers, property-value=(uint)5;
/GstPipeline:pipeline0/GstDecodeBin:decodebin0/GstMultiQueue:multiqueue5: max-size-buffers = 5
Got message #2470 from element "multiqueue5" (property-notify): GstMessagePropertyNotify, property-name=(string)max-size-time, property-value=(guint64)0;
/GstPipeline:pipeline0/GstDecodeBin:decodebin0/GstMultiQueue:multiqueue5: max-size-time = 0
Got message #2471 from element "multiqueue5" (property-notify): GstMessagePropertyNotify, property-name=(string)max-size-bytes, property-value=(uint)8388608;
/GstPipeline:pipeline0/GstDecodeBin:decodebin0/GstMultiQueue:multiqueue5: max-size-bytes = 8388608
Got message #2472 from element "multiqueue5" (property-notify): GstMessagePropertyNotify, property-name=(string)max-size-buffers, property-value=(uint)5;
/GstPipeline:pipeline0/GstDecodeBin:decodebin0/GstMultiQueue:multiqueue5: max-size-buffers = 5
Got message #2473 from element "multiqueue5" (property-notify): GstMessagePropertyNotify, property-name=(string)max-size-time, property-value=(guint64)0;
/GstPipeline:pipeline0/GstDecodeBin:decodebin0/GstMultiQueue:multiqueue5: max-size-time = 0
Got message #2474 from element "multiqueue5" (property-notify): GstMessagePropertyNotify, property-name=(string)max-size-bytes, property-value=(uint)8388608;
/GstPipeline:pipeline0/GstDecodeBin:decodebin0/GstMultiQueue:multiqueue5: max-size-bytes = 8388608
Got message #2475 from element "multiqueue4" (property-notify): GstMessagePropertyNotify, property-name=(string)max-size-buffers, property-value=(uint)5;
/GstPipeline:pipeline0/GstDecodeBin:decodebin9/GstMultiQueue:multiqueue4: max-size-buffers = 5
Got message #2476 from element "multiqueue4" (property-notify): GstMessagePropertyNotify, property-name=(string)max-size-time, property-value=(guint64)0;
/GstPipeline:pipeline0/GstDecodeBin:decodebin9/GstMultiQueue:multiqueue4: max-size-time = 0
Got message #2477 from element "multiqueue4" (property-notify): GstMessagePropertyNotify, property-name=(string)max-size-bytes, property-value=(uint)8388608;
/GstPipeline:pipeline0/GstDecodeBin:decodebin9/GstMultiQueue:multiqueue4: max-size-bytes = 8388608
Got message #2478 from element "multiqueue4" (property-notify): GstMessagePropertyNotify, property-name=(string)max-size-buffers, property-value=(uint)5;
/GstPipeline:pipeline0/GstDecodeBin:decodebin9/GstMultiQueue:multiqueue4: max-size-buffers = 5
Got message #2479 from element "multiqueue4" (property-notify): GstMessagePropertyNotify, property-name=(string)max-size-time, property-value=(guint64)0;
/GstPipeline:pipeline0/GstDecodeBin:decodebin9/GstMultiQueue:multiqueue4: max-size-time = 0
Got message #2480 from element "multiqueue4" (property-notify): GstMessagePropertyNotify, property-name=(string)max-size-bytes, property-value=(uint)8388608;
/GstPipeline:pipeline0/GstDecodeBin:decodebin9/GstMultiQueue:multiqueue4: max-size-bytes = 8388608
Got message #2481 from element "multiqueue4" (property-notify): GstMessagePropertyNotify, property-name=(string)max-size-buffers, property-value=(uint)5;
/GstPipeline:pipeline0/GstDecodeBin:decodebin9/GstMultiQueue:multiqueue4: max-size-buffers = 5
Got message #2482 from element "multiqueue4" (property-notify): GstMessagePropertyNotify, property-name=(string)max-size-time, property-value=(guint64)0;
/GstPipeline:pipeline0/GstDecodeBin:decodebin9/GstMultiQueue:multiqueue4: max-size-time = 0
Got message #2483 from element "multiqueue4" (property-notify): GstMessagePropertyNotify, property-name=(string)max-size-bytes, property-value=(uint)8388608;
/GstPipeline:pipeline0/GstDecodeBin:decodebin9/GstMultiQueue:multiqueue4: max-size-bytes = 8388608
Got message #2492 from element "multiqueue7" (property-notify): GstMessagePropertyNotify, property-name=(string)max-size-buffers, property-value=(uint)5;
/GstPipeline:pipeline0/GstDecodeBin:decodebin8/GstMultiQueue:multiqueue7: max-size-buffers = 5
Got message #2493 from element "multiqueue7" (property-notify): GstMessagePropertyNotify, property-name=(string)max-size-time, property-value=(guint64)0;
/GstPipeline:pipeline0/GstDecodeBin:decodebin8/GstMultiQueue:multiqueue7: max-size-time = 0
Got message #2494 from element "multiqueue7" (property-notify): GstMessagePropertyNotify, property-name=(string)max-size-bytes, property-value=(uint)8388608;
/GstPipeline:pipeline0/GstDecodeBin:decodebin8/GstMultiQueue:multiqueue7: max-size-bytes = 8388608
Got message #2499 from element "multiqueue1" (property-notify): GstMessagePropertyNotify, property-name=(string)max-size-buffers, property-value=(uint)5;
/GstPipeline:pipeline0/GstDecodeBin:decodebin3/GstMultiQueue:multiqueue1: max-size-buffers = 5
Got message #2500 from element "multiqueue1" (property-notify): GstMessagePropertyNotify, property-name=(string)max-size-time, property-value=(guint64)0;
/GstPipeline:pipeline0/GstDecodeBin:decodebin3/GstMultiQueue:multiqueue1: max-size-time = 0
Got message #2501 from element "multiqueue1" (property-notify): GstMessagePropertyNotify, property-name=(string)max-size-bytes, property-value=(uint)8388608;
/GstPipeline:pipeline0/GstDecodeBin:decodebin3/GstMultiQueue:multiqueue1: max-size-bytes = 8388608
Got message #2502 from element "multiqueue0" (property-notify): GstMessagePropertyNotify, property-name=(string)max-size-buffers, property-value=(uint)5;
/GstPipeline:pipeline0/GstDecodeBin:decodebin4/GstMultiQueue:multiqueue0: max-size-buffers = 5
Got message #2503 from element "multiqueue0" (property-notify): GstMessagePropertyNotify, property-name=(string)max-size-time, property-value=(guint64)0;
/GstPipeline:pipeline0/GstDecodeBin:decodebin4/GstMultiQueue:multiqueue0: max-size-time = 0
Got message #2504 from element "multiqueue0" (property-notify): GstMessagePropertyNotify, property-name=(string)max-size-bytes, property-value=(uint)8388608;
/GstPipeline:pipeline0/GstDecodeBin:decodebin4/GstMultiQueue:multiqueue0: max-size-bytes = 8388608
Got message #2507 from element "vaapidecode7" (latency): no message details
Redistribute latency...
Got message #2509 from pad "vaapidecode7:src" (property-notify): GstMessagePropertyNotify, property-name=(string)caps, property-value=(GstCaps)"video/x-raw\(memory:VASurface\)\,\ format\=\(string\)NV12\,\ width\=\(int\)1920\,\ height\=\(int\)1080\,\ interlace-mode\=\(string\)progressive\,\ multiview-mode\=\(string\)mono\,\ multiview-flags\=\(GstVideoMultiviewFlagsSet\)0:ffffffff:/right-view-first/left-flipped/left-flopped/right-flipped/right-flopped/half-aspect/mixed-mono\,\ pixel-aspect-ratio\=\(fraction\)1/1\,\ colorimetry\=\(string\)bt709\,\ views\=\(int\)2\,\ framerate\=\(fraction\)30000/1001";
/GstPipeline:pipeline0/GstDecodeBin:decodebin8/GstVaapiDecodeBin:vaapidecodebin3/GstVaapiDecode:vaapidecode7.GstPad:src: caps = video/x-raw(memory:VASurface), format=(string)NV12, width=(int)1920, height=(int)1080, interlace-mode=(string)progressive, multiview-mode=(string)mono, multiview-flags=(GstVideoMultiviewFlagsSet)0:ffffffff:/right-view-first/left-flipped/left-flopped/right-flipped/right-flopped/half-aspect/mixed-mono, pixel-aspect-ratio=(fraction)1/1, colorimetry=(string)bt709, views=(int)2, framerate=(fraction)30000/1001
Got message #2510 from pad "queue27:sink" (property-notify): GstMessagePropertyNotify, property-name=(string)caps, property-value=(GstCaps)"video/x-raw\(memory:VASurface\)\,\ format\=\(string\)NV12\,\ width\=\(int\)1920\,\ height\=\(int\)1080\,\ interlace-mode\=\(string\)progressive\,\ multiview-mode\=\(string\)mono\,\ multiview-flags\=\(GstVideoMultiviewFlagsSet\)0:ffffffff:/right-view-first/left-flipped/left-flopped/right-flipped/right-flopped/half-aspect/mixed-mono\,\ pixel-aspect-ratio\=\(fraction\)1/1\,\ colorimetry\=\(string\)bt709\,\ views\=\(int\)2\,\ framerate\=\(fraction\)30000/1001";
/GstPipeline:pipeline0/GstDecodeBin:decodebin8/GstVaapiDecodeBin:vaapidecodebin3/GstQueue:queue27.GstPad:sink: caps = video/x-raw(memory:VASurface), format=(string)NV12, width=(int)1920, height=(int)1080, interlace-mode=(string)progressive, multiview-mode=(string)mono, multiview-flags=(GstVideoMultiviewFlagsSet)0:ffffffff:/right-view-first/left-flipped/left-flopped/right-flipped/right-flopped/half-aspect/mixed-mono, pixel-aspect-ratio=(fraction)1/1, colorimetry=(string)bt709, views=(int)2, framerate=(fraction)30000/1001
Got message #2511 from pad "queue27:src" (property-notify): GstMessagePropertyNotify, property-name=(string)caps, property-value=(GstCaps)"video/x-raw\(memory:VASurface\)\,\ format\=\(string\)NV12\,\ width\=\(int\)1920\,\ height\=\(int\)1080\,\ interlace-mode\=\(string\)progressive\,\ multiview-mode\=\(string\)mono\,\ multiview-flags\=\(GstVideoMultiviewFlagsSet\)0:ffffffff:/right-view-first/left-flipped/left-flopped/right-flipped/right-flopped/half-aspect/mixed-mono\,\ pixel-aspect-ratio\=\(fraction\)1/1\,\ colorimetry\=\(string\)bt709\,\ views\=\(int\)2\,\ framerate\=\(fraction\)30000/1001";
/GstPipeline:pipeline0/GstDecodeBin:decodebin8/GstVaapiDecodeBin:vaapidecodebin3/GstQueue:queue27.GstPad:src: caps = video/x-raw(memory:VASurface), format=(string)NV12, width=(int)1920, height=(int)1080, interlace-mode=(string)progressive, multiview-mode=(string)mono, multiview-flags=(GstVideoMultiviewFlagsSet)0:ffffffff:/right-view-first/left-flipped/left-flopped/right-flipped/right-flopped/half-aspect/mixed-mono, pixel-aspect-ratio=(fraction)1/1, colorimetry=(string)bt709, views=(int)2, framerate=(fraction)30000/1001
Got message #2513 from pad "capsfilter12:src" (property-notify): GstMessagePropertyNotify, property-name=(string)caps, property-value=(GstCaps)"video/x-raw\(memory:VASurface\)\,\ format\=\(string\)NV12\,\ width\=\(int\)1920\,\ height\=\(int\)1080\,\ interlace-mode\=\(string\)progressive\,\ multiview-mode\=\(string\)mono\,\ multiview-flags\=\(GstVideoMultiviewFlagsSet\)0:ffffffff:/right-view-first/left-flipped/left-flopped/right-flipped/right-flopped/half-aspect/mixed-mono\,\ pixel-aspect-ratio\=\(fraction\)1/1\,\ colorimetry\=\(string\)bt709\,\ views\=\(int\)2\,\ framerate\=\(fraction\)30000/1001";
/GstPipeline:pipeline0/GstDecodeBin:decodebin8/GstVaapiDecodeBin:vaapidecodebin3/GstCapsFilter:capsfilter12.GstPad:src: caps = video/x-raw(memory:VASurface), format=(string)NV12, width=(int)1920, height=(int)1080, interlace-mode=(string)progressive, multiview-mode=(string)mono, multiview-flags=(GstVideoMultiviewFlagsSet)0:ffffffff:/right-view-first/left-flipped/left-flopped/right-flipped/right-flopped/half-aspect/mixed-mono, pixel-aspect-ratio=(fraction)1/1, colorimetry=(string)bt709, views=(int)2, framerate=(fraction)30000/1001
Got message #2516 from pad "vaapipostproc1:src" (property-notify): GstMessagePropertyNotify, property-name=(string)caps, property-value=(GstCaps)"video/x-raw\,\ format\=\(string\)NV12\,\ width\=\(int\)1920\,\ height\=\(int\)1080\,\ framerate\=\(fraction\)30000/1001\,\ interlace-mode\=\(string\)progressive\,\ pixel-aspect-ratio\=\(fraction\)1/1\,\ multiview-mode\=\(string\)mono\,\ multiview-flags\=\(GstVideoMultiviewFlagsSet\)0:ffffffff:/right-view-first/left-flipped/left-flopped/right-flipped/right-flopped/half-aspect/mixed-mono\,\ views\=\(int\)2\,\ chroma-site\=\(string\)mpeg2\,\ colorimetry\=\(string\)bt709";
/GstPipeline:pipeline0/GstDecodeBin:decodebin8/GstVaapiDecodeBin:vaapidecodebin3/GstVaapiPostproc:vaapipostproc1.GstPad:src: caps = video/x-raw, format=(string)NV12, width=(int)1920, height=(int)1080, framerate=(fraction)30000/1001, interlace-mode=(string)progressive, pixel-aspect-ratio=(fraction)1/1, multiview-mode=(string)mono, multiview-flags=(GstVideoMultiviewFlagsSet)0:ffffffff:/right-view-first/left-flipped/left-flopped/right-flipped/right-flopped/half-aspect/mixed-mono, views=(int)2, chroma-site=(string)mpeg2, colorimetry=(string)bt709
Got message #2517 from pad "vaapidecodebin3:src" (property-notify): GstMessagePropertyNotify, property-name=(string)caps, property-value=(GstCaps)"video/x-raw\,\ format\=\(string\)NV12\,\ width\=\(int\)1920\,\ height\=\(int\)1080\,\ framerate\=\(fraction\)30000/1001\,\ interlace-mode\=\(string\)progressive\,\ pixel-aspect-ratio\=\(fraction\)1/1\,\ multiview-mode\=\(string\)mono\,\ multiview-flags\=\(GstVideoMultiviewFlagsSet\)0:ffffffff:/right-view-first/left-flipped/left-flopped/right-flipped/right-flopped/half-aspect/mixed-mono\,\ views\=\(int\)2\,\ chroma-site\=\(string\)mpeg2\,\ colorimetry\=\(string\)bt709";
/GstPipeline:pipeline0/GstDecodeBin:decodebin8/GstVaapiDecodeBin:vaapidecodebin3.GstGhostPad:src: caps = video/x-raw, format=(string)NV12, width=(int)1920, height=(int)1080, framerate=(fraction)30000/1001, interlace-mode=(string)progressive, pixel-aspect-ratio=(fraction)1/1, multiview-mode=(string)mono, multiview-flags=(GstVideoMultiviewFlagsSet)0:ffffffff:/right-view-first/left-flipped/left-flopped/right-flipped/right-flopped/half-aspect/mixed-mono, views=(int)2, chroma-site=(string)mpeg2, colorimetry=(string)bt709
Got message #2523 from element "decodebin8" (state-changed): GstMessageStateChanged, old-state=(GstState)ready, new-state=(GstState)paused, pending-state=(GstState)void-pending;
Got message #2524 from pad "queue8:sink" (property-notify): GstMessagePropertyNotify, property-name=(string)caps, property-value=(GstCaps)"video/x-raw\,\ format\=\(string\)NV12\,\ width\=\(int\)1920\,\ height\=\(int\)1080\,\ framerate\=\(fraction\)30000/1001\,\ interlace-mode\=\(string\)progressive\,\ pixel-aspect-ratio\=\(fraction\)1/1\,\ multiview-mode\=\(string\)mono\,\ multiview-flags\=\(GstVideoMultiviewFlagsSet\)0:ffffffff:/right-view-first/left-flipped/left-flopped/right-flipped/right-flopped/half-aspect/mixed-mono\,\ views\=\(int\)2\,\ chroma-site\=\(string\)mpeg2\,\ colorimetry\=\(string\)bt709";
/GstPipeline:pipeline0/GstQueue:queue8.GstPad:sink: caps = video/x-raw, format=(string)NV12, width=(int)1920, height=(int)1080, framerate=(fraction)30000/1001, interlace-mode=(string)progressive, pixel-aspect-ratio=(fraction)1/1, multiview-mode=(string)mono, multiview-flags=(GstVideoMultiviewFlagsSet)0:ffffffff:/right-view-first/left-flipped/left-flopped/right-flipped/right-flopped/half-aspect/mixed-mono, views=(int)2, chroma-site=(string)mpeg2, colorimetry=(string)bt709
Got message #2525 from pad "src_0:proxypad37" (property-notify): GstMessagePropertyNotify, property-name=(string)caps, property-value=(GstCaps)"video/x-raw\,\ format\=\(string\)NV12\,\ width\=\(int\)1920\,\ height\=\(int\)1080\,\ framerate\=\(fraction\)30000/1001\,\ interlace-mode\=\(string\)progressive\,\ pixel-aspect-ratio\=\(fraction\)1/1\,\ multiview-mode\=\(string\)mono\,\ multiview-flags\=\(GstVideoMultiviewFlagsSet\)0:ffffffff:/right-view-first/left-flipped/left-flopped/right-flipped/right-flopped/half-aspect/mixed-mono\,\ views\=\(int\)2\,\ chroma-site\=\(string\)mpeg2\,\ colorimetry\=\(string\)bt709";
/GstPipeline:pipeline0/GstDecodeBin:decodebin8.GstDecodePad:src_0.GstProxyPad:proxypad37: caps = video/x-raw, format=(string)NV12, width=(int)1920, height=(int)1080, framerate=(fraction)30000/1001, interlace-mode=(string)progressive, pixel-aspect-ratio=(fraction)1/1, multiview-mode=(string)mono, multiview-flags=(GstVideoMultiviewFlagsSet)0:ffffffff:/right-view-first/left-flipped/left-flopped/right-flipped/right-flopped/half-aspect/mixed-mono, views=(int)2, chroma-site=(string)mpeg2, colorimetry=(string)bt709
Got message #2526 from pad "src:proxypad48" (property-notify): GstMessagePropertyNotify, property-name=(string)caps, property-value=(GstCaps)"video/x-raw\,\ format\=\(string\)NV12\,\ width\=\(int\)1920\,\ height\=\(int\)1080\,\ framerate\=\(fraction\)30000/1001\,\ interlace-mode\=\(string\)progressive\,\ pixel-aspect-ratio\=\(fraction\)1/1\,\ multiview-mode\=\(string\)mono\,\ multiview-flags\=\(GstVideoMultiviewFlagsSet\)0:ffffffff:/right-view-first/left-flipped/left-flopped/right-flipped/right-flopped/half-aspect/mixed-mono\,\ views\=\(int\)2\,\ chroma-site\=\(string\)mpeg2\,\ colorimetry\=\(string\)bt709";
/GstPipeline:pipeline0/GstDecodeBin:decodebin8/GstVaapiDecodeBin:vaapidecodebin3.GstGhostPad:src.GstProxyPad:proxypad48: caps = video/x-raw, format=(string)NV12, width=(int)1920, height=(int)1080, framerate=(fraction)30000/1001, interlace-mode=(string)progressive, pixel-aspect-ratio=(fraction)1/1, multiview-mode=(string)mono, multiview-flags=(GstVideoMultiviewFlagsSet)0:ffffffff:/right-view-first/left-flipped/left-flopped/right-flipped/right-flopped/half-aspect/mixed-mono, views=(int)2, chroma-site=(string)mpeg2, colorimetry=(string)bt709
Got message #2528 from pad "queue8:src" (property-notify): GstMessagePropertyNotify, property-name=(string)caps, property-value=(GstCaps)"video/x-raw\,\ format\=\(string\)NV12\,\ width\=\(int\)1920\,\ height\=\(int\)1080\,\ framerate\=\(fraction\)30000/1001\,\ interlace-mode\=\(string\)progressive\,\ pixel-aspect-ratio\=\(fraction\)1/1\,\ multiview-mode\=\(string\)mono\,\ multiview-flags\=\(GstVideoMultiviewFlagsSet\)0:ffffffff:/right-view-first/left-flipped/left-flopped/right-flipped/right-flopped/half-aspect/mixed-mono\,\ views\=\(int\)2\,\ chroma-site\=\(string\)mpeg2\,\ colorimetry\=\(string\)bt709";
/GstPipeline:pipeline0/GstQueue:queue8.GstPad:src: caps = video/x-raw, format=(string)NV12, width=(int)1920, height=(int)1080, framerate=(fraction)30000/1001, interlace-mode=(string)progressive, pixel-aspect-ratio=(fraction)1/1, multiview-mode=(string)mono, multiview-flags=(GstVideoMultiviewFlagsSet)0:ffffffff:/right-view-first/left-flipped/left-flopped/right-flipped/right-flopped/half-aspect/mixed-mono, views=(int)2, chroma-site=(string)mpeg2, colorimetry=(string)bt709
Got message #2529 from pad "queue8:src" (property-notify): GstMessagePropertyNotify, property-name=(string)caps, property-value=(GstCaps)"video/x-raw\,\ format\=\(string\)NV12\,\ width\=\(int\)1920\,\ height\=\(int\)1080\,\ framerate\=\(fraction\)30000/1001\,\ interlace-mode\=\(string\)progressive\,\ pixel-aspect-ratio\=\(fraction\)1/1\,\ multiview-mode\=\(string\)mono\,\ multiview-flags\=\(GstVideoMultiviewFlagsSet\)0:ffffffff:/right-view-first/left-flipped/left-flopped/right-flipped/right-flopped/half-aspect/mixed-mono\,\ views\=\(int\)2\,\ chroma-site\=\(string\)mpeg2\,\ colorimetry\=\(string\)bt709";
/GstPipeline:pipeline0/GstQueue:queue8.GstPad:src: caps = video/x-raw, format=(string)NV12, width=(int)1920, height=(int)1080, framerate=(fraction)30000/1001, interlace-mode=(string)progressive, pixel-aspect-ratio=(fraction)1/1, multiview-mode=(string)mono, multiview-flags=(GstVideoMultiviewFlagsSet)0:ffffffff:/right-view-first/left-flipped/left-flopped/right-flipped/right-flopped/half-aspect/mixed-mono, views=(int)2, chroma-site=(string)mpeg2, colorimetry=(string)bt709
Got message #2531 from pad "vaapidecodebin3:src" (property-notify): GstMessagePropertyNotify, property-name=(string)caps, property-value=(GstCaps)"video/x-raw\,\ format\=\(string\)NV12\,\ width\=\(int\)1920\,\ height\=\(int\)1080\,\ framerate\=\(fraction\)30000/1001\,\ interlace-mode\=\(string\)progressive\,\ pixel-aspect-ratio\=\(fraction\)1/1\,\ multiview-mode\=\(string\)mono\,\ multiview-flags\=\(GstVideoMultiviewFlagsSet\)0:ffffffff:/right-view-first/left-flipped/left-flopped/right-flipped/right-flopped/half-aspect/mixed-mono\,\ views\=\(int\)2\,\ chroma-site\=\(string\)mpeg2\,\ colorimetry\=\(string\)bt709";
/GstPipeline:pipeline0/GstDecodeBin:decodebin8/GstVaapiDecodeBin:vaapidecodebin3.GstGhostPad:src: caps = video/x-raw, format=(string)NV12, width=(int)1920, height=(int)1080, framerate=(fraction)30000/1001, interlace-mode=(string)progressive, pixel-aspect-ratio=(fraction)1/1, multiview-mode=(string)mono, multiview-flags=(GstVideoMultiviewFlagsSet)0:ffffffff:/right-view-first/left-flipped/left-flopped/right-flipped/right-flopped/half-aspect/mixed-mono, views=(int)2, chroma-site=(string)mpeg2, colorimetry=(string)bt709
Got message #2532 from pad "decodebin8:src_0" (property-notify): GstMessagePropertyNotify, property-name=(string)caps, property-value=(GstCaps)"video/x-raw\,\ format\=\(string\)NV12\,\ width\=\(int\)1920\,\ height\=\(int\)1080\,\ framerate\=\(fraction\)30000/1001\,\ interlace-mode\=\(string\)progressive\,\ pixel-aspect-ratio\=\(fraction\)1/1\,\ multiview-mode\=\(string\)mono\,\ multiview-flags\=\(GstVideoMultiviewFlagsSet\)0:ffffffff:/right-view-first/left-flipped/left-flopped/right-flipped/right-flopped/half-aspect/mixed-mono\,\ views\=\(int\)2\,\ chroma-site\=\(string\)mpeg2\,\ colorimetry\=\(string\)bt709";
/GstPipeline:pipeline0/GstDecodeBin:decodebin8.GstDecodePad:src_0: caps = video/x-raw, format=(string)NV12, width=(int)1920, height=(int)1080, framerate=(fraction)30000/1001, interlace-mode=(string)progressive, pixel-aspect-ratio=(fraction)1/1, multiview-mode=(string)mono, multiview-flags=(GstVideoMultiviewFlagsSet)0:ffffffff:/right-view-first/left-flipped/left-flopped/right-flipped/right-flopped/half-aspect/mixed-mono, views=(int)2, chroma-site=(string)mpeg2, colorimetry=(string)bt709
Got message #2534 from pad "in:sink_8" (property-notify): GstMessagePropertyNotify, property-name=(string)caps, property-value=(GstCaps)"video/x-raw\,\ format\=\(string\)NV12\,\ width\=\(int\)1920\,\ height\=\(int\)1080\,\ framerate\=\(fraction\)30000/1001\,\ interlace-mode\=\(string\)progressive\,\ pixel-aspect-ratio\=\(fraction\)1/1\,\ multiview-mode\=\(string\)mono\,\ multiview-flags\=\(GstVideoMultiviewFlagsSet\)0:ffffffff:/right-view-first/left-flipped/left-flopped/right-flipped/right-flopped/half-aspect/mixed-mono\,\ views\=\(int\)2\,\ chroma-site\=\(string\)mpeg2\,\ colorimetry\=\(string\)bt709";
/GstPipeline:pipeline0/GstDxInputSelector:in.GstAggregatorPad:sink_8: caps = video/x-raw, format=(string)NV12, width=(int)1920, height=(int)1080, framerate=(fraction)30000/1001, interlace-mode=(string)progressive, pixel-aspect-ratio=(fraction)1/1, multiview-mode=(string)mono, multiview-flags=(GstVideoMultiviewFlagsSet)0:ffffffff:/right-view-first/left-flipped/left-flopped/right-flipped/right-flopped/half-aspect/mixed-mono, views=(int)2, chroma-site=(string)mpeg2, colorimetry=(string)bt709
Got message #2535 from pad "in:sink_8" (property-notify): GstMessagePropertyNotify, property-name=(string)caps, property-value=(GstCaps)"video/x-raw\,\ format\=\(string\)NV12\,\ width\=\(int\)1920\,\ height\=\(int\)1080\,\ framerate\=\(fraction\)30000/1001\,\ interlace-mode\=\(string\)progressive\,\ pixel-aspect-ratio\=\(fraction\)1/1\,\ multiview-mode\=\(string\)mono\,\ multiview-flags\=\(GstVideoMultiviewFlagsSet\)0:ffffffff:/right-view-first/left-flipped/left-flopped/right-flipped/right-flopped/half-aspect/mixed-mono\,\ views\=\(int\)2\,\ chroma-site\=\(string\)mpeg2\,\ colorimetry\=\(string\)bt709";
/GstPipeline:pipeline0/GstDxInputSelector:in.GstAggregatorPad:sink_8: caps = video/x-raw, format=(string)NV12, width=(int)1920, height=(int)1080, framerate=(fraction)30000/1001, interlace-mode=(string)progressive, pixel-aspect-ratio=(fraction)1/1, multiview-mode=(string)mono, multiview-flags=(GstVideoMultiviewFlagsSet)0:ffffffff:/right-view-first/left-flipped/left-flopped/right-flipped/right-flopped/half-aspect/mixed-mono, views=(int)2, chroma-site=(string)mpeg2, colorimetry=(string)bt709
Got message #2536 from pad "in:sink_8" (property-notify): GstMessagePropertyNotify, property-name=(string)caps, property-value=(GstCaps)"video/x-raw\,\ format\=\(string\)NV12\,\ width\=\(int\)1920\,\ height\=\(int\)1080\,\ framerate\=\(fraction\)30000/1001\,\ interlace-mode\=\(string\)progressive\,\ pixel-aspect-ratio\=\(fraction\)1/1\,\ multiview-mode\=\(string\)mono\,\ multiview-flags\=\(GstVideoMultiviewFlagsSet\)0:ffffffff:/right-view-first/left-flipped/left-flopped/right-flipped/right-flopped/half-aspect/mixed-mono\,\ views\=\(int\)2\,\ chroma-site\=\(string\)mpeg2\,\ colorimetry\=\(string\)bt709";
/GstPipeline:pipeline0/GstDxInputSelector:in.GstAggregatorPad:sink_8: caps = video/x-raw, format=(string)NV12, width=(int)1920, height=(int)1080, framerate=(fraction)30000/1001, interlace-mode=(string)progressive, pixel-aspect-ratio=(fraction)1/1, multiview-mode=(string)mono, multiview-flags=(GstVideoMultiviewFlagsSet)0:ffffffff:/right-view-first/left-flipped/left-flopped/right-flipped/right-flopped/half-aspect/mixed-mono, views=(int)2, chroma-site=(string)mpeg2, colorimetry=(string)bt709
Got message #2537 from pad "queue8:src" (property-notify): GstMessagePropertyNotify, property-name=(string)caps, property-value=(GstCaps)"video/x-raw\,\ format\=\(string\)NV12\,\ width\=\(int\)1920\,\ height\=\(int\)1080\,\ framerate\=\(fraction\)30000/1001\,\ interlace-mode\=\(string\)progressive\,\ pixel-aspect-ratio\=\(fraction\)1/1\,\ multiview-mode\=\(string\)mono\,\ multiview-flags\=\(GstVideoMultiviewFlagsSet\)0:ffffffff:/right-view-first/left-flipped/left-flopped/right-flipped/right-flopped/half-aspect/mixed-mono\,\ views\=\(int\)2\,\ chroma-site\=\(string\)mpeg2\,\ colorimetry\=\(string\)bt709";
/GstPipeline:pipeline0/GstQueue:queue8.GstPad:src: caps = video/x-raw, format=(string)NV12, width=(int)1920, height=(int)1080, framerate=(fraction)30000/1001, interlace-mode=(string)progressive, pixel-aspect-ratio=(fraction)1/1, multiview-mode=(string)mono, multiview-flags=(GstVideoMultiviewFlagsSet)0:ffffffff:/right-view-first/left-flipped/left-flopped/right-flipped/right-flopped/half-aspect/mixed-mono, views=(int)2, chroma-site=(string)mpeg2, colorimetry=(string)bt709
Got message #2538 from pad "in:sink_8" (property-notify): GstMessagePropertyNotify, property-name=(string)caps, property-value=(GstCaps)"video/x-raw\,\ format\=\(string\)NV12\,\ width\=\(int\)1920\,\ height\=\(int\)1080\,\ framerate\=\(fraction\)30000/1001\,\ interlace-mode\=\(string\)progressive\,\ pixel-aspect-ratio\=\(fraction\)1/1\,\ multiview-mode\=\(string\)mono\,\ multiview-flags\=\(GstVideoMultiviewFlagsSet\)0:ffffffff:/right-view-first/left-flipped/left-flopped/right-flipped/right-flopped/half-aspect/mixed-mono\,\ views\=\(int\)2\,\ chroma-site\=\(string\)mpeg2\,\ colorimetry\=\(string\)bt709";
/GstPipeline:pipeline0/GstDxInputSelector:in.GstAggregatorPad:sink_8: caps = video/x-raw, format=(string)NV12, width=(int)1920, height=(int)1080, framerate=(fraction)30000/1001, interlace-mode=(string)progressive, pixel-aspect-ratio=(fraction)1/1, multiview-mode=(string)mono, multiview-flags=(GstVideoMultiviewFlagsSet)0:ffffffff:/right-view-first/left-flipped/left-flopped/right-flipped/right-flopped/half-aspect/mixed-mono, views=(int)2, chroma-site=(string)mpeg2, colorimetry=(string)bt709
Got message #2540 from pad "out:src_8" (property-notify): GstMessagePropertyNotify, property-name=(string)caps, property-value=(GstCaps)"video/x-raw\,\ format\=\(string\)NV12\,\ width\=\(int\)1920\,\ height\=\(int\)1080\,\ framerate\=\(fraction\)30000/1001\,\ interlace-mode\=\(string\)progressive\,\ pixel-aspect-ratio\=\(fraction\)1/1\,\ multiview-mode\=\(string\)mono\,\ multiview-flags\=\(GstVideoMultiviewFlagsSet\)0:ffffffff:/right-view-first/left-flipped/left-flopped/right-flipped/right-flopped/half-aspect/mixed-mono\,\ views\=\(int\)2\,\ chroma-site\=\(string\)mpeg2\,\ colorimetry\=\(string\)bt709";
/GstPipeline:pipeline0/GstDxOutputSelector:out.GstPad:src_8: caps = video/x-raw, format=(string)NV12, width=(int)1920, height=(int)1080, framerate=(fraction)30000/1001, interlace-mode=(string)progressive, pixel-aspect-ratio=(fraction)1/1, multiview-mode=(string)mono, multiview-flags=(GstVideoMultiviewFlagsSet)0:ffffffff:/right-view-first/left-flipped/left-flopped/right-flipped/right-flopped/half-aspect/mixed-mono, views=(int)2, chroma-site=(string)mpeg2, colorimetry=(string)bt709
Got message #2542 from pad "queue21:sink" (property-notify): GstMessagePropertyNotify, property-name=(string)caps, property-value=(GstCaps)"video/x-raw\,\ format\=\(string\)NV12\,\ width\=\(int\)1920\,\ height\=\(int\)1080\,\ framerate\=\(fraction\)30000/1001\,\ interlace-mode\=\(string\)progressive\,\ pixel-aspect-ratio\=\(fraction\)1/1\,\ multiview-mode\=\(string\)mono\,\ multiview-flags\=\(GstVideoMultiviewFlagsSet\)0:ffffffff:/right-view-first/left-flipped/left-flopped/right-flipped/right-flopped/half-aspect/mixed-mono\,\ views\=\(int\)2\,\ chroma-site\=\(string\)mpeg2\,\ colorimetry\=\(string\)bt709";
/GstPipeline:pipeline0/GstQueue:queue21.GstPad:sink: caps = video/x-raw, format=(string)NV12, width=(int)1920, height=(int)1080, framerate=(fraction)30000/1001, interlace-mode=(string)progressive, pixel-aspect-ratio=(fraction)1/1, multiview-mode=(string)mono, multiview-flags=(GstVideoMultiviewFlagsSet)0:ffffffff:/right-view-first/left-flipped/left-flopped/right-flipped/right-flopped/half-aspect/mixed-mono, views=(int)2, chroma-site=(string)mpeg2, colorimetry=(string)bt709
Got message #2543 from pad "queue21:src" (property-notify): GstMessagePropertyNotify, property-name=(string)caps, property-value=(GstCaps)"video/x-raw\,\ format\=\(string\)NV12\,\ width\=\(int\)1920\,\ height\=\(int\)1080\,\ framerate\=\(fraction\)30000/1001\,\ interlace-mode\=\(string\)progressive\,\ pixel-aspect-ratio\=\(fraction\)1/1\,\ multiview-mode\=\(string\)mono\,\ multiview-flags\=\(GstVideoMultiviewFlagsSet\)0:ffffffff:/right-view-first/left-flipped/left-flopped/right-flipped/right-flopped/half-aspect/mixed-mono\,\ views\=\(int\)2\,\ chroma-site\=\(string\)mpeg2\,\ colorimetry\=\(string\)bt709";
/GstPipeline:pipeline0/GstQueue:queue21.GstPad:src: caps = video/x-raw, format=(string)NV12, width=(int)1920, height=(int)1080, framerate=(fraction)30000/1001, interlace-mode=(string)progressive, pixel-aspect-ratio=(fraction)1/1, multiview-mode=(string)mono, multiview-flags=(GstVideoMultiviewFlagsSet)0:ffffffff:/right-view-first/left-flipped/left-flopped/right-flipped/right-flopped/half-aspect/mixed-mono, views=(int)2, chroma-site=(string)mpeg2, colorimetry=(string)bt709
Got message #2544 from pad "queue21:sink" (property-notify): GstMessagePropertyNotify, property-name=(string)caps, property-value=(GstCaps)"video/x-raw\,\ format\=\(string\)NV12\,\ width\=\(int\)1920\,\ height\=\(int\)1080\,\ framerate\=\(fraction\)30000/1001\,\ interlace-mode\=\(string\)progressive\,\ pixel-aspect-ratio\=\(fraction\)1/1\,\ multiview-mode\=\(string\)mono\,\ multiview-flags\=\(GstVideoMultiviewFlagsSet\)0:ffffffff:/right-view-first/left-flipped/left-flopped/right-flipped/right-flopped/half-aspect/mixed-mono\,\ views\=\(int\)2\,\ chroma-site\=\(string\)mpeg2\,\ colorimetry\=\(string\)bt709";
/GstPipeline:pipeline0/GstQueue:queue21.GstPad:sink: caps = video/x-raw, format=(string)NV12, width=(int)1920, height=(int)1080, framerate=(fraction)30000/1001, interlace-mode=(string)progressive, pixel-aspect-ratio=(fraction)1/1, multiview-mode=(string)mono, multiview-flags=(GstVideoMultiviewFlagsSet)0:ffffffff:/right-view-first/left-flipped/left-flopped/right-flipped/right-flopped/half-aspect/mixed-mono, views=(int)2, chroma-site=(string)mpeg2, colorimetry=(string)bt709
Got message #2545 from pad "fakesink8:sink" (property-notify): GstMessagePropertyNotify, property-name=(string)caps, property-value=(GstCaps)"video/x-raw\,\ format\=\(string\)NV12\,\ width\=\(int\)1920\,\ height\=\(int\)1080\,\ framerate\=\(fraction\)30000/1001\,\ interlace-mode\=\(string\)progressive\,\ pixel-aspect-ratio\=\(fraction\)1/1\,\ multiview-mode\=\(string\)mono\,\ multiview-flags\=\(GstVideoMultiviewFlagsSet\)0:ffffffff:/right-view-first/left-flipped/left-flopped/right-flipped/right-flopped/half-aspect/mixed-mono\,\ views\=\(int\)2\,\ chroma-site\=\(string\)mpeg2\,\ colorimetry\=\(string\)bt709";
/GstPipeline:pipeline0/GstFakeSink:fakesink8.GstPad:sink: caps = video/x-raw, format=(string)NV12, width=(int)1920, height=(int)1080, framerate=(fraction)30000/1001, interlace-mode=(string)progressive, pixel-aspect-ratio=(fraction)1/1, multiview-mode=(string)mono, multiview-flags=(GstVideoMultiviewFlagsSet)0:ffffffff:/right-view-first/left-flipped/left-flopped/right-flipped/right-flopped/half-aspect/mixed-mono, views=(int)2, chroma-site=(string)mpeg2, colorimetry=(string)bt709
Got message #2546 from pad "queue21:src" (property-notify): GstMessagePropertyNotify, property-name=(string)caps, property-value=(GstCaps)"video/x-raw\,\ format\=\(string\)NV12\,\ width\=\(int\)1920\,\ height\=\(int\)1080\,\ framerate\=\(fraction\)30000/1001\,\ interlace-mode\=\(string\)progressive\,\ pixel-aspect-ratio\=\(fraction\)1/1\,\ multiview-mode\=\(string\)mono\,\ multiview-flags\=\(GstVideoMultiviewFlagsSet\)0:ffffffff:/right-view-first/left-flipped/left-flopped/right-flipped/right-flopped/half-aspect/mixed-mono\,\ views\=\(int\)2\,\ chroma-site\=\(string\)mpeg2\,\ colorimetry\=\(string\)bt709";
/GstPipeline:pipeline0/GstQueue:queue21.GstPad:src: caps = video/x-raw, format=(string)NV12, width=(int)1920, height=(int)1080, framerate=(fraction)30000/1001, interlace-mode=(string)progressive, pixel-aspect-ratio=(fraction)1/1, multiview-mode=(string)mono, multiview-flags=(GstVideoMultiviewFlagsSet)0:ffffffff:/right-view-first/left-flipped/left-flopped/right-flipped/right-flopped/half-aspect/mixed-mono, views=(int)2, chroma-site=(string)mpeg2, colorimetry=(string)bt709
Got message #2547 from pad "fakesink8:sink" (property-notify): GstMessagePropertyNotify, property-name=(string)caps, property-value=(GstCaps)"video/x-raw\,\ format\=\(string\)NV12\,\ width\=\(int\)1920\,\ height\=\(int\)1080\,\ framerate\=\(fraction\)30000/1001\,\ interlace-mode\=\(string\)progressive\,\ pixel-aspect-ratio\=\(fraction\)1/1\,\ multiview-mode\=\(string\)mono\,\ multiview-flags\=\(GstVideoMultiviewFlagsSet\)0:ffffffff:/right-view-first/left-flipped/left-flopped/right-flipped/right-flopped/half-aspect/mixed-mono\,\ views\=\(int\)2\,\ chroma-site\=\(string\)mpeg2\,\ colorimetry\=\(string\)bt709";
/GstPipeline:pipeline0/GstFakeSink:fakesink8.GstPad:sink: caps = video/x-raw, format=(string)NV12, width=(int)1920, height=(int)1080, framerate=(fraction)30000/1001, interlace-mode=(string)progressive, pixel-aspect-ratio=(fraction)1/1, multiview-mode=(string)mono, multiview-flags=(GstVideoMultiviewFlagsSet)0:ffffffff:/right-view-first/left-flipped/left-flopped/right-flipped/right-flopped/half-aspect/mixed-mono, views=(int)2, chroma-site=(string)mpeg2, colorimetry=(string)bt709
Got message #2548 from pad "vaapipostproc1:sink" (property-notify): GstMessagePropertyNotify, property-name=(string)caps, property-value=(GstCaps)"video/x-raw\(memory:VASurface\)\,\ format\=\(string\)NV12\,\ width\=\(int\)1920\,\ height\=\(int\)1080\,\ interlace-mode\=\(string\)progressive\,\ multiview-mode\=\(string\)mono\,\ multiview-flags\=\(GstVideoMultiviewFlagsSet\)0:ffffffff:/right-view-first/left-flipped/left-flopped/right-flipped/right-flopped/half-aspect/mixed-mono\,\ pixel-aspect-ratio\=\(fraction\)1/1\,\ colorimetry\=\(string\)bt709\,\ views\=\(int\)2\,\ framerate\=\(fraction\)30000/1001";
/GstPipeline:pipeline0/GstDecodeBin:decodebin8/GstVaapiDecodeBin:vaapidecodebin3/GstVaapiPostproc:vaapipostproc1.GstPad:sink: caps = video/x-raw(memory:VASurface), format=(string)NV12, width=(int)1920, height=(int)1080, interlace-mode=(string)progressive, multiview-mode=(string)mono, multiview-flags=(GstVideoMultiviewFlagsSet)0:ffffffff:/right-view-first/left-flipped/left-flopped/right-flipped/right-flopped/half-aspect/mixed-mono, pixel-aspect-ratio=(fraction)1/1, colorimetry=(string)bt709, views=(int)2, framerate=(fraction)30000/1001
Got message #2549 from pad "capsfilter12:sink" (property-notify): GstMessagePropertyNotify, property-name=(string)caps, property-value=(GstCaps)"video/x-raw\(memory:VASurface\)\,\ format\=\(string\)NV12\,\ width\=\(int\)1920\,\ height\=\(int\)1080\,\ interlace-mode\=\(string\)progressive\,\ multiview-mode\=\(string\)mono\,\ multiview-flags\=\(GstVideoMultiviewFlagsSet\)0:ffffffff:/right-view-first/left-flipped/left-flopped/right-flipped/right-flopped/half-aspect/mixed-mono\,\ pixel-aspect-ratio\=\(fraction\)1/1\,\ colorimetry\=\(string\)bt709\,\ views\=\(int\)2\,\ framerate\=\(fraction\)30000/1001";
/GstPipeline:pipeline0/GstDecodeBin:decodebin8/GstVaapiDecodeBin:vaapidecodebin3/GstCapsFilter:capsfilter12.GstPad:sink: caps = video/x-raw(memory:VASurface), format=(string)NV12, width=(int)1920, height=(int)1080, interlace-mode=(string)progressive, multiview-mode=(string)mono, multiview-flags=(GstVideoMultiviewFlagsSet)0:ffffffff:/right-view-first/left-flipped/left-flopped/right-flipped/right-flopped/half-aspect/mixed-mono, pixel-aspect-ratio=(fraction)1/1, colorimetry=(string)bt709, views=(int)2, framerate=(fraction)30000/1001
Got message #2554 from element "fakesink8" (tag): GstMessageTag, taglist=(taglist)"taglist\,\ video-codec\=\(string\)\"H.264\\\ /\\\ AVC\"\,\ maximum-bitrate\=\(uint\)4472819\,\ bitrate\=\(uint\)4472819\;";
Got message #2555 from element "fakesink8" (tag): GstMessageTag, taglist=(taglist)"taglist\,\ encoder\=\(string\)Lavf60.16.100\,\ container-format\=\(string\)\"ISO\\\ MP4/M4A\"\;";
Got message #2556 from element "fakesink8" (tag): GstMessageTag, taglist=(taglist)"taglist\,\ video-codec\=\(string\)\"H.264\\\ \\\(High\\\ Profile\\\)\"\,\ maximum-bitrate\=\(uint\)4472819\,\ bitrate\=\(uint\)4472819\;";
Got message #2557 from element "vaapidecode0" (latency): no message details
Redistribute latency...
Got message #2559 from pad "vaapidecode0:src" (property-notify): GstMessagePropertyNotify, property-name=(string)caps, property-value=(GstCaps)"video/x-raw\(memory:VASurface\)\,\ format\=\(string\)NV12\,\ width\=\(int\)1920\,\ height\=\(int\)1080\,\ interlace-mode\=\(string\)progressive\,\ multiview-mode\=\(string\)mono\,\ multiview-flags\=\(GstVideoMultiviewFlagsSet\)0:ffffffff:/right-view-first/left-flipped/left-flopped/right-flipped/right-flopped/half-aspect/mixed-mono\,\ pixel-aspect-ratio\=\(fraction\)1/1\,\ colorimetry\=\(string\)bt709\,\ views\=\(int\)2\,\ framerate\=\(fraction\)30000/1001";
/GstPipeline:pipeline0/GstDecodeBin:decodebin3/GstVaapiDecodeBin:vaapidecodebin1/GstVaapiDecode:vaapidecode0.GstPad:src: caps = video/x-raw(memory:VASurface), format=(string)NV12, width=(int)1920, height=(int)1080, interlace-mode=(string)progressive, multiview-mode=(string)mono, multiview-flags=(GstVideoMultiviewFlagsSet)0:ffffffff:/right-view-first/left-flipped/left-flopped/right-flipped/right-flopped/half-aspect/mixed-mono, pixel-aspect-ratio=(fraction)1/1, colorimetry=(string)bt709, views=(int)2, framerate=(fraction)30000/1001
Got message #2560 from pad "queue25:sink" (property-notify): GstMessagePropertyNotify, property-name=(string)caps, property-value=(GstCaps)"video/x-raw\(memory:VASurface\)\,\ format\=\(string\)NV12\,\ width\=\(int\)1920\,\ height\=\(int\)1080\,\ interlace-mode\=\(string\)progressive\,\ multiview-mode\=\(string\)mono\,\ multiview-flags\=\(GstVideoMultiviewFlagsSet\)0:ffffffff:/right-view-first/left-flipped/left-flopped/right-flipped/right-flopped/half-aspect/mixed-mono\,\ pixel-aspect-ratio\=\(fraction\)1/1\,\ colorimetry\=\(string\)bt709\,\ views\=\(int\)2\,\ framerate\=\(fraction\)30000/1001";
/GstPipeline:pipeline0/GstDecodeBin:decodebin3/GstVaapiDecodeBin:vaapidecodebin1/GstQueue:queue25.GstPad:sink: caps = video/x-raw(memory:VASurface), format=(string)NV12, width=(int)1920, height=(int)1080, interlace-mode=(string)progressive, multiview-mode=(string)mono, multiview-flags=(GstVideoMultiviewFlagsSet)0:ffffffff:/right-view-first/left-flipped/left-flopped/right-flipped/right-flopped/half-aspect/mixed-mono, pixel-aspect-ratio=(fraction)1/1, colorimetry=(string)bt709, views=(int)2, framerate=(fraction)30000/1001
Got message #2561 from pad "queue25:src" (property-notify): GstMessagePropertyNotify, property-name=(string)caps, property-value=(GstCaps)"video/x-raw\(memory:VASurface\)\,\ format\=\(string\)NV12\,\ width\=\(int\)1920\,\ height\=\(int\)1080\,\ interlace-mode\=\(string\)progressive\,\ multiview-mode\=\(string\)mono\,\ multiview-flags\=\(GstVideoMultiviewFlagsSet\)0:ffffffff:/right-view-first/left-flipped/left-flopped/right-flipped/right-flopped/half-aspect/mixed-mono\,\ pixel-aspect-ratio\=\(fraction\)1/1\,\ colorimetry\=\(string\)bt709\,\ views\=\(int\)2\,\ framerate\=\(fraction\)30000/1001";
/GstPipeline:pipeline0/GstDecodeBin:decodebin3/GstVaapiDecodeBin:vaapidecodebin1/GstQueue:queue25.GstPad:src: caps = video/x-raw(memory:VASurface), format=(string)NV12, width=(int)1920, height=(int)1080, interlace-mode=(string)progressive, multiview-mode=(string)mono, multiview-flags=(GstVideoMultiviewFlagsSet)0:ffffffff:/right-view-first/left-flipped/left-flopped/right-flipped/right-flopped/half-aspect/mixed-mono, pixel-aspect-ratio=(fraction)1/1, colorimetry=(string)bt709, views=(int)2, framerate=(fraction)30000/1001
Got message #2563 from pad "capsfilter11:src" (property-notify): GstMessagePropertyNotify, property-name=(string)caps, property-value=(GstCaps)"video/x-raw\(memory:VASurface\)\,\ format\=\(string\)NV12\,\ width\=\(int\)1920\,\ height\=\(int\)1080\,\ interlace-mode\=\(string\)progressive\,\ multiview-mode\=\(string\)mono\,\ multiview-flags\=\(GstVideoMultiviewFlagsSet\)0:ffffffff:/right-view-first/left-flipped/left-flopped/right-flipped/right-flopped/half-aspect/mixed-mono\,\ pixel-aspect-ratio\=\(fraction\)1/1\,\ colorimetry\=\(string\)bt709\,\ views\=\(int\)2\,\ framerate\=\(fraction\)30000/1001";
/GstPipeline:pipeline0/GstDecodeBin:decodebin3/GstVaapiDecodeBin:vaapidecodebin1/GstCapsFilter:capsfilter11.GstPad:src: caps = video/x-raw(memory:VASurface), format=(string)NV12, width=(int)1920, height=(int)1080, interlace-mode=(string)progressive, multiview-mode=(string)mono, multiview-flags=(GstVideoMultiviewFlagsSet)0:ffffffff:/right-view-first/left-flipped/left-flopped/right-flipped/right-flopped/half-aspect/mixed-mono, pixel-aspect-ratio=(fraction)1/1, colorimetry=(string)bt709, views=(int)2, framerate=(fraction)30000/1001
Got message #2566 from pad "vaapipostproc3:src" (property-notify): GstMessagePropertyNotify, property-name=(string)caps, property-value=(GstCaps)"video/x-raw\,\ format\=\(string\)NV12\,\ width\=\(int\)1920\,\ height\=\(int\)1080\,\ framerate\=\(fraction\)30000/1001\,\ interlace-mode\=\(string\)progressive\,\ pixel-aspect-ratio\=\(fraction\)1/1\,\ multiview-mode\=\(string\)mono\,\ multiview-flags\=\(GstVideoMultiviewFlagsSet\)0:ffffffff:/right-view-first/left-flipped/left-flopped/right-flipped/right-flopped/half-aspect/mixed-mono\,\ views\=\(int\)2\,\ chroma-site\=\(string\)mpeg2\,\ colorimetry\=\(string\)bt709";
/GstPipeline:pipeline0/GstDecodeBin:decodebin3/GstVaapiDecodeBin:vaapidecodebin1/GstVaapiPostproc:vaapipostproc3.GstPad:src: caps = video/x-raw, format=(string)NV12, width=(int)1920, height=(int)1080, framerate=(fraction)30000/1001, interlace-mode=(string)progressive, pixel-aspect-ratio=(fraction)1/1, multiview-mode=(string)mono, multiview-flags=(GstVideoMultiviewFlagsSet)0:ffffffff:/right-view-first/left-flipped/left-flopped/right-flipped/right-flopped/half-aspect/mixed-mono, views=(int)2, chroma-site=(string)mpeg2, colorimetry=(string)bt709
Got message #2567 from pad "vaapidecodebin1:src" (property-notify): GstMessagePropertyNotify, property-name=(string)caps, property-value=(GstCaps)"video/x-raw\,\ format\=\(string\)NV12\,\ width\=\(int\)1920\,\ height\=\(int\)1080\,\ framerate\=\(fraction\)30000/1001\,\ interlace-mode\=\(string\)progressive\,\ pixel-aspect-ratio\=\(fraction\)1/1\,\ multiview-mode\=\(string\)mono\,\ multiview-flags\=\(GstVideoMultiviewFlagsSet\)0:ffffffff:/right-view-first/left-flipped/left-flopped/right-flipped/right-flopped/half-aspect/mixed-mono\,\ views\=\(int\)2\,\ chroma-site\=\(string\)mpeg2\,\ colorimetry\=\(string\)bt709";
/GstPipeline:pipeline0/GstDecodeBin:decodebin3/GstVaapiDecodeBin:vaapidecodebin1.GstGhostPad:src: caps = video/x-raw, format=(string)NV12, width=(int)1920, height=(int)1080, framerate=(fraction)30000/1001, interlace-mode=(string)progressive, pixel-aspect-ratio=(fraction)1/1, multiview-mode=(string)mono, multiview-flags=(GstVideoMultiviewFlagsSet)0:ffffffff:/right-view-first/left-flipped/left-flopped/right-flipped/right-flopped/half-aspect/mixed-mono, views=(int)2, chroma-site=(string)mpeg2, colorimetry=(string)bt709
Got message #2573 from element "decodebin3" (state-changed): GstMessageStateChanged, old-state=(GstState)ready, new-state=(GstState)paused, pending-state=(GstState)void-pending;
Got message #2574 from pad "queue3:sink" (property-notify): GstMessagePropertyNotify, property-name=(string)caps, property-value=(GstCaps)"video/x-raw\,\ format\=\(string\)NV12\,\ width\=\(int\)1920\,\ height\=\(int\)1080\,\ framerate\=\(fraction\)30000/1001\,\ interlace-mode\=\(string\)progressive\,\ pixel-aspect-ratio\=\(fraction\)1/1\,\ multiview-mode\=\(string\)mono\,\ multiview-flags\=\(GstVideoMultiviewFlagsSet\)0:ffffffff:/right-view-first/left-flipped/left-flopped/right-flipped/right-flopped/half-aspect/mixed-mono\,\ views\=\(int\)2\,\ chroma-site\=\(string\)mpeg2\,\ colorimetry\=\(string\)bt709";
/GstPipeline:pipeline0/GstQueue:queue3.GstPad:sink: caps = video/x-raw, format=(string)NV12, width=(int)1920, height=(int)1080, framerate=(fraction)30000/1001, interlace-mode=(string)progressive, pixel-aspect-ratio=(fraction)1/1, multiview-mode=(string)mono, multiview-flags=(GstVideoMultiviewFlagsSet)0:ffffffff:/right-view-first/left-flipped/left-flopped/right-flipped/right-flopped/half-aspect/mixed-mono, views=(int)2, chroma-site=(string)mpeg2, colorimetry=(string)bt709
Got message #2575 from pad "src_0:proxypad30" (property-notify): GstMessagePropertyNotify, property-name=(string)caps, property-value=(GstCaps)"video/x-raw\,\ format\=\(string\)NV12\,\ width\=\(int\)1920\,\ height\=\(int\)1080\,\ framerate\=\(fraction\)30000/1001\,\ interlace-mode\=\(string\)progressive\,\ pixel-aspect-ratio\=\(fraction\)1/1\,\ multiview-mode\=\(string\)mono\,\ multiview-flags\=\(GstVideoMultiviewFlagsSet\)0:ffffffff:/right-view-first/left-flipped/left-flopped/right-flipped/right-flopped/half-aspect/mixed-mono\,\ views\=\(int\)2\,\ chroma-site\=\(string\)mpeg2\,\ colorimetry\=\(string\)bt709";
/GstPipeline:pipeline0/GstDecodeBin:decodebin3.GstDecodePad:src_0.GstProxyPad:proxypad30: caps = video/x-raw, format=(string)NV12, width=(int)1920, height=(int)1080, framerate=(fraction)30000/1001, interlace-mode=(string)progressive, pixel-aspect-ratio=(fraction)1/1, multiview-mode=(string)mono, multiview-flags=(GstVideoMultiviewFlagsSet)0:ffffffff:/right-view-first/left-flipped/left-flopped/right-flipped/right-flopped/half-aspect/mixed-mono, views=(int)2, chroma-site=(string)mpeg2, colorimetry=(string)bt709
Got message #2576 from pad "src:proxypad47" (property-notify): GstMessagePropertyNotify, property-name=(string)caps, property-value=(GstCaps)"video/x-raw\,\ format\=\(string\)NV12\,\ width\=\(int\)1920\,\ height\=\(int\)1080\,\ framerate\=\(fraction\)30000/1001\,\ interlace-mode\=\(string\)progressive\,\ pixel-aspect-ratio\=\(fraction\)1/1\,\ multiview-mode\=\(string\)mono\,\ multiview-flags\=\(GstVideoMultiviewFlagsSet\)0:ffffffff:/right-view-first/left-flipped/left-flopped/right-flipped/right-flopped/half-aspect/mixed-mono\,\ views\=\(int\)2\,\ chroma-site\=\(string\)mpeg2\,\ colorimetry\=\(string\)bt709";
/GstPipeline:pipeline0/GstDecodeBin:decodebin3/GstVaapiDecodeBin:vaapidecodebin1.GstGhostPad:src.GstProxyPad:proxypad47: caps = video/x-raw, format=(string)NV12, width=(int)1920, height=(int)1080, framerate=(fraction)30000/1001, interlace-mode=(string)progressive, pixel-aspect-ratio=(fraction)1/1, multiview-mode=(string)mono, multiview-flags=(GstVideoMultiviewFlagsSet)0:ffffffff:/right-view-first/left-flipped/left-flopped/right-flipped/right-flopped/half-aspect/mixed-mono, views=(int)2, chroma-site=(string)mpeg2, colorimetry=(string)bt709
Got message #2578 from pad "queue3:src" (property-notify): GstMessagePropertyNotify, property-name=(string)caps, property-value=(GstCaps)"video/x-raw\,\ format\=\(string\)NV12\,\ width\=\(int\)1920\,\ height\=\(int\)1080\,\ framerate\=\(fraction\)30000/1001\,\ interlace-mode\=\(string\)progressive\,\ pixel-aspect-ratio\=\(fraction\)1/1\,\ multiview-mode\=\(string\)mono\,\ multiview-flags\=\(GstVideoMultiviewFlagsSet\)0:ffffffff:/right-view-first/left-flipped/left-flopped/right-flipped/right-flopped/half-aspect/mixed-mono\,\ views\=\(int\)2\,\ chroma-site\=\(string\)mpeg2\,\ colorimetry\=\(string\)bt709";
/GstPipeline:pipeline0/GstQueue:queue3.GstPad:src: caps = video/x-raw, format=(string)NV12, width=(int)1920, height=(int)1080, framerate=(fraction)30000/1001, interlace-mode=(string)progressive, pixel-aspect-ratio=(fraction)1/1, multiview-mode=(string)mono, multiview-flags=(GstVideoMultiviewFlagsSet)0:ffffffff:/right-view-first/left-flipped/left-flopped/right-flipped/right-flopped/half-aspect/mixed-mono, views=(int)2, chroma-site=(string)mpeg2, colorimetry=(string)bt709
Got message #2579 from pad "queue3:src" (property-notify): GstMessagePropertyNotify, property-name=(string)caps, property-value=(GstCaps)"video/x-raw\,\ format\=\(string\)NV12\,\ width\=\(int\)1920\,\ height\=\(int\)1080\,\ framerate\=\(fraction\)30000/1001\,\ interlace-mode\=\(string\)progressive\,\ pixel-aspect-ratio\=\(fraction\)1/1\,\ multiview-mode\=\(string\)mono\,\ multiview-flags\=\(GstVideoMultiviewFlagsSet\)0:ffffffff:/right-view-first/left-flipped/left-flopped/right-flipped/right-flopped/half-aspect/mixed-mono\,\ views\=\(int\)2\,\ chroma-site\=\(string\)mpeg2\,\ colorimetry\=\(string\)bt709";
/GstPipeline:pipeline0/GstQueue:queue3.GstPad:src: caps = video/x-raw, format=(string)NV12, width=(int)1920, height=(int)1080, framerate=(fraction)30000/1001, interlace-mode=(string)progressive, pixel-aspect-ratio=(fraction)1/1, multiview-mode=(string)mono, multiview-flags=(GstVideoMultiviewFlagsSet)0:ffffffff:/right-view-first/left-flipped/left-flopped/right-flipped/right-flopped/half-aspect/mixed-mono, views=(int)2, chroma-site=(string)mpeg2, colorimetry=(string)bt709
Got message #2580 from pad "vaapidecodebin1:src" (property-notify): GstMessagePropertyNotify, property-name=(string)caps, property-value=(GstCaps)"video/x-raw\,\ format\=\(string\)NV12\,\ width\=\(int\)1920\,\ height\=\(int\)1080\,\ framerate\=\(fraction\)30000/1001\,\ interlace-mode\=\(string\)progressive\,\ pixel-aspect-ratio\=\(fraction\)1/1\,\ multiview-mode\=\(string\)mono\,\ multiview-flags\=\(GstVideoMultiviewFlagsSet\)0:ffffffff:/right-view-first/left-flipped/left-flopped/right-flipped/right-flopped/half-aspect/mixed-mono\,\ views\=\(int\)2\,\ chroma-site\=\(string\)mpeg2\,\ colorimetry\=\(string\)bt709";
/GstPipeline:pipeline0/GstDecodeBin:decodebin3/GstVaapiDecodeBin:vaapidecodebin1.GstGhostPad:src: caps = video/x-raw, format=(string)NV12, width=(int)1920, height=(int)1080, framerate=(fraction)30000/1001, interlace-mode=(string)progressive, pixel-aspect-ratio=(fraction)1/1, multiview-mode=(string)mono, multiview-flags=(GstVideoMultiviewFlagsSet)0:ffffffff:/right-view-first/left-flipped/left-flopped/right-flipped/right-flopped/half-aspect/mixed-mono, views=(int)2, chroma-site=(string)mpeg2, colorimetry=(string)bt709
Got message #2582 from pad "decodebin3:src_0" (property-notify): GstMessagePropertyNotify, property-name=(string)caps, property-value=(GstCaps)"video/x-raw\,\ format\=\(string\)NV12\,\ width\=\(int\)1920\,\ height\=\(int\)1080\,\ framerate\=\(fraction\)30000/1001\,\ interlace-mode\=\(string\)progressive\,\ pixel-aspect-ratio\=\(fraction\)1/1\,\ multiview-mode\=\(string\)mono\,\ multiview-flags\=\(GstVideoMultiviewFlagsSet\)0:ffffffff:/right-view-first/left-flipped/left-flopped/right-flipped/right-flopped/half-aspect/mixed-mono\,\ views\=\(int\)2\,\ chroma-site\=\(string\)mpeg2\,\ colorimetry\=\(string\)bt709";
/GstPipeline:pipeline0/GstDecodeBin:decodebin3.GstDecodePad:src_0: caps = video/x-raw, format=(string)NV12, width=(int)1920, height=(int)1080, framerate=(fraction)30000/1001, interlace-mode=(string)progressive, pixel-aspect-ratio=(fraction)1/1, multiview-mode=(string)mono, multiview-flags=(GstVideoMultiviewFlagsSet)0:ffffffff:/right-view-first/left-flipped/left-flopped/right-flipped/right-flopped/half-aspect/mixed-mono, views=(int)2, chroma-site=(string)mpeg2, colorimetry=(string)bt709
Got message #2583 from pad "in:sink_3" (property-notify): GstMessagePropertyNotify, property-name=(string)caps, property-value=(GstCaps)"video/x-raw\,\ format\=\(string\)NV12\,\ width\=\(int\)1920\,\ height\=\(int\)1080\,\ framerate\=\(fraction\)30000/1001\,\ interlace-mode\=\(string\)progressive\,\ pixel-aspect-ratio\=\(fraction\)1/1\,\ multiview-mode\=\(string\)mono\,\ multiview-flags\=\(GstVideoMultiviewFlagsSet\)0:ffffffff:/right-view-first/left-flipped/left-flopped/right-flipped/right-flopped/half-aspect/mixed-mono\,\ views\=\(int\)2\,\ chroma-site\=\(string\)mpeg2\,\ colorimetry\=\(string\)bt709";
/GstPipeline:pipeline0/GstDxInputSelector:in.GstAggregatorPad:sink_3: caps = video/x-raw, format=(string)NV12, width=(int)1920, height=(int)1080, framerate=(fraction)30000/1001, interlace-mode=(string)progressive, pixel-aspect-ratio=(fraction)1/1, multiview-mode=(string)mono, multiview-flags=(GstVideoMultiviewFlagsSet)0:ffffffff:/right-view-first/left-flipped/left-flopped/right-flipped/right-flopped/half-aspect/mixed-mono, views=(int)2, chroma-site=(string)mpeg2, colorimetry=(string)bt709
Got message #2585 from pad "queue3:sink" (property-notify): GstMessagePropertyNotify, property-name=(string)caps, property-value=(GstCaps)"video/x-raw\,\ format\=\(string\)NV12\,\ width\=\(int\)1920\,\ height\=\(int\)1080\,\ framerate\=\(fraction\)30000/1001\,\ interlace-mode\=\(string\)progressive\,\ pixel-aspect-ratio\=\(fraction\)1/1\,\ multiview-mode\=\(string\)mono\,\ multiview-flags\=\(GstVideoMultiviewFlagsSet\)0:ffffffff:/right-view-first/left-flipped/left-flopped/right-flipped/right-flopped/half-aspect/mixed-mono\,\ views\=\(int\)2\,\ chroma-site\=\(string\)mpeg2\,\ colorimetry\=\(string\)bt709";
/GstPipeline:pipeline0/GstQueue:queue3.GstPad:sink: caps = video/x-raw, format=(string)NV12, width=(int)1920, height=(int)1080, framerate=(fraction)30000/1001, interlace-mode=(string)progressive, pixel-aspect-ratio=(fraction)1/1, multiview-mode=(string)mono, multiview-flags=(GstVideoMultiviewFlagsSet)0:ffffffff:/right-view-first/left-flipped/left-flopped/right-flipped/right-flopped/half-aspect/mixed-mono, views=(int)2, chroma-site=(string)mpeg2, colorimetry=(string)bt709
Got message #2586 from pad "queue3:src" (property-notify): GstMessagePropertyNotify, property-name=(string)caps, property-value=(GstCaps)"video/x-raw\,\ format\=\(string\)NV12\,\ width\=\(int\)1920\,\ height\=\(int\)1080\,\ framerate\=\(fraction\)30000/1001\,\ interlace-mode\=\(string\)progressive\,\ pixel-aspect-ratio\=\(fraction\)1/1\,\ multiview-mode\=\(string\)mono\,\ multiview-flags\=\(GstVideoMultiviewFlagsSet\)0:ffffffff:/right-view-first/left-flipped/left-flopped/right-flipped/right-flopped/half-aspect/mixed-mono\,\ views\=\(int\)2\,\ chroma-site\=\(string\)mpeg2\,\ colorimetry\=\(string\)bt709";
/GstPipeline:pipeline0/GstQueue:queue3.GstPad:src: caps = video/x-raw, format=(string)NV12, width=(int)1920, height=(int)1080, framerate=(fraction)30000/1001, interlace-mode=(string)progressive, pixel-aspect-ratio=(fraction)1/1, multiview-mode=(string)mono, multiview-flags=(GstVideoMultiviewFlagsSet)0:ffffffff:/right-view-first/left-flipped/left-flopped/right-flipped/right-flopped/half-aspect/mixed-mono, views=(int)2, chroma-site=(string)mpeg2, colorimetry=(string)bt709
Got message #2587 from pad "src_0:proxypad30" (property-notify): GstMessagePropertyNotify, property-name=(string)caps, property-value=(GstCaps)"video/x-raw\,\ format\=\(string\)NV12\,\ width\=\(int\)1920\,\ height\=\(int\)1080\,\ framerate\=\(fraction\)30000/1001\,\ interlace-mode\=\(string\)progressive\,\ pixel-aspect-ratio\=\(fraction\)1/1\,\ multiview-mode\=\(string\)mono\,\ multiview-flags\=\(GstVideoMultiviewFlagsSet\)0:ffffffff:/right-view-first/left-flipped/left-flopped/right-flipped/right-flopped/half-aspect/mixed-mono\,\ views\=\(int\)2\,\ chroma-site\=\(string\)mpeg2\,\ colorimetry\=\(string\)bt709";
/GstPipeline:pipeline0/GstDecodeBin:decodebin3.GstDecodePad:src_0.GstProxyPad:proxypad30: caps = video/x-raw, format=(string)NV12, width=(int)1920, height=(int)1080, framerate=(fraction)30000/1001, interlace-mode=(string)progressive, pixel-aspect-ratio=(fraction)1/1, multiview-mode=(string)mono, multiview-flags=(GstVideoMultiviewFlagsSet)0:ffffffff:/right-view-first/left-flipped/left-flopped/right-flipped/right-flopped/half-aspect/mixed-mono, views=(int)2, chroma-site=(string)mpeg2, colorimetry=(string)bt709
Got message #2588 from pad "src:proxypad47" (property-notify): GstMessagePropertyNotify, property-name=(string)caps, property-value=(GstCaps)"video/x-raw\,\ format\=\(string\)NV12\,\ width\=\(int\)1920\,\ height\=\(int\)1080\,\ framerate\=\(fraction\)30000/1001\,\ interlace-mode\=\(string\)progressive\,\ pixel-aspect-ratio\=\(fraction\)1/1\,\ multiview-mode\=\(string\)mono\,\ multiview-flags\=\(GstVideoMultiviewFlagsSet\)0:ffffffff:/right-view-first/left-flipped/left-flopped/right-flipped/right-flopped/half-aspect/mixed-mono\,\ views\=\(int\)2\,\ chroma-site\=\(string\)mpeg2\,\ colorimetry\=\(string\)bt709";
/GstPipeline:pipeline0/GstDecodeBin:decodebin3/GstVaapiDecodeBin:vaapidecodebin1.GstGhostPad:src.GstProxyPad:proxypad47: caps = video/x-raw, format=(string)NV12, width=(int)1920, height=(int)1080, framerate=(fraction)30000/1001, interlace-mode=(string)progressive, pixel-aspect-ratio=(fraction)1/1, multiview-mode=(string)mono, multiview-flags=(GstVideoMultiviewFlagsSet)0:ffffffff:/right-view-first/left-flipped/left-flopped/right-flipped/right-flopped/half-aspect/mixed-mono, views=(int)2, chroma-site=(string)mpeg2, colorimetry=(string)bt709
Got message #2589 from pad "in:sink_3" (property-notify): GstMessagePropertyNotify, property-name=(string)caps, property-value=(GstCaps)"video/x-raw\,\ format\=\(string\)NV12\,\ width\=\(int\)1920\,\ height\=\(int\)1080\,\ framerate\=\(fraction\)30000/1001\,\ interlace-mode\=\(string\)progressive\,\ pixel-aspect-ratio\=\(fraction\)1/1\,\ multiview-mode\=\(string\)mono\,\ multiview-flags\=\(GstVideoMultiviewFlagsSet\)0:ffffffff:/right-view-first/left-flipped/left-flopped/right-flipped/right-flopped/half-aspect/mixed-mono\,\ views\=\(int\)2\,\ chroma-site\=\(string\)mpeg2\,\ colorimetry\=\(string\)bt709";
/GstPipeline:pipeline0/GstDxInputSelector:in.GstAggregatorPad:sink_3: caps = video/x-raw, format=(string)NV12, width=(int)1920, height=(int)1080, framerate=(fraction)30000/1001, interlace-mode=(string)progressive, pixel-aspect-ratio=(fraction)1/1, multiview-mode=(string)mono, multiview-flags=(GstVideoMultiviewFlagsSet)0:ffffffff:/right-view-first/left-flipped/left-flopped/right-flipped/right-flopped/half-aspect/mixed-mono, views=(int)2, chroma-site=(string)mpeg2, colorimetry=(string)bt709
Got message #2592 from pad "out:src_3" (property-notify): GstMessagePropertyNotify, property-name=(string)caps, property-value=(GstCaps)"video/x-raw\,\ format\=\(string\)NV12\,\ width\=\(int\)1920\,\ height\=\(int\)1080\,\ framerate\=\(fraction\)30000/1001\,\ interlace-mode\=\(string\)progressive\,\ pixel-aspect-ratio\=\(fraction\)1/1\,\ multiview-mode\=\(string\)mono\,\ multiview-flags\=\(GstVideoMultiviewFlagsSet\)0:ffffffff:/right-view-first/left-flipped/left-flopped/right-flipped/right-flopped/half-aspect/mixed-mono\,\ views\=\(int\)2\,\ chroma-site\=\(string\)mpeg2\,\ colorimetry\=\(string\)bt709";
/GstPipeline:pipeline0/GstDxOutputSelector:out.GstPad:src_3: caps = video/x-raw, format=(string)NV12, width=(int)1920, height=(int)1080, framerate=(fraction)30000/1001, interlace-mode=(string)progressive, pixel-aspect-ratio=(fraction)1/1, multiview-mode=(string)mono, multiview-flags=(GstVideoMultiviewFlagsSet)0:ffffffff:/right-view-first/left-flipped/left-flopped/right-flipped/right-flopped/half-aspect/mixed-mono, views=(int)2, chroma-site=(string)mpeg2, colorimetry=(string)bt709
Got message #2593 from pad "queue16:sink" (property-notify): GstMessagePropertyNotify, property-name=(string)caps, property-value=(GstCaps)"video/x-raw\,\ format\=\(string\)NV12\,\ width\=\(int\)1920\,\ height\=\(int\)1080\,\ framerate\=\(fraction\)30000/1001\,\ interlace-mode\=\(string\)progressive\,\ pixel-aspect-ratio\=\(fraction\)1/1\,\ multiview-mode\=\(string\)mono\,\ multiview-flags\=\(GstVideoMultiviewFlagsSet\)0:ffffffff:/right-view-first/left-flipped/left-flopped/right-flipped/right-flopped/half-aspect/mixed-mono\,\ views\=\(int\)2\,\ chroma-site\=\(string\)mpeg2\,\ colorimetry\=\(string\)bt709";
/GstPipeline:pipeline0/GstQueue:queue16.GstPad:sink: caps = video/x-raw, format=(string)NV12, width=(int)1920, height=(int)1080, framerate=(fraction)30000/1001, interlace-mode=(string)progressive, pixel-aspect-ratio=(fraction)1/1, multiview-mode=(string)mono, multiview-flags=(GstVideoMultiviewFlagsSet)0:ffffffff:/right-view-first/left-flipped/left-flopped/right-flipped/right-flopped/half-aspect/mixed-mono, views=(int)2, chroma-site=(string)mpeg2, colorimetry=(string)bt709
Got message #2594 from pad "out:src_3" (property-notify): GstMessagePropertyNotify, property-name=(string)caps, property-value=(GstCaps)"video/x-raw\,\ format\=\(string\)NV12\,\ width\=\(int\)1920\,\ height\=\(int\)1080\,\ framerate\=\(fraction\)30000/1001\,\ interlace-mode\=\(string\)progressive\,\ pixel-aspect-ratio\=\(fraction\)1/1\,\ multiview-mode\=\(string\)mono\,\ multiview-flags\=\(GstVideoMultiviewFlagsSet\)0:ffffffff:/right-view-first/left-flipped/left-flopped/right-flipped/right-flopped/half-aspect/mixed-mono\,\ views\=\(int\)2\,\ chroma-site\=\(string\)mpeg2\,\ colorimetry\=\(string\)bt709";
/GstPipeline:pipeline0/GstDxOutputSelector:out.GstPad:src_3: caps = video/x-raw, format=(string)NV12, width=(int)1920, height=(int)1080, framerate=(fraction)30000/1001, interlace-mode=(string)progressive, pixel-aspect-ratio=(fraction)1/1, multiview-mode=(string)mono, multiview-flags=(GstVideoMultiviewFlagsSet)0:ffffffff:/right-view-first/left-flipped/left-flopped/right-flipped/right-flopped/half-aspect/mixed-mono, views=(int)2, chroma-site=(string)mpeg2, colorimetry=(string)bt709
Got message #2595 from pad "queue16:sink" (property-notify): GstMessagePropertyNotify, property-name=(string)caps, property-value=(GstCaps)"video/x-raw\,\ format\=\(string\)NV12\,\ width\=\(int\)1920\,\ height\=\(int\)1080\,\ framerate\=\(fraction\)30000/1001\,\ interlace-mode\=\(string\)progressive\,\ pixel-aspect-ratio\=\(fraction\)1/1\,\ multiview-mode\=\(string\)mono\,\ multiview-flags\=\(GstVideoMultiviewFlagsSet\)0:ffffffff:/right-view-first/left-flipped/left-flopped/right-flipped/right-flopped/half-aspect/mixed-mono\,\ views\=\(int\)2\,\ chroma-site\=\(string\)mpeg2\,\ colorimetry\=\(string\)bt709";
/GstPipeline:pipeline0/GstQueue:queue16.GstPad:sink: caps = video/x-raw, format=(string)NV12, width=(int)1920, height=(int)1080, framerate=(fraction)30000/1001, interlace-mode=(string)progressive, pixel-aspect-ratio=(fraction)1/1, multiview-mode=(string)mono, multiview-flags=(GstVideoMultiviewFlagsSet)0:ffffffff:/right-view-first/left-flipped/left-flopped/right-flipped/right-flopped/half-aspect/mixed-mono, views=(int)2, chroma-site=(string)mpeg2, colorimetry=(string)bt709
Got message #2596 from pad "fakesink3:sink" (property-notify): GstMessagePropertyNotify, property-name=(string)caps, property-value=(GstCaps)"video/x-raw\,\ format\=\(string\)NV12\,\ width\=\(int\)1920\,\ height\=\(int\)1080\,\ framerate\=\(fraction\)30000/1001\,\ interlace-mode\=\(string\)progressive\,\ pixel-aspect-ratio\=\(fraction\)1/1\,\ multiview-mode\=\(string\)mono\,\ multiview-flags\=\(GstVideoMultiviewFlagsSet\)0:ffffffff:/right-view-first/left-flipped/left-flopped/right-flipped/right-flopped/half-aspect/mixed-mono\,\ views\=\(int\)2\,\ chroma-site\=\(string\)mpeg2\,\ colorimetry\=\(string\)bt709";
/GstPipeline:pipeline0/GstFakeSink:fakesink3.GstPad:sink: caps = video/x-raw, format=(string)NV12, width=(int)1920, height=(int)1080, framerate=(fraction)30000/1001, interlace-mode=(string)progressive, pixel-aspect-ratio=(fraction)1/1, multiview-mode=(string)mono, multiview-flags=(GstVideoMultiviewFlagsSet)0:ffffffff:/right-view-first/left-flipped/left-flopped/right-flipped/right-flopped/half-aspect/mixed-mono, views=(int)2, chroma-site=(string)mpeg2, colorimetry=(string)bt709
Got message #2597 from pad "queue16:src" (property-notify): GstMessagePropertyNotify, property-name=(string)caps, property-value=(GstCaps)"video/x-raw\,\ format\=\(string\)NV12\,\ width\=\(int\)1920\,\ height\=\(int\)1080\,\ framerate\=\(fraction\)30000/1001\,\ interlace-mode\=\(string\)progressive\,\ pixel-aspect-ratio\=\(fraction\)1/1\,\ multiview-mode\=\(string\)mono\,\ multiview-flags\=\(GstVideoMultiviewFlagsSet\)0:ffffffff:/right-view-first/left-flipped/left-flopped/right-flipped/right-flopped/half-aspect/mixed-mono\,\ views\=\(int\)2\,\ chroma-site\=\(string\)mpeg2\,\ colorimetry\=\(string\)bt709";
/GstPipeline:pipeline0/GstQueue:queue16.GstPad:src: caps = video/x-raw, format=(string)NV12, width=(int)1920, height=(int)1080, framerate=(fraction)30000/1001, interlace-mode=(string)progressive, pixel-aspect-ratio=(fraction)1/1, multiview-mode=(string)mono, multiview-flags=(GstVideoMultiviewFlagsSet)0:ffffffff:/right-view-first/left-flipped/left-flopped/right-flipped/right-flopped/half-aspect/mixed-mono, views=(int)2, chroma-site=(string)mpeg2, colorimetry=(string)bt709
Got message #2598 from pad "fakesink3:sink" (property-notify): GstMessagePropertyNotify, property-name=(string)caps, property-value=(GstCaps)"video/x-raw\,\ format\=\(string\)NV12\,\ width\=\(int\)1920\,\ height\=\(int\)1080\,\ framerate\=\(fraction\)30000/1001\,\ interlace-mode\=\(string\)progressive\,\ pixel-aspect-ratio\=\(fraction\)1/1\,\ multiview-mode\=\(string\)mono\,\ multiview-flags\=\(GstVideoMultiviewFlagsSet\)0:ffffffff:/right-view-first/left-flipped/left-flopped/right-flipped/right-flopped/half-aspect/mixed-mono\,\ views\=\(int\)2\,\ chroma-site\=\(string\)mpeg2\,\ colorimetry\=\(string\)bt709";
/GstPipeline:pipeline0/GstFakeSink:fakesink3.GstPad:sink: caps = video/x-raw, format=(string)NV12, width=(int)1920, height=(int)1080, framerate=(fraction)30000/1001, interlace-mode=(string)progressive, pixel-aspect-ratio=(fraction)1/1, multiview-mode=(string)mono, multiview-flags=(GstVideoMultiviewFlagsSet)0:ffffffff:/right-view-first/left-flipped/left-flopped/right-flipped/right-flopped/half-aspect/mixed-mono, views=(int)2, chroma-site=(string)mpeg2, colorimetry=(string)bt709
Got message #2599 from pad "vaapipostproc3:sink" (property-notify): GstMessagePropertyNotify, property-name=(string)caps, property-value=(GstCaps)"video/x-raw\(memory:VASurface\)\,\ format\=\(string\)NV12\,\ width\=\(int\)1920\,\ height\=\(int\)1080\,\ interlace-mode\=\(string\)progressive\,\ multiview-mode\=\(string\)mono\,\ multiview-flags\=\(GstVideoMultiviewFlagsSet\)0:ffffffff:/right-view-first/left-flipped/left-flopped/right-flipped/right-flopped/half-aspect/mixed-mono\,\ pixel-aspect-ratio\=\(fraction\)1/1\,\ colorimetry\=\(string\)bt709\,\ views\=\(int\)2\,\ framerate\=\(fraction\)30000/1001";
/GstPipeline:pipeline0/GstDecodeBin:decodebin3/GstVaapiDecodeBin:vaapidecodebin1/GstVaapiPostproc:vaapipostproc3.GstPad:sink: caps = video/x-raw(memory:VASurface), format=(string)NV12, width=(int)1920, height=(int)1080, interlace-mode=(string)progressive, multiview-mode=(string)mono, multiview-flags=(GstVideoMultiviewFlagsSet)0:ffffffff:/right-view-first/left-flipped/left-flopped/right-flipped/right-flopped/half-aspect/mixed-mono, pixel-aspect-ratio=(fraction)1/1, colorimetry=(string)bt709, views=(int)2, framerate=(fraction)30000/1001
Got message #2600 from pad "capsfilter11:sink" (property-notify): GstMessagePropertyNotify, property-name=(string)caps, property-value=(GstCaps)"video/x-raw\(memory:VASurface\)\,\ format\=\(string\)NV12\,\ width\=\(int\)1920\,\ height\=\(int\)1080\,\ interlace-mode\=\(string\)progressive\,\ multiview-mode\=\(string\)mono\,\ multiview-flags\=\(GstVideoMultiviewFlagsSet\)0:ffffffff:/right-view-first/left-flipped/left-flopped/right-flipped/right-flopped/half-aspect/mixed-mono\,\ pixel-aspect-ratio\=\(fraction\)1/1\,\ colorimetry\=\(string\)bt709\,\ views\=\(int\)2\,\ framerate\=\(fraction\)30000/1001";
/GstPipeline:pipeline0/GstDecodeBin:decodebin3/GstVaapiDecodeBin:vaapidecodebin1/GstCapsFilter:capsfilter11.GstPad:sink: caps = video/x-raw(memory:VASurface), format=(string)NV12, width=(int)1920, height=(int)1080, interlace-mode=(string)progressive, multiview-mode=(string)mono, multiview-flags=(GstVideoMultiviewFlagsSet)0:ffffffff:/right-view-first/left-flipped/left-flopped/right-flipped/right-flopped/half-aspect/mixed-mono, pixel-aspect-ratio=(fraction)1/1, colorimetry=(string)bt709, views=(int)2, framerate=(fraction)30000/1001
Got message #2605 from element "fakesink3" (tag): GstMessageTag, taglist=(taglist)"taglist\,\ video-codec\=\(string\)\"H.264\\\ /\\\ AVC\"\,\ maximum-bitrate\=\(uint\)4472819\,\ bitrate\=\(uint\)4472819\;";
Got message #2606 from element "fakesink3" (tag): GstMessageTag, taglist=(taglist)"taglist\,\ encoder\=\(string\)Lavf60.16.100\,\ container-format\=\(string\)\"ISO\\\ MP4/M4A\"\;";
Got message #2607 from element "fakesink3" (tag): GstMessageTag, taglist=(taglist)"taglist\,\ video-codec\=\(string\)\"H.264\\\ \\\(High\\\ Profile\\\)\"\,\ maximum-bitrate\=\(uint\)4472819\,\ bitrate\=\(uint\)4472819\;";
Got message #2608 from element "vaapidecode9" (latency): no message details
Redistribute latency...
Got message #2610 from pad "vaapidecode9:src" (property-notify): GstMessagePropertyNotify, property-name=(string)caps, property-value=(GstCaps)"video/x-raw\(memory:VASurface\)\,\ format\=\(string\)NV12\,\ width\=\(int\)1920\,\ height\=\(int\)1080\,\ interlace-mode\=\(string\)progressive\,\ multiview-mode\=\(string\)mono\,\ multiview-flags\=\(GstVideoMultiviewFlagsSet\)0:ffffffff:/right-view-first/left-flipped/left-flopped/right-flipped/right-flopped/half-aspect/mixed-mono\,\ pixel-aspect-ratio\=\(fraction\)1/1\,\ colorimetry\=\(string\)bt709\,\ views\=\(int\)2\,\ framerate\=\(fraction\)30000/1001";
/GstPipeline:pipeline0/GstDecodeBin:decodebin4/GstVaapiDecodeBin:vaapidecodebin8/GstVaapiDecode:vaapidecode9.GstPad:src: caps = video/x-raw(memory:VASurface), format=(string)NV12, width=(int)1920, height=(int)1080, interlace-mode=(string)progressive, multiview-mode=(string)mono, multiview-flags=(GstVideoMultiviewFlagsSet)0:ffffffff:/right-view-first/left-flipped/left-flopped/right-flipped/right-flopped/half-aspect/mixed-mono, pixel-aspect-ratio=(fraction)1/1, colorimetry=(string)bt709, views=(int)2, framerate=(fraction)30000/1001
Got message #2611 from pad "queue32:sink" (property-notify): GstMessagePropertyNotify, property-name=(string)caps, property-value=(GstCaps)"video/x-raw\(memory:VASurface\)\,\ format\=\(string\)NV12\,\ width\=\(int\)1920\,\ height\=\(int\)1080\,\ interlace-mode\=\(string\)progressive\,\ multiview-mode\=\(string\)mono\,\ multiview-flags\=\(GstVideoMultiviewFlagsSet\)0:ffffffff:/right-view-first/left-flipped/left-flopped/right-flipped/right-flopped/half-aspect/mixed-mono\,\ pixel-aspect-ratio\=\(fraction\)1/1\,\ colorimetry\=\(string\)bt709\,\ views\=\(int\)2\,\ framerate\=\(fraction\)30000/1001";
/GstPipeline:pipeline0/GstDecodeBin:decodebin4/GstVaapiDecodeBin:vaapidecodebin8/GstQueue:queue32.GstPad:sink: caps = video/x-raw(memory:VASurface), format=(string)NV12, width=(int)1920, height=(int)1080, interlace-mode=(string)progressive, multiview-mode=(string)mono, multiview-flags=(GstVideoMultiviewFlagsSet)0:ffffffff:/right-view-first/left-flipped/left-flopped/right-flipped/right-flopped/half-aspect/mixed-mono, pixel-aspect-ratio=(fraction)1/1, colorimetry=(string)bt709, views=(int)2, framerate=(fraction)30000/1001
Got message #2612 from pad "queue32:src" (property-notify): GstMessagePropertyNotify, property-name=(string)caps, property-value=(GstCaps)"video/x-raw\(memory:VASurface\)\,\ format\=\(string\)NV12\,\ width\=\(int\)1920\,\ height\=\(int\)1080\,\ interlace-mode\=\(string\)progressive\,\ multiview-mode\=\(string\)mono\,\ multiview-flags\=\(GstVideoMultiviewFlagsSet\)0:ffffffff:/right-view-first/left-flipped/left-flopped/right-flipped/right-flopped/half-aspect/mixed-mono\,\ pixel-aspect-ratio\=\(fraction\)1/1\,\ colorimetry\=\(string\)bt709\,\ views\=\(int\)2\,\ framerate\=\(fraction\)30000/1001";
/GstPipeline:pipeline0/GstDecodeBin:decodebin4/GstVaapiDecodeBin:vaapidecodebin8/GstQueue:queue32.GstPad:src: caps = video/x-raw(memory:VASurface), format=(string)NV12, width=(int)1920, height=(int)1080, interlace-mode=(string)progressive, multiview-mode=(string)mono, multiview-flags=(GstVideoMultiviewFlagsSet)0:ffffffff:/right-view-first/left-flipped/left-flopped/right-flipped/right-flopped/half-aspect/mixed-mono, pixel-aspect-ratio=(fraction)1/1, colorimetry=(string)bt709, views=(int)2, framerate=(fraction)30000/1001
Got message #2614 from pad "capsfilter19:src" (property-notify): GstMessagePropertyNotify, property-name=(string)caps, property-value=(GstCaps)"video/x-raw\(memory:VASurface\)\,\ format\=\(string\)NV12\,\ width\=\(int\)1920\,\ height\=\(int\)1080\,\ interlace-mode\=\(string\)progressive\,\ multiview-mode\=\(string\)mono\,\ multiview-flags\=\(GstVideoMultiviewFlagsSet\)0:ffffffff:/right-view-first/left-flipped/left-flopped/right-flipped/right-flopped/half-aspect/mixed-mono\,\ pixel-aspect-ratio\=\(fraction\)1/1\,\ colorimetry\=\(string\)bt709\,\ views\=\(int\)2\,\ framerate\=\(fraction\)30000/1001";
/GstPipeline:pipeline0/GstDecodeBin:decodebin4/GstVaapiDecodeBin:vaapidecodebin8/GstCapsFilter:capsfilter19.GstPad:src: caps = video/x-raw(memory:VASurface), format=(string)NV12, width=(int)1920, height=(int)1080, interlace-mode=(string)progressive, multiview-mode=(string)mono, multiview-flags=(GstVideoMultiviewFlagsSet)0:ffffffff:/right-view-first/left-flipped/left-flopped/right-flipped/right-flopped/half-aspect/mixed-mono, pixel-aspect-ratio=(fraction)1/1, colorimetry=(string)bt709, views=(int)2, framerate=(fraction)30000/1001
Got message #2617 from pad "vaapipostproc6:src" (property-notify): GstMessagePropertyNotify, property-name=(string)caps, property-value=(GstCaps)"video/x-raw\,\ format\=\(string\)NV12\,\ width\=\(int\)1920\,\ height\=\(int\)1080\,\ framerate\=\(fraction\)30000/1001\,\ interlace-mode\=\(string\)progressive\,\ pixel-aspect-ratio\=\(fraction\)1/1\,\ multiview-mode\=\(string\)mono\,\ multiview-flags\=\(GstVideoMultiviewFlagsSet\)0:ffffffff:/right-view-first/left-flipped/left-flopped/right-flipped/right-flopped/half-aspect/mixed-mono\,\ views\=\(int\)2\,\ chroma-site\=\(string\)mpeg2\,\ colorimetry\=\(string\)bt709";
/GstPipeline:pipeline0/GstDecodeBin:decodebin4/GstVaapiDecodeBin:vaapidecodebin8/GstVaapiPostproc:vaapipostproc6.GstPad:src: caps = video/x-raw, format=(string)NV12, width=(int)1920, height=(int)1080, framerate=(fraction)30000/1001, interlace-mode=(string)progressive, pixel-aspect-ratio=(fraction)1/1, multiview-mode=(string)mono, multiview-flags=(GstVideoMultiviewFlagsSet)0:ffffffff:/right-view-first/left-flipped/left-flopped/right-flipped/right-flopped/half-aspect/mixed-mono, views=(int)2, chroma-site=(string)mpeg2, colorimetry=(string)bt709
Got message #2618 from pad "vaapidecodebin8:src" (property-notify): GstMessagePropertyNotify, property-name=(string)caps, property-value=(GstCaps)"video/x-raw\,\ format\=\(string\)NV12\,\ width\=\(int\)1920\,\ height\=\(int\)1080\,\ framerate\=\(fraction\)30000/1001\,\ interlace-mode\=\(string\)progressive\,\ pixel-aspect-ratio\=\(fraction\)1/1\,\ multiview-mode\=\(string\)mono\,\ multiview-flags\=\(GstVideoMultiviewFlagsSet\)0:ffffffff:/right-view-first/left-flipped/left-flopped/right-flipped/right-flopped/half-aspect/mixed-mono\,\ views\=\(int\)2\,\ chroma-site\=\(string\)mpeg2\,\ colorimetry\=\(string\)bt709";
/GstPipeline:pipeline0/GstDecodeBin:decodebin4/GstVaapiDecodeBin:vaapidecodebin8.GstGhostPad:src: caps = video/x-raw, format=(string)NV12, width=(int)1920, height=(int)1080, framerate=(fraction)30000/1001, interlace-mode=(string)progressive, pixel-aspect-ratio=(fraction)1/1, multiview-mode=(string)mono, multiview-flags=(GstVideoMultiviewFlagsSet)0:ffffffff:/right-view-first/left-flipped/left-flopped/right-flipped/right-flopped/half-aspect/mixed-mono, views=(int)2, chroma-site=(string)mpeg2, colorimetry=(string)bt709
Got message #2624 from element "decodebin4" (state-changed): GstMessageStateChanged, old-state=(GstState)ready, new-state=(GstState)paused, pending-state=(GstState)void-pending;
Got message #2625 from pad "queue4:sink" (property-notify): GstMessagePropertyNotify, property-name=(string)caps, property-value=(GstCaps)"video/x-raw\,\ format\=\(string\)NV12\,\ width\=\(int\)1920\,\ height\=\(int\)1080\,\ framerate\=\(fraction\)30000/1001\,\ interlace-mode\=\(string\)progressive\,\ pixel-aspect-ratio\=\(fraction\)1/1\,\ multiview-mode\=\(string\)mono\,\ multiview-flags\=\(GstVideoMultiviewFlagsSet\)0:ffffffff:/right-view-first/left-flipped/left-flopped/right-flipped/right-flopped/half-aspect/mixed-mono\,\ views\=\(int\)2\,\ chroma-site\=\(string\)mpeg2\,\ colorimetry\=\(string\)bt709";
/GstPipeline:pipeline0/GstQueue:queue4.GstPad:sink: caps = video/x-raw, format=(string)NV12, width=(int)1920, height=(int)1080, framerate=(fraction)30000/1001, interlace-mode=(string)progressive, pixel-aspect-ratio=(fraction)1/1, multiview-mode=(string)mono, multiview-flags=(GstVideoMultiviewFlagsSet)0:ffffffff:/right-view-first/left-flipped/left-flopped/right-flipped/right-flopped/half-aspect/mixed-mono, views=(int)2, chroma-site=(string)mpeg2, colorimetry=(string)bt709
Got message #2626 from pad "src_0:proxypad31" (property-notify): GstMessagePropertyNotify, property-name=(string)caps, property-value=(GstCaps)"video/x-raw\,\ format\=\(string\)NV12\,\ width\=\(int\)1920\,\ height\=\(int\)1080\,\ framerate\=\(fraction\)30000/1001\,\ interlace-mode\=\(string\)progressive\,\ pixel-aspect-ratio\=\(fraction\)1/1\,\ multiview-mode\=\(string\)mono\,\ multiview-flags\=\(GstVideoMultiviewFlagsSet\)0:ffffffff:/right-view-first/left-flipped/left-flopped/right-flipped/right-flopped/half-aspect/mixed-mono\,\ views\=\(int\)2\,\ chroma-site\=\(string\)mpeg2\,\ colorimetry\=\(string\)bt709";
/GstPipeline:pipeline0/GstDecodeBin:decodebin4.GstDecodePad:src_0.GstProxyPad:proxypad31: caps = video/x-raw, format=(string)NV12, width=(int)1920, height=(int)1080, framerate=(fraction)30000/1001, interlace-mode=(string)progressive, pixel-aspect-ratio=(fraction)1/1, multiview-mode=(string)mono, multiview-flags=(GstVideoMultiviewFlagsSet)0:ffffffff:/right-view-first/left-flipped/left-flopped/right-flipped/right-flopped/half-aspect/mixed-mono, views=(int)2, chroma-site=(string)mpeg2, colorimetry=(string)bt709
Got message #2627 from pad "src:proxypad59" (property-notify): GstMessagePropertyNotify, property-name=(string)caps, property-value=(GstCaps)"video/x-raw\,\ format\=\(string\)NV12\,\ width\=\(int\)1920\,\ height\=\(int\)1080\,\ framerate\=\(fraction\)30000/1001\,\ interlace-mode\=\(string\)progressive\,\ pixel-aspect-ratio\=\(fraction\)1/1\,\ multiview-mode\=\(string\)mono\,\ multiview-flags\=\(GstVideoMultiviewFlagsSet\)0:ffffffff:/right-view-first/left-flipped/left-flopped/right-flipped/right-flopped/half-aspect/mixed-mono\,\ views\=\(int\)2\,\ chroma-site\=\(string\)mpeg2\,\ colorimetry\=\(string\)bt709";
/GstPipeline:pipeline0/GstDecodeBin:decodebin4/GstVaapiDecodeBin:vaapidecodebin8.GstGhostPad:src.GstProxyPad:proxypad59: caps = video/x-raw, format=(string)NV12, width=(int)1920, height=(int)1080, framerate=(fraction)30000/1001, interlace-mode=(string)progressive, pixel-aspect-ratio=(fraction)1/1, multiview-mode=(string)mono, multiview-flags=(GstVideoMultiviewFlagsSet)0:ffffffff:/right-view-first/left-flipped/left-flopped/right-flipped/right-flopped/half-aspect/mixed-mono, views=(int)2, chroma-site=(string)mpeg2, colorimetry=(string)bt709
Got message #2628 from pad "src:proxypad59" (property-notify): GstMessagePropertyNotify, property-name=(string)caps, property-value=(GstCaps)"video/x-raw\,\ format\=\(string\)NV12\,\ width\=\(int\)1920\,\ height\=\(int\)1080\,\ framerate\=\(fraction\)30000/1001\,\ interlace-mode\=\(string\)progressive\,\ pixel-aspect-ratio\=\(fraction\)1/1\,\ multiview-mode\=\(string\)mono\,\ multiview-flags\=\(GstVideoMultiviewFlagsSet\)0:ffffffff:/right-view-first/left-flipped/left-flopped/right-flipped/right-flopped/half-aspect/mixed-mono\,\ views\=\(int\)2\,\ chroma-site\=\(string\)mpeg2\,\ colorimetry\=\(string\)bt709";
/GstPipeline:pipeline0/GstDecodeBin:decodebin4/GstVaapiDecodeBin:vaapidecodebin8.GstGhostPad:src.GstProxyPad:proxypad59: caps = video/x-raw, format=(string)NV12, width=(int)1920, height=(int)1080, framerate=(fraction)30000/1001, interlace-mode=(string)progressive, pixel-aspect-ratio=(fraction)1/1, multiview-mode=(string)mono, multiview-flags=(GstVideoMultiviewFlagsSet)0:ffffffff:/right-view-first/left-flipped/left-flopped/right-flipped/right-flopped/half-aspect/mixed-mono, views=(int)2, chroma-site=(string)mpeg2, colorimetry=(string)bt709
Got message #2631 from pad "vaapipostproc6:src" (property-notify): GstMessagePropertyNotify, property-name=(string)caps, property-value=(GstCaps)"video/x-raw\,\ format\=\(string\)NV12\,\ width\=\(int\)1920\,\ height\=\(int\)1080\,\ framerate\=\(fraction\)30000/1001\,\ interlace-mode\=\(string\)progressive\,\ pixel-aspect-ratio\=\(fraction\)1/1\,\ multiview-mode\=\(string\)mono\,\ multiview-flags\=\(GstVideoMultiviewFlagsSet\)0:ffffffff:/right-view-first/left-flipped/left-flopped/right-flipped/right-flopped/half-aspect/mixed-mono\,\ views\=\(int\)2\,\ chroma-site\=\(string\)mpeg2\,\ colorimetry\=\(string\)bt709";
/GstPipeline:pipeline0/GstDecodeBin:decodebin4/GstVaapiDecodeBin:vaapidecodebin8/GstVaapiPostproc:vaapipostproc6.GstPad:src: caps = video/x-raw, format=(string)NV12, width=(int)1920, height=(int)1080, framerate=(fraction)30000/1001, interlace-mode=(string)progressive, pixel-aspect-ratio=(fraction)1/1, multiview-mode=(string)mono, multiview-flags=(GstVideoMultiviewFlagsSet)0:ffffffff:/right-view-first/left-flipped/left-flopped/right-flipped/right-flopped/half-aspect/mixed-mono, views=(int)2, chroma-site=(string)mpeg2, colorimetry=(string)bt709
Got message #2632 from pad "vaapidecodebin8:src" (property-notify): GstMessagePropertyNotify, property-name=(string)caps, property-value=(GstCaps)"video/x-raw\,\ format\=\(string\)NV12\,\ width\=\(int\)1920\,\ height\=\(int\)1080\,\ framerate\=\(fraction\)30000/1001\,\ interlace-mode\=\(string\)progressive\,\ pixel-aspect-ratio\=\(fraction\)1/1\,\ multiview-mode\=\(string\)mono\,\ multiview-flags\=\(GstVideoMultiviewFlagsSet\)0:ffffffff:/right-view-first/left-flipped/left-flopped/right-flipped/right-flopped/half-aspect/mixed-mono\,\ views\=\(int\)2\,\ chroma-site\=\(string\)mpeg2\,\ colorimetry\=\(string\)bt709";
/GstPipeline:pipeline0/GstDecodeBin:decodebin4/GstVaapiDecodeBin:vaapidecodebin8.GstGhostPad:src: caps = video/x-raw, format=(string)NV12, width=(int)1920, height=(int)1080, framerate=(fraction)30000/1001, interlace-mode=(string)progressive, pixel-aspect-ratio=(fraction)1/1, multiview-mode=(string)mono, multiview-flags=(GstVideoMultiviewFlagsSet)0:ffffffff:/right-view-first/left-flipped/left-flopped/right-flipped/right-flopped/half-aspect/mixed-mono, views=(int)2, chroma-site=(string)mpeg2, colorimetry=(string)bt709
Got message #2633 from pad "decodebin4:src_0" (property-notify): GstMessagePropertyNotify, property-name=(string)caps, property-value=(GstCaps)"video/x-raw\,\ format\=\(string\)NV12\,\ width\=\(int\)1920\,\ height\=\(int\)1080\,\ framerate\=\(fraction\)30000/1001\,\ interlace-mode\=\(string\)progressive\,\ pixel-aspect-ratio\=\(fraction\)1/1\,\ multiview-mode\=\(string\)mono\,\ multiview-flags\=\(GstVideoMultiviewFlagsSet\)0:ffffffff:/right-view-first/left-flipped/left-flopped/right-flipped/right-flopped/half-aspect/mixed-mono\,\ views\=\(int\)2\,\ chroma-site\=\(string\)mpeg2\,\ colorimetry\=\(string\)bt709";
/GstPipeline:pipeline0/GstDecodeBin:decodebin4.GstDecodePad:src_0: caps = video/x-raw, format=(string)NV12, width=(int)1920, height=(int)1080, framerate=(fraction)30000/1001, interlace-mode=(string)progressive, pixel-aspect-ratio=(fraction)1/1, multiview-mode=(string)mono, multiview-flags=(GstVideoMultiviewFlagsSet)0:ffffffff:/right-view-first/left-flipped/left-flopped/right-flipped/right-flopped/half-aspect/mixed-mono, views=(int)2, chroma-site=(string)mpeg2, colorimetry=(string)bt709
Got message #2634 from pad "in:sink_4" (property-notify): GstMessagePropertyNotify, property-name=(string)caps, property-value=(GstCaps)"video/x-raw\,\ format\=\(string\)NV12\,\ width\=\(int\)1920\,\ height\=\(int\)1080\,\ framerate\=\(fraction\)30000/1001\,\ interlace-mode\=\(string\)progressive\,\ pixel-aspect-ratio\=\(fraction\)1/1\,\ multiview-mode\=\(string\)mono\,\ multiview-flags\=\(GstVideoMultiviewFlagsSet\)0:ffffffff:/right-view-first/left-flipped/left-flopped/right-flipped/right-flopped/half-aspect/mixed-mono\,\ views\=\(int\)2\,\ chroma-site\=\(string\)mpeg2\,\ colorimetry\=\(string\)bt709";
/GstPipeline:pipeline0/GstDxInputSelector:in.GstAggregatorPad:sink_4: caps = video/x-raw, format=(string)NV12, width=(int)1920, height=(int)1080, framerate=(fraction)30000/1001, interlace-mode=(string)progressive, pixel-aspect-ratio=(fraction)1/1, multiview-mode=(string)mono, multiview-flags=(GstVideoMultiviewFlagsSet)0:ffffffff:/right-view-first/left-flipped/left-flopped/right-flipped/right-flopped/half-aspect/mixed-mono, views=(int)2, chroma-site=(string)mpeg2, colorimetry=(string)bt709
Got message #2636 from pad "in:sink_4" (property-notify): GstMessagePropertyNotify, property-name=(string)caps, property-value=(GstCaps)"video/x-raw\,\ format\=\(string\)NV12\,\ width\=\(int\)1920\,\ height\=\(int\)1080\,\ framerate\=\(fraction\)30000/1001\,\ interlace-mode\=\(string\)progressive\,\ pixel-aspect-ratio\=\(fraction\)1/1\,\ multiview-mode\=\(string\)mono\,\ multiview-flags\=\(GstVideoMultiviewFlagsSet\)0:ffffffff:/right-view-first/left-flipped/left-flopped/right-flipped/right-flopped/half-aspect/mixed-mono\,\ views\=\(int\)2\,\ chroma-site\=\(string\)mpeg2\,\ colorimetry\=\(string\)bt709";
/GstPipeline:pipeline0/GstDxInputSelector:in.GstAggregatorPad:sink_4: caps = video/x-raw, format=(string)NV12, width=(int)1920, height=(int)1080, framerate=(fraction)30000/1001, interlace-mode=(string)progressive, pixel-aspect-ratio=(fraction)1/1, multiview-mode=(string)mono, multiview-flags=(GstVideoMultiviewFlagsSet)0:ffffffff:/right-view-first/left-flipped/left-flopped/right-flipped/right-flopped/half-aspect/mixed-mono, views=(int)2, chroma-site=(string)mpeg2, colorimetry=(string)bt709
Got message #2637 from pad "queue4:src" (property-notify): GstMessagePropertyNotify, property-name=(string)caps, property-value=(GstCaps)"video/x-raw\,\ format\=\(string\)NV12\,\ width\=\(int\)1920\,\ height\=\(int\)1080\,\ framerate\=\(fraction\)30000/1001\,\ interlace-mode\=\(string\)progressive\,\ pixel-aspect-ratio\=\(fraction\)1/1\,\ multiview-mode\=\(string\)mono\,\ multiview-flags\=\(GstVideoMultiviewFlagsSet\)0:ffffffff:/right-view-first/left-flipped/left-flopped/right-flipped/right-flopped/half-aspect/mixed-mono\,\ views\=\(int\)2\,\ chroma-site\=\(string\)mpeg2\,\ colorimetry\=\(string\)bt709";
/GstPipeline:pipeline0/GstQueue:queue4.GstPad:src: caps = video/x-raw, format=(string)NV12, width=(int)1920, height=(int)1080, framerate=(fraction)30000/1001, interlace-mode=(string)progressive, pixel-aspect-ratio=(fraction)1/1, multiview-mode=(string)mono, multiview-flags=(GstVideoMultiviewFlagsSet)0:ffffffff:/right-view-first/left-flipped/left-flopped/right-flipped/right-flopped/half-aspect/mixed-mono, views=(int)2, chroma-site=(string)mpeg2, colorimetry=(string)bt709
Got message #2638 from pad "in:sink_4" (property-notify): GstMessagePropertyNotify, property-name=(string)caps, property-value=(GstCaps)"video/x-raw\,\ format\=\(string\)NV12\,\ width\=\(int\)1920\,\ height\=\(int\)1080\,\ framerate\=\(fraction\)30000/1001\,\ interlace-mode\=\(string\)progressive\,\ pixel-aspect-ratio\=\(fraction\)1/1\,\ multiview-mode\=\(string\)mono\,\ multiview-flags\=\(GstVideoMultiviewFlagsSet\)0:ffffffff:/right-view-first/left-flipped/left-flopped/right-flipped/right-flopped/half-aspect/mixed-mono\,\ views\=\(int\)2\,\ chroma-site\=\(string\)mpeg2\,\ colorimetry\=\(string\)bt709";
/GstPipeline:pipeline0/GstDxInputSelector:in.GstAggregatorPad:sink_4: caps = video/x-raw, format=(string)NV12, width=(int)1920, height=(int)1080, framerate=(fraction)30000/1001, interlace-mode=(string)progressive, pixel-aspect-ratio=(fraction)1/1, multiview-mode=(string)mono, multiview-flags=(GstVideoMultiviewFlagsSet)0:ffffffff:/right-view-first/left-flipped/left-flopped/right-flipped/right-flopped/half-aspect/mixed-mono, views=(int)2, chroma-site=(string)mpeg2, colorimetry=(string)bt709
Got message #2641 from pad "out:src_4" (property-notify): GstMessagePropertyNotify, property-name=(string)caps, property-value=(GstCaps)"video/x-raw\,\ format\=\(string\)NV12\,\ width\=\(int\)1920\,\ height\=\(int\)1080\,\ framerate\=\(fraction\)30000/1001\,\ interlace-mode\=\(string\)progressive\,\ pixel-aspect-ratio\=\(fraction\)1/1\,\ multiview-mode\=\(string\)mono\,\ multiview-flags\=\(GstVideoMultiviewFlagsSet\)0:ffffffff:/right-view-first/left-flipped/left-flopped/right-flipped/right-flopped/half-aspect/mixed-mono\,\ views\=\(int\)2\,\ chroma-site\=\(string\)mpeg2\,\ colorimetry\=\(string\)bt709";
/GstPipeline:pipeline0/GstDxOutputSelector:out.GstPad:src_4: caps = video/x-raw, format=(string)NV12, width=(int)1920, height=(int)1080, framerate=(fraction)30000/1001, interlace-mode=(string)progressive, pixel-aspect-ratio=(fraction)1/1, multiview-mode=(string)mono, multiview-flags=(GstVideoMultiviewFlagsSet)0:ffffffff:/right-view-first/left-flipped/left-flopped/right-flipped/right-flopped/half-aspect/mixed-mono, views=(int)2, chroma-site=(string)mpeg2, colorimetry=(string)bt709
Got message #2642 from pad "queue17:sink" (property-notify): GstMessagePropertyNotify, property-name=(string)caps, property-value=(GstCaps)"video/x-raw\,\ format\=\(string\)NV12\,\ width\=\(int\)1920\,\ height\=\(int\)1080\,\ framerate\=\(fraction\)30000/1001\,\ interlace-mode\=\(string\)progressive\,\ pixel-aspect-ratio\=\(fraction\)1/1\,\ multiview-mode\=\(string\)mono\,\ multiview-flags\=\(GstVideoMultiviewFlagsSet\)0:ffffffff:/right-view-first/left-flipped/left-flopped/right-flipped/right-flopped/half-aspect/mixed-mono\,\ views\=\(int\)2\,\ chroma-site\=\(string\)mpeg2\,\ colorimetry\=\(string\)bt709";
/GstPipeline:pipeline0/GstQueue:queue17.GstPad:sink: caps = video/x-raw, format=(string)NV12, width=(int)1920, height=(int)1080, framerate=(fraction)30000/1001, interlace-mode=(string)progressive, pixel-aspect-ratio=(fraction)1/1, multiview-mode=(string)mono, multiview-flags=(GstVideoMultiviewFlagsSet)0:ffffffff:/right-view-first/left-flipped/left-flopped/right-flipped/right-flopped/half-aspect/mixed-mono, views=(int)2, chroma-site=(string)mpeg2, colorimetry=(string)bt709
Got message #2643 from pad "out:src_4" (property-notify): GstMessagePropertyNotify, property-name=(string)caps, property-value=(GstCaps)"video/x-raw\,\ format\=\(string\)NV12\,\ width\=\(int\)1920\,\ height\=\(int\)1080\,\ framerate\=\(fraction\)30000/1001\,\ interlace-mode\=\(string\)progressive\,\ pixel-aspect-ratio\=\(fraction\)1/1\,\ multiview-mode\=\(string\)mono\,\ multiview-flags\=\(GstVideoMultiviewFlagsSet\)0:ffffffff:/right-view-first/left-flipped/left-flopped/right-flipped/right-flopped/half-aspect/mixed-mono\,\ views\=\(int\)2\,\ chroma-site\=\(string\)mpeg2\,\ colorimetry\=\(string\)bt709";
/GstPipeline:pipeline0/GstDxOutputSelector:out.GstPad:src_4: caps = video/x-raw, format=(string)NV12, width=(int)1920, height=(int)1080, framerate=(fraction)30000/1001, interlace-mode=(string)progressive, pixel-aspect-ratio=(fraction)1/1, multiview-mode=(string)mono, multiview-flags=(GstVideoMultiviewFlagsSet)0:ffffffff:/right-view-first/left-flipped/left-flopped/right-flipped/right-flopped/half-aspect/mixed-mono, views=(int)2, chroma-site=(string)mpeg2, colorimetry=(string)bt709
Got message #2644 from pad "queue17:src" (property-notify): GstMessagePropertyNotify, property-name=(string)caps, property-value=(GstCaps)"video/x-raw\,\ format\=\(string\)NV12\,\ width\=\(int\)1920\,\ height\=\(int\)1080\,\ framerate\=\(fraction\)30000/1001\,\ interlace-mode\=\(string\)progressive\,\ pixel-aspect-ratio\=\(fraction\)1/1\,\ multiview-mode\=\(string\)mono\,\ multiview-flags\=\(GstVideoMultiviewFlagsSet\)0:ffffffff:/right-view-first/left-flipped/left-flopped/right-flipped/right-flopped/half-aspect/mixed-mono\,\ views\=\(int\)2\,\ chroma-site\=\(string\)mpeg2\,\ colorimetry\=\(string\)bt709";
/GstPipeline:pipeline0/GstQueue:queue17.GstPad:src: caps = video/x-raw, format=(string)NV12, width=(int)1920, height=(int)1080, framerate=(fraction)30000/1001, interlace-mode=(string)progressive, pixel-aspect-ratio=(fraction)1/1, multiview-mode=(string)mono, multiview-flags=(GstVideoMultiviewFlagsSet)0:ffffffff:/right-view-first/left-flipped/left-flopped/right-flipped/right-flopped/half-aspect/mixed-mono, views=(int)2, chroma-site=(string)mpeg2, colorimetry=(string)bt709
Got message #2645 from pad "fakesink4:sink" (property-notify): GstMessagePropertyNotify, property-name=(string)caps, property-value=(GstCaps)"video/x-raw\,\ format\=\(string\)NV12\,\ width\=\(int\)1920\,\ height\=\(int\)1080\,\ framerate\=\(fraction\)30000/1001\,\ interlace-mode\=\(string\)progressive\,\ pixel-aspect-ratio\=\(fraction\)1/1\,\ multiview-mode\=\(string\)mono\,\ multiview-flags\=\(GstVideoMultiviewFlagsSet\)0:ffffffff:/right-view-first/left-flipped/left-flopped/right-flipped/right-flopped/half-aspect/mixed-mono\,\ views\=\(int\)2\,\ chroma-site\=\(string\)mpeg2\,\ colorimetry\=\(string\)bt709";
/GstPipeline:pipeline0/GstFakeSink:fakesink4.GstPad:sink: caps = video/x-raw, format=(string)NV12, width=(int)1920, height=(int)1080, framerate=(fraction)30000/1001, interlace-mode=(string)progressive, pixel-aspect-ratio=(fraction)1/1, multiview-mode=(string)mono, multiview-flags=(GstVideoMultiviewFlagsSet)0:ffffffff:/right-view-first/left-flipped/left-flopped/right-flipped/right-flopped/half-aspect/mixed-mono, views=(int)2, chroma-site=(string)mpeg2, colorimetry=(string)bt709
Got message #2646 from pad "queue17:src" (property-notify): GstMessagePropertyNotify, property-name=(string)caps, property-value=(GstCaps)"video/x-raw\,\ format\=\(string\)NV12\,\ width\=\(int\)1920\,\ height\=\(int\)1080\,\ framerate\=\(fraction\)30000/1001\,\ interlace-mode\=\(string\)progressive\,\ pixel-aspect-ratio\=\(fraction\)1/1\,\ multiview-mode\=\(string\)mono\,\ multiview-flags\=\(GstVideoMultiviewFlagsSet\)0:ffffffff:/right-view-first/left-flipped/left-flopped/right-flipped/right-flopped/half-aspect/mixed-mono\,\ views\=\(int\)2\,\ chroma-site\=\(string\)mpeg2\,\ colorimetry\=\(string\)bt709";
/GstPipeline:pipeline0/GstQueue:queue17.GstPad:src: caps = video/x-raw, format=(string)NV12, width=(int)1920, height=(int)1080, framerate=(fraction)30000/1001, interlace-mode=(string)progressive, pixel-aspect-ratio=(fraction)1/1, multiview-mode=(string)mono, multiview-flags=(GstVideoMultiviewFlagsSet)0:ffffffff:/right-view-first/left-flipped/left-flopped/right-flipped/right-flopped/half-aspect/mixed-mono, views=(int)2, chroma-site=(string)mpeg2, colorimetry=(string)bt709
Got message #2647 from pad "fakesink4:sink" (property-notify): GstMessagePropertyNotify, property-name=(string)caps, property-value=(GstCaps)"video/x-raw\,\ format\=\(string\)NV12\,\ width\=\(int\)1920\,\ height\=\(int\)1080\,\ framerate\=\(fraction\)30000/1001\,\ interlace-mode\=\(string\)progressive\,\ pixel-aspect-ratio\=\(fraction\)1/1\,\ multiview-mode\=\(string\)mono\,\ multiview-flags\=\(GstVideoMultiviewFlagsSet\)0:ffffffff:/right-view-first/left-flipped/left-flopped/right-flipped/right-flopped/half-aspect/mixed-mono\,\ views\=\(int\)2\,\ chroma-site\=\(string\)mpeg2\,\ colorimetry\=\(string\)bt709";
/GstPipeline:pipeline0/GstFakeSink:fakesink4.GstPad:sink: caps = video/x-raw, format=(string)NV12, width=(int)1920, height=(int)1080, framerate=(fraction)30000/1001, interlace-mode=(string)progressive, pixel-aspect-ratio=(fraction)1/1, multiview-mode=(string)mono, multiview-flags=(GstVideoMultiviewFlagsSet)0:ffffffff:/right-view-first/left-flipped/left-flopped/right-flipped/right-flopped/half-aspect/mixed-mono, views=(int)2, chroma-site=(string)mpeg2, colorimetry=(string)bt709
Got message #2648 from pad "vaapipostproc6:sink" (property-notify): GstMessagePropertyNotify, property-name=(string)caps, property-value=(GstCaps)"video/x-raw\(memory:VASurface\)\,\ format\=\(string\)NV12\,\ width\=\(int\)1920\,\ height\=\(int\)1080\,\ interlace-mode\=\(string\)progressive\,\ multiview-mode\=\(string\)mono\,\ multiview-flags\=\(GstVideoMultiviewFlagsSet\)0:ffffffff:/right-view-first/left-flipped/left-flopped/right-flipped/right-flopped/half-aspect/mixed-mono\,\ pixel-aspect-ratio\=\(fraction\)1/1\,\ colorimetry\=\(string\)bt709\,\ views\=\(int\)2\,\ framerate\=\(fraction\)30000/1001";
/GstPipeline:pipeline0/GstDecodeBin:decodebin4/GstVaapiDecodeBin:vaapidecodebin8/GstVaapiPostproc:vaapipostproc6.GstPad:sink: caps = video/x-raw(memory:VASurface), format=(string)NV12, width=(int)1920, height=(int)1080, interlace-mode=(string)progressive, multiview-mode=(string)mono, multiview-flags=(GstVideoMultiviewFlagsSet)0:ffffffff:/right-view-first/left-flipped/left-flopped/right-flipped/right-flopped/half-aspect/mixed-mono, pixel-aspect-ratio=(fraction)1/1, colorimetry=(string)bt709, views=(int)2, framerate=(fraction)30000/1001
Got message #2649 from pad "capsfilter19:sink" (property-notify): GstMessagePropertyNotify, property-name=(string)caps, property-value=(GstCaps)"video/x-raw\(memory:VASurface\)\,\ format\=\(string\)NV12\,\ width\=\(int\)1920\,\ height\=\(int\)1080\,\ interlace-mode\=\(string\)progressive\,\ multiview-mode\=\(string\)mono\,\ multiview-flags\=\(GstVideoMultiviewFlagsSet\)0:ffffffff:/right-view-first/left-flipped/left-flopped/right-flipped/right-flopped/half-aspect/mixed-mono\,\ pixel-aspect-ratio\=\(fraction\)1/1\,\ colorimetry\=\(string\)bt709\,\ views\=\(int\)2\,\ framerate\=\(fraction\)30000/1001";
/GstPipeline:pipeline0/GstDecodeBin:decodebin4/GstVaapiDecodeBin:vaapidecodebin8/GstCapsFilter:capsfilter19.GstPad:sink: caps = video/x-raw(memory:VASurface), format=(string)NV12, width=(int)1920, height=(int)1080, interlace-mode=(string)progressive, multiview-mode=(string)mono, multiview-flags=(GstVideoMultiviewFlagsSet)0:ffffffff:/right-view-first/left-flipped/left-flopped/right-flipped/right-flopped/half-aspect/mixed-mono, pixel-aspect-ratio=(fraction)1/1, colorimetry=(string)bt709, views=(int)2, framerate=(fraction)30000/1001
Got message #2654 from element "fakesink4" (tag): GstMessageTag, taglist=(taglist)"taglist\,\ video-codec\=\(string\)\"H.264\\\ /\\\ AVC\"\,\ maximum-bitrate\=\(uint\)4472819\,\ bitrate\=\(uint\)4472819\;";
Got message #2655 from element "fakesink4" (tag): GstMessageTag, taglist=(taglist)"taglist\,\ encoder\=\(string\)Lavf60.16.100\,\ container-format\=\(string\)\"ISO\\\ MP4/M4A\"\;";
Got message #2656 from element "fakesink4" (tag): GstMessageTag, taglist=(taglist)"taglist\,\ video-codec\=\(string\)\"H.264\\\ \\\(High\\\ Profile\\\)\"\,\ maximum-bitrate\=\(uint\)4472819\,\ bitrate\=\(uint\)4472819\;";
Got message #2659 from element "multiqueue3" (property-notify): GstMessagePropertyNotify, property-name=(string)max-size-buffers, property-value=(uint)5;
/GstPipeline:pipeline0/GstDecodeBin:decodebin6/GstMultiQueue:multiqueue3: max-size-buffers = 5
Got message #2660 from element "multiqueue3" (property-notify): GstMessagePropertyNotify, property-name=(string)max-size-time, property-value=(guint64)0;
/GstPipeline:pipeline0/GstDecodeBin:decodebin6/GstMultiQueue:multiqueue3: max-size-time = 0
Got message #2661 from element "multiqueue3" (property-notify): GstMessagePropertyNotify, property-name=(string)max-size-bytes, property-value=(uint)8388608;
/GstPipeline:pipeline0/GstDecodeBin:decodebin6/GstMultiQueue:multiqueue3: max-size-bytes = 8388608
Got message #2662 from element "vaapidecode1" (latency): no message details
Redistribute latency...
Got message #2664 from pad "vaapidecode1:src" (property-notify): GstMessagePropertyNotify, property-name=(string)caps, property-value=(GstCaps)"video/x-raw\(memory:VASurface\)\,\ format\=\(string\)NV12\,\ width\=\(int\)1920\,\ height\=\(int\)1080\,\ interlace-mode\=\(string\)progressive\,\ multiview-mode\=\(string\)mono\,\ multiview-flags\=\(GstVideoMultiviewFlagsSet\)0:ffffffff:/right-view-first/left-flipped/left-flopped/right-flipped/right-flopped/half-aspect/mixed-mono\,\ pixel-aspect-ratio\=\(fraction\)1/1\,\ colorimetry\=\(string\)bt709\,\ views\=\(int\)2\,\ framerate\=\(fraction\)30000/1001";
/GstPipeline:pipeline0/GstDecodeBin:decodebin6/GstVaapiDecodeBin:vaapidecodebin0/GstVaapiDecode:vaapidecode1.GstPad:src: caps = video/x-raw(memory:VASurface), format=(string)NV12, width=(int)1920, height=(int)1080, interlace-mode=(string)progressive, multiview-mode=(string)mono, multiview-flags=(GstVideoMultiviewFlagsSet)0:ffffffff:/right-view-first/left-flipped/left-flopped/right-flipped/right-flopped/half-aspect/mixed-mono, pixel-aspect-ratio=(fraction)1/1, colorimetry=(string)bt709, views=(int)2, framerate=(fraction)30000/1001
Got message #2665 from pad "queue23:sink" (property-notify): GstMessagePropertyNotify, property-name=(string)caps, property-value=(GstCaps)"video/x-raw\(memory:VASurface\)\,\ format\=\(string\)NV12\,\ width\=\(int\)1920\,\ height\=\(int\)1080\,\ interlace-mode\=\(string\)progressive\,\ multiview-mode\=\(string\)mono\,\ multiview-flags\=\(GstVideoMultiviewFlagsSet\)0:ffffffff:/right-view-first/left-flipped/left-flopped/right-flipped/right-flopped/half-aspect/mixed-mono\,\ pixel-aspect-ratio\=\(fraction\)1/1\,\ colorimetry\=\(string\)bt709\,\ views\=\(int\)2\,\ framerate\=\(fraction\)30000/1001";
/GstPipeline:pipeline0/GstDecodeBin:decodebin6/GstVaapiDecodeBin:vaapidecodebin0/GstQueue:queue23.GstPad:sink: caps = video/x-raw(memory:VASurface), format=(string)NV12, width=(int)1920, height=(int)1080, interlace-mode=(string)progressive, multiview-mode=(string)mono, multiview-flags=(GstVideoMultiviewFlagsSet)0:ffffffff:/right-view-first/left-flipped/left-flopped/right-flipped/right-flopped/half-aspect/mixed-mono, pixel-aspect-ratio=(fraction)1/1, colorimetry=(string)bt709, views=(int)2, framerate=(fraction)30000/1001
Got message #2666 from pad "queue23:src" (property-notify): GstMessagePropertyNotify, property-name=(string)caps, property-value=(GstCaps)"video/x-raw\(memory:VASurface\)\,\ format\=\(string\)NV12\,\ width\=\(int\)1920\,\ height\=\(int\)1080\,\ interlace-mode\=\(string\)progressive\,\ multiview-mode\=\(string\)mono\,\ multiview-flags\=\(GstVideoMultiviewFlagsSet\)0:ffffffff:/right-view-first/left-flipped/left-flopped/right-flipped/right-flopped/half-aspect/mixed-mono\,\ pixel-aspect-ratio\=\(fraction\)1/1\,\ colorimetry\=\(string\)bt709\,\ views\=\(int\)2\,\ framerate\=\(fraction\)30000/1001";
/GstPipeline:pipeline0/GstDecodeBin:decodebin6/GstVaapiDecodeBin:vaapidecodebin0/GstQueue:queue23.GstPad:src: caps = video/x-raw(memory:VASurface), format=(string)NV12, width=(int)1920, height=(int)1080, interlace-mode=(string)progressive, multiview-mode=(string)mono, multiview-flags=(GstVideoMultiviewFlagsSet)0:ffffffff:/right-view-first/left-flipped/left-flopped/right-flipped/right-flopped/half-aspect/mixed-mono, pixel-aspect-ratio=(fraction)1/1, colorimetry=(string)bt709, views=(int)2, framerate=(fraction)30000/1001
Got message #2668 from pad "capsfilter17:src" (property-notify): GstMessagePropertyNotify, property-name=(string)caps, property-value=(GstCaps)"video/x-raw\(memory:VASurface\)\,\ format\=\(string\)NV12\,\ width\=\(int\)1920\,\ height\=\(int\)1080\,\ interlace-mode\=\(string\)progressive\,\ multiview-mode\=\(string\)mono\,\ multiview-flags\=\(GstVideoMultiviewFlagsSet\)0:ffffffff:/right-view-first/left-flipped/left-flopped/right-flipped/right-flopped/half-aspect/mixed-mono\,\ pixel-aspect-ratio\=\(fraction\)1/1\,\ colorimetry\=\(string\)bt709\,\ views\=\(int\)2\,\ framerate\=\(fraction\)30000/1001";
/GstPipeline:pipeline0/GstDecodeBin:decodebin6/GstVaapiDecodeBin:vaapidecodebin0/GstCapsFilter:capsfilter17.GstPad:src: caps = video/x-raw(memory:VASurface), format=(string)NV12, width=(int)1920, height=(int)1080, interlace-mode=(string)progressive, multiview-mode=(string)mono, multiview-flags=(GstVideoMultiviewFlagsSet)0:ffffffff:/right-view-first/left-flipped/left-flopped/right-flipped/right-flopped/half-aspect/mixed-mono, pixel-aspect-ratio=(fraction)1/1, colorimetry=(string)bt709, views=(int)2, framerate=(fraction)30000/1001
Got message #2671 from pad "vaapipostproc7:src" (property-notify): GstMessagePropertyNotify, property-name=(string)caps, property-value=(GstCaps)"video/x-raw\,\ format\=\(string\)NV12\,\ width\=\(int\)1920\,\ height\=\(int\)1080\,\ framerate\=\(fraction\)30000/1001\,\ interlace-mode\=\(string\)progressive\,\ pixel-aspect-ratio\=\(fraction\)1/1\,\ multiview-mode\=\(string\)mono\,\ multiview-flags\=\(GstVideoMultiviewFlagsSet\)0:ffffffff:/right-view-first/left-flipped/left-flopped/right-flipped/right-flopped/half-aspect/mixed-mono\,\ views\=\(int\)2\,\ chroma-site\=\(string\)mpeg2\,\ colorimetry\=\(string\)bt709";
/GstPipeline:pipeline0/GstDecodeBin:decodebin6/GstVaapiDecodeBin:vaapidecodebin0/GstVaapiPostproc:vaapipostproc7.GstPad:src: caps = video/x-raw, format=(string)NV12, width=(int)1920, height=(int)1080, framerate=(fraction)30000/1001, interlace-mode=(string)progressive, pixel-aspect-ratio=(fraction)1/1, multiview-mode=(string)mono, multiview-flags=(GstVideoMultiviewFlagsSet)0:ffffffff:/right-view-first/left-flipped/left-flopped/right-flipped/right-flopped/half-aspect/mixed-mono, views=(int)2, chroma-site=(string)mpeg2, colorimetry=(string)bt709
Got message #2672 from pad "vaapidecodebin0:src" (property-notify): GstMessagePropertyNotify, property-name=(string)caps, property-value=(GstCaps)"video/x-raw\,\ format\=\(string\)NV12\,\ width\=\(int\)1920\,\ height\=\(int\)1080\,\ framerate\=\(fraction\)30000/1001\,\ interlace-mode\=\(string\)progressive\,\ pixel-aspect-ratio\=\(fraction\)1/1\,\ multiview-mode\=\(string\)mono\,\ multiview-flags\=\(GstVideoMultiviewFlagsSet\)0:ffffffff:/right-view-first/left-flipped/left-flopped/right-flipped/right-flopped/half-aspect/mixed-mono\,\ views\=\(int\)2\,\ chroma-site\=\(string\)mpeg2\,\ colorimetry\=\(string\)bt709";
/GstPipeline:pipeline0/GstDecodeBin:decodebin6/GstVaapiDecodeBin:vaapidecodebin0.GstGhostPad:src: caps = video/x-raw, format=(string)NV12, width=(int)1920, height=(int)1080, framerate=(fraction)30000/1001, interlace-mode=(string)progressive, pixel-aspect-ratio=(fraction)1/1, multiview-mode=(string)mono, multiview-flags=(GstVideoMultiviewFlagsSet)0:ffffffff:/right-view-first/left-flipped/left-flopped/right-flipped/right-flopped/half-aspect/mixed-mono, views=(int)2, chroma-site=(string)mpeg2, colorimetry=(string)bt709
Got message #2678 from element "decodebin6" (state-changed): GstMessageStateChanged, old-state=(GstState)ready, new-state=(GstState)paused, pending-state=(GstState)void-pending;
Got message #2679 from pad "queue6:sink" (property-notify): GstMessagePropertyNotify, property-name=(string)caps, property-value=(GstCaps)"video/x-raw\,\ format\=\(string\)NV12\,\ width\=\(int\)1920\,\ height\=\(int\)1080\,\ framerate\=\(fraction\)30000/1001\,\ interlace-mode\=\(string\)progressive\,\ pixel-aspect-ratio\=\(fraction\)1/1\,\ multiview-mode\=\(string\)mono\,\ multiview-flags\=\(GstVideoMultiviewFlagsSet\)0:ffffffff:/right-view-first/left-flipped/left-flopped/right-flipped/right-flopped/half-aspect/mixed-mono\,\ views\=\(int\)2\,\ chroma-site\=\(string\)mpeg2\,\ colorimetry\=\(string\)bt709";
/GstPipeline:pipeline0/GstQueue:queue6.GstPad:sink: caps = video/x-raw, format=(string)NV12, width=(int)1920, height=(int)1080, framerate=(fraction)30000/1001, interlace-mode=(string)progressive, pixel-aspect-ratio=(fraction)1/1, multiview-mode=(string)mono, multiview-flags=(GstVideoMultiviewFlagsSet)0:ffffffff:/right-view-first/left-flipped/left-flopped/right-flipped/right-flopped/half-aspect/mixed-mono, views=(int)2, chroma-site=(string)mpeg2, colorimetry=(string)bt709
Got message #2680 from pad "src_0:proxypad33" (property-notify): GstMessagePropertyNotify, property-name=(string)caps, property-value=(GstCaps)"video/x-raw\,\ format\=\(string\)NV12\,\ width\=\(int\)1920\,\ height\=\(int\)1080\,\ framerate\=\(fraction\)30000/1001\,\ interlace-mode\=\(string\)progressive\,\ pixel-aspect-ratio\=\(fraction\)1/1\,\ multiview-mode\=\(string\)mono\,\ multiview-flags\=\(GstVideoMultiviewFlagsSet\)0:ffffffff:/right-view-first/left-flipped/left-flopped/right-flipped/right-flopped/half-aspect/mixed-mono\,\ views\=\(int\)2\,\ chroma-site\=\(string\)mpeg2\,\ colorimetry\=\(string\)bt709";
/GstPipeline:pipeline0/GstDecodeBin:decodebin6.GstDecodePad:src_0.GstProxyPad:proxypad33: caps = video/x-raw, format=(string)NV12, width=(int)1920, height=(int)1080, framerate=(fraction)30000/1001, interlace-mode=(string)progressive, pixel-aspect-ratio=(fraction)1/1, multiview-mode=(string)mono, multiview-flags=(GstVideoMultiviewFlagsSet)0:ffffffff:/right-view-first/left-flipped/left-flopped/right-flipped/right-flopped/half-aspect/mixed-mono, views=(int)2, chroma-site=(string)mpeg2, colorimetry=(string)bt709
Got message #2681 from pad "src:proxypad42" (property-notify): GstMessagePropertyNotify, property-name=(string)caps, property-value=(GstCaps)"video/x-raw\,\ format\=\(string\)NV12\,\ width\=\(int\)1920\,\ height\=\(int\)1080\,\ framerate\=\(fraction\)30000/1001\,\ interlace-mode\=\(string\)progressive\,\ pixel-aspect-ratio\=\(fraction\)1/1\,\ multiview-mode\=\(string\)mono\,\ multiview-flags\=\(GstVideoMultiviewFlagsSet\)0:ffffffff:/right-view-first/left-flipped/left-flopped/right-flipped/right-flopped/half-aspect/mixed-mono\,\ views\=\(int\)2\,\ chroma-site\=\(string\)mpeg2\,\ colorimetry\=\(string\)bt709";
/GstPipeline:pipeline0/GstDecodeBin:decodebin6/GstVaapiDecodeBin:vaapidecodebin0.GstGhostPad:src.GstProxyPad:proxypad42: caps = video/x-raw, format=(string)NV12, width=(int)1920, height=(int)1080, framerate=(fraction)30000/1001, interlace-mode=(string)progressive, pixel-aspect-ratio=(fraction)1/1, multiview-mode=(string)mono, multiview-flags=(GstVideoMultiviewFlagsSet)0:ffffffff:/right-view-first/left-flipped/left-flopped/right-flipped/right-flopped/half-aspect/mixed-mono, views=(int)2, chroma-site=(string)mpeg2, colorimetry=(string)bt709
Got message #2683 from pad "vaapipostproc7:src" (property-notify): GstMessagePropertyNotify, property-name=(string)caps, property-value=(GstCaps)"video/x-raw\,\ format\=\(string\)NV12\,\ width\=\(int\)1920\,\ height\=\(int\)1080\,\ framerate\=\(fraction\)30000/1001\,\ interlace-mode\=\(string\)progressive\,\ pixel-aspect-ratio\=\(fraction\)1/1\,\ multiview-mode\=\(string\)mono\,\ multiview-flags\=\(GstVideoMultiviewFlagsSet\)0:ffffffff:/right-view-first/left-flipped/left-flopped/right-flipped/right-flopped/half-aspect/mixed-mono\,\ views\=\(int\)2\,\ chroma-site\=\(string\)mpeg2\,\ colorimetry\=\(string\)bt709";
/GstPipeline:pipeline0/GstDecodeBin:decodebin6/GstVaapiDecodeBin:vaapidecodebin0/GstVaapiPostproc:vaapipostproc7.GstPad:src: caps = video/x-raw, format=(string)NV12, width=(int)1920, height=(int)1080, framerate=(fraction)30000/1001, interlace-mode=(string)progressive, pixel-aspect-ratio=(fraction)1/1, multiview-mode=(string)mono, multiview-flags=(GstVideoMultiviewFlagsSet)0:ffffffff:/right-view-first/left-flipped/left-flopped/right-flipped/right-flopped/half-aspect/mixed-mono, views=(int)2, chroma-site=(string)mpeg2, colorimetry=(string)bt709
Got message #2684 from pad "queue6:src" (property-notify): GstMessagePropertyNotify, property-name=(string)caps, property-value=(GstCaps)"video/x-raw\,\ format\=\(string\)NV12\,\ width\=\(int\)1920\,\ height\=\(int\)1080\,\ framerate\=\(fraction\)30000/1001\,\ interlace-mode\=\(string\)progressive\,\ pixel-aspect-ratio\=\(fraction\)1/1\,\ multiview-mode\=\(string\)mono\,\ multiview-flags\=\(GstVideoMultiviewFlagsSet\)0:ffffffff:/right-view-first/left-flipped/left-flopped/right-flipped/right-flopped/half-aspect/mixed-mono\,\ views\=\(int\)2\,\ chroma-site\=\(string\)mpeg2\,\ colorimetry\=\(string\)bt709";
/GstPipeline:pipeline0/GstQueue:queue6.GstPad:src: caps = video/x-raw, format=(string)NV12, width=(int)1920, height=(int)1080, framerate=(fraction)30000/1001, interlace-mode=(string)progressive, pixel-aspect-ratio=(fraction)1/1, multiview-mode=(string)mono, multiview-flags=(GstVideoMultiviewFlagsSet)0:ffffffff:/right-view-first/left-flipped/left-flopped/right-flipped/right-flopped/half-aspect/mixed-mono, views=(int)2, chroma-site=(string)mpeg2, colorimetry=(string)bt709
Got message #2686 from pad "vaapidecodebin0:src" (property-notify): GstMessagePropertyNotify, property-name=(string)caps, property-value=(GstCaps)"video/x-raw\,\ format\=\(string\)NV12\,\ width\=\(int\)1920\,\ height\=\(int\)1080\,\ framerate\=\(fraction\)30000/1001\,\ interlace-mode\=\(string\)progressive\,\ pixel-aspect-ratio\=\(fraction\)1/1\,\ multiview-mode\=\(string\)mono\,\ multiview-flags\=\(GstVideoMultiviewFlagsSet\)0:ffffffff:/right-view-first/left-flipped/left-flopped/right-flipped/right-flopped/half-aspect/mixed-mono\,\ views\=\(int\)2\,\ chroma-site\=\(string\)mpeg2\,\ colorimetry\=\(string\)bt709";
/GstPipeline:pipeline0/GstDecodeBin:decodebin6/GstVaapiDecodeBin:vaapidecodebin0.GstGhostPad:src: caps = video/x-raw, format=(string)NV12, width=(int)1920, height=(int)1080, framerate=(fraction)30000/1001, interlace-mode=(string)progressive, pixel-aspect-ratio=(fraction)1/1, multiview-mode=(string)mono, multiview-flags=(GstVideoMultiviewFlagsSet)0:ffffffff:/right-view-first/left-flipped/left-flopped/right-flipped/right-flopped/half-aspect/mixed-mono, views=(int)2, chroma-site=(string)mpeg2, colorimetry=(string)bt709
Got message #2687 from pad "decodebin6:src_0" (property-notify): GstMessagePropertyNotify, property-name=(string)caps, property-value=(GstCaps)"video/x-raw\,\ format\=\(string\)NV12\,\ width\=\(int\)1920\,\ height\=\(int\)1080\,\ framerate\=\(fraction\)30000/1001\,\ interlace-mode\=\(string\)progressive\,\ pixel-aspect-ratio\=\(fraction\)1/1\,\ multiview-mode\=\(string\)mono\,\ multiview-flags\=\(GstVideoMultiviewFlagsSet\)0:ffffffff:/right-view-first/left-flipped/left-flopped/right-flipped/right-flopped/half-aspect/mixed-mono\,\ views\=\(int\)2\,\ chroma-site\=\(string\)mpeg2\,\ colorimetry\=\(string\)bt709";
/GstPipeline:pipeline0/GstDecodeBin:decodebin6.GstDecodePad:src_0: caps = video/x-raw, format=(string)NV12, width=(int)1920, height=(int)1080, framerate=(fraction)30000/1001, interlace-mode=(string)progressive, pixel-aspect-ratio=(fraction)1/1, multiview-mode=(string)mono, multiview-flags=(GstVideoMultiviewFlagsSet)0:ffffffff:/right-view-first/left-flipped/left-flopped/right-flipped/right-flopped/half-aspect/mixed-mono, views=(int)2, chroma-site=(string)mpeg2, colorimetry=(string)bt709
Got message #2688 from pad "queue6:sink" (property-notify): GstMessagePropertyNotify, property-name=(string)caps, property-value=(GstCaps)"video/x-raw\,\ format\=\(string\)NV12\,\ width\=\(int\)1920\,\ height\=\(int\)1080\,\ framerate\=\(fraction\)30000/1001\,\ interlace-mode\=\(string\)progressive\,\ pixel-aspect-ratio\=\(fraction\)1/1\,\ multiview-mode\=\(string\)mono\,\ multiview-flags\=\(GstVideoMultiviewFlagsSet\)0:ffffffff:/right-view-first/left-flipped/left-flopped/right-flipped/right-flopped/half-aspect/mixed-mono\,\ views\=\(int\)2\,\ chroma-site\=\(string\)mpeg2\,\ colorimetry\=\(string\)bt709";
/GstPipeline:pipeline0/GstQueue:queue6.GstPad:sink: caps = video/x-raw, format=(string)NV12, width=(int)1920, height=(int)1080, framerate=(fraction)30000/1001, interlace-mode=(string)progressive, pixel-aspect-ratio=(fraction)1/1, multiview-mode=(string)mono, multiview-flags=(GstVideoMultiviewFlagsSet)0:ffffffff:/right-view-first/left-flipped/left-flopped/right-flipped/right-flopped/half-aspect/mixed-mono, views=(int)2, chroma-site=(string)mpeg2, colorimetry=(string)bt709
Got message #2689 from pad "src_0:proxypad33" (property-notify): GstMessagePropertyNotify, property-name=(string)caps, property-value=(GstCaps)"video/x-raw\,\ format\=\(string\)NV12\,\ width\=\(int\)1920\,\ height\=\(int\)1080\,\ framerate\=\(fraction\)30000/1001\,\ interlace-mode\=\(string\)progressive\,\ pixel-aspect-ratio\=\(fraction\)1/1\,\ multiview-mode\=\(string\)mono\,\ multiview-flags\=\(GstVideoMultiviewFlagsSet\)0:ffffffff:/right-view-first/left-flipped/left-flopped/right-flipped/right-flopped/half-aspect/mixed-mono\,\ views\=\(int\)2\,\ chroma-site\=\(string\)mpeg2\,\ colorimetry\=\(string\)bt709";
/GstPipeline:pipeline0/GstDecodeBin:decodebin6.GstDecodePad:src_0.GstProxyPad:proxypad33: caps = video/x-raw, format=(string)NV12, width=(int)1920, height=(int)1080, framerate=(fraction)30000/1001, interlace-mode=(string)progressive, pixel-aspect-ratio=(fraction)1/1, multiview-mode=(string)mono, multiview-flags=(GstVideoMultiviewFlagsSet)0:ffffffff:/right-view-first/left-flipped/left-flopped/right-flipped/right-flopped/half-aspect/mixed-mono, views=(int)2, chroma-site=(string)mpeg2, colorimetry=(string)bt709
Got message #2690 from pad "src:proxypad42" (property-notify): GstMessagePropertyNotify, property-name=(string)caps, property-value=(GstCaps)"video/x-raw\,\ format\=\(string\)NV12\,\ width\=\(int\)1920\,\ height\=\(int\)1080\,\ framerate\=\(fraction\)30000/1001\,\ interlace-mode\=\(string\)progressive\,\ pixel-aspect-ratio\=\(fraction\)1/1\,\ multiview-mode\=\(string\)mono\,\ multiview-flags\=\(GstVideoMultiviewFlagsSet\)0:ffffffff:/right-view-first/left-flipped/left-flopped/right-flipped/right-flopped/half-aspect/mixed-mono\,\ views\=\(int\)2\,\ chroma-site\=\(string\)mpeg2\,\ colorimetry\=\(string\)bt709";
/GstPipeline:pipeline0/GstDecodeBin:decodebin6/GstVaapiDecodeBin:vaapidecodebin0.GstGhostPad:src.GstProxyPad:proxypad42: caps = video/x-raw, format=(string)NV12, width=(int)1920, height=(int)1080, framerate=(fraction)30000/1001, interlace-mode=(string)progressive, pixel-aspect-ratio=(fraction)1/1, multiview-mode=(string)mono, multiview-flags=(GstVideoMultiviewFlagsSet)0:ffffffff:/right-view-first/left-flipped/left-flopped/right-flipped/right-flopped/half-aspect/mixed-mono, views=(int)2, chroma-site=(string)mpeg2, colorimetry=(string)bt709
Got message #2691 from pad "in:sink_6" (property-notify): GstMessagePropertyNotify, property-name=(string)caps, property-value=(GstCaps)"video/x-raw\,\ format\=\(string\)NV12\,\ width\=\(int\)1920\,\ height\=\(int\)1080\,\ framerate\=\(fraction\)30000/1001\,\ interlace-mode\=\(string\)progressive\,\ pixel-aspect-ratio\=\(fraction\)1/1\,\ multiview-mode\=\(string\)mono\,\ multiview-flags\=\(GstVideoMultiviewFlagsSet\)0:ffffffff:/right-view-first/left-flipped/left-flopped/right-flipped/right-flopped/half-aspect/mixed-mono\,\ views\=\(int\)2\,\ chroma-site\=\(string\)mpeg2\,\ colorimetry\=\(string\)bt709";
/GstPipeline:pipeline0/GstDxInputSelector:in.GstAggregatorPad:sink_6: caps = video/x-raw, format=(string)NV12, width=(int)1920, height=(int)1080, framerate=(fraction)30000/1001, interlace-mode=(string)progressive, pixel-aspect-ratio=(fraction)1/1, multiview-mode=(string)mono, multiview-flags=(GstVideoMultiviewFlagsSet)0:ffffffff:/right-view-first/left-flipped/left-flopped/right-flipped/right-flopped/half-aspect/mixed-mono, views=(int)2, chroma-site=(string)mpeg2, colorimetry=(string)bt709
Got message #2693 from pad "queue6:src" (property-notify): GstMessagePropertyNotify, property-name=(string)caps, property-value=(GstCaps)"video/x-raw\,\ format\=\(string\)NV12\,\ width\=\(int\)1920\,\ height\=\(int\)1080\,\ framerate\=\(fraction\)30000/1001\,\ interlace-mode\=\(string\)progressive\,\ pixel-aspect-ratio\=\(fraction\)1/1\,\ multiview-mode\=\(string\)mono\,\ multiview-flags\=\(GstVideoMultiviewFlagsSet\)0:ffffffff:/right-view-first/left-flipped/left-flopped/right-flipped/right-flopped/half-aspect/mixed-mono\,\ views\=\(int\)2\,\ chroma-site\=\(string\)mpeg2\,\ colorimetry\=\(string\)bt709";
/GstPipeline:pipeline0/GstQueue:queue6.GstPad:src: caps = video/x-raw, format=(string)NV12, width=(int)1920, height=(int)1080, framerate=(fraction)30000/1001, interlace-mode=(string)progressive, pixel-aspect-ratio=(fraction)1/1, multiview-mode=(string)mono, multiview-flags=(GstVideoMultiviewFlagsSet)0:ffffffff:/right-view-first/left-flipped/left-flopped/right-flipped/right-flopped/half-aspect/mixed-mono, views=(int)2, chroma-site=(string)mpeg2, colorimetry=(string)bt709
Got message #2694 from pad "in:sink_6" (property-notify): GstMessagePropertyNotify, property-name=(string)caps, property-value=(GstCaps)"video/x-raw\,\ format\=\(string\)NV12\,\ width\=\(int\)1920\,\ height\=\(int\)1080\,\ framerate\=\(fraction\)30000/1001\,\ interlace-mode\=\(string\)progressive\,\ pixel-aspect-ratio\=\(fraction\)1/1\,\ multiview-mode\=\(string\)mono\,\ multiview-flags\=\(GstVideoMultiviewFlagsSet\)0:ffffffff:/right-view-first/left-flipped/left-flopped/right-flipped/right-flopped/half-aspect/mixed-mono\,\ views\=\(int\)2\,\ chroma-site\=\(string\)mpeg2\,\ colorimetry\=\(string\)bt709";
/GstPipeline:pipeline0/GstDxInputSelector:in.GstAggregatorPad:sink_6: caps = video/x-raw, format=(string)NV12, width=(int)1920, height=(int)1080, framerate=(fraction)30000/1001, interlace-mode=(string)progressive, pixel-aspect-ratio=(fraction)1/1, multiview-mode=(string)mono, multiview-flags=(GstVideoMultiviewFlagsSet)0:ffffffff:/right-view-first/left-flipped/left-flopped/right-flipped/right-flopped/half-aspect/mixed-mono, views=(int)2, chroma-site=(string)mpeg2, colorimetry=(string)bt709
Got message #2696 from pad "out:src_6" (property-notify): GstMessagePropertyNotify, property-name=(string)caps, property-value=(GstCaps)"video/x-raw\,\ format\=\(string\)NV12\,\ width\=\(int\)1920\,\ height\=\(int\)1080\,\ framerate\=\(fraction\)30000/1001\,\ interlace-mode\=\(string\)progressive\,\ pixel-aspect-ratio\=\(fraction\)1/1\,\ multiview-mode\=\(string\)mono\,\ multiview-flags\=\(GstVideoMultiviewFlagsSet\)0:ffffffff:/right-view-first/left-flipped/left-flopped/right-flipped/right-flopped/half-aspect/mixed-mono\,\ views\=\(int\)2\,\ chroma-site\=\(string\)mpeg2\,\ colorimetry\=\(string\)bt709";
/GstPipeline:pipeline0/GstDxOutputSelector:out.GstPad:src_6: caps = video/x-raw, format=(string)NV12, width=(int)1920, height=(int)1080, framerate=(fraction)30000/1001, interlace-mode=(string)progressive, pixel-aspect-ratio=(fraction)1/1, multiview-mode=(string)mono, multiview-flags=(GstVideoMultiviewFlagsSet)0:ffffffff:/right-view-first/left-flipped/left-flopped/right-flipped/right-flopped/half-aspect/mixed-mono, views=(int)2, chroma-site=(string)mpeg2, colorimetry=(string)bt709
Got message #2697 from pad "queue19:sink" (property-notify): GstMessagePropertyNotify, property-name=(string)caps, property-value=(GstCaps)"video/x-raw\,\ format\=\(string\)NV12\,\ width\=\(int\)1920\,\ height\=\(int\)1080\,\ framerate\=\(fraction\)30000/1001\,\ interlace-mode\=\(string\)progressive\,\ pixel-aspect-ratio\=\(fraction\)1/1\,\ multiview-mode\=\(string\)mono\,\ multiview-flags\=\(GstVideoMultiviewFlagsSet\)0:ffffffff:/right-view-first/left-flipped/left-flopped/right-flipped/right-flopped/half-aspect/mixed-mono\,\ views\=\(int\)2\,\ chroma-site\=\(string\)mpeg2\,\ colorimetry\=\(string\)bt709";
/GstPipeline:pipeline0/GstQueue:queue19.GstPad:sink: caps = video/x-raw, format=(string)NV12, width=(int)1920, height=(int)1080, framerate=(fraction)30000/1001, interlace-mode=(string)progressive, pixel-aspect-ratio=(fraction)1/1, multiview-mode=(string)mono, multiview-flags=(GstVideoMultiviewFlagsSet)0:ffffffff:/right-view-first/left-flipped/left-flopped/right-flipped/right-flopped/half-aspect/mixed-mono, views=(int)2, chroma-site=(string)mpeg2, colorimetry=(string)bt709
Got message #2698 from pad "out:src_6" (property-notify): GstMessagePropertyNotify, property-name=(string)caps, property-value=(GstCaps)"video/x-raw\,\ format\=\(string\)NV12\,\ width\=\(int\)1920\,\ height\=\(int\)1080\,\ framerate\=\(fraction\)30000/1001\,\ interlace-mode\=\(string\)progressive\,\ pixel-aspect-ratio\=\(fraction\)1/1\,\ multiview-mode\=\(string\)mono\,\ multiview-flags\=\(GstVideoMultiviewFlagsSet\)0:ffffffff:/right-view-first/left-flipped/left-flopped/right-flipped/right-flopped/half-aspect/mixed-mono\,\ views\=\(int\)2\,\ chroma-site\=\(string\)mpeg2\,\ colorimetry\=\(string\)bt709";
/GstPipeline:pipeline0/GstDxOutputSelector:out.GstPad:src_6: caps = video/x-raw, format=(string)NV12, width=(int)1920, height=(int)1080, framerate=(fraction)30000/1001, interlace-mode=(string)progressive, pixel-aspect-ratio=(fraction)1/1, multiview-mode=(string)mono, multiview-flags=(GstVideoMultiviewFlagsSet)0:ffffffff:/right-view-first/left-flipped/left-flopped/right-flipped/right-flopped/half-aspect/mixed-mono, views=(int)2, chroma-site=(string)mpeg2, colorimetry=(string)bt709
Got message #2700 from pad "queue19:sink" (property-notify): GstMessagePropertyNotify, property-name=(string)caps, property-value=(GstCaps)"video/x-raw\,\ format\=\(string\)NV12\,\ width\=\(int\)1920\,\ height\=\(int\)1080\,\ framerate\=\(fraction\)30000/1001\,\ interlace-mode\=\(string\)progressive\,\ pixel-aspect-ratio\=\(fraction\)1/1\,\ multiview-mode\=\(string\)mono\,\ multiview-flags\=\(GstVideoMultiviewFlagsSet\)0:ffffffff:/right-view-first/left-flipped/left-flopped/right-flipped/right-flopped/half-aspect/mixed-mono\,\ views\=\(int\)2\,\ chroma-site\=\(string\)mpeg2\,\ colorimetry\=\(string\)bt709";
/GstPipeline:pipeline0/GstQueue:queue19.GstPad:sink: caps = video/x-raw, format=(string)NV12, width=(int)1920, height=(int)1080, framerate=(fraction)30000/1001, interlace-mode=(string)progressive, pixel-aspect-ratio=(fraction)1/1, multiview-mode=(string)mono, multiview-flags=(GstVideoMultiviewFlagsSet)0:ffffffff:/right-view-first/left-flipped/left-flopped/right-flipped/right-flopped/half-aspect/mixed-mono, views=(int)2, chroma-site=(string)mpeg2, colorimetry=(string)bt709
Got message #2701 from pad "queue19:src" (property-notify): GstMessagePropertyNotify, property-name=(string)caps, property-value=(GstCaps)"video/x-raw\,\ format\=\(string\)NV12\,\ width\=\(int\)1920\,\ height\=\(int\)1080\,\ framerate\=\(fraction\)30000/1001\,\ interlace-mode\=\(string\)progressive\,\ pixel-aspect-ratio\=\(fraction\)1/1\,\ multiview-mode\=\(string\)mono\,\ multiview-flags\=\(GstVideoMultiviewFlagsSet\)0:ffffffff:/right-view-first/left-flipped/left-flopped/right-flipped/right-flopped/half-aspect/mixed-mono\,\ views\=\(int\)2\,\ chroma-site\=\(string\)mpeg2\,\ colorimetry\=\(string\)bt709";
/GstPipeline:pipeline0/GstQueue:queue19.GstPad:src: caps = video/x-raw, format=(string)NV12, width=(int)1920, height=(int)1080, framerate=(fraction)30000/1001, interlace-mode=(string)progressive, pixel-aspect-ratio=(fraction)1/1, multiview-mode=(string)mono, multiview-flags=(GstVideoMultiviewFlagsSet)0:ffffffff:/right-view-first/left-flipped/left-flopped/right-flipped/right-flopped/half-aspect/mixed-mono, views=(int)2, chroma-site=(string)mpeg2, colorimetry=(string)bt709
Got message #2702 from pad "fakesink6:sink" (property-notify): GstMessagePropertyNotify, property-name=(string)caps, property-value=(GstCaps)"video/x-raw\,\ format\=\(string\)NV12\,\ width\=\(int\)1920\,\ height\=\(int\)1080\,\ framerate\=\(fraction\)30000/1001\,\ interlace-mode\=\(string\)progressive\,\ pixel-aspect-ratio\=\(fraction\)1/1\,\ multiview-mode\=\(string\)mono\,\ multiview-flags\=\(GstVideoMultiviewFlagsSet\)0:ffffffff:/right-view-first/left-flipped/left-flopped/right-flipped/right-flopped/half-aspect/mixed-mono\,\ views\=\(int\)2\,\ chroma-site\=\(string\)mpeg2\,\ colorimetry\=\(string\)bt709";
/GstPipeline:pipeline0/GstFakeSink:fakesink6.GstPad:sink: caps = video/x-raw, format=(string)NV12, width=(int)1920, height=(int)1080, framerate=(fraction)30000/1001, interlace-mode=(string)progressive, pixel-aspect-ratio=(fraction)1/1, multiview-mode=(string)mono, multiview-flags=(GstVideoMultiviewFlagsSet)0:ffffffff:/right-view-first/left-flipped/left-flopped/right-flipped/right-flopped/half-aspect/mixed-mono, views=(int)2, chroma-site=(string)mpeg2, colorimetry=(string)bt709
Got message #2703 from pad "queue19:src" (property-notify): GstMessagePropertyNotify, property-name=(string)caps, property-value=(GstCaps)"video/x-raw\,\ format\=\(string\)NV12\,\ width\=\(int\)1920\,\ height\=\(int\)1080\,\ framerate\=\(fraction\)30000/1001\,\ interlace-mode\=\(string\)progressive\,\ pixel-aspect-ratio\=\(fraction\)1/1\,\ multiview-mode\=\(string\)mono\,\ multiview-flags\=\(GstVideoMultiviewFlagsSet\)0:ffffffff:/right-view-first/left-flipped/left-flopped/right-flipped/right-flopped/half-aspect/mixed-mono\,\ views\=\(int\)2\,\ chroma-site\=\(string\)mpeg2\,\ colorimetry\=\(string\)bt709";
/GstPipeline:pipeline0/GstQueue:queue19.GstPad:src: caps = video/x-raw, format=(string)NV12, width=(int)1920, height=(int)1080, framerate=(fraction)30000/1001, interlace-mode=(string)progressive, pixel-aspect-ratio=(fraction)1/1, multiview-mode=(string)mono, multiview-flags=(GstVideoMultiviewFlagsSet)0:ffffffff:/right-view-first/left-flipped/left-flopped/right-flipped/right-flopped/half-aspect/mixed-mono, views=(int)2, chroma-site=(string)mpeg2, colorimetry=(string)bt709
Got message #2704 from pad "fakesink6:sink" (property-notify): GstMessagePropertyNotify, property-name=(string)caps, property-value=(GstCaps)"video/x-raw\,\ format\=\(string\)NV12\,\ width\=\(int\)1920\,\ height\=\(int\)1080\,\ framerate\=\(fraction\)30000/1001\,\ interlace-mode\=\(string\)progressive\,\ pixel-aspect-ratio\=\(fraction\)1/1\,\ multiview-mode\=\(string\)mono\,\ multiview-flags\=\(GstVideoMultiviewFlagsSet\)0:ffffffff:/right-view-first/left-flipped/left-flopped/right-flipped/right-flopped/half-aspect/mixed-mono\,\ views\=\(int\)2\,\ chroma-site\=\(string\)mpeg2\,\ colorimetry\=\(string\)bt709";
/GstPipeline:pipeline0/GstFakeSink:fakesink6.GstPad:sink: caps = video/x-raw, format=(string)NV12, width=(int)1920, height=(int)1080, framerate=(fraction)30000/1001, interlace-mode=(string)progressive, pixel-aspect-ratio=(fraction)1/1, multiview-mode=(string)mono, multiview-flags=(GstVideoMultiviewFlagsSet)0:ffffffff:/right-view-first/left-flipped/left-flopped/right-flipped/right-flopped/half-aspect/mixed-mono, views=(int)2, chroma-site=(string)mpeg2, colorimetry=(string)bt709
Got message #2705 from pad "vaapipostproc7:sink" (property-notify): GstMessagePropertyNotify, property-name=(string)caps, property-value=(GstCaps)"video/x-raw\(memory:VASurface\)\,\ format\=\(string\)NV12\,\ width\=\(int\)1920\,\ height\=\(int\)1080\,\ interlace-mode\=\(string\)progressive\,\ multiview-mode\=\(string\)mono\,\ multiview-flags\=\(GstVideoMultiviewFlagsSet\)0:ffffffff:/right-view-first/left-flipped/left-flopped/right-flipped/right-flopped/half-aspect/mixed-mono\,\ pixel-aspect-ratio\=\(fraction\)1/1\,\ colorimetry\=\(string\)bt709\,\ views\=\(int\)2\,\ framerate\=\(fraction\)30000/1001";
/GstPipeline:pipeline0/GstDecodeBin:decodebin6/GstVaapiDecodeBin:vaapidecodebin0/GstVaapiPostproc:vaapipostproc7.GstPad:sink: caps = video/x-raw(memory:VASurface), format=(string)NV12, width=(int)1920, height=(int)1080, interlace-mode=(string)progressive, multiview-mode=(string)mono, multiview-flags=(GstVideoMultiviewFlagsSet)0:ffffffff:/right-view-first/left-flipped/left-flopped/right-flipped/right-flopped/half-aspect/mixed-mono, pixel-aspect-ratio=(fraction)1/1, colorimetry=(string)bt709, views=(int)2, framerate=(fraction)30000/1001
Got message #2706 from pad "capsfilter17:sink" (property-notify): GstMessagePropertyNotify, property-name=(string)caps, property-value=(GstCaps)"video/x-raw\(memory:VASurface\)\,\ format\=\(string\)NV12\,\ width\=\(int\)1920\,\ height\=\(int\)1080\,\ interlace-mode\=\(string\)progressive\,\ multiview-mode\=\(string\)mono\,\ multiview-flags\=\(GstVideoMultiviewFlagsSet\)0:ffffffff:/right-view-first/left-flipped/left-flopped/right-flipped/right-flopped/half-aspect/mixed-mono\,\ pixel-aspect-ratio\=\(fraction\)1/1\,\ colorimetry\=\(string\)bt709\,\ views\=\(int\)2\,\ framerate\=\(fraction\)30000/1001";
/GstPipeline:pipeline0/GstDecodeBin:decodebin6/GstVaapiDecodeBin:vaapidecodebin0/GstCapsFilter:capsfilter17.GstPad:sink: caps = video/x-raw(memory:VASurface), format=(string)NV12, width=(int)1920, height=(int)1080, interlace-mode=(string)progressive, multiview-mode=(string)mono, multiview-flags=(GstVideoMultiviewFlagsSet)0:ffffffff:/right-view-first/left-flipped/left-flopped/right-flipped/right-flopped/half-aspect/mixed-mono, pixel-aspect-ratio=(fraction)1/1, colorimetry=(string)bt709, views=(int)2, framerate=(fraction)30000/1001
Got message #2711 from element "fakesink6" (tag): GstMessageTag, taglist=(taglist)"taglist\,\ video-codec\=\(string\)\"H.264\\\ /\\\ AVC\"\,\ maximum-bitrate\=\(uint\)4472819\,\ bitrate\=\(uint\)4472819\;";
Got message #2712 from element "fakesink6" (tag): GstMessageTag, taglist=(taglist)"taglist\,\ encoder\=\(string\)Lavf60.16.100\,\ container-format\=\(string\)\"ISO\\\ MP4/M4A\"\;";
Got message #2713 from element "fakesink6" (tag): GstMessageTag, taglist=(taglist)"taglist\,\ video-codec\=\(string\)\"H.264\\\ \\\(High\\\ Profile\\\)\"\,\ maximum-bitrate\=\(uint\)4472819\,\ bitrate\=\(uint\)4472819\;";
Got message #2714 from element "multiqueue2" (property-notify): GstMessagePropertyNotify, property-name=(string)max-size-buffers, property-value=(uint)5;
/GstPipeline:pipeline0/GstDecodeBin:decodebin5/GstMultiQueue:multiqueue2: max-size-buffers = 5
Got message #2715 from element "multiqueue2" (property-notify): GstMessagePropertyNotify, property-name=(string)max-size-time, property-value=(guint64)0;
/GstPipeline:pipeline0/GstDecodeBin:decodebin5/GstMultiQueue:multiqueue2: max-size-time = 0
Got message #2716 from element "multiqueue2" (property-notify): GstMessagePropertyNotify, property-name=(string)max-size-bytes, property-value=(uint)8388608;
/GstPipeline:pipeline0/GstDecodeBin:decodebin5/GstMultiQueue:multiqueue2: max-size-bytes = 8388608
Got message #2717 from element "vaapidecode2" (latency): no message details
Redistribute latency...
Got message #2719 from pad "vaapidecode2:src" (property-notify): GstMessagePropertyNotify, property-name=(string)caps, property-value=(GstCaps)"video/x-raw\(memory:VASurface\)\,\ format\=\(string\)NV12\,\ width\=\(int\)1920\,\ height\=\(int\)1080\,\ interlace-mode\=\(string\)progressive\,\ multiview-mode\=\(string\)mono\,\ multiview-flags\=\(GstVideoMultiviewFlagsSet\)0:ffffffff:/right-view-first/left-flipped/left-flopped/right-flipped/right-flopped/half-aspect/mixed-mono\,\ pixel-aspect-ratio\=\(fraction\)1/1\,\ colorimetry\=\(string\)bt709\,\ views\=\(int\)2\,\ framerate\=\(fraction\)30000/1001";
/GstPipeline:pipeline0/GstDecodeBin:decodebin5/GstVaapiDecodeBin:vaapidecodebin2/GstVaapiDecode:vaapidecode2.GstPad:src: caps = video/x-raw(memory:VASurface), format=(string)NV12, width=(int)1920, height=(int)1080, interlace-mode=(string)progressive, multiview-mode=(string)mono, multiview-flags=(GstVideoMultiviewFlagsSet)0:ffffffff:/right-view-first/left-flipped/left-flopped/right-flipped/right-flopped/half-aspect/mixed-mono, pixel-aspect-ratio=(fraction)1/1, colorimetry=(string)bt709, views=(int)2, framerate=(fraction)30000/1001
Got message #2720 from pad "queue24:sink" (property-notify): GstMessagePropertyNotify, property-name=(string)caps, property-value=(GstCaps)"video/x-raw\(memory:VASurface\)\,\ format\=\(string\)NV12\,\ width\=\(int\)1920\,\ height\=\(int\)1080\,\ interlace-mode\=\(string\)progressive\,\ multiview-mode\=\(string\)mono\,\ multiview-flags\=\(GstVideoMultiviewFlagsSet\)0:ffffffff:/right-view-first/left-flipped/left-flopped/right-flipped/right-flopped/half-aspect/mixed-mono\,\ pixel-aspect-ratio\=\(fraction\)1/1\,\ colorimetry\=\(string\)bt709\,\ views\=\(int\)2\,\ framerate\=\(fraction\)30000/1001";
/GstPipeline:pipeline0/GstDecodeBin:decodebin5/GstVaapiDecodeBin:vaapidecodebin2/GstQueue:queue24.GstPad:sink: caps = video/x-raw(memory:VASurface), format=(string)NV12, width=(int)1920, height=(int)1080, interlace-mode=(string)progressive, multiview-mode=(string)mono, multiview-flags=(GstVideoMultiviewFlagsSet)0:ffffffff:/right-view-first/left-flipped/left-flopped/right-flipped/right-flopped/half-aspect/mixed-mono, pixel-aspect-ratio=(fraction)1/1, colorimetry=(string)bt709, views=(int)2, framerate=(fraction)30000/1001
Got message #2721 from pad "queue24:src" (property-notify): GstMessagePropertyNotify, property-name=(string)caps, property-value=(GstCaps)"video/x-raw\(memory:VASurface\)\,\ format\=\(string\)NV12\,\ width\=\(int\)1920\,\ height\=\(int\)1080\,\ interlace-mode\=\(string\)progressive\,\ multiview-mode\=\(string\)mono\,\ multiview-flags\=\(GstVideoMultiviewFlagsSet\)0:ffffffff:/right-view-first/left-flipped/left-flopped/right-flipped/right-flopped/half-aspect/mixed-mono\,\ pixel-aspect-ratio\=\(fraction\)1/1\,\ colorimetry\=\(string\)bt709\,\ views\=\(int\)2\,\ framerate\=\(fraction\)30000/1001";
/GstPipeline:pipeline0/GstDecodeBin:decodebin5/GstVaapiDecodeBin:vaapidecodebin2/GstQueue:queue24.GstPad:src: caps = video/x-raw(memory:VASurface), format=(string)NV12, width=(int)1920, height=(int)1080, interlace-mode=(string)progressive, multiview-mode=(string)mono, multiview-flags=(GstVideoMultiviewFlagsSet)0:ffffffff:/right-view-first/left-flipped/left-flopped/right-flipped/right-flopped/half-aspect/mixed-mono, pixel-aspect-ratio=(fraction)1/1, colorimetry=(string)bt709, views=(int)2, framerate=(fraction)30000/1001
Got message #2723 from pad "capsfilter10:src" (property-notify): GstMessagePropertyNotify, property-name=(string)caps, property-value=(GstCaps)"video/x-raw\(memory:VASurface\)\,\ format\=\(string\)NV12\,\ width\=\(int\)1920\,\ height\=\(int\)1080\,\ interlace-mode\=\(string\)progressive\,\ multiview-mode\=\(string\)mono\,\ multiview-flags\=\(GstVideoMultiviewFlagsSet\)0:ffffffff:/right-view-first/left-flipped/left-flopped/right-flipped/right-flopped/half-aspect/mixed-mono\,\ pixel-aspect-ratio\=\(fraction\)1/1\,\ colorimetry\=\(string\)bt709\,\ views\=\(int\)2\,\ framerate\=\(fraction\)30000/1001";
/GstPipeline:pipeline0/GstDecodeBin:decodebin5/GstVaapiDecodeBin:vaapidecodebin2/GstCapsFilter:capsfilter10.GstPad:src: caps = video/x-raw(memory:VASurface), format=(string)NV12, width=(int)1920, height=(int)1080, interlace-mode=(string)progressive, multiview-mode=(string)mono, multiview-flags=(GstVideoMultiviewFlagsSet)0:ffffffff:/right-view-first/left-flipped/left-flopped/right-flipped/right-flopped/half-aspect/mixed-mono, pixel-aspect-ratio=(fraction)1/1, colorimetry=(string)bt709, views=(int)2, framerate=(fraction)30000/1001
Got message #2725 from pad "vaapipostproc0:src" (property-notify): GstMessagePropertyNotify, property-name=(string)caps, property-value=(GstCaps)"video/x-raw\,\ format\=\(string\)NV12\,\ width\=\(int\)1920\,\ height\=\(int\)1080\,\ framerate\=\(fraction\)30000/1001\,\ interlace-mode\=\(string\)progressive\,\ pixel-aspect-ratio\=\(fraction\)1/1\,\ multiview-mode\=\(string\)mono\,\ multiview-flags\=\(GstVideoMultiviewFlagsSet\)0:ffffffff:/right-view-first/left-flipped/left-flopped/right-flipped/right-flopped/half-aspect/mixed-mono\,\ views\=\(int\)2\,\ chroma-site\=\(string\)mpeg2\,\ colorimetry\=\(string\)bt709";
/GstPipeline:pipeline0/GstDecodeBin:decodebin5/GstVaapiDecodeBin:vaapidecodebin2/GstVaapiPostproc:vaapipostproc0.GstPad:src: caps = video/x-raw, format=(string)NV12, width=(int)1920, height=(int)1080, framerate=(fraction)30000/1001, interlace-mode=(string)progressive, pixel-aspect-ratio=(fraction)1/1, multiview-mode=(string)mono, multiview-flags=(GstVideoMultiviewFlagsSet)0:ffffffff:/right-view-first/left-flipped/left-flopped/right-flipped/right-flopped/half-aspect/mixed-mono, views=(int)2, chroma-site=(string)mpeg2, colorimetry=(string)bt709
Got message #2726 from pad "vaapidecodebin2:src" (property-notify): GstMessagePropertyNotify, property-name=(string)caps, property-value=(GstCaps)"video/x-raw\,\ format\=\(string\)NV12\,\ width\=\(int\)1920\,\ height\=\(int\)1080\,\ framerate\=\(fraction\)30000/1001\,\ interlace-mode\=\(string\)progressive\,\ pixel-aspect-ratio\=\(fraction\)1/1\,\ multiview-mode\=\(string\)mono\,\ multiview-flags\=\(GstVideoMultiviewFlagsSet\)0:ffffffff:/right-view-first/left-flipped/left-flopped/right-flipped/right-flopped/half-aspect/mixed-mono\,\ views\=\(int\)2\,\ chroma-site\=\(string\)mpeg2\,\ colorimetry\=\(string\)bt709";
/GstPipeline:pipeline0/GstDecodeBin:decodebin5/GstVaapiDecodeBin:vaapidecodebin2.GstGhostPad:src: caps = video/x-raw, format=(string)NV12, width=(int)1920, height=(int)1080, framerate=(fraction)30000/1001, interlace-mode=(string)progressive, pixel-aspect-ratio=(fraction)1/1, multiview-mode=(string)mono, multiview-flags=(GstVideoMultiviewFlagsSet)0:ffffffff:/right-view-first/left-flipped/left-flopped/right-flipped/right-flopped/half-aspect/mixed-mono, views=(int)2, chroma-site=(string)mpeg2, colorimetry=(string)bt709
Got message #2733 from element "decodebin5" (state-changed): GstMessageStateChanged, old-state=(GstState)ready, new-state=(GstState)paused, pending-state=(GstState)void-pending;
Got message #2734 from pad "queue5:sink" (property-notify): GstMessagePropertyNotify, property-name=(string)caps, property-value=(GstCaps)"video/x-raw\,\ format\=\(string\)NV12\,\ width\=\(int\)1920\,\ height\=\(int\)1080\,\ framerate\=\(fraction\)30000/1001\,\ interlace-mode\=\(string\)progressive\,\ pixel-aspect-ratio\=\(fraction\)1/1\,\ multiview-mode\=\(string\)mono\,\ multiview-flags\=\(GstVideoMultiviewFlagsSet\)0:ffffffff:/right-view-first/left-flipped/left-flopped/right-flipped/right-flopped/half-aspect/mixed-mono\,\ views\=\(int\)2\,\ chroma-site\=\(string\)mpeg2\,\ colorimetry\=\(string\)bt709";
/GstPipeline:pipeline0/GstQueue:queue5.GstPad:sink: caps = video/x-raw, format=(string)NV12, width=(int)1920, height=(int)1080, framerate=(fraction)30000/1001, interlace-mode=(string)progressive, pixel-aspect-ratio=(fraction)1/1, multiview-mode=(string)mono, multiview-flags=(GstVideoMultiviewFlagsSet)0:ffffffff:/right-view-first/left-flipped/left-flopped/right-flipped/right-flopped/half-aspect/mixed-mono, views=(int)2, chroma-site=(string)mpeg2, colorimetry=(string)bt709
Got message #2735 from pad "src_0:proxypad32" (property-notify): GstMessagePropertyNotify, property-name=(string)caps, property-value=(GstCaps)"video/x-raw\,\ format\=\(string\)NV12\,\ width\=\(int\)1920\,\ height\=\(int\)1080\,\ framerate\=\(fraction\)30000/1001\,\ interlace-mode\=\(string\)progressive\,\ pixel-aspect-ratio\=\(fraction\)1/1\,\ multiview-mode\=\(string\)mono\,\ multiview-flags\=\(GstVideoMultiviewFlagsSet\)0:ffffffff:/right-view-first/left-flipped/left-flopped/right-flipped/right-flopped/half-aspect/mixed-mono\,\ views\=\(int\)2\,\ chroma-site\=\(string\)mpeg2\,\ colorimetry\=\(string\)bt709";
/GstPipeline:pipeline0/GstDecodeBin:decodebin5.GstDecodePad:src_0.GstProxyPad:proxypad32: caps = video/x-raw, format=(string)NV12, width=(int)1920, height=(int)1080, framerate=(fraction)30000/1001, interlace-mode=(string)progressive, pixel-aspect-ratio=(fraction)1/1, multiview-mode=(string)mono, multiview-flags=(GstVideoMultiviewFlagsSet)0:ffffffff:/right-view-first/left-flipped/left-flopped/right-flipped/right-flopped/half-aspect/mixed-mono, views=(int)2, chroma-site=(string)mpeg2, colorimetry=(string)bt709
Got message #2736 from pad "src:proxypad43" (property-notify): GstMessagePropertyNotify, property-name=(string)caps, property-value=(GstCaps)"video/x-raw\,\ format\=\(string\)NV12\,\ width\=\(int\)1920\,\ height\=\(int\)1080\,\ framerate\=\(fraction\)30000/1001\,\ interlace-mode\=\(string\)progressive\,\ pixel-aspect-ratio\=\(fraction\)1/1\,\ multiview-mode\=\(string\)mono\,\ multiview-flags\=\(GstVideoMultiviewFlagsSet\)0:ffffffff:/right-view-first/left-flipped/left-flopped/right-flipped/right-flopped/half-aspect/mixed-mono\,\ views\=\(int\)2\,\ chroma-site\=\(string\)mpeg2\,\ colorimetry\=\(string\)bt709";
/GstPipeline:pipeline0/GstDecodeBin:decodebin5/GstVaapiDecodeBin:vaapidecodebin2.GstGhostPad:src.GstProxyPad:proxypad43: caps = video/x-raw, format=(string)NV12, width=(int)1920, height=(int)1080, framerate=(fraction)30000/1001, interlace-mode=(string)progressive, pixel-aspect-ratio=(fraction)1/1, multiview-mode=(string)mono, multiview-flags=(GstVideoMultiviewFlagsSet)0:ffffffff:/right-view-first/left-flipped/left-flopped/right-flipped/right-flopped/half-aspect/mixed-mono, views=(int)2, chroma-site=(string)mpeg2, colorimetry=(string)bt709
Got message #2738 from pad "vaapipostproc0:src" (property-notify): GstMessagePropertyNotify, property-name=(string)caps, property-value=(GstCaps)"video/x-raw\,\ format\=\(string\)NV12\,\ width\=\(int\)1920\,\ height\=\(int\)1080\,\ framerate\=\(fraction\)30000/1001\,\ interlace-mode\=\(string\)progressive\,\ pixel-aspect-ratio\=\(fraction\)1/1\,\ multiview-mode\=\(string\)mono\,\ multiview-flags\=\(GstVideoMultiviewFlagsSet\)0:ffffffff:/right-view-first/left-flipped/left-flopped/right-flipped/right-flopped/half-aspect/mixed-mono\,\ views\=\(int\)2\,\ chroma-site\=\(string\)mpeg2\,\ colorimetry\=\(string\)bt709";
/GstPipeline:pipeline0/GstDecodeBin:decodebin5/GstVaapiDecodeBin:vaapidecodebin2/GstVaapiPostproc:vaapipostproc0.GstPad:src: caps = video/x-raw, format=(string)NV12, width=(int)1920, height=(int)1080, framerate=(fraction)30000/1001, interlace-mode=(string)progressive, pixel-aspect-ratio=(fraction)1/1, multiview-mode=(string)mono, multiview-flags=(GstVideoMultiviewFlagsSet)0:ffffffff:/right-view-first/left-flipped/left-flopped/right-flipped/right-flopped/half-aspect/mixed-mono, views=(int)2, chroma-site=(string)mpeg2, colorimetry=(string)bt709
Got message #2739 from pad "vaapipostproc0:src" (property-notify): GstMessagePropertyNotify, property-name=(string)caps, property-value=(GstCaps)"video/x-raw\,\ format\=\(string\)NV12\,\ width\=\(int\)1920\,\ height\=\(int\)1080\,\ framerate\=\(fraction\)30000/1001\,\ interlace-mode\=\(string\)progressive\,\ pixel-aspect-ratio\=\(fraction\)1/1\,\ multiview-mode\=\(string\)mono\,\ multiview-flags\=\(GstVideoMultiviewFlagsSet\)0:ffffffff:/right-view-first/left-flipped/left-flopped/right-flipped/right-flopped/half-aspect/mixed-mono\,\ views\=\(int\)2\,\ chroma-site\=\(string\)mpeg2\,\ colorimetry\=\(string\)bt709";
/GstPipeline:pipeline0/GstDecodeBin:decodebin5/GstVaapiDecodeBin:vaapidecodebin2/GstVaapiPostproc:vaapipostproc0.GstPad:src: caps = video/x-raw, format=(string)NV12, width=(int)1920, height=(int)1080, framerate=(fraction)30000/1001, interlace-mode=(string)progressive, pixel-aspect-ratio=(fraction)1/1, multiview-mode=(string)mono, multiview-flags=(GstVideoMultiviewFlagsSet)0:ffffffff:/right-view-first/left-flipped/left-flopped/right-flipped/right-flopped/half-aspect/mixed-mono, views=(int)2, chroma-site=(string)mpeg2, colorimetry=(string)bt709
Got message #2741 from pad "vaapidecodebin2:src" (property-notify): GstMessagePropertyNotify, property-name=(string)caps, property-value=(GstCaps)"video/x-raw\,\ format\=\(string\)NV12\,\ width\=\(int\)1920\,\ height\=\(int\)1080\,\ framerate\=\(fraction\)30000/1001\,\ interlace-mode\=\(string\)progressive\,\ pixel-aspect-ratio\=\(fraction\)1/1\,\ multiview-mode\=\(string\)mono\,\ multiview-flags\=\(GstVideoMultiviewFlagsSet\)0:ffffffff:/right-view-first/left-flipped/left-flopped/right-flipped/right-flopped/half-aspect/mixed-mono\,\ views\=\(int\)2\,\ chroma-site\=\(string\)mpeg2\,\ colorimetry\=\(string\)bt709";
/GstPipeline:pipeline0/GstDecodeBin:decodebin5/GstVaapiDecodeBin:vaapidecodebin2.GstGhostPad:src: caps = video/x-raw, format=(string)NV12, width=(int)1920, height=(int)1080, framerate=(fraction)30000/1001, interlace-mode=(string)progressive, pixel-aspect-ratio=(fraction)1/1, multiview-mode=(string)mono, multiview-flags=(GstVideoMultiviewFlagsSet)0:ffffffff:/right-view-first/left-flipped/left-flopped/right-flipped/right-flopped/half-aspect/mixed-mono, views=(int)2, chroma-site=(string)mpeg2, colorimetry=(string)bt709
Got message #2742 from pad "decodebin5:src_0" (property-notify): GstMessagePropertyNotify, property-name=(string)caps, property-value=(GstCaps)"video/x-raw\,\ format\=\(string\)NV12\,\ width\=\(int\)1920\,\ height\=\(int\)1080\,\ framerate\=\(fraction\)30000/1001\,\ interlace-mode\=\(string\)progressive\,\ pixel-aspect-ratio\=\(fraction\)1/1\,\ multiview-mode\=\(string\)mono\,\ multiview-flags\=\(GstVideoMultiviewFlagsSet\)0:ffffffff:/right-view-first/left-flipped/left-flopped/right-flipped/right-flopped/half-aspect/mixed-mono\,\ views\=\(int\)2\,\ chroma-site\=\(string\)mpeg2\,\ colorimetry\=\(string\)bt709";
/GstPipeline:pipeline0/GstDecodeBin:decodebin5.GstDecodePad:src_0: caps = video/x-raw, format=(string)NV12, width=(int)1920, height=(int)1080, framerate=(fraction)30000/1001, interlace-mode=(string)progressive, pixel-aspect-ratio=(fraction)1/1, multiview-mode=(string)mono, multiview-flags=(GstVideoMultiviewFlagsSet)0:ffffffff:/right-view-first/left-flipped/left-flopped/right-flipped/right-flopped/half-aspect/mixed-mono, views=(int)2, chroma-site=(string)mpeg2, colorimetry=(string)bt709
Got message #2743 from pad "queue5:sink" (property-notify): GstMessagePropertyNotify, property-name=(string)caps, property-value=(GstCaps)"video/x-raw\,\ format\=\(string\)NV12\,\ width\=\(int\)1920\,\ height\=\(int\)1080\,\ framerate\=\(fraction\)30000/1001\,\ interlace-mode\=\(string\)progressive\,\ pixel-aspect-ratio\=\(fraction\)1/1\,\ multiview-mode\=\(string\)mono\,\ multiview-flags\=\(GstVideoMultiviewFlagsSet\)0:ffffffff:/right-view-first/left-flipped/left-flopped/right-flipped/right-flopped/half-aspect/mixed-mono\,\ views\=\(int\)2\,\ chroma-site\=\(string\)mpeg2\,\ colorimetry\=\(string\)bt709";
/GstPipeline:pipeline0/GstQueue:queue5.GstPad:sink: caps = video/x-raw, format=(string)NV12, width=(int)1920, height=(int)1080, framerate=(fraction)30000/1001, interlace-mode=(string)progressive, pixel-aspect-ratio=(fraction)1/1, multiview-mode=(string)mono, multiview-flags=(GstVideoMultiviewFlagsSet)0:ffffffff:/right-view-first/left-flipped/left-flopped/right-flipped/right-flopped/half-aspect/mixed-mono, views=(int)2, chroma-site=(string)mpeg2, colorimetry=(string)bt709
Got message #2744 from pad "src_0:proxypad32" (property-notify): GstMessagePropertyNotify, property-name=(string)caps, property-value=(GstCaps)"video/x-raw\,\ format\=\(string\)NV12\,\ width\=\(int\)1920\,\ height\=\(int\)1080\,\ framerate\=\(fraction\)30000/1001\,\ interlace-mode\=\(string\)progressive\,\ pixel-aspect-ratio\=\(fraction\)1/1\,\ multiview-mode\=\(string\)mono\,\ multiview-flags\=\(GstVideoMultiviewFlagsSet\)0:ffffffff:/right-view-first/left-flipped/left-flopped/right-flipped/right-flopped/half-aspect/mixed-mono\,\ views\=\(int\)2\,\ chroma-site\=\(string\)mpeg2\,\ colorimetry\=\(string\)bt709";
/GstPipeline:pipeline0/GstDecodeBin:decodebin5.GstDecodePad:src_0.GstProxyPad:proxypad32: caps = video/x-raw, format=(string)NV12, width=(int)1920, height=(int)1080, framerate=(fraction)30000/1001, interlace-mode=(string)progressive, pixel-aspect-ratio=(fraction)1/1, multiview-mode=(string)mono, multiview-flags=(GstVideoMultiviewFlagsSet)0:ffffffff:/right-view-first/left-flipped/left-flopped/right-flipped/right-flopped/half-aspect/mixed-mono, views=(int)2, chroma-site=(string)mpeg2, colorimetry=(string)bt709
Got message #2746 from pad "in:sink_5" (property-notify): GstMessagePropertyNotify, property-name=(string)caps, property-value=(GstCaps)"video/x-raw\,\ format\=\(string\)NV12\,\ width\=\(int\)1920\,\ height\=\(int\)1080\,\ framerate\=\(fraction\)30000/1001\,\ interlace-mode\=\(string\)progressive\,\ pixel-aspect-ratio\=\(fraction\)1/1\,\ multiview-mode\=\(string\)mono\,\ multiview-flags\=\(GstVideoMultiviewFlagsSet\)0:ffffffff:/right-view-first/left-flipped/left-flopped/right-flipped/right-flopped/half-aspect/mixed-mono\,\ views\=\(int\)2\,\ chroma-site\=\(string\)mpeg2\,\ colorimetry\=\(string\)bt709";
/GstPipeline:pipeline0/GstDxInputSelector:in.GstAggregatorPad:sink_5: caps = video/x-raw, format=(string)NV12, width=(int)1920, height=(int)1080, framerate=(fraction)30000/1001, interlace-mode=(string)progressive, pixel-aspect-ratio=(fraction)1/1, multiview-mode=(string)mono, multiview-flags=(GstVideoMultiviewFlagsSet)0:ffffffff:/right-view-first/left-flipped/left-flopped/right-flipped/right-flopped/half-aspect/mixed-mono, views=(int)2, chroma-site=(string)mpeg2, colorimetry=(string)bt709
Got message #2747 from pad "in:sink_5" (property-notify): GstMessagePropertyNotify, property-name=(string)caps, property-value=(GstCaps)"video/x-raw\,\ format\=\(string\)NV12\,\ width\=\(int\)1920\,\ height\=\(int\)1080\,\ framerate\=\(fraction\)30000/1001\,\ interlace-mode\=\(string\)progressive\,\ pixel-aspect-ratio\=\(fraction\)1/1\,\ multiview-mode\=\(string\)mono\,\ multiview-flags\=\(GstVideoMultiviewFlagsSet\)0:ffffffff:/right-view-first/left-flipped/left-flopped/right-flipped/right-flopped/half-aspect/mixed-mono\,\ views\=\(int\)2\,\ chroma-site\=\(string\)mpeg2\,\ colorimetry\=\(string\)bt709";
/GstPipeline:pipeline0/GstDxInputSelector:in.GstAggregatorPad:sink_5: caps = video/x-raw, format=(string)NV12, width=(int)1920, height=(int)1080, framerate=(fraction)30000/1001, interlace-mode=(string)progressive, pixel-aspect-ratio=(fraction)1/1, multiview-mode=(string)mono, multiview-flags=(GstVideoMultiviewFlagsSet)0:ffffffff:/right-view-first/left-flipped/left-flopped/right-flipped/right-flopped/half-aspect/mixed-mono, views=(int)2, chroma-site=(string)mpeg2, colorimetry=(string)bt709
Got message #2748 from pad "queue5:src" (property-notify): GstMessagePropertyNotify, property-name=(string)caps, property-value=(GstCaps)"video/x-raw\,\ format\=\(string\)NV12\,\ width\=\(int\)1920\,\ height\=\(int\)1080\,\ framerate\=\(fraction\)30000/1001\,\ interlace-mode\=\(string\)progressive\,\ pixel-aspect-ratio\=\(fraction\)1/1\,\ multiview-mode\=\(string\)mono\,\ multiview-flags\=\(GstVideoMultiviewFlagsSet\)0:ffffffff:/right-view-first/left-flipped/left-flopped/right-flipped/right-flopped/half-aspect/mixed-mono\,\ views\=\(int\)2\,\ chroma-site\=\(string\)mpeg2\,\ colorimetry\=\(string\)bt709";
/GstPipeline:pipeline0/GstQueue:queue5.GstPad:src: caps = video/x-raw, format=(string)NV12, width=(int)1920, height=(int)1080, framerate=(fraction)30000/1001, interlace-mode=(string)progressive, pixel-aspect-ratio=(fraction)1/1, multiview-mode=(string)mono, multiview-flags=(GstVideoMultiviewFlagsSet)0:ffffffff:/right-view-first/left-flipped/left-flopped/right-flipped/right-flopped/half-aspect/mixed-mono, views=(int)2, chroma-site=(string)mpeg2, colorimetry=(string)bt709
Got message #2749 from pad "in:sink_5" (property-notify): GstMessagePropertyNotify, property-name=(string)caps, property-value=(GstCaps)"video/x-raw\,\ format\=\(string\)NV12\,\ width\=\(int\)1920\,\ height\=\(int\)1080\,\ framerate\=\(fraction\)30000/1001\,\ interlace-mode\=\(string\)progressive\,\ pixel-aspect-ratio\=\(fraction\)1/1\,\ multiview-mode\=\(string\)mono\,\ multiview-flags\=\(GstVideoMultiviewFlagsSet\)0:ffffffff:/right-view-first/left-flipped/left-flopped/right-flipped/right-flopped/half-aspect/mixed-mono\,\ views\=\(int\)2\,\ chroma-site\=\(string\)mpeg2\,\ colorimetry\=\(string\)bt709";
/GstPipeline:pipeline0/GstDxInputSelector:in.GstAggregatorPad:sink_5: caps = video/x-raw, format=(string)NV12, width=(int)1920, height=(int)1080, framerate=(fraction)30000/1001, interlace-mode=(string)progressive, pixel-aspect-ratio=(fraction)1/1, multiview-mode=(string)mono, multiview-flags=(GstVideoMultiviewFlagsSet)0:ffffffff:/right-view-first/left-flipped/left-flopped/right-flipped/right-flopped/half-aspect/mixed-mono, views=(int)2, chroma-site=(string)mpeg2, colorimetry=(string)bt709
Got message #2752 from pad "out:src_5" (property-notify): GstMessagePropertyNotify, property-name=(string)caps, property-value=(GstCaps)"video/x-raw\,\ format\=\(string\)NV12\,\ width\=\(int\)1920\,\ height\=\(int\)1080\,\ framerate\=\(fraction\)30000/1001\,\ interlace-mode\=\(string\)progressive\,\ pixel-aspect-ratio\=\(fraction\)1/1\,\ multiview-mode\=\(string\)mono\,\ multiview-flags\=\(GstVideoMultiviewFlagsSet\)0:ffffffff:/right-view-first/left-flipped/left-flopped/right-flipped/right-flopped/half-aspect/mixed-mono\,\ views\=\(int\)2\,\ chroma-site\=\(string\)mpeg2\,\ colorimetry\=\(string\)bt709";
/GstPipeline:pipeline0/GstDxOutputSelector:out.GstPad:src_5: caps = video/x-raw, format=(string)NV12, width=(int)1920, height=(int)1080, framerate=(fraction)30000/1001, interlace-mode=(string)progressive, pixel-aspect-ratio=(fraction)1/1, multiview-mode=(string)mono, multiview-flags=(GstVideoMultiviewFlagsSet)0:ffffffff:/right-view-first/left-flipped/left-flopped/right-flipped/right-flopped/half-aspect/mixed-mono, views=(int)2, chroma-site=(string)mpeg2, colorimetry=(string)bt709
Got message #2753 from pad "queue18:sink" (property-notify): GstMessagePropertyNotify, property-name=(string)caps, property-value=(GstCaps)"video/x-raw\,\ format\=\(string\)NV12\,\ width\=\(int\)1920\,\ height\=\(int\)1080\,\ framerate\=\(fraction\)30000/1001\,\ interlace-mode\=\(string\)progressive\,\ pixel-aspect-ratio\=\(fraction\)1/1\,\ multiview-mode\=\(string\)mono\,\ multiview-flags\=\(GstVideoMultiviewFlagsSet\)0:ffffffff:/right-view-first/left-flipped/left-flopped/right-flipped/right-flopped/half-aspect/mixed-mono\,\ views\=\(int\)2\,\ chroma-site\=\(string\)mpeg2\,\ colorimetry\=\(string\)bt709";
/GstPipeline:pipeline0/GstQueue:queue18.GstPad:sink: caps = video/x-raw, format=(string)NV12, width=(int)1920, height=(int)1080, framerate=(fraction)30000/1001, interlace-mode=(string)progressive, pixel-aspect-ratio=(fraction)1/1, multiview-mode=(string)mono, multiview-flags=(GstVideoMultiviewFlagsSet)0:ffffffff:/right-view-first/left-flipped/left-flopped/right-flipped/right-flopped/half-aspect/mixed-mono, views=(int)2, chroma-site=(string)mpeg2, colorimetry=(string)bt709
Got message #2754 from pad "out:src_5" (property-notify): GstMessagePropertyNotify, property-name=(string)caps, property-value=(GstCaps)"video/x-raw\,\ format\=\(string\)NV12\,\ width\=\(int\)1920\,\ height\=\(int\)1080\,\ framerate\=\(fraction\)30000/1001\,\ interlace-mode\=\(string\)progressive\,\ pixel-aspect-ratio\=\(fraction\)1/1\,\ multiview-mode\=\(string\)mono\,\ multiview-flags\=\(GstVideoMultiviewFlagsSet\)0:ffffffff:/right-view-first/left-flipped/left-flopped/right-flipped/right-flopped/half-aspect/mixed-mono\,\ views\=\(int\)2\,\ chroma-site\=\(string\)mpeg2\,\ colorimetry\=\(string\)bt709";
/GstPipeline:pipeline0/GstDxOutputSelector:out.GstPad:src_5: caps = video/x-raw, format=(string)NV12, width=(int)1920, height=(int)1080, framerate=(fraction)30000/1001, interlace-mode=(string)progressive, pixel-aspect-ratio=(fraction)1/1, multiview-mode=(string)mono, multiview-flags=(GstVideoMultiviewFlagsSet)0:ffffffff:/right-view-first/left-flipped/left-flopped/right-flipped/right-flopped/half-aspect/mixed-mono, views=(int)2, chroma-site=(string)mpeg2, colorimetry=(string)bt709
Got message #2755 from pad "queue18:src" (property-notify): GstMessagePropertyNotify, property-name=(string)caps, property-value=(GstCaps)"video/x-raw\,\ format\=\(string\)NV12\,\ width\=\(int\)1920\,\ height\=\(int\)1080\,\ framerate\=\(fraction\)30000/1001\,\ interlace-mode\=\(string\)progressive\,\ pixel-aspect-ratio\=\(fraction\)1/1\,\ multiview-mode\=\(string\)mono\,\ multiview-flags\=\(GstVideoMultiviewFlagsSet\)0:ffffffff:/right-view-first/left-flipped/left-flopped/right-flipped/right-flopped/half-aspect/mixed-mono\,\ views\=\(int\)2\,\ chroma-site\=\(string\)mpeg2\,\ colorimetry\=\(string\)bt709";
/GstPipeline:pipeline0/GstQueue:queue18.GstPad:src: caps = video/x-raw, format=(string)NV12, width=(int)1920, height=(int)1080, framerate=(fraction)30000/1001, interlace-mode=(string)progressive, pixel-aspect-ratio=(fraction)1/1, multiview-mode=(string)mono, multiview-flags=(GstVideoMultiviewFlagsSet)0:ffffffff:/right-view-first/left-flipped/left-flopped/right-flipped/right-flopped/half-aspect/mixed-mono, views=(int)2, chroma-site=(string)mpeg2, colorimetry=(string)bt709
Got message #2756 from pad "queue18:src" (property-notify): GstMessagePropertyNotify, property-name=(string)caps, property-value=(GstCaps)"video/x-raw\,\ format\=\(string\)NV12\,\ width\=\(int\)1920\,\ height\=\(int\)1080\,\ framerate\=\(fraction\)30000/1001\,\ interlace-mode\=\(string\)progressive\,\ pixel-aspect-ratio\=\(fraction\)1/1\,\ multiview-mode\=\(string\)mono\,\ multiview-flags\=\(GstVideoMultiviewFlagsSet\)0:ffffffff:/right-view-first/left-flipped/left-flopped/right-flipped/right-flopped/half-aspect/mixed-mono\,\ views\=\(int\)2\,\ chroma-site\=\(string\)mpeg2\,\ colorimetry\=\(string\)bt709";
/GstPipeline:pipeline0/GstQueue:queue18.GstPad:src: caps = video/x-raw, format=(string)NV12, width=(int)1920, height=(int)1080, framerate=(fraction)30000/1001, interlace-mode=(string)progressive, pixel-aspect-ratio=(fraction)1/1, multiview-mode=(string)mono, multiview-flags=(GstVideoMultiviewFlagsSet)0:ffffffff:/right-view-first/left-flipped/left-flopped/right-flipped/right-flopped/half-aspect/mixed-mono, views=(int)2, chroma-site=(string)mpeg2, colorimetry=(string)bt709
Got message #2757 from pad "fakesink5:sink" (property-notify): GstMessagePropertyNotify, property-name=(string)caps, property-value=(GstCaps)"video/x-raw\,\ format\=\(string\)NV12\,\ width\=\(int\)1920\,\ height\=\(int\)1080\,\ framerate\=\(fraction\)30000/1001\,\ interlace-mode\=\(string\)progressive\,\ pixel-aspect-ratio\=\(fraction\)1/1\,\ multiview-mode\=\(string\)mono\,\ multiview-flags\=\(GstVideoMultiviewFlagsSet\)0:ffffffff:/right-view-first/left-flipped/left-flopped/right-flipped/right-flopped/half-aspect/mixed-mono\,\ views\=\(int\)2\,\ chroma-site\=\(string\)mpeg2\,\ colorimetry\=\(string\)bt709";
/GstPipeline:pipeline0/GstFakeSink:fakesink5.GstPad:sink: caps = video/x-raw, format=(string)NV12, width=(int)1920, height=(int)1080, framerate=(fraction)30000/1001, interlace-mode=(string)progressive, pixel-aspect-ratio=(fraction)1/1, multiview-mode=(string)mono, multiview-flags=(GstVideoMultiviewFlagsSet)0:ffffffff:/right-view-first/left-flipped/left-flopped/right-flipped/right-flopped/half-aspect/mixed-mono, views=(int)2, chroma-site=(string)mpeg2, colorimetry=(string)bt709
Got message #2758 from pad "queue18:src" (property-notify): GstMessagePropertyNotify, property-name=(string)caps, property-value=(GstCaps)"video/x-raw\,\ format\=\(string\)NV12\,\ width\=\(int\)1920\,\ height\=\(int\)1080\,\ framerate\=\(fraction\)30000/1001\,\ interlace-mode\=\(string\)progressive\,\ pixel-aspect-ratio\=\(fraction\)1/1\,\ multiview-mode\=\(string\)mono\,\ multiview-flags\=\(GstVideoMultiviewFlagsSet\)0:ffffffff:/right-view-first/left-flipped/left-flopped/right-flipped/right-flopped/half-aspect/mixed-mono\,\ views\=\(int\)2\,\ chroma-site\=\(string\)mpeg2\,\ colorimetry\=\(string\)bt709";
/GstPipeline:pipeline0/GstQueue:queue18.GstPad:src: caps = video/x-raw, format=(string)NV12, width=(int)1920, height=(int)1080, framerate=(fraction)30000/1001, interlace-mode=(string)progressive, pixel-aspect-ratio=(fraction)1/1, multiview-mode=(string)mono, multiview-flags=(GstVideoMultiviewFlagsSet)0:ffffffff:/right-view-first/left-flipped/left-flopped/right-flipped/right-flopped/half-aspect/mixed-mono, views=(int)2, chroma-site=(string)mpeg2, colorimetry=(string)bt709
Got message #2759 from pad "fakesink5:sink" (property-notify): GstMessagePropertyNotify, property-name=(string)caps, property-value=(GstCaps)"video/x-raw\,\ format\=\(string\)NV12\,\ width\=\(int\)1920\,\ height\=\(int\)1080\,\ framerate\=\(fraction\)30000/1001\,\ interlace-mode\=\(string\)progressive\,\ pixel-aspect-ratio\=\(fraction\)1/1\,\ multiview-mode\=\(string\)mono\,\ multiview-flags\=\(GstVideoMultiviewFlagsSet\)0:ffffffff:/right-view-first/left-flipped/left-flopped/right-flipped/right-flopped/half-aspect/mixed-mono\,\ views\=\(int\)2\,\ chroma-site\=\(string\)mpeg2\,\ colorimetry\=\(string\)bt709";
/GstPipeline:pipeline0/GstFakeSink:fakesink5.GstPad:sink: caps = video/x-raw, format=(string)NV12, width=(int)1920, height=(int)1080, framerate=(fraction)30000/1001, interlace-mode=(string)progressive, pixel-aspect-ratio=(fraction)1/1, multiview-mode=(string)mono, multiview-flags=(GstVideoMultiviewFlagsSet)0:ffffffff:/right-view-first/left-flipped/left-flopped/right-flipped/right-flopped/half-aspect/mixed-mono, views=(int)2, chroma-site=(string)mpeg2, colorimetry=(string)bt709
Got message #2760 from pad "vaapipostproc0:sink" (property-notify): GstMessagePropertyNotify, property-name=(string)caps, property-value=(GstCaps)"video/x-raw\(memory:VASurface\)\,\ format\=\(string\)NV12\,\ width\=\(int\)1920\,\ height\=\(int\)1080\,\ interlace-mode\=\(string\)progressive\,\ multiview-mode\=\(string\)mono\,\ multiview-flags\=\(GstVideoMultiviewFlagsSet\)0:ffffffff:/right-view-first/left-flipped/left-flopped/right-flipped/right-flopped/half-aspect/mixed-mono\,\ pixel-aspect-ratio\=\(fraction\)1/1\,\ colorimetry\=\(string\)bt709\,\ views\=\(int\)2\,\ framerate\=\(fraction\)30000/1001";
/GstPipeline:pipeline0/GstDecodeBin:decodebin5/GstVaapiDecodeBin:vaapidecodebin2/GstVaapiPostproc:vaapipostproc0.GstPad:sink: caps = video/x-raw(memory:VASurface), format=(string)NV12, width=(int)1920, height=(int)1080, interlace-mode=(string)progressive, multiview-mode=(string)mono, multiview-flags=(GstVideoMultiviewFlagsSet)0:ffffffff:/right-view-first/left-flipped/left-flopped/right-flipped/right-flopped/half-aspect/mixed-mono, pixel-aspect-ratio=(fraction)1/1, colorimetry=(string)bt709, views=(int)2, framerate=(fraction)30000/1001
Got message #2761 from pad "capsfilter10:sink" (property-notify): GstMessagePropertyNotify, property-name=(string)caps, property-value=(GstCaps)"video/x-raw\(memory:VASurface\)\,\ format\=\(string\)NV12\,\ width\=\(int\)1920\,\ height\=\(int\)1080\,\ interlace-mode\=\(string\)progressive\,\ multiview-mode\=\(string\)mono\,\ multiview-flags\=\(GstVideoMultiviewFlagsSet\)0:ffffffff:/right-view-first/left-flipped/left-flopped/right-flipped/right-flopped/half-aspect/mixed-mono\,\ pixel-aspect-ratio\=\(fraction\)1/1\,\ colorimetry\=\(string\)bt709\,\ views\=\(int\)2\,\ framerate\=\(fraction\)30000/1001";
/GstPipeline:pipeline0/GstDecodeBin:decodebin5/GstVaapiDecodeBin:vaapidecodebin2/GstCapsFilter:capsfilter10.GstPad:sink: caps = video/x-raw(memory:VASurface), format=(string)NV12, width=(int)1920, height=(int)1080, interlace-mode=(string)progressive, multiview-mode=(string)mono, multiview-flags=(GstVideoMultiviewFlagsSet)0:ffffffff:/right-view-first/left-flipped/left-flopped/right-flipped/right-flopped/half-aspect/mixed-mono, pixel-aspect-ratio=(fraction)1/1, colorimetry=(string)bt709, views=(int)2, framerate=(fraction)30000/1001
Got message #2762 from element "multiqueue5" (property-notify): GstMessagePropertyNotify, property-name=(string)max-size-buffers, property-value=(uint)5;
/GstPipeline:pipeline0/GstDecodeBin:decodebin0/GstMultiQueue:multiqueue5: max-size-buffers = 5
Got message #2763 from element "multiqueue5" (property-notify): GstMessagePropertyNotify, property-name=(string)max-size-time, property-value=(guint64)0;
/GstPipeline:pipeline0/GstDecodeBin:decodebin0/GstMultiQueue:multiqueue5: max-size-time = 0
Got message #2764 from element "multiqueue5" (property-notify): GstMessagePropertyNotify, property-name=(string)max-size-bytes, property-value=(uint)8388608;
/GstPipeline:pipeline0/GstDecodeBin:decodebin0/GstMultiQueue:multiqueue5: max-size-bytes = 8388608
Got message #2769 from element "fakesink5" (tag): GstMessageTag, taglist=(taglist)"taglist\,\ video-codec\=\(string\)\"H.264\\\ /\\\ AVC\"\,\ maximum-bitrate\=\(uint\)4472819\,\ bitrate\=\(uint\)4472819\;";
Got message #2770 from element "fakesink5" (tag): GstMessageTag, taglist=(taglist)"taglist\,\ encoder\=\(string\)Lavf60.16.100\,\ container-format\=\(string\)\"ISO\\\ MP4/M4A\"\;";
Got message #2771 from element "fakesink5" (tag): GstMessageTag, taglist=(taglist)"taglist\,\ video-codec\=\(string\)\"H.264\\\ \\\(High\\\ Profile\\\)\"\,\ maximum-bitrate\=\(uint\)4472819\,\ bitrate\=\(uint\)4472819\;";
Got message #2772 from element "vaapidecode6" (latency): no message details
Redistribute latency...
Got message #2774 from pad "vaapidecode6:src" (property-notify): GstMessagePropertyNotify, property-name=(string)caps, property-value=(GstCaps)"video/x-raw\(memory:VASurface\)\,\ format\=\(string\)NV12\,\ width\=\(int\)1920\,\ height\=\(int\)1080\,\ interlace-mode\=\(string\)progressive\,\ multiview-mode\=\(string\)mono\,\ multiview-flags\=\(GstVideoMultiviewFlagsSet\)0:ffffffff:/right-view-first/left-flipped/left-flopped/right-flipped/right-flopped/half-aspect/mixed-mono\,\ pixel-aspect-ratio\=\(fraction\)1/1\,\ colorimetry\=\(string\)bt709\,\ views\=\(int\)2\,\ framerate\=\(fraction\)30000/1001";
/GstPipeline:pipeline0/GstDecodeBin:decodebin0/GstVaapiDecodeBin:vaapidecodebin9/GstVaapiDecode:vaapidecode6.GstPad:src: caps = video/x-raw(memory:VASurface), format=(string)NV12, width=(int)1920, height=(int)1080, interlace-mode=(string)progressive, multiview-mode=(string)mono, multiview-flags=(GstVideoMultiviewFlagsSet)0:ffffffff:/right-view-first/left-flipped/left-flopped/right-flipped/right-flopped/half-aspect/mixed-mono, pixel-aspect-ratio=(fraction)1/1, colorimetry=(string)bt709, views=(int)2, framerate=(fraction)30000/1001
Got message #2775 from pad "queue31:sink" (property-notify): GstMessagePropertyNotify, property-name=(string)caps, property-value=(GstCaps)"video/x-raw\(memory:VASurface\)\,\ format\=\(string\)NV12\,\ width\=\(int\)1920\,\ height\=\(int\)1080\,\ interlace-mode\=\(string\)progressive\,\ multiview-mode\=\(string\)mono\,\ multiview-flags\=\(GstVideoMultiviewFlagsSet\)0:ffffffff:/right-view-first/left-flipped/left-flopped/right-flipped/right-flopped/half-aspect/mixed-mono\,\ pixel-aspect-ratio\=\(fraction\)1/1\,\ colorimetry\=\(string\)bt709\,\ views\=\(int\)2\,\ framerate\=\(fraction\)30000/1001";
/GstPipeline:pipeline0/GstDecodeBin:decodebin0/GstVaapiDecodeBin:vaapidecodebin9/GstQueue:queue31.GstPad:sink: caps = video/x-raw(memory:VASurface), format=(string)NV12, width=(int)1920, height=(int)1080, interlace-mode=(string)progressive, multiview-mode=(string)mono, multiview-flags=(GstVideoMultiviewFlagsSet)0:ffffffff:/right-view-first/left-flipped/left-flopped/right-flipped/right-flopped/half-aspect/mixed-mono, pixel-aspect-ratio=(fraction)1/1, colorimetry=(string)bt709, views=(int)2, framerate=(fraction)30000/1001
Got message #2776 from pad "queue31:src" (property-notify): GstMessagePropertyNotify, property-name=(string)caps, property-value=(GstCaps)"video/x-raw\(memory:VASurface\)\,\ format\=\(string\)NV12\,\ width\=\(int\)1920\,\ height\=\(int\)1080\,\ interlace-mode\=\(string\)progressive\,\ multiview-mode\=\(string\)mono\,\ multiview-flags\=\(GstVideoMultiviewFlagsSet\)0:ffffffff:/right-view-first/left-flipped/left-flopped/right-flipped/right-flopped/half-aspect/mixed-mono\,\ pixel-aspect-ratio\=\(fraction\)1/1\,\ colorimetry\=\(string\)bt709\,\ views\=\(int\)2\,\ framerate\=\(fraction\)30000/1001";
/GstPipeline:pipeline0/GstDecodeBin:decodebin0/GstVaapiDecodeBin:vaapidecodebin9/GstQueue:queue31.GstPad:src: caps = video/x-raw(memory:VASurface), format=(string)NV12, width=(int)1920, height=(int)1080, interlace-mode=(string)progressive, multiview-mode=(string)mono, multiview-flags=(GstVideoMultiviewFlagsSet)0:ffffffff:/right-view-first/left-flipped/left-flopped/right-flipped/right-flopped/half-aspect/mixed-mono, pixel-aspect-ratio=(fraction)1/1, colorimetry=(string)bt709, views=(int)2, framerate=(fraction)30000/1001
Got message #2778 from pad "capsfilter16:src" (property-notify): GstMessagePropertyNotify, property-name=(string)caps, property-value=(GstCaps)"video/x-raw\(memory:VASurface\)\,\ format\=\(string\)NV12\,\ width\=\(int\)1920\,\ height\=\(int\)1080\,\ interlace-mode\=\(string\)progressive\,\ multiview-mode\=\(string\)mono\,\ multiview-flags\=\(GstVideoMultiviewFlagsSet\)0:ffffffff:/right-view-first/left-flipped/left-flopped/right-flipped/right-flopped/half-aspect/mixed-mono\,\ pixel-aspect-ratio\=\(fraction\)1/1\,\ colorimetry\=\(string\)bt709\,\ views\=\(int\)2\,\ framerate\=\(fraction\)30000/1001";
/GstPipeline:pipeline0/GstDecodeBin:decodebin0/GstVaapiDecodeBin:vaapidecodebin9/GstCapsFilter:capsfilter16.GstPad:src: caps = video/x-raw(memory:VASurface), format=(string)NV12, width=(int)1920, height=(int)1080, interlace-mode=(string)progressive, multiview-mode=(string)mono, multiview-flags=(GstVideoMultiviewFlagsSet)0:ffffffff:/right-view-first/left-flipped/left-flopped/right-flipped/right-flopped/half-aspect/mixed-mono, pixel-aspect-ratio=(fraction)1/1, colorimetry=(string)bt709, views=(int)2, framerate=(fraction)30000/1001
Got message #2781 from pad "vaapipostproc5:src" (property-notify): GstMessagePropertyNotify, property-name=(string)caps, property-value=(GstCaps)"video/x-raw\,\ format\=\(string\)NV12\,\ width\=\(int\)1920\,\ height\=\(int\)1080\,\ framerate\=\(fraction\)30000/1001\,\ interlace-mode\=\(string\)progressive\,\ pixel-aspect-ratio\=\(fraction\)1/1\,\ multiview-mode\=\(string\)mono\,\ multiview-flags\=\(GstVideoMultiviewFlagsSet\)0:ffffffff:/right-view-first/left-flipped/left-flopped/right-flipped/right-flopped/half-aspect/mixed-mono\,\ views\=\(int\)2\,\ chroma-site\=\(string\)mpeg2\,\ colorimetry\=\(string\)bt709";
/GstPipeline:pipeline0/GstDecodeBin:decodebin0/GstVaapiDecodeBin:vaapidecodebin9/GstVaapiPostproc:vaapipostproc5.GstPad:src: caps = video/x-raw, format=(string)NV12, width=(int)1920, height=(int)1080, framerate=(fraction)30000/1001, interlace-mode=(string)progressive, pixel-aspect-ratio=(fraction)1/1, multiview-mode=(string)mono, multiview-flags=(GstVideoMultiviewFlagsSet)0:ffffffff:/right-view-first/left-flipped/left-flopped/right-flipped/right-flopped/half-aspect/mixed-mono, views=(int)2, chroma-site=(string)mpeg2, colorimetry=(string)bt709
Got message #2782 from pad "vaapidecodebin9:src" (property-notify): GstMessagePropertyNotify, property-name=(string)caps, property-value=(GstCaps)"video/x-raw\,\ format\=\(string\)NV12\,\ width\=\(int\)1920\,\ height\=\(int\)1080\,\ framerate\=\(fraction\)30000/1001\,\ interlace-mode\=\(string\)progressive\,\ pixel-aspect-ratio\=\(fraction\)1/1\,\ multiview-mode\=\(string\)mono\,\ multiview-flags\=\(GstVideoMultiviewFlagsSet\)0:ffffffff:/right-view-first/left-flipped/left-flopped/right-flipped/right-flopped/half-aspect/mixed-mono\,\ views\=\(int\)2\,\ chroma-site\=\(string\)mpeg2\,\ colorimetry\=\(string\)bt709";
/GstPipeline:pipeline0/GstDecodeBin:decodebin0/GstVaapiDecodeBin:vaapidecodebin9.GstGhostPad:src: caps = video/x-raw, format=(string)NV12, width=(int)1920, height=(int)1080, framerate=(fraction)30000/1001, interlace-mode=(string)progressive, pixel-aspect-ratio=(fraction)1/1, multiview-mode=(string)mono, multiview-flags=(GstVideoMultiviewFlagsSet)0:ffffffff:/right-view-first/left-flipped/left-flopped/right-flipped/right-flopped/half-aspect/mixed-mono, views=(int)2, chroma-site=(string)mpeg2, colorimetry=(string)bt709
Got message #2788 from element "decodebin0" (state-changed): GstMessageStateChanged, old-state=(GstState)ready, new-state=(GstState)paused, pending-state=(GstState)void-pending;
Got message #2789 from pad "queue0:sink" (property-notify): GstMessagePropertyNotify, property-name=(string)caps, property-value=(GstCaps)"video/x-raw\,\ format\=\(string\)NV12\,\ width\=\(int\)1920\,\ height\=\(int\)1080\,\ framerate\=\(fraction\)30000/1001\,\ interlace-mode\=\(string\)progressive\,\ pixel-aspect-ratio\=\(fraction\)1/1\,\ multiview-mode\=\(string\)mono\,\ multiview-flags\=\(GstVideoMultiviewFlagsSet\)0:ffffffff:/right-view-first/left-flipped/left-flopped/right-flipped/right-flopped/half-aspect/mixed-mono\,\ views\=\(int\)2\,\ chroma-site\=\(string\)mpeg2\,\ colorimetry\=\(string\)bt709";
/GstPipeline:pipeline0/GstQueue:queue0.GstPad:sink: caps = video/x-raw, format=(string)NV12, width=(int)1920, height=(int)1080, framerate=(fraction)30000/1001, interlace-mode=(string)progressive, pixel-aspect-ratio=(fraction)1/1, multiview-mode=(string)mono, multiview-flags=(GstVideoMultiviewFlagsSet)0:ffffffff:/right-view-first/left-flipped/left-flopped/right-flipped/right-flopped/half-aspect/mixed-mono, views=(int)2, chroma-site=(string)mpeg2, colorimetry=(string)bt709
Got message #2792 from pad "queue0:src" (property-notify): GstMessagePropertyNotify, property-name=(string)caps, property-value=(GstCaps)"video/x-raw\,\ format\=\(string\)NV12\,\ width\=\(int\)1920\,\ height\=\(int\)1080\,\ framerate\=\(fraction\)30000/1001\,\ interlace-mode\=\(string\)progressive\,\ pixel-aspect-ratio\=\(fraction\)1/1\,\ multiview-mode\=\(string\)mono\,\ multiview-flags\=\(GstVideoMultiviewFlagsSet\)0:ffffffff:/right-view-first/left-flipped/left-flopped/right-flipped/right-flopped/half-aspect/mixed-mono\,\ views\=\(int\)2\,\ chroma-site\=\(string\)mpeg2\,\ colorimetry\=\(string\)bt709";
/GstPipeline:pipeline0/GstQueue:queue0.GstPad:src: caps = video/x-raw, format=(string)NV12, width=(int)1920, height=(int)1080, framerate=(fraction)30000/1001, interlace-mode=(string)progressive, pixel-aspect-ratio=(fraction)1/1, multiview-mode=(string)mono, multiview-flags=(GstVideoMultiviewFlagsSet)0:ffffffff:/right-view-first/left-flipped/left-flopped/right-flipped/right-flopped/half-aspect/mixed-mono, views=(int)2, chroma-site=(string)mpeg2, colorimetry=(string)bt709
Got message #2793 from pad "queue0:src" (property-notify): GstMessagePropertyNotify, property-name=(string)caps, property-value=(GstCaps)"video/x-raw\,\ format\=\(string\)NV12\,\ width\=\(int\)1920\,\ height\=\(int\)1080\,\ framerate\=\(fraction\)30000/1001\,\ interlace-mode\=\(string\)progressive\,\ pixel-aspect-ratio\=\(fraction\)1/1\,\ multiview-mode\=\(string\)mono\,\ multiview-flags\=\(GstVideoMultiviewFlagsSet\)0:ffffffff:/right-view-first/left-flipped/left-flopped/right-flipped/right-flopped/half-aspect/mixed-mono\,\ views\=\(int\)2\,\ chroma-site\=\(string\)mpeg2\,\ colorimetry\=\(string\)bt709";
/GstPipeline:pipeline0/GstQueue:queue0.GstPad:src: caps = video/x-raw, format=(string)NV12, width=(int)1920, height=(int)1080, framerate=(fraction)30000/1001, interlace-mode=(string)progressive, pixel-aspect-ratio=(fraction)1/1, multiview-mode=(string)mono, multiview-flags=(GstVideoMultiviewFlagsSet)0:ffffffff:/right-view-first/left-flipped/left-flopped/right-flipped/right-flopped/half-aspect/mixed-mono, views=(int)2, chroma-site=(string)mpeg2, colorimetry=(string)bt709
Got message #2794 from pad "vaapidecodebin9:src" (property-notify): GstMessagePropertyNotify, property-name=(string)caps, property-value=(GstCaps)"video/x-raw\,\ format\=\(string\)NV12\,\ width\=\(int\)1920\,\ height\=\(int\)1080\,\ framerate\=\(fraction\)30000/1001\,\ interlace-mode\=\(string\)progressive\,\ pixel-aspect-ratio\=\(fraction\)1/1\,\ multiview-mode\=\(string\)mono\,\ multiview-flags\=\(GstVideoMultiviewFlagsSet\)0:ffffffff:/right-view-first/left-flipped/left-flopped/right-flipped/right-flopped/half-aspect/mixed-mono\,\ views\=\(int\)2\,\ chroma-site\=\(string\)mpeg2\,\ colorimetry\=\(string\)bt709";
/GstPipeline:pipeline0/GstDecodeBin:decodebin0/GstVaapiDecodeBin:vaapidecodebin9.GstGhostPad:src: caps = video/x-raw, format=(string)NV12, width=(int)1920, height=(int)1080, framerate=(fraction)30000/1001, interlace-mode=(string)progressive, pixel-aspect-ratio=(fraction)1/1, multiview-mode=(string)mono, multiview-flags=(GstVideoMultiviewFlagsSet)0:ffffffff:/right-view-first/left-flipped/left-flopped/right-flipped/right-flopped/half-aspect/mixed-mono, views=(int)2, chroma-site=(string)mpeg2, colorimetry=(string)bt709
Got message #2795 from pad "decodebin0:src_0" (property-notify): GstMessagePropertyNotify, property-name=(string)caps, property-value=(GstCaps)"video/x-raw\,\ format\=\(string\)NV12\,\ width\=\(int\)1920\,\ height\=\(int\)1080\,\ framerate\=\(fraction\)30000/1001\,\ interlace-mode\=\(string\)progressive\,\ pixel-aspect-ratio\=\(fraction\)1/1\,\ multiview-mode\=\(string\)mono\,\ multiview-flags\=\(GstVideoMultiviewFlagsSet\)0:ffffffff:/right-view-first/left-flipped/left-flopped/right-flipped/right-flopped/half-aspect/mixed-mono\,\ views\=\(int\)2\,\ chroma-site\=\(string\)mpeg2\,\ colorimetry\=\(string\)bt709";
/GstPipeline:pipeline0/GstDecodeBin:decodebin0.GstDecodePad:src_0: caps = video/x-raw, format=(string)NV12, width=(int)1920, height=(int)1080, framerate=(fraction)30000/1001, interlace-mode=(string)progressive, pixel-aspect-ratio=(fraction)1/1, multiview-mode=(string)mono, multiview-flags=(GstVideoMultiviewFlagsSet)0:ffffffff:/right-view-first/left-flipped/left-flopped/right-flipped/right-flopped/half-aspect/mixed-mono, views=(int)2, chroma-site=(string)mpeg2, colorimetry=(string)bt709
Got message #2796 from pad "in:sink_0" (property-notify): GstMessagePropertyNotify, property-name=(string)caps, property-value=(GstCaps)"video/x-raw\,\ format\=\(string\)NV12\,\ width\=\(int\)1920\,\ height\=\(int\)1080\,\ framerate\=\(fraction\)30000/1001\,\ interlace-mode\=\(string\)progressive\,\ pixel-aspect-ratio\=\(fraction\)1/1\,\ multiview-mode\=\(string\)mono\,\ multiview-flags\=\(GstVideoMultiviewFlagsSet\)0:ffffffff:/right-view-first/left-flipped/left-flopped/right-flipped/right-flopped/half-aspect/mixed-mono\,\ views\=\(int\)2\,\ chroma-site\=\(string\)mpeg2\,\ colorimetry\=\(string\)bt709";
/GstPipeline:pipeline0/GstDxInputSelector:in.GstAggregatorPad:sink_0: caps = video/x-raw, format=(string)NV12, width=(int)1920, height=(int)1080, framerate=(fraction)30000/1001, interlace-mode=(string)progressive, pixel-aspect-ratio=(fraction)1/1, multiview-mode=(string)mono, multiview-flags=(GstVideoMultiviewFlagsSet)0:ffffffff:/right-view-first/left-flipped/left-flopped/right-flipped/right-flopped/half-aspect/mixed-mono, views=(int)2, chroma-site=(string)mpeg2, colorimetry=(string)bt709
Got message #2798 from pad "queue0:sink" (property-notify): GstMessagePropertyNotify, property-name=(string)caps, property-value=(GstCaps)"video/x-raw\,\ format\=\(string\)NV12\,\ width\=\(int\)1920\,\ height\=\(int\)1080\,\ framerate\=\(fraction\)30000/1001\,\ interlace-mode\=\(string\)progressive\,\ pixel-aspect-ratio\=\(fraction\)1/1\,\ multiview-mode\=\(string\)mono\,\ multiview-flags\=\(GstVideoMultiviewFlagsSet\)0:ffffffff:/right-view-first/left-flipped/left-flopped/right-flipped/right-flopped/half-aspect/mixed-mono\,\ views\=\(int\)2\,\ chroma-site\=\(string\)mpeg2\,\ colorimetry\=\(string\)bt709";
/GstPipeline:pipeline0/GstQueue:queue0.GstPad:sink: caps = video/x-raw, format=(string)NV12, width=(int)1920, height=(int)1080, framerate=(fraction)30000/1001, interlace-mode=(string)progressive, pixel-aspect-ratio=(fraction)1/1, multiview-mode=(string)mono, multiview-flags=(GstVideoMultiviewFlagsSet)0:ffffffff:/right-view-first/left-flipped/left-flopped/right-flipped/right-flopped/half-aspect/mixed-mono, views=(int)2, chroma-site=(string)mpeg2, colorimetry=(string)bt709
Got message #2799 from pad "src_0:proxypad35" (property-notify): GstMessagePropertyNotify, property-name=(string)caps, property-value=(GstCaps)"video/x-raw\,\ format\=\(string\)NV12\,\ width\=\(int\)1920\,\ height\=\(int\)1080\,\ framerate\=\(fraction\)30000/1001\,\ interlace-mode\=\(string\)progressive\,\ pixel-aspect-ratio\=\(fraction\)1/1\,\ multiview-mode\=\(string\)mono\,\ multiview-flags\=\(GstVideoMultiviewFlagsSet\)0:ffffffff:/right-view-first/left-flipped/left-flopped/right-flipped/right-flopped/half-aspect/mixed-mono\,\ views\=\(int\)2\,\ chroma-site\=\(string\)mpeg2\,\ colorimetry\=\(string\)bt709";
/GstPipeline:pipeline0/GstDecodeBin:decodebin0.GstDecodePad:src_0.GstProxyPad:proxypad35: caps = video/x-raw, format=(string)NV12, width=(int)1920, height=(int)1080, framerate=(fraction)30000/1001, interlace-mode=(string)progressive, pixel-aspect-ratio=(fraction)1/1, multiview-mode=(string)mono, multiview-flags=(GstVideoMultiviewFlagsSet)0:ffffffff:/right-view-first/left-flipped/left-flopped/right-flipped/right-flopped/half-aspect/mixed-mono, views=(int)2, chroma-site=(string)mpeg2, colorimetry=(string)bt709
Got message #2800 from pad "src_0:proxypad35" (property-notify): GstMessagePropertyNotify, property-name=(string)caps, property-value=(GstCaps)"video/x-raw\,\ format\=\(string\)NV12\,\ width\=\(int\)1920\,\ height\=\(int\)1080\,\ framerate\=\(fraction\)30000/1001\,\ interlace-mode\=\(string\)progressive\,\ pixel-aspect-ratio\=\(fraction\)1/1\,\ multiview-mode\=\(string\)mono\,\ multiview-flags\=\(GstVideoMultiviewFlagsSet\)0:ffffffff:/right-view-first/left-flipped/left-flopped/right-flipped/right-flopped/half-aspect/mixed-mono\,\ views\=\(int\)2\,\ chroma-site\=\(string\)mpeg2\,\ colorimetry\=\(string\)bt709";
/GstPipeline:pipeline0/GstDecodeBin:decodebin0.GstDecodePad:src_0.GstProxyPad:proxypad35: caps = video/x-raw, format=(string)NV12, width=(int)1920, height=(int)1080, framerate=(fraction)30000/1001, interlace-mode=(string)progressive, pixel-aspect-ratio=(fraction)1/1, multiview-mode=(string)mono, multiview-flags=(GstVideoMultiviewFlagsSet)0:ffffffff:/right-view-first/left-flipped/left-flopped/right-flipped/right-flopped/half-aspect/mixed-mono, views=(int)2, chroma-site=(string)mpeg2, colorimetry=(string)bt709
Got message #2801 from pad "src:proxypad58" (property-notify): GstMessagePropertyNotify, property-name=(string)caps, property-value=(GstCaps)"video/x-raw\,\ format\=\(string\)NV12\,\ width\=\(int\)1920\,\ height\=\(int\)1080\,\ framerate\=\(fraction\)30000/1001\,\ interlace-mode\=\(string\)progressive\,\ pixel-aspect-ratio\=\(fraction\)1/1\,\ multiview-mode\=\(string\)mono\,\ multiview-flags\=\(GstVideoMultiviewFlagsSet\)0:ffffffff:/right-view-first/left-flipped/left-flopped/right-flipped/right-flopped/half-aspect/mixed-mono\,\ views\=\(int\)2\,\ chroma-site\=\(string\)mpeg2\,\ colorimetry\=\(string\)bt709";
/GstPipeline:pipeline0/GstDecodeBin:decodebin0/GstVaapiDecodeBin:vaapidecodebin9.GstGhostPad:src.GstProxyPad:proxypad58: caps = video/x-raw, format=(string)NV12, width=(int)1920, height=(int)1080, framerate=(fraction)30000/1001, interlace-mode=(string)progressive, pixel-aspect-ratio=(fraction)1/1, multiview-mode=(string)mono, multiview-flags=(GstVideoMultiviewFlagsSet)0:ffffffff:/right-view-first/left-flipped/left-flopped/right-flipped/right-flopped/half-aspect/mixed-mono, views=(int)2, chroma-site=(string)mpeg2, colorimetry=(string)bt709
Got message #2803 from pad "in:sink_0" (property-notify): GstMessagePropertyNotify, property-name=(string)caps, property-value=(GstCaps)"video/x-raw\,\ format\=\(string\)NV12\,\ width\=\(int\)1920\,\ height\=\(int\)1080\,\ framerate\=\(fraction\)30000/1001\,\ interlace-mode\=\(string\)progressive\,\ pixel-aspect-ratio\=\(fraction\)1/1\,\ multiview-mode\=\(string\)mono\,\ multiview-flags\=\(GstVideoMultiviewFlagsSet\)0:ffffffff:/right-view-first/left-flipped/left-flopped/right-flipped/right-flopped/half-aspect/mixed-mono\,\ views\=\(int\)2\,\ chroma-site\=\(string\)mpeg2\,\ colorimetry\=\(string\)bt709";
/GstPipeline:pipeline0/GstDxInputSelector:in.GstAggregatorPad:sink_0: caps = video/x-raw, format=(string)NV12, width=(int)1920, height=(int)1080, framerate=(fraction)30000/1001, interlace-mode=(string)progressive, pixel-aspect-ratio=(fraction)1/1, multiview-mode=(string)mono, multiview-flags=(GstVideoMultiviewFlagsSet)0:ffffffff:/right-view-first/left-flipped/left-flopped/right-flipped/right-flopped/half-aspect/mixed-mono, views=(int)2, chroma-site=(string)mpeg2, colorimetry=(string)bt709
Got message #2805 from pad "out:src_0" (property-notify): GstMessagePropertyNotify, property-name=(string)caps, property-value=(GstCaps)"video/x-raw\,\ format\=\(string\)NV12\,\ width\=\(int\)1920\,\ height\=\(int\)1080\,\ framerate\=\(fraction\)30000/1001\,\ interlace-mode\=\(string\)progressive\,\ pixel-aspect-ratio\=\(fraction\)1/1\,\ multiview-mode\=\(string\)mono\,\ multiview-flags\=\(GstVideoMultiviewFlagsSet\)0:ffffffff:/right-view-first/left-flipped/left-flopped/right-flipped/right-flopped/half-aspect/mixed-mono\,\ views\=\(int\)2\,\ chroma-site\=\(string\)mpeg2\,\ colorimetry\=\(string\)bt709";
/GstPipeline:pipeline0/GstDxOutputSelector:out.GstPad:src_0: caps = video/x-raw, format=(string)NV12, width=(int)1920, height=(int)1080, framerate=(fraction)30000/1001, interlace-mode=(string)progressive, pixel-aspect-ratio=(fraction)1/1, multiview-mode=(string)mono, multiview-flags=(GstVideoMultiviewFlagsSet)0:ffffffff:/right-view-first/left-flipped/left-flopped/right-flipped/right-flopped/half-aspect/mixed-mono, views=(int)2, chroma-site=(string)mpeg2, colorimetry=(string)bt709
Got message #2806 from pad "queue13:sink" (property-notify): GstMessagePropertyNotify, property-name=(string)caps, property-value=(GstCaps)"video/x-raw\,\ format\=\(string\)NV12\,\ width\=\(int\)1920\,\ height\=\(int\)1080\,\ framerate\=\(fraction\)30000/1001\,\ interlace-mode\=\(string\)progressive\,\ pixel-aspect-ratio\=\(fraction\)1/1\,\ multiview-mode\=\(string\)mono\,\ multiview-flags\=\(GstVideoMultiviewFlagsSet\)0:ffffffff:/right-view-first/left-flipped/left-flopped/right-flipped/right-flopped/half-aspect/mixed-mono\,\ views\=\(int\)2\,\ chroma-site\=\(string\)mpeg2\,\ colorimetry\=\(string\)bt709";
/GstPipeline:pipeline0/GstQueue:queue13.GstPad:sink: caps = video/x-raw, format=(string)NV12, width=(int)1920, height=(int)1080, framerate=(fraction)30000/1001, interlace-mode=(string)progressive, pixel-aspect-ratio=(fraction)1/1, multiview-mode=(string)mono, multiview-flags=(GstVideoMultiviewFlagsSet)0:ffffffff:/right-view-first/left-flipped/left-flopped/right-flipped/right-flopped/half-aspect/mixed-mono, views=(int)2, chroma-site=(string)mpeg2, colorimetry=(string)bt709
Got message #2807 from pad "queue13:src" (property-notify): GstMessagePropertyNotify, property-name=(string)caps, property-value=(GstCaps)"video/x-raw\,\ format\=\(string\)NV12\,\ width\=\(int\)1920\,\ height\=\(int\)1080\,\ framerate\=\(fraction\)30000/1001\,\ interlace-mode\=\(string\)progressive\,\ pixel-aspect-ratio\=\(fraction\)1/1\,\ multiview-mode\=\(string\)mono\,\ multiview-flags\=\(GstVideoMultiviewFlagsSet\)0:ffffffff:/right-view-first/left-flipped/left-flopped/right-flipped/right-flopped/half-aspect/mixed-mono\,\ views\=\(int\)2\,\ chroma-site\=\(string\)mpeg2\,\ colorimetry\=\(string\)bt709";
/GstPipeline:pipeline0/GstQueue:queue13.GstPad:src: caps = video/x-raw, format=(string)NV12, width=(int)1920, height=(int)1080, framerate=(fraction)30000/1001, interlace-mode=(string)progressive, pixel-aspect-ratio=(fraction)1/1, multiview-mode=(string)mono, multiview-flags=(GstVideoMultiviewFlagsSet)0:ffffffff:/right-view-first/left-flipped/left-flopped/right-flipped/right-flopped/half-aspect/mixed-mono, views=(int)2, chroma-site=(string)mpeg2, colorimetry=(string)bt709
Got message #2808 from pad "queue13:src" (property-notify): GstMessagePropertyNotify, property-name=(string)caps, property-value=(GstCaps)"video/x-raw\,\ format\=\(string\)NV12\,\ width\=\(int\)1920\,\ height\=\(int\)1080\,\ framerate\=\(fraction\)30000/1001\,\ interlace-mode\=\(string\)progressive\,\ pixel-aspect-ratio\=\(fraction\)1/1\,\ multiview-mode\=\(string\)mono\,\ multiview-flags\=\(GstVideoMultiviewFlagsSet\)0:ffffffff:/right-view-first/left-flipped/left-flopped/right-flipped/right-flopped/half-aspect/mixed-mono\,\ views\=\(int\)2\,\ chroma-site\=\(string\)mpeg2\,\ colorimetry\=\(string\)bt709";
/GstPipeline:pipeline0/GstQueue:queue13.GstPad:src: caps = video/x-raw, format=(string)NV12, width=(int)1920, height=(int)1080, framerate=(fraction)30000/1001, interlace-mode=(string)progressive, pixel-aspect-ratio=(fraction)1/1, multiview-mode=(string)mono, multiview-flags=(GstVideoMultiviewFlagsSet)0:ffffffff:/right-view-first/left-flipped/left-flopped/right-flipped/right-flopped/half-aspect/mixed-mono, views=(int)2, chroma-site=(string)mpeg2, colorimetry=(string)bt709
Got message #2809 from pad "queue13:sink" (property-notify): GstMessagePropertyNotify, property-name=(string)caps, property-value=(GstCaps)"video/x-raw\,\ format\=\(string\)NV12\,\ width\=\(int\)1920\,\ height\=\(int\)1080\,\ framerate\=\(fraction\)30000/1001\,\ interlace-mode\=\(string\)progressive\,\ pixel-aspect-ratio\=\(fraction\)1/1\,\ multiview-mode\=\(string\)mono\,\ multiview-flags\=\(GstVideoMultiviewFlagsSet\)0:ffffffff:/right-view-first/left-flipped/left-flopped/right-flipped/right-flopped/half-aspect/mixed-mono\,\ views\=\(int\)2\,\ chroma-site\=\(string\)mpeg2\,\ colorimetry\=\(string\)bt709";
/GstPipeline:pipeline0/GstQueue:queue13.GstPad:sink: caps = video/x-raw, format=(string)NV12, width=(int)1920, height=(int)1080, framerate=(fraction)30000/1001, interlace-mode=(string)progressive, pixel-aspect-ratio=(fraction)1/1, multiview-mode=(string)mono, multiview-flags=(GstVideoMultiviewFlagsSet)0:ffffffff:/right-view-first/left-flipped/left-flopped/right-flipped/right-flopped/half-aspect/mixed-mono, views=(int)2, chroma-site=(string)mpeg2, colorimetry=(string)bt709
Got message #2810 from pad "fakesink0:sink" (property-notify): GstMessagePropertyNotify, property-name=(string)caps, property-value=(GstCaps)"video/x-raw\,\ format\=\(string\)NV12\,\ width\=\(int\)1920\,\ height\=\(int\)1080\,\ framerate\=\(fraction\)30000/1001\,\ interlace-mode\=\(string\)progressive\,\ pixel-aspect-ratio\=\(fraction\)1/1\,\ multiview-mode\=\(string\)mono\,\ multiview-flags\=\(GstVideoMultiviewFlagsSet\)0:ffffffff:/right-view-first/left-flipped/left-flopped/right-flipped/right-flopped/half-aspect/mixed-mono\,\ views\=\(int\)2\,\ chroma-site\=\(string\)mpeg2\,\ colorimetry\=\(string\)bt709";
/GstPipeline:pipeline0/GstFakeSink:fakesink0.GstPad:sink: caps = video/x-raw, format=(string)NV12, width=(int)1920, height=(int)1080, framerate=(fraction)30000/1001, interlace-mode=(string)progressive, pixel-aspect-ratio=(fraction)1/1, multiview-mode=(string)mono, multiview-flags=(GstVideoMultiviewFlagsSet)0:ffffffff:/right-view-first/left-flipped/left-flopped/right-flipped/right-flopped/half-aspect/mixed-mono, views=(int)2, chroma-site=(string)mpeg2, colorimetry=(string)bt709
Got message #2811 from pad "queue13:src" (property-notify): GstMessagePropertyNotify, property-name=(string)caps, property-value=(GstCaps)"video/x-raw\,\ format\=\(string\)NV12\,\ width\=\(int\)1920\,\ height\=\(int\)1080\,\ framerate\=\(fraction\)30000/1001\,\ interlace-mode\=\(string\)progressive\,\ pixel-aspect-ratio\=\(fraction\)1/1\,\ multiview-mode\=\(string\)mono\,\ multiview-flags\=\(GstVideoMultiviewFlagsSet\)0:ffffffff:/right-view-first/left-flipped/left-flopped/right-flipped/right-flopped/half-aspect/mixed-mono\,\ views\=\(int\)2\,\ chroma-site\=\(string\)mpeg2\,\ colorimetry\=\(string\)bt709";
/GstPipeline:pipeline0/GstQueue:queue13.GstPad:src: caps = video/x-raw, format=(string)NV12, width=(int)1920, height=(int)1080, framerate=(fraction)30000/1001, interlace-mode=(string)progressive, pixel-aspect-ratio=(fraction)1/1, multiview-mode=(string)mono, multiview-flags=(GstVideoMultiviewFlagsSet)0:ffffffff:/right-view-first/left-flipped/left-flopped/right-flipped/right-flopped/half-aspect/mixed-mono, views=(int)2, chroma-site=(string)mpeg2, colorimetry=(string)bt709
Got message #2812 from pad "fakesink0:sink" (property-notify): GstMessagePropertyNotify, property-name=(string)caps, property-value=(GstCaps)"video/x-raw\,\ format\=\(string\)NV12\,\ width\=\(int\)1920\,\ height\=\(int\)1080\,\ framerate\=\(fraction\)30000/1001\,\ interlace-mode\=\(string\)progressive\,\ pixel-aspect-ratio\=\(fraction\)1/1\,\ multiview-mode\=\(string\)mono\,\ multiview-flags\=\(GstVideoMultiviewFlagsSet\)0:ffffffff:/right-view-first/left-flipped/left-flopped/right-flipped/right-flopped/half-aspect/mixed-mono\,\ views\=\(int\)2\,\ chroma-site\=\(string\)mpeg2\,\ colorimetry\=\(string\)bt709";
/GstPipeline:pipeline0/GstFakeSink:fakesink0.GstPad:sink: caps = video/x-raw, format=(string)NV12, width=(int)1920, height=(int)1080, framerate=(fraction)30000/1001, interlace-mode=(string)progressive, pixel-aspect-ratio=(fraction)1/1, multiview-mode=(string)mono, multiview-flags=(GstVideoMultiviewFlagsSet)0:ffffffff:/right-view-first/left-flipped/left-flopped/right-flipped/right-flopped/half-aspect/mixed-mono, views=(int)2, chroma-site=(string)mpeg2, colorimetry=(string)bt709
Got message #2813 from pad "vaapipostproc5:sink" (property-notify): GstMessagePropertyNotify, property-name=(string)caps, property-value=(GstCaps)"video/x-raw\(memory:VASurface\)\,\ format\=\(string\)NV12\,\ width\=\(int\)1920\,\ height\=\(int\)1080\,\ interlace-mode\=\(string\)progressive\,\ multiview-mode\=\(string\)mono\,\ multiview-flags\=\(GstVideoMultiviewFlagsSet\)0:ffffffff:/right-view-first/left-flipped/left-flopped/right-flipped/right-flopped/half-aspect/mixed-mono\,\ pixel-aspect-ratio\=\(fraction\)1/1\,\ colorimetry\=\(string\)bt709\,\ views\=\(int\)2\,\ framerate\=\(fraction\)30000/1001";
/GstPipeline:pipeline0/GstDecodeBin:decodebin0/GstVaapiDecodeBin:vaapidecodebin9/GstVaapiPostproc:vaapipostproc5.GstPad:sink: caps = video/x-raw(memory:VASurface), format=(string)NV12, width=(int)1920, height=(int)1080, interlace-mode=(string)progressive, multiview-mode=(string)mono, multiview-flags=(GstVideoMultiviewFlagsSet)0:ffffffff:/right-view-first/left-flipped/left-flopped/right-flipped/right-flopped/half-aspect/mixed-mono, pixel-aspect-ratio=(fraction)1/1, colorimetry=(string)bt709, views=(int)2, framerate=(fraction)30000/1001
Got message #2814 from pad "capsfilter16:sink" (property-notify): GstMessagePropertyNotify, property-name=(string)caps, property-value=(GstCaps)"video/x-raw\(memory:VASurface\)\,\ format\=\(string\)NV12\,\ width\=\(int\)1920\,\ height\=\(int\)1080\,\ interlace-mode\=\(string\)progressive\,\ multiview-mode\=\(string\)mono\,\ multiview-flags\=\(GstVideoMultiviewFlagsSet\)0:ffffffff:/right-view-first/left-flipped/left-flopped/right-flipped/right-flopped/half-aspect/mixed-mono\,\ pixel-aspect-ratio\=\(fraction\)1/1\,\ colorimetry\=\(string\)bt709\,\ views\=\(int\)2\,\ framerate\=\(fraction\)30000/1001";
/GstPipeline:pipeline0/GstDecodeBin:decodebin0/GstVaapiDecodeBin:vaapidecodebin9/GstCapsFilter:capsfilter16.GstPad:sink: caps = video/x-raw(memory:VASurface), format=(string)NV12, width=(int)1920, height=(int)1080, interlace-mode=(string)progressive, multiview-mode=(string)mono, multiview-flags=(GstVideoMultiviewFlagsSet)0:ffffffff:/right-view-first/left-flipped/left-flopped/right-flipped/right-flopped/half-aspect/mixed-mono, pixel-aspect-ratio=(fraction)1/1, colorimetry=(string)bt709, views=(int)2, framerate=(fraction)30000/1001
Got message #2819 from element "fakesink0" (tag): GstMessageTag, taglist=(taglist)"taglist\,\ video-codec\=\(string\)\"H.264\\\ /\\\ AVC\"\,\ maximum-bitrate\=\(uint\)4472819\,\ bitrate\=\(uint\)4472819\;";
Got message #2820 from element "fakesink0" (tag): GstMessageTag, taglist=(taglist)"taglist\,\ encoder\=\(string\)Lavf60.16.100\,\ container-format\=\(string\)\"ISO\\\ MP4/M4A\"\;";
Got message #2821 from element "fakesink0" (tag): GstMessageTag, taglist=(taglist)"taglist\,\ video-codec\=\(string\)\"H.264\\\ \\\(High\\\ Profile\\\)\"\,\ maximum-bitrate\=\(uint\)4472819\,\ bitrate\=\(uint\)4472819\;";
Got message #2822 from element "multiqueue4" (property-notify): GstMessagePropertyNotify, property-name=(string)max-size-buffers, property-value=(uint)5;
/GstPipeline:pipeline0/GstDecodeBin:decodebin9/GstMultiQueue:multiqueue4: max-size-buffers = 5
Got message #2823 from element "multiqueue4" (property-notify): GstMessagePropertyNotify, property-name=(string)max-size-time, property-value=(guint64)0;
/GstPipeline:pipeline0/GstDecodeBin:decodebin9/GstMultiQueue:multiqueue4: max-size-time = 0
Got message #2824 from element "multiqueue4" (property-notify): GstMessagePropertyNotify, property-name=(string)max-size-bytes, property-value=(uint)8388608;
/GstPipeline:pipeline0/GstDecodeBin:decodebin9/GstMultiQueue:multiqueue4: max-size-bytes = 8388608
Got message #2825 from element "vaapidecode5" (latency): no message details
Redistribute latency...
Got message #2827 from pad "vaapidecode5:src" (property-notify): GstMessagePropertyNotify, property-name=(string)caps, property-value=(GstCaps)"video/x-raw\(memory:VASurface\)\,\ format\=\(string\)NV12\,\ width\=\(int\)1920\,\ height\=\(int\)1080\,\ interlace-mode\=\(string\)progressive\,\ multiview-mode\=\(string\)mono\,\ multiview-flags\=\(GstVideoMultiviewFlagsSet\)0:ffffffff:/right-view-first/left-flipped/left-flopped/right-flipped/right-flopped/half-aspect/mixed-mono\,\ pixel-aspect-ratio\=\(fraction\)1/1\,\ colorimetry\=\(string\)bt709\,\ views\=\(int\)2\,\ framerate\=\(fraction\)30000/1001";
/GstPipeline:pipeline0/GstDecodeBin:decodebin9/GstVaapiDecodeBin:vaapidecodebin4/GstVaapiDecode:vaapidecode5.GstPad:src: caps = video/x-raw(memory:VASurface), format=(string)NV12, width=(int)1920, height=(int)1080, interlace-mode=(string)progressive, multiview-mode=(string)mono, multiview-flags=(GstVideoMultiviewFlagsSet)0:ffffffff:/right-view-first/left-flipped/left-flopped/right-flipped/right-flopped/half-aspect/mixed-mono, pixel-aspect-ratio=(fraction)1/1, colorimetry=(string)bt709, views=(int)2, framerate=(fraction)30000/1001
Got message #2828 from pad "queue26:sink" (property-notify): GstMessagePropertyNotify, property-name=(string)caps, property-value=(GstCaps)"video/x-raw\(memory:VASurface\)\,\ format\=\(string\)NV12\,\ width\=\(int\)1920\,\ height\=\(int\)1080\,\ interlace-mode\=\(string\)progressive\,\ multiview-mode\=\(string\)mono\,\ multiview-flags\=\(GstVideoMultiviewFlagsSet\)0:ffffffff:/right-view-first/left-flipped/left-flopped/right-flipped/right-flopped/half-aspect/mixed-mono\,\ pixel-aspect-ratio\=\(fraction\)1/1\,\ colorimetry\=\(string\)bt709\,\ views\=\(int\)2\,\ framerate\=\(fraction\)30000/1001";
/GstPipeline:pipeline0/GstDecodeBin:decodebin9/GstVaapiDecodeBin:vaapidecodebin4/GstQueue:queue26.GstPad:sink: caps = video/x-raw(memory:VASurface), format=(string)NV12, width=(int)1920, height=(int)1080, interlace-mode=(string)progressive, multiview-mode=(string)mono, multiview-flags=(GstVideoMultiviewFlagsSet)0:ffffffff:/right-view-first/left-flipped/left-flopped/right-flipped/right-flopped/half-aspect/mixed-mono, pixel-aspect-ratio=(fraction)1/1, colorimetry=(string)bt709, views=(int)2, framerate=(fraction)30000/1001
Got message #2829 from pad "queue26:src" (property-notify): GstMessagePropertyNotify, property-name=(string)caps, property-value=(GstCaps)"video/x-raw\(memory:VASurface\)\,\ format\=\(string\)NV12\,\ width\=\(int\)1920\,\ height\=\(int\)1080\,\ interlace-mode\=\(string\)progressive\,\ multiview-mode\=\(string\)mono\,\ multiview-flags\=\(GstVideoMultiviewFlagsSet\)0:ffffffff:/right-view-first/left-flipped/left-flopped/right-flipped/right-flopped/half-aspect/mixed-mono\,\ pixel-aspect-ratio\=\(fraction\)1/1\,\ colorimetry\=\(string\)bt709\,\ views\=\(int\)2\,\ framerate\=\(fraction\)30000/1001";
/GstPipeline:pipeline0/GstDecodeBin:decodebin9/GstVaapiDecodeBin:vaapidecodebin4/GstQueue:queue26.GstPad:src: caps = video/x-raw(memory:VASurface), format=(string)NV12, width=(int)1920, height=(int)1080, interlace-mode=(string)progressive, multiview-mode=(string)mono, multiview-flags=(GstVideoMultiviewFlagsSet)0:ffffffff:/right-view-first/left-flipped/left-flopped/right-flipped/right-flopped/half-aspect/mixed-mono, pixel-aspect-ratio=(fraction)1/1, colorimetry=(string)bt709, views=(int)2, framerate=(fraction)30000/1001
Got message #2831 from pad "capsfilter13:src" (property-notify): GstMessagePropertyNotify, property-name=(string)caps, property-value=(GstCaps)"video/x-raw\(memory:VASurface\)\,\ format\=\(string\)NV12\,\ width\=\(int\)1920\,\ height\=\(int\)1080\,\ interlace-mode\=\(string\)progressive\,\ multiview-mode\=\(string\)mono\,\ multiview-flags\=\(GstVideoMultiviewFlagsSet\)0:ffffffff:/right-view-first/left-flipped/left-flopped/right-flipped/right-flopped/half-aspect/mixed-mono\,\ pixel-aspect-ratio\=\(fraction\)1/1\,\ colorimetry\=\(string\)bt709\,\ views\=\(int\)2\,\ framerate\=\(fraction\)30000/1001";
/GstPipeline:pipeline0/GstDecodeBin:decodebin9/GstVaapiDecodeBin:vaapidecodebin4/GstCapsFilter:capsfilter13.GstPad:src: caps = video/x-raw(memory:VASurface), format=(string)NV12, width=(int)1920, height=(int)1080, interlace-mode=(string)progressive, multiview-mode=(string)mono, multiview-flags=(GstVideoMultiviewFlagsSet)0:ffffffff:/right-view-first/left-flipped/left-flopped/right-flipped/right-flopped/half-aspect/mixed-mono, pixel-aspect-ratio=(fraction)1/1, colorimetry=(string)bt709, views=(int)2, framerate=(fraction)30000/1001
Got message #2834 from pad "vaapipostproc2:src" (property-notify): GstMessagePropertyNotify, property-name=(string)caps, property-value=(GstCaps)"video/x-raw\,\ format\=\(string\)NV12\,\ width\=\(int\)1920\,\ height\=\(int\)1080\,\ framerate\=\(fraction\)30000/1001\,\ interlace-mode\=\(string\)progressive\,\ pixel-aspect-ratio\=\(fraction\)1/1\,\ multiview-mode\=\(string\)mono\,\ multiview-flags\=\(GstVideoMultiviewFlagsSet\)0:ffffffff:/right-view-first/left-flipped/left-flopped/right-flipped/right-flopped/half-aspect/mixed-mono\,\ views\=\(int\)2\,\ chroma-site\=\(string\)mpeg2\,\ colorimetry\=\(string\)bt709";
/GstPipeline:pipeline0/GstDecodeBin:decodebin9/GstVaapiDecodeBin:vaapidecodebin4/GstVaapiPostproc:vaapipostproc2.GstPad:src: caps = video/x-raw, format=(string)NV12, width=(int)1920, height=(int)1080, framerate=(fraction)30000/1001, interlace-mode=(string)progressive, pixel-aspect-ratio=(fraction)1/1, multiview-mode=(string)mono, multiview-flags=(GstVideoMultiviewFlagsSet)0:ffffffff:/right-view-first/left-flipped/left-flopped/right-flipped/right-flopped/half-aspect/mixed-mono, views=(int)2, chroma-site=(string)mpeg2, colorimetry=(string)bt709
Got message #2835 from pad "vaapidecodebin4:src" (property-notify): GstMessagePropertyNotify, property-name=(string)caps, property-value=(GstCaps)"video/x-raw\,\ format\=\(string\)NV12\,\ width\=\(int\)1920\,\ height\=\(int\)1080\,\ framerate\=\(fraction\)30000/1001\,\ interlace-mode\=\(string\)progressive\,\ pixel-aspect-ratio\=\(fraction\)1/1\,\ multiview-mode\=\(string\)mono\,\ multiview-flags\=\(GstVideoMultiviewFlagsSet\)0:ffffffff:/right-view-first/left-flipped/left-flopped/right-flipped/right-flopped/half-aspect/mixed-mono\,\ views\=\(int\)2\,\ chroma-site\=\(string\)mpeg2\,\ colorimetry\=\(string\)bt709";
/GstPipeline:pipeline0/GstDecodeBin:decodebin9/GstVaapiDecodeBin:vaapidecodebin4.GstGhostPad:src: caps = video/x-raw, format=(string)NV12, width=(int)1920, height=(int)1080, framerate=(fraction)30000/1001, interlace-mode=(string)progressive, pixel-aspect-ratio=(fraction)1/1, multiview-mode=(string)mono, multiview-flags=(GstVideoMultiviewFlagsSet)0:ffffffff:/right-view-first/left-flipped/left-flopped/right-flipped/right-flopped/half-aspect/mixed-mono, views=(int)2, chroma-site=(string)mpeg2, colorimetry=(string)bt709
Got message #2841 from element "decodebin9" (state-changed): GstMessageStateChanged, old-state=(GstState)ready, new-state=(GstState)paused, pending-state=(GstState)void-pending;
Got message #2843 from element "pipeline0" (state-changed): GstMessageStateChanged, old-state=(GstState)ready, new-state=(GstState)paused, pending-state=(GstState)void-pending;
Pipeline is PREROLLED ...
Setting pipeline to PLAYING ...
Got message #2842 from element "pipeline0" (async-done): GstMessageAsyncDone, running-time=(guint64)18446744073709551615;
Got message #2844 from pad "queue9:sink" (property-notify): GstMessagePropertyNotify, property-name=(string)caps, property-value=(GstCaps)"video/x-raw\,\ format\=\(string\)NV12\,\ width\=\(int\)1920\,\ height\=\(int\)1080\,\ framerate\=\(fraction\)30000/1001\,\ interlace-mode\=\(string\)progressive\,\ pixel-aspect-ratio\=\(fraction\)1/1\,\ multiview-mode\=\(string\)mono\,\ multiview-flags\=\(GstVideoMultiviewFlagsSet\)0:ffffffff:/right-view-first/left-flipped/left-flopped/right-flipped/right-flopped/half-aspect/mixed-mono\,\ views\=\(int\)2\,\ chroma-site\=\(string\)mpeg2\,\ colorimetry\=\(string\)bt709";
/GstPipeline:pipeline0/GstQueue:queue9.GstPad:sink: caps = video/x-raw, format=(string)NV12, width=(int)1920, height=(int)1080, framerate=(fraction)30000/1001, interlace-mode=(string)progressive, pixel-aspect-ratio=(fraction)1/1, multiview-mode=(string)mono, multiview-flags=(GstVideoMultiviewFlagsSet)0:ffffffff:/right-view-first/left-flipped/left-flopped/right-flipped/right-flopped/half-aspect/mixed-mono, views=(int)2, chroma-site=(string)mpeg2, colorimetry=(string)bt709
Got message #2845 from pad "src_0:proxypad34" (property-notify): GstMessagePropertyNotify, property-name=(string)caps, property-value=(GstCaps)"video/x-raw\,\ format\=\(string\)NV12\,\ width\=\(int\)1920\,\ height\=\(int\)1080\,\ framerate\=\(fraction\)30000/1001\,\ interlace-mode\=\(string\)progressive\,\ pixel-aspect-ratio\=\(fraction\)1/1\,\ multiview-mode\=\(string\)mono\,\ multiview-flags\=\(GstVideoMultiviewFlagsSet\)0:ffffffff:/right-view-first/left-flipped/left-flopped/right-flipped/right-flopped/half-aspect/mixed-mono\,\ views\=\(int\)2\,\ chroma-site\=\(string\)mpeg2\,\ colorimetry\=\(string\)bt709";
/GstPipeline:pipeline0/GstDecodeBin:decodebin9.GstDecodePad:src_0.GstProxyPad:proxypad34: caps = video/x-raw, format=(string)NV12, width=(int)1920, height=(int)1080, framerate=(fraction)30000/1001, interlace-mode=(string)progressive, pixel-aspect-ratio=(fraction)1/1, multiview-mode=(string)mono, multiview-flags=(GstVideoMultiviewFlagsSet)0:ffffffff:/right-view-first/left-flipped/left-flopped/right-flipped/right-flopped/half-aspect/mixed-mono, views=(int)2, chroma-site=(string)mpeg2, colorimetry=(string)bt709
Got message #2846 from pad "src:proxypad51" (property-notify): GstMessagePropertyNotify, property-name=(string)caps, property-value=(GstCaps)"video/x-raw\,\ format\=\(string\)NV12\,\ width\=\(int\)1920\,\ height\=\(int\)1080\,\ framerate\=\(fraction\)30000/1001\,\ interlace-mode\=\(string\)progressive\,\ pixel-aspect-ratio\=\(fraction\)1/1\,\ multiview-mode\=\(string\)mono\,\ multiview-flags\=\(GstVideoMultiviewFlagsSet\)0:ffffffff:/right-view-first/left-flipped/left-flopped/right-flipped/right-flopped/half-aspect/mixed-mono\,\ views\=\(int\)2\,\ chroma-site\=\(string\)mpeg2\,\ colorimetry\=\(string\)bt709";
/GstPipeline:pipeline0/GstDecodeBin:decodebin9/GstVaapiDecodeBin:vaapidecodebin4.GstGhostPad:src.GstProxyPad:proxypad51: caps = video/x-raw, format=(string)NV12, width=(int)1920, height=(int)1080, framerate=(fraction)30000/1001, interlace-mode=(string)progressive, pixel-aspect-ratio=(fraction)1/1, multiview-mode=(string)mono, multiview-flags=(GstVideoMultiviewFlagsSet)0:ffffffff:/right-view-first/left-flipped/left-flopped/right-flipped/right-flopped/half-aspect/mixed-mono, views=(int)2, chroma-site=(string)mpeg2, colorimetry=(string)bt709
Got message #2849 from pad "queue9:src" (property-notify): GstMessagePropertyNotify, property-name=(string)caps, property-value=(GstCaps)"video/x-raw\,\ format\=\(string\)NV12\,\ width\=\(int\)1920\,\ height\=\(int\)1080\,\ framerate\=\(fraction\)30000/1001\,\ interlace-mode\=\(string\)progressive\,\ pixel-aspect-ratio\=\(fraction\)1/1\,\ multiview-mode\=\(string\)mono\,\ multiview-flags\=\(GstVideoMultiviewFlagsSet\)0:ffffffff:/right-view-first/left-flipped/left-flopped/right-flipped/right-flopped/half-aspect/mixed-mono\,\ views\=\(int\)2\,\ chroma-site\=\(string\)mpeg2\,\ colorimetry\=\(string\)bt709";
/GstPipeline:pipeline0/GstQueue:queue9.GstPad:src: caps = video/x-raw, format=(string)NV12, width=(int)1920, height=(int)1080, framerate=(fraction)30000/1001, interlace-mode=(string)progressive, pixel-aspect-ratio=(fraction)1/1, multiview-mode=(string)mono, multiview-flags=(GstVideoMultiviewFlagsSet)0:ffffffff:/right-view-first/left-flipped/left-flopped/right-flipped/right-flopped/half-aspect/mixed-mono, views=(int)2, chroma-site=(string)mpeg2, colorimetry=(string)bt709
Got message #2850 from pad "queue9:src" (property-notify): GstMessagePropertyNotify, property-name=(string)caps, property-value=(GstCaps)"video/x-raw\,\ format\=\(string\)NV12\,\ width\=\(int\)1920\,\ height\=\(int\)1080\,\ framerate\=\(fraction\)30000/1001\,\ interlace-mode\=\(string\)progressive\,\ pixel-aspect-ratio\=\(fraction\)1/1\,\ multiview-mode\=\(string\)mono\,\ multiview-flags\=\(GstVideoMultiviewFlagsSet\)0:ffffffff:/right-view-first/left-flipped/left-flopped/right-flipped/right-flopped/half-aspect/mixed-mono\,\ views\=\(int\)2\,\ chroma-site\=\(string\)mpeg2\,\ colorimetry\=\(string\)bt709";
/GstPipeline:pipeline0/GstQueue:queue9.GstPad:src: caps = video/x-raw, format=(string)NV12, width=(int)1920, height=(int)1080, framerate=(fraction)30000/1001, interlace-mode=(string)progressive, pixel-aspect-ratio=(fraction)1/1, multiview-mode=(string)mono, multiview-flags=(GstVideoMultiviewFlagsSet)0:ffffffff:/right-view-first/left-flipped/left-flopped/right-flipped/right-flopped/half-aspect/mixed-mono, views=(int)2, chroma-site=(string)mpeg2, colorimetry=(string)bt709
Got message #2851 from pad "vaapidecodebin4:src" (property-notify): GstMessagePropertyNotify, property-name=(string)caps, property-value=(GstCaps)"video/x-raw\,\ format\=\(string\)NV12\,\ width\=\(int\)1920\,\ height\=\(int\)1080\,\ framerate\=\(fraction\)30000/1001\,\ interlace-mode\=\(string\)progressive\,\ pixel-aspect-ratio\=\(fraction\)1/1\,\ multiview-mode\=\(string\)mono\,\ multiview-flags\=\(GstVideoMultiviewFlagsSet\)0:ffffffff:/right-view-first/left-flipped/left-flopped/right-flipped/right-flopped/half-aspect/mixed-mono\,\ views\=\(int\)2\,\ chroma-site\=\(string\)mpeg2\,\ colorimetry\=\(string\)bt709";
/GstPipeline:pipeline0/GstDecodeBin:decodebin9/GstVaapiDecodeBin:vaapidecodebin4.GstGhostPad:src: caps = video/x-raw, format=(string)NV12, width=(int)1920, height=(int)1080, framerate=(fraction)30000/1001, interlace-mode=(string)progressive, pixel-aspect-ratio=(fraction)1/1, multiview-mode=(string)mono, multiview-flags=(GstVideoMultiviewFlagsSet)0:ffffffff:/right-view-first/left-flipped/left-flopped/right-flipped/right-flopped/half-aspect/mixed-mono, views=(int)2, chroma-site=(string)mpeg2, colorimetry=(string)bt709
Got message #2852 from pad "decodebin9:src_0" (property-notify): GstMessagePropertyNotify, property-name=(string)caps, property-value=(GstCaps)"video/x-raw\,\ format\=\(string\)NV12\,\ width\=\(int\)1920\,\ height\=\(int\)1080\,\ framerate\=\(fraction\)30000/1001\,\ interlace-mode\=\(string\)progressive\,\ pixel-aspect-ratio\=\(fraction\)1/1\,\ multiview-mode\=\(string\)mono\,\ multiview-flags\=\(GstVideoMultiviewFlagsSet\)0:ffffffff:/right-view-first/left-flipped/left-flopped/right-flipped/right-flopped/half-aspect/mixed-mono\,\ views\=\(int\)2\,\ chroma-site\=\(string\)mpeg2\,\ colorimetry\=\(string\)bt709";
/GstPipeline:pipeline0/GstDecodeBin:decodebin9.GstDecodePad:src_0: caps = video/x-raw, format=(string)NV12, width=(int)1920, height=(int)1080, framerate=(fraction)30000/1001, interlace-mode=(string)progressive, pixel-aspect-ratio=(fraction)1/1, multiview-mode=(string)mono, multiview-flags=(GstVideoMultiviewFlagsSet)0:ffffffff:/right-view-first/left-flipped/left-flopped/right-flipped/right-flopped/half-aspect/mixed-mono, views=(int)2, chroma-site=(string)mpeg2, colorimetry=(string)bt709
Got message #2853 from pad "queue9:sink" (property-notify): GstMessagePropertyNotify, property-name=(string)caps, property-value=(GstCaps)"video/x-raw\,\ format\=\(string\)NV12\,\ width\=\(int\)1920\,\ height\=\(int\)1080\,\ framerate\=\(fraction\)30000/1001\,\ interlace-mode\=\(string\)progressive\,\ pixel-aspect-ratio\=\(fraction\)1/1\,\ multiview-mode\=\(string\)mono\,\ multiview-flags\=\(GstVideoMultiviewFlagsSet\)0:ffffffff:/right-view-first/left-flipped/left-flopped/right-flipped/right-flopped/half-aspect/mixed-mono\,\ views\=\(int\)2\,\ chroma-site\=\(string\)mpeg2\,\ colorimetry\=\(string\)bt709";
/GstPipeline:pipeline0/GstQueue:queue9.GstPad:sink: caps = video/x-raw, format=(string)NV12, width=(int)1920, height=(int)1080, framerate=(fraction)30000/1001, interlace-mode=(string)progressive, pixel-aspect-ratio=(fraction)1/1, multiview-mode=(string)mono, multiview-flags=(GstVideoMultiviewFlagsSet)0:ffffffff:/right-view-first/left-flipped/left-flopped/right-flipped/right-flopped/half-aspect/mixed-mono, views=(int)2, chroma-site=(string)mpeg2, colorimetry=(string)bt709
Got message #2854 from pad "src_0:proxypad34" (property-notify): GstMessagePropertyNotify, property-name=(string)caps, property-value=(GstCaps)"video/x-raw\,\ format\=\(string\)NV12\,\ width\=\(int\)1920\,\ height\=\(int\)1080\,\ framerate\=\(fraction\)30000/1001\,\ interlace-mode\=\(string\)progressive\,\ pixel-aspect-ratio\=\(fraction\)1/1\,\ multiview-mode\=\(string\)mono\,\ multiview-flags\=\(GstVideoMultiviewFlagsSet\)0:ffffffff:/right-view-first/left-flipped/left-flopped/right-flipped/right-flopped/half-aspect/mixed-mono\,\ views\=\(int\)2\,\ chroma-site\=\(string\)mpeg2\,\ colorimetry\=\(string\)bt709";
/GstPipeline:pipeline0/GstDecodeBin:decodebin9.GstDecodePad:src_0.GstProxyPad:proxypad34: caps = video/x-raw, format=(string)NV12, width=(int)1920, height=(int)1080, framerate=(fraction)30000/1001, interlace-mode=(string)progressive, pixel-aspect-ratio=(fraction)1/1, multiview-mode=(string)mono, multiview-flags=(GstVideoMultiviewFlagsSet)0:ffffffff:/right-view-first/left-flipped/left-flopped/right-flipped/right-flopped/half-aspect/mixed-mono, views=(int)2, chroma-site=(string)mpeg2, colorimetry=(string)bt709
Got message #2855 from pad "src:proxypad51" (property-notify): GstMessagePropertyNotify, property-name=(string)caps, property-value=(GstCaps)"video/x-raw\,\ format\=\(string\)NV12\,\ width\=\(int\)1920\,\ height\=\(int\)1080\,\ framerate\=\(fraction\)30000/1001\,\ interlace-mode\=\(string\)progressive\,\ pixel-aspect-ratio\=\(fraction\)1/1\,\ multiview-mode\=\(string\)mono\,\ multiview-flags\=\(GstVideoMultiviewFlagsSet\)0:ffffffff:/right-view-first/left-flipped/left-flopped/right-flipped/right-flopped/half-aspect/mixed-mono\,\ views\=\(int\)2\,\ chroma-site\=\(string\)mpeg2\,\ colorimetry\=\(string\)bt709";
/GstPipeline:pipeline0/GstDecodeBin:decodebin9/GstVaapiDecodeBin:vaapidecodebin4.GstGhostPad:src.GstProxyPad:proxypad51: caps = video/x-raw, format=(string)NV12, width=(int)1920, height=(int)1080, framerate=(fraction)30000/1001, interlace-mode=(string)progressive, pixel-aspect-ratio=(fraction)1/1, multiview-mode=(string)mono, multiview-flags=(GstVideoMultiviewFlagsSet)0:ffffffff:/right-view-first/left-flipped/left-flopped/right-flipped/right-flopped/half-aspect/mixed-mono, views=(int)2, chroma-site=(string)mpeg2, colorimetry=(string)bt709
Got message #2856 from pad "in:sink_9" (property-notify): GstMessagePropertyNotify, property-name=(string)caps, property-value=(GstCaps)"video/x-raw\,\ format\=\(string\)NV12\,\ width\=\(int\)1920\,\ height\=\(int\)1080\,\ framerate\=\(fraction\)30000/1001\,\ interlace-mode\=\(string\)progressive\,\ pixel-aspect-ratio\=\(fraction\)1/1\,\ multiview-mode\=\(string\)mono\,\ multiview-flags\=\(GstVideoMultiviewFlagsSet\)0:ffffffff:/right-view-first/left-flipped/left-flopped/right-flipped/right-flopped/half-aspect/mixed-mono\,\ views\=\(int\)2\,\ chroma-site\=\(string\)mpeg2\,\ colorimetry\=\(string\)bt709";
/GstPipeline:pipeline0/GstDxInputSelector:in.GstAggregatorPad:sink_9: caps = video/x-raw, format=(string)NV12, width=(int)1920, height=(int)1080, framerate=(fraction)30000/1001, interlace-mode=(string)progressive, pixel-aspect-ratio=(fraction)1/1, multiview-mode=(string)mono, multiview-flags=(GstVideoMultiviewFlagsSet)0:ffffffff:/right-view-first/left-flipped/left-flopped/right-flipped/right-flopped/half-aspect/mixed-mono, views=(int)2, chroma-site=(string)mpeg2, colorimetry=(string)bt709
Got message #2857 from pad "queue9:src" (property-notify): GstMessagePropertyNotify, property-name=(string)caps, property-value=(GstCaps)"video/x-raw\,\ format\=\(string\)NV12\,\ width\=\(int\)1920\,\ height\=\(int\)1080\,\ framerate\=\(fraction\)30000/1001\,\ interlace-mode\=\(string\)progressive\,\ pixel-aspect-ratio\=\(fraction\)1/1\,\ multiview-mode\=\(string\)mono\,\ multiview-flags\=\(GstVideoMultiviewFlagsSet\)0:ffffffff:/right-view-first/left-flipped/left-flopped/right-flipped/right-flopped/half-aspect/mixed-mono\,\ views\=\(int\)2\,\ chroma-site\=\(string\)mpeg2\,\ colorimetry\=\(string\)bt709";
/GstPipeline:pipeline0/GstQueue:queue9.GstPad:src: caps = video/x-raw, format=(string)NV12, width=(int)1920, height=(int)1080, framerate=(fraction)30000/1001, interlace-mode=(string)progressive, pixel-aspect-ratio=(fraction)1/1, multiview-mode=(string)mono, multiview-flags=(GstVideoMultiviewFlagsSet)0:ffffffff:/right-view-first/left-flipped/left-flopped/right-flipped/right-flopped/half-aspect/mixed-mono, views=(int)2, chroma-site=(string)mpeg2, colorimetry=(string)bt709
Got message #2859 from pad "in:sink_9" (property-notify): GstMessagePropertyNotify, property-name=(string)caps, property-value=(GstCaps)"video/x-raw\,\ format\=\(string\)NV12\,\ width\=\(int\)1920\,\ height\=\(int\)1080\,\ framerate\=\(fraction\)30000/1001\,\ interlace-mode\=\(string\)progressive\,\ pixel-aspect-ratio\=\(fraction\)1/1\,\ multiview-mode\=\(string\)mono\,\ multiview-flags\=\(GstVideoMultiviewFlagsSet\)0:ffffffff:/right-view-first/left-flipped/left-flopped/right-flipped/right-flopped/half-aspect/mixed-mono\,\ views\=\(int\)2\,\ chroma-site\=\(string\)mpeg2\,\ colorimetry\=\(string\)bt709";
/GstPipeline:pipeline0/GstDxInputSelector:in.GstAggregatorPad:sink_9: caps = video/x-raw, format=(string)NV12, width=(int)1920, height=(int)1080, framerate=(fraction)30000/1001, interlace-mode=(string)progressive, pixel-aspect-ratio=(fraction)1/1, multiview-mode=(string)mono, multiview-flags=(GstVideoMultiviewFlagsSet)0:ffffffff:/right-view-first/left-flipped/left-flopped/right-flipped/right-flopped/half-aspect/mixed-mono, views=(int)2, chroma-site=(string)mpeg2, colorimetry=(string)bt709
Got message #2862 from pad "out:src_9" (property-notify): GstMessagePropertyNotify, property-name=(string)caps, property-value=(GstCaps)"video/x-raw\,\ format\=\(string\)NV12\,\ width\=\(int\)1920\,\ height\=\(int\)1080\,\ framerate\=\(fraction\)30000/1001\,\ interlace-mode\=\(string\)progressive\,\ pixel-aspect-ratio\=\(fraction\)1/1\,\ multiview-mode\=\(string\)mono\,\ multiview-flags\=\(GstVideoMultiviewFlagsSet\)0:ffffffff:/right-view-first/left-flipped/left-flopped/right-flipped/right-flopped/half-aspect/mixed-mono\,\ views\=\(int\)2\,\ chroma-site\=\(string\)mpeg2\,\ colorimetry\=\(string\)bt709";
/GstPipeline:pipeline0/GstDxOutputSelector:out.GstPad:src_9: caps = video/x-raw, format=(string)NV12, width=(int)1920, height=(int)1080, framerate=(fraction)30000/1001, interlace-mode=(string)progressive, pixel-aspect-ratio=(fraction)1/1, multiview-mode=(string)mono, multiview-flags=(GstVideoMultiviewFlagsSet)0:ffffffff:/right-view-first/left-flipped/left-flopped/right-flipped/right-flopped/half-aspect/mixed-mono, views=(int)2, chroma-site=(string)mpeg2, colorimetry=(string)bt709
Got message #2863 from pad "queue22:sink" (property-notify): GstMessagePropertyNotify, property-name=(string)caps, property-value=(GstCaps)"video/x-raw\,\ format\=\(string\)NV12\,\ width\=\(int\)1920\,\ height\=\(int\)1080\,\ framerate\=\(fraction\)30000/1001\,\ interlace-mode\=\(string\)progressive\,\ pixel-aspect-ratio\=\(fraction\)1/1\,\ multiview-mode\=\(string\)mono\,\ multiview-flags\=\(GstVideoMultiviewFlagsSet\)0:ffffffff:/right-view-first/left-flipped/left-flopped/right-flipped/right-flopped/half-aspect/mixed-mono\,\ views\=\(int\)2\,\ chroma-site\=\(string\)mpeg2\,\ colorimetry\=\(string\)bt709";
/GstPipeline:pipeline0/GstQueue:queue22.GstPad:sink: caps = video/x-raw, format=(string)NV12, width=(int)1920, height=(int)1080, framerate=(fraction)30000/1001, interlace-mode=(string)progressive, pixel-aspect-ratio=(fraction)1/1, multiview-mode=(string)mono, multiview-flags=(GstVideoMultiviewFlagsSet)0:ffffffff:/right-view-first/left-flipped/left-flopped/right-flipped/right-flopped/half-aspect/mixed-mono, views=(int)2, chroma-site=(string)mpeg2, colorimetry=(string)bt709
Got message #2864 from pad "out:src_9" (property-notify): GstMessagePropertyNotify, property-name=(string)caps, property-value=(GstCaps)"video/x-raw\,\ format\=\(string\)NV12\,\ width\=\(int\)1920\,\ height\=\(int\)1080\,\ framerate\=\(fraction\)30000/1001\,\ interlace-mode\=\(string\)progressive\,\ pixel-aspect-ratio\=\(fraction\)1/1\,\ multiview-mode\=\(string\)mono\,\ multiview-flags\=\(GstVideoMultiviewFlagsSet\)0:ffffffff:/right-view-first/left-flipped/left-flopped/right-flipped/right-flopped/half-aspect/mixed-mono\,\ views\=\(int\)2\,\ chroma-site\=\(string\)mpeg2\,\ colorimetry\=\(string\)bt709";
/GstPipeline:pipeline0/GstDxOutputSelector:out.GstPad:src_9: caps = video/x-raw, format=(string)NV12, width=(int)1920, height=(int)1080, framerate=(fraction)30000/1001, interlace-mode=(string)progressive, pixel-aspect-ratio=(fraction)1/1, multiview-mode=(string)mono, multiview-flags=(GstVideoMultiviewFlagsSet)0:ffffffff:/right-view-first/left-flipped/left-flopped/right-flipped/right-flopped/half-aspect/mixed-mono, views=(int)2, chroma-site=(string)mpeg2, colorimetry=(string)bt709
Got message #2865 from pad "queue22:src" (property-notify): GstMessagePropertyNotify, property-name=(string)caps, property-value=(GstCaps)"video/x-raw\,\ format\=\(string\)NV12\,\ width\=\(int\)1920\,\ height\=\(int\)1080\,\ framerate\=\(fraction\)30000/1001\,\ interlace-mode\=\(string\)progressive\,\ pixel-aspect-ratio\=\(fraction\)1/1\,\ multiview-mode\=\(string\)mono\,\ multiview-flags\=\(GstVideoMultiviewFlagsSet\)0:ffffffff:/right-view-first/left-flipped/left-flopped/right-flipped/right-flopped/half-aspect/mixed-mono\,\ views\=\(int\)2\,\ chroma-site\=\(string\)mpeg2\,\ colorimetry\=\(string\)bt709";
/GstPipeline:pipeline0/GstQueue:queue22.GstPad:src: caps = video/x-raw, format=(string)NV12, width=(int)1920, height=(int)1080, framerate=(fraction)30000/1001, interlace-mode=(string)progressive, pixel-aspect-ratio=(fraction)1/1, multiview-mode=(string)mono, multiview-flags=(GstVideoMultiviewFlagsSet)0:ffffffff:/right-view-first/left-flipped/left-flopped/right-flipped/right-flopped/half-aspect/mixed-mono, views=(int)2, chroma-site=(string)mpeg2, colorimetry=(string)bt709
Got message #2866 from pad "queue22:src" (property-notify): GstMessagePropertyNotify, property-name=(string)caps, property-value=(GstCaps)"video/x-raw\,\ format\=\(string\)NV12\,\ width\=\(int\)1920\,\ height\=\(int\)1080\,\ framerate\=\(fraction\)30000/1001\,\ interlace-mode\=\(string\)progressive\,\ pixel-aspect-ratio\=\(fraction\)1/1\,\ multiview-mode\=\(string\)mono\,\ multiview-flags\=\(GstVideoMultiviewFlagsSet\)0:ffffffff:/right-view-first/left-flipped/left-flopped/right-flipped/right-flopped/half-aspect/mixed-mono\,\ views\=\(int\)2\,\ chroma-site\=\(string\)mpeg2\,\ colorimetry\=\(string\)bt709";
/GstPipeline:pipeline0/GstQueue:queue22.GstPad:src: caps = video/x-raw, format=(string)NV12, width=(int)1920, height=(int)1080, framerate=(fraction)30000/1001, interlace-mode=(string)progressive, pixel-aspect-ratio=(fraction)1/1, multiview-mode=(string)mono, multiview-flags=(GstVideoMultiviewFlagsSet)0:ffffffff:/right-view-first/left-flipped/left-flopped/right-flipped/right-flopped/half-aspect/mixed-mono, views=(int)2, chroma-site=(string)mpeg2, colorimetry=(string)bt709
Got message #2867 from pad "fakesink9:sink" (property-notify): GstMessagePropertyNotify, property-name=(string)caps, property-value=(GstCaps)"video/x-raw\,\ format\=\(string\)NV12\,\ width\=\(int\)1920\,\ height\=\(int\)1080\,\ framerate\=\(fraction\)30000/1001\,\ interlace-mode\=\(string\)progressive\,\ pixel-aspect-ratio\=\(fraction\)1/1\,\ multiview-mode\=\(string\)mono\,\ multiview-flags\=\(GstVideoMultiviewFlagsSet\)0:ffffffff:/right-view-first/left-flipped/left-flopped/right-flipped/right-flopped/half-aspect/mixed-mono\,\ views\=\(int\)2\,\ chroma-site\=\(string\)mpeg2\,\ colorimetry\=\(string\)bt709";
/GstPipeline:pipeline0/GstFakeSink:fakesink9.GstPad:sink: caps = video/x-raw, format=(string)NV12, width=(int)1920, height=(int)1080, framerate=(fraction)30000/1001, interlace-mode=(string)progressive, pixel-aspect-ratio=(fraction)1/1, multiview-mode=(string)mono, multiview-flags=(GstVideoMultiviewFlagsSet)0:ffffffff:/right-view-first/left-flipped/left-flopped/right-flipped/right-flopped/half-aspect/mixed-mono, views=(int)2, chroma-site=(string)mpeg2, colorimetry=(string)bt709
Got message #2868 from pad "queue22:src" (property-notify): GstMessagePropertyNotify, property-name=(string)caps, property-value=(GstCaps)"video/x-raw\,\ format\=\(string\)NV12\,\ width\=\(int\)1920\,\ height\=\(int\)1080\,\ framerate\=\(fraction\)30000/1001\,\ interlace-mode\=\(string\)progressive\,\ pixel-aspect-ratio\=\(fraction\)1/1\,\ multiview-mode\=\(string\)mono\,\ multiview-flags\=\(GstVideoMultiviewFlagsSet\)0:ffffffff:/right-view-first/left-flipped/left-flopped/right-flipped/right-flopped/half-aspect/mixed-mono\,\ views\=\(int\)2\,\ chroma-site\=\(string\)mpeg2\,\ colorimetry\=\(string\)bt709";
/GstPipeline:pipeline0/GstQueue:queue22.GstPad:src: caps = video/x-raw, format=(string)NV12, width=(int)1920, height=(int)1080, framerate=(fraction)30000/1001, interlace-mode=(string)progressive, pixel-aspect-ratio=(fraction)1/1, multiview-mode=(string)mono, multiview-flags=(GstVideoMultiviewFlagsSet)0:ffffffff:/right-view-first/left-flipped/left-flopped/right-flipped/right-flopped/half-aspect/mixed-mono, views=(int)2, chroma-site=(string)mpeg2, colorimetry=(string)bt709
Got message #2869 from pad "fakesink9:sink" (property-notify): GstMessagePropertyNotify, property-name=(string)caps, property-value=(GstCaps)"video/x-raw\,\ format\=\(string\)NV12\,\ width\=\(int\)1920\,\ height\=\(int\)1080\,\ framerate\=\(fraction\)30000/1001\,\ interlace-mode\=\(string\)progressive\,\ pixel-aspect-ratio\=\(fraction\)1/1\,\ multiview-mode\=\(string\)mono\,\ multiview-flags\=\(GstVideoMultiviewFlagsSet\)0:ffffffff:/right-view-first/left-flipped/left-flopped/right-flipped/right-flopped/half-aspect/mixed-mono\,\ views\=\(int\)2\,\ chroma-site\=\(string\)mpeg2\,\ colorimetry\=\(string\)bt709";
/GstPipeline:pipeline0/GstFakeSink:fakesink9.GstPad:sink: caps = video/x-raw, format=(string)NV12, width=(int)1920, height=(int)1080, framerate=(fraction)30000/1001, interlace-mode=(string)progressive, pixel-aspect-ratio=(fraction)1/1, multiview-mode=(string)mono, multiview-flags=(GstVideoMultiviewFlagsSet)0:ffffffff:/right-view-first/left-flipped/left-flopped/right-flipped/right-flopped/half-aspect/mixed-mono, views=(int)2, chroma-site=(string)mpeg2, colorimetry=(string)bt709
Got message #2870 from pad "vaapipostproc2:sink" (property-notify): GstMessagePropertyNotify, property-name=(string)caps, property-value=(GstCaps)"video/x-raw\(memory:VASurface\)\,\ format\=\(string\)NV12\,\ width\=\(int\)1920\,\ height\=\(int\)1080\,\ interlace-mode\=\(string\)progressive\,\ multiview-mode\=\(string\)mono\,\ multiview-flags\=\(GstVideoMultiviewFlagsSet\)0:ffffffff:/right-view-first/left-flipped/left-flopped/right-flipped/right-flopped/half-aspect/mixed-mono\,\ pixel-aspect-ratio\=\(fraction\)1/1\,\ colorimetry\=\(string\)bt709\,\ views\=\(int\)2\,\ framerate\=\(fraction\)30000/1001";
/GstPipeline:pipeline0/GstDecodeBin:decodebin9/GstVaapiDecodeBin:vaapidecodebin4/GstVaapiPostproc:vaapipostproc2.GstPad:sink: caps = video/x-raw(memory:VASurface), format=(string)NV12, width=(int)1920, height=(int)1080, interlace-mode=(string)progressive, multiview-mode=(string)mono, multiview-flags=(GstVideoMultiviewFlagsSet)0:ffffffff:/right-view-first/left-flipped/left-flopped/right-flipped/right-flopped/half-aspect/mixed-mono, pixel-aspect-ratio=(fraction)1/1, colorimetry=(string)bt709, views=(int)2, framerate=(fraction)30000/1001
Got message #2871 from pad "capsfilter13:sink" (property-notify): GstMessagePropertyNotify, property-name=(string)caps, property-value=(GstCaps)"video/x-raw\(memory:VASurface\)\,\ format\=\(string\)NV12\,\ width\=\(int\)1920\,\ height\=\(int\)1080\,\ interlace-mode\=\(string\)progressive\,\ multiview-mode\=\(string\)mono\,\ multiview-flags\=\(GstVideoMultiviewFlagsSet\)0:ffffffff:/right-view-first/left-flipped/left-flopped/right-flipped/right-flopped/half-aspect/mixed-mono\,\ pixel-aspect-ratio\=\(fraction\)1/1\,\ colorimetry\=\(string\)bt709\,\ views\=\(int\)2\,\ framerate\=\(fraction\)30000/1001";
/GstPipeline:pipeline0/GstDecodeBin:decodebin9/GstVaapiDecodeBin:vaapidecodebin4/GstCapsFilter:capsfilter13.GstPad:sink: caps = video/x-raw(memory:VASurface), format=(string)NV12, width=(int)1920, height=(int)1080, interlace-mode=(string)progressive, multiview-mode=(string)mono, multiview-flags=(GstVideoMultiviewFlagsSet)0:ffffffff:/right-view-first/left-flipped/left-flopped/right-flipped/right-flopped/half-aspect/mixed-mono, pixel-aspect-ratio=(fraction)1/1, colorimetry=(string)bt709, views=(int)2, framerate=(fraction)30000/1001
Got message #2872 from element "pipeline0" (new-clock): GstMessageNewClock, clock=(GstClock)"\(GstSystemClock\)\ GstSystemClock";
New clock: GstSystemClock
Got message #2877 from element "fakesink9" (tag): GstMessageTag, taglist=(taglist)"taglist\,\ video-codec\=\(string\)\"H.264\\\ /\\\ AVC\"\,\ maximum-bitrate\=\(uint\)4472819\,\ bitrate\=\(uint\)4472819\;";
Got message #2878 from element "fakesink9" (tag): GstMessageTag, taglist=(taglist)"taglist\,\ encoder\=\(string\)Lavf60.16.100\,\ container-format\=\(string\)\"ISO\\\ MP4/M4A\"\;";
Got message #2879 from element "fakesink9" (tag): GstMessageTag, taglist=(taglist)"taglist\,\ video-codec\=\(string\)\"H.264\\\ \\\(High\\\ Profile\\\)\"\,\ maximum-bitrate\=\(uint\)4472819\,\ bitrate\=\(uint\)4472819\;";
Got message #2882 from pad "in:src" (property-notify): GstMessagePropertyNotify, property-name=(string)caps, property-value=(GstCaps)"application/x-dxvideoraw\,\ width\=\(int\)1\,\ height\=\(int\)1\,\ framerate\=\(fraction\)0/1";
/GstPipeline:pipeline0/GstDxInputSelector:in.GstAggregatorPad:src: caps = application/x-dxvideoraw, width=(int)1, height=(int)1, framerate=(fraction)0/1
Got message #2884 from pad "dxpreprocess0:src" (property-notify): GstMessagePropertyNotify, property-name=(string)caps, property-value=(GstCaps)"application/x-dxvideoraw\,\ width\=\(int\)1\,\ height\=\(int\)1\,\ framerate\=\(fraction\)0/1";
/GstPipeline:pipeline0/GstDxPreprocess:dxpreprocess0.GstPad:src: caps = application/x-dxvideoraw, width=(int)1, height=(int)1, framerate=(fraction)0/1
Got message #2885 from pad "queue10:sink" (property-notify): GstMessagePropertyNotify, property-name=(string)caps, property-value=(GstCaps)"application/x-dxvideoraw\,\ width\=\(int\)1\,\ height\=\(int\)1\,\ framerate\=\(fraction\)0/1";
/GstPipeline:pipeline0/GstQueue:queue10.GstPad:sink: caps = application/x-dxvideoraw, width=(int)1, height=(int)1, framerate=(fraction)0/1
Got message #2886 from pad "dxpreprocess0:sink" (property-notify): GstMessagePropertyNotify, property-name=(string)caps, property-value=(GstCaps)"application/x-dxvideoraw\,\ width\=\(int\)1\,\ height\=\(int\)1\,\ framerate\=\(fraction\)0/1";
/GstPipeline:pipeline0/GstDxPreprocess:dxpreprocess0.GstPad:sink: caps = application/x-dxvideoraw, width=(int)1, height=(int)1, framerate=(fraction)0/1
Got message #2887 from pad "queue10:src" (property-notify): GstMessagePropertyNotify, property-name=(string)caps, property-value=(GstCaps)"application/x-dxvideoraw\,\ width\=\(int\)1\,\ height\=\(int\)1\,\ framerate\=\(fraction\)0/1";
/GstPipeline:pipeline0/GstQueue:queue10.GstPad:src: caps = application/x-dxvideoraw, width=(int)1, height=(int)1, framerate=(fraction)0/1
Got message #2888 from pad "dxinfer0:src" (property-notify): GstMessagePropertyNotify, property-name=(string)caps, property-value=(GstCaps)"application/x-dxvideoraw\,\ width\=\(int\)1\,\ height\=\(int\)1\,\ framerate\=\(fraction\)0/1";
/GstPipeline:pipeline0/GstDxInfer:dxinfer0.GstPad:src: caps = application/x-dxvideoraw, width=(int)1, height=(int)1, framerate=(fraction)0/1
Got message #2889 from pad "queue11:sink" (property-notify): GstMessagePropertyNotify, property-name=(string)caps, property-value=(GstCaps)"application/x-dxvideoraw\,\ width\=\(int\)1\,\ height\=\(int\)1\,\ framerate\=\(fraction\)0/1";
/GstPipeline:pipeline0/GstQueue:queue11.GstPad:sink: caps = application/x-dxvideoraw, width=(int)1, height=(int)1, framerate=(fraction)0/1
Got message #2890 from pad "queue11:sink" (property-notify): GstMessagePropertyNotify, property-name=(string)caps, property-value=(GstCaps)"application/x-dxvideoraw\,\ width\=\(int\)1\,\ height\=\(int\)1\,\ framerate\=\(fraction\)0/1";
/GstPipeline:pipeline0/GstQueue:queue11.GstPad:sink: caps = application/x-dxvideoraw, width=(int)1, height=(int)1, framerate=(fraction)0/1
Got message #2891 from pad "dxinfer0:sink" (property-notify): GstMessagePropertyNotify, property-name=(string)caps, property-value=(GstCaps)"application/x-dxvideoraw\,\ width\=\(int\)1\,\ height\=\(int\)1\,\ framerate\=\(fraction\)0/1";
/GstPipeline:pipeline0/GstDxInfer:dxinfer0.GstPad:sink: caps = application/x-dxvideoraw, width=(int)1, height=(int)1, framerate=(fraction)0/1
Got message #2893 from pad "dxpostprocess0:src" (property-notify): GstMessagePropertyNotify, property-name=(string)caps, property-value=(GstCaps)"application/x-dxvideoraw\,\ width\=\(int\)1\,\ height\=\(int\)1\,\ framerate\=\(fraction\)0/1";
/GstPipeline:pipeline0/GstDxPostprocess:dxpostprocess0.GstPad:src: caps = application/x-dxvideoraw, width=(int)1, height=(int)1, framerate=(fraction)0/1
Got message #2894 from pad "queue12:sink" (property-notify): GstMessagePropertyNotify, property-name=(string)caps, property-value=(GstCaps)"application/x-dxvideoraw\,\ width\=\(int\)1\,\ height\=\(int\)1\,\ framerate\=\(fraction\)0/1";
/GstPipeline:pipeline0/GstQueue:queue12.GstPad:sink: caps = application/x-dxvideoraw, width=(int)1, height=(int)1, framerate=(fraction)0/1
Got message #2895 from pad "queue12:src" (property-notify): GstMessagePropertyNotify, property-name=(string)caps, property-value=(GstCaps)"application/x-dxvideoraw\,\ width\=\(int\)1\,\ height\=\(int\)1\,\ framerate\=\(fraction\)0/1";
/GstPipeline:pipeline0/GstQueue:queue12.GstPad:src: caps = application/x-dxvideoraw, width=(int)1, height=(int)1, framerate=(fraction)0/1
Got message #2896 from pad "queue12:src" (property-notify): GstMessagePropertyNotify, property-name=(string)caps, property-value=(GstCaps)"application/x-dxvideoraw\,\ width\=\(int\)1\,\ height\=\(int\)1\,\ framerate\=\(fraction\)0/1";
/GstPipeline:pipeline0/GstQueue:queue12.GstPad:src: caps = application/x-dxvideoraw, width=(int)1, height=(int)1, framerate=(fraction)0/1
Got message #2897 from pad "out:sink" (property-notify): GstMessagePropertyNotify, property-name=(string)caps, property-value=(GstCaps)"application/x-dxvideoraw\,\ width\=\(int\)1\,\ height\=\(int\)1\,\ framerate\=\(fraction\)0/1";
/GstPipeline:pipeline0/GstDxOutputSelector:out.GstPad:sink: caps = application/x-dxvideoraw, width=(int)1, height=(int)1, framerate=(fraction)0/1
Got message #2900 from element "fakesink9" (state-changed): GstMessageStateChanged, old-state=(GstState)paused, new-state=(GstState)playing, pending-state=(GstState)void-pending;
Got message #2901 from element "fakesink8" (state-changed): GstMessageStateChanged, old-state=(GstState)paused, new-state=(GstState)playing, pending-state=(GstState)void-pending;
Got message #2902 from element "fakesink7" (state-changed): GstMessageStateChanged, old-state=(GstState)paused, new-state=(GstState)playing, pending-state=(GstState)void-pending;
Got message #2903 from element "fakesink6" (state-changed): GstMessageStateChanged, old-state=(GstState)paused, new-state=(GstState)playing, pending-state=(GstState)void-pending;
Got message #2904 from element "fakesink5" (state-changed): GstMessageStateChanged, old-state=(GstState)paused, new-state=(GstState)playing, pending-state=(GstState)void-pending;
Got message #2905 from element "fakesink4" (state-changed): GstMessageStateChanged, old-state=(GstState)paused, new-state=(GstState)playing, pending-state=(GstState)void-pending;
Got message #2906 from element "fakesink3" (state-changed): GstMessageStateChanged, old-state=(GstState)paused, new-state=(GstState)playing, pending-state=(GstState)void-pending;
Got message #2907 from element "fakesink2" (state-changed): GstMessageStateChanged, old-state=(GstState)paused, new-state=(GstState)playing, pending-state=(GstState)void-pending;
Got message #2908 from element "fakesink1" (state-changed): GstMessageStateChanged, old-state=(GstState)paused, new-state=(GstState)playing, pending-state=(GstState)void-pending;
Got message #2909 from element "fakesink0" (state-changed): GstMessageStateChanged, old-state=(GstState)paused, new-state=(GstState)playing, pending-state=(GstState)void-pending;
Got message #2910 from element "queue22" (state-changed): GstMessageStateChanged, old-state=(GstState)paused, new-state=(GstState)playing, pending-state=(GstState)void-pending;
Got message #2911 from element "queue21" (state-changed): GstMessageStateChanged, old-state=(GstState)paused, new-state=(GstState)playing, pending-state=(GstState)void-pending;
Got message #2912 from element "queue20" (state-changed): GstMessageStateChanged, old-state=(GstState)paused, new-state=(GstState)playing, pending-state=(GstState)void-pending;
Got message #2913 from element "queue19" (state-changed): GstMessageStateChanged, old-state=(GstState)paused, new-state=(GstState)playing, pending-state=(GstState)void-pending;
Got message #2914 from element "queue18" (state-changed): GstMessageStateChanged, old-state=(GstState)paused, new-state=(GstState)playing, pending-state=(GstState)void-pending;
Got message #2915 from element "queue17" (state-changed): GstMessageStateChanged, old-state=(GstState)paused, new-state=(GstState)playing, pending-state=(GstState)void-pending;
Got message #2916 from element "queue16" (state-changed): GstMessageStateChanged, old-state=(GstState)paused, new-state=(GstState)playing, pending-state=(GstState)void-pending;
Got message #2917 from element "queue15" (state-changed): GstMessageStateChanged, old-state=(GstState)paused, new-state=(GstState)playing, pending-state=(GstState)void-pending;
Got message #2918 from element "queue14" (state-changed): GstMessageStateChanged, old-state=(GstState)paused, new-state=(GstState)playing, pending-state=(GstState)void-pending;
Got message #2919 from element "queue13" (state-changed): GstMessageStateChanged, old-state=(GstState)paused, new-state=(GstState)playing, pending-state=(GstState)void-pending;
Got message #2920 from element "out" (state-changed): GstMessageStateChanged, old-state=(GstState)paused, new-state=(GstState)playing, pending-state=(GstState)void-pending;
Got message #2921 from element "queue12" (state-changed): GstMessageStateChanged, old-state=(GstState)paused, new-state=(GstState)playing, pending-state=(GstState)void-pending;
Got message #2922 from element "dxpostprocess0" (state-changed): GstMessageStateChanged, old-state=(GstState)paused, new-state=(GstState)playing, pending-state=(GstState)void-pending;
Got message #2923 from element "queue11" (state-changed): GstMessageStateChanged, old-state=(GstState)paused, new-state=(GstState)playing, pending-state=(GstState)void-pending;
Got message #2924 from element "dxinfer0" (state-changed): GstMessageStateChanged, old-state=(GstState)paused, new-state=(GstState)playing, pending-state=(GstState)void-pending;
Got message #2925 from element "queue10" (state-changed): GstMessageStateChanged, old-state=(GstState)paused, new-state=(GstState)playing, pending-state=(GstState)void-pending;
Got message #2926 from element "dxpreprocess0" (state-changed): GstMessageStateChanged, old-state=(GstState)paused, new-state=(GstState)playing, pending-state=(GstState)void-pending;
Got message #2927 from element "in" (state-changed): GstMessageStateChanged, old-state=(GstState)paused, new-state=(GstState)playing, pending-state=(GstState)void-pending;
Got message #2928 from element "queue0" (state-changed): GstMessageStateChanged, old-state=(GstState)paused, new-state=(GstState)playing, pending-state=(GstState)void-pending;
Got message #2929 from element "queue1" (state-changed): GstMessageStateChanged, old-state=(GstState)paused, new-state=(GstState)playing, pending-state=(GstState)void-pending;
Got message #2930 from element "queue2" (state-changed): GstMessageStateChanged, old-state=(GstState)paused, new-state=(GstState)playing, pending-state=(GstState)void-pending;
Got message #2931 from element "queue3" (state-changed): GstMessageStateChanged, old-state=(GstState)paused, new-state=(GstState)playing, pending-state=(GstState)void-pending;
Got message #2932 from element "queue4" (state-changed): GstMessageStateChanged, old-state=(GstState)paused, new-state=(GstState)playing, pending-state=(GstState)void-pending;
Got message #2933 from element "queue5" (state-changed): GstMessageStateChanged, old-state=(GstState)paused, new-state=(GstState)playing, pending-state=(GstState)void-pending;
Got message #2934 from element "queue6" (state-changed): GstMessageStateChanged, old-state=(GstState)paused, new-state=(GstState)playing, pending-state=(GstState)void-pending;
Got message #2935 from element "queue7" (state-changed): GstMessageStateChanged, old-state=(GstState)paused, new-state=(GstState)playing, pending-state=(GstState)void-pending;
Got message #2936 from element "queue8" (state-changed): GstMessageStateChanged, old-state=(GstState)paused, new-state=(GstState)playing, pending-state=(GstState)void-pending;
Got message #2937 from element "queue9" (state-changed): GstMessageStateChanged, old-state=(GstState)paused, new-state=(GstState)playing, pending-state=(GstState)void-pending;
Got message #2938 from element "vaapipostproc5" (state-changed): GstMessageStateChanged, old-state=(GstState)paused, new-state=(GstState)playing, pending-state=(GstState)void-pending;
Got message #2939 from element "capsfilter16" (state-changed): GstMessageStateChanged, old-state=(GstState)paused, new-state=(GstState)playing, pending-state=(GstState)void-pending;
Got message #2940 from element "queue31" (state-changed): GstMessageStateChanged, old-state=(GstState)paused, new-state=(GstState)playing, pending-state=(GstState)void-pending;
Got message #2941 from element "vaapidecode6" (state-changed): GstMessageStateChanged, old-state=(GstState)paused, new-state=(GstState)playing, pending-state=(GstState)void-pending;
Got message #2942 from element "vaapidecodebin9" (state-changed): GstMessageStateChanged, old-state=(GstState)paused, new-state=(GstState)playing, pending-state=(GstState)void-pending;
Got message #2943 from element "capsfilter8" (state-changed): GstMessageStateChanged, old-state=(GstState)paused, new-state=(GstState)playing, pending-state=(GstState)void-pending;
Got message #2944 from element "h264parse8" (state-changed): GstMessageStateChanged, old-state=(GstState)paused, new-state=(GstState)playing, pending-state=(GstState)void-pending;
Got message #2945 from element "multiqueue5" (state-changed): GstMessageStateChanged, old-state=(GstState)paused, new-state=(GstState)playing, pending-state=(GstState)void-pending;
Got message #2946 from element "qtdemux3" (state-changed): GstMessageStateChanged, old-state=(GstState)paused, new-state=(GstState)playing, pending-state=(GstState)void-pending;
Got message #2947 from element "typefind" (state-changed): GstMessageStateChanged, old-state=(GstState)paused, new-state=(GstState)playing, pending-state=(GstState)void-pending;
Got message #2948 from element "decodebin0" (state-changed): GstMessageStateChanged, old-state=(GstState)paused, new-state=(GstState)playing, pending-state=(GstState)void-pending;
Got message #2949 from element "vaapipostproc9" (state-changed): GstMessageStateChanged, old-state=(GstState)paused, new-state=(GstState)playing, pending-state=(GstState)void-pending;
Got message #2950 from element "capsfilter14" (state-changed): GstMessageStateChanged, old-state=(GstState)paused, new-state=(GstState)playing, pending-state=(GstState)void-pending;
Got message #2951 from element "queue28" (state-changed): GstMessageStateChanged, old-state=(GstState)paused, new-state=(GstState)playing, pending-state=(GstState)void-pending;
Got message #2952 from element "vaapidecode4" (state-changed): GstMessageStateChanged, old-state=(GstState)paused, new-state=(GstState)playing, pending-state=(GstState)void-pending;
Got message #2953 from element "vaapidecodebin5" (state-changed): GstMessageStateChanged, old-state=(GstState)paused, new-state=(GstState)playing, pending-state=(GstState)void-pending;
Got message #2954 from element "capsfilter4" (state-changed): GstMessageStateChanged, old-state=(GstState)paused, new-state=(GstState)playing, pending-state=(GstState)void-pending;
Got message #2955 from element "h264parse3" (state-changed): GstMessageStateChanged, old-state=(GstState)paused, new-state=(GstState)playing, pending-state=(GstState)void-pending;
Got message #2956 from element "multiqueue6" (state-changed): GstMessageStateChanged, old-state=(GstState)paused, new-state=(GstState)playing, pending-state=(GstState)void-pending;
Got message #2957 from element "qtdemux6" (state-changed): GstMessageStateChanged, old-state=(GstState)paused, new-state=(GstState)playing, pending-state=(GstState)void-pending;
Got message #2958 from element "typefind" (state-changed): GstMessageStateChanged, old-state=(GstState)paused, new-state=(GstState)playing, pending-state=(GstState)void-pending;
Got message #2959 from element "decodebin1" (state-changed): GstMessageStateChanged, old-state=(GstState)paused, new-state=(GstState)playing, pending-state=(GstState)void-pending;
Got message #2960 from element "vaapipostproc8" (state-changed): GstMessageStateChanged, old-state=(GstState)paused, new-state=(GstState)playing, pending-state=(GstState)void-pending;
Got message #2961 from element "capsfilter18" (state-changed): GstMessageStateChanged, old-state=(GstState)paused, new-state=(GstState)playing, pending-state=(GstState)void-pending;
Got message #2962 from element "queue30" (state-changed): GstMessageStateChanged, old-state=(GstState)paused, new-state=(GstState)playing, pending-state=(GstState)void-pending;
Got message #2963 from element "vaapidecode3" (state-changed): GstMessageStateChanged, old-state=(GstState)paused, new-state=(GstState)playing, pending-state=(GstState)void-pending;
Got message #2964 from element "vaapidecodebin7" (state-changed): GstMessageStateChanged, old-state=(GstState)paused, new-state=(GstState)playing, pending-state=(GstState)void-pending;
Got message #2965 from element "capsfilter6" (state-changed): GstMessageStateChanged, old-state=(GstState)paused, new-state=(GstState)playing, pending-state=(GstState)void-pending;
Got message #2966 from element "h264parse7" (state-changed): GstMessageStateChanged, old-state=(GstState)paused, new-state=(GstState)playing, pending-state=(GstState)void-pending;
Got message #2967 from element "multiqueue9" (state-changed): GstMessageStateChanged, old-state=(GstState)paused, new-state=(GstState)playing, pending-state=(GstState)void-pending;
Got message #2968 from element "qtdemux8" (state-changed): GstMessageStateChanged, old-state=(GstState)paused, new-state=(GstState)playing, pending-state=(GstState)void-pending;
Got message #2969 from element "typefind" (state-changed): GstMessageStateChanged, old-state=(GstState)paused, new-state=(GstState)playing, pending-state=(GstState)void-pending;
Got message #2970 from element "decodebin2" (state-changed): GstMessageStateChanged, old-state=(GstState)paused, new-state=(GstState)playing, pending-state=(GstState)void-pending;
Got message #2971 from element "vaapipostproc3" (state-changed): GstMessageStateChanged, old-state=(GstState)paused, new-state=(GstState)playing, pending-state=(GstState)void-pending;
Got message #2972 from element "capsfilter11" (state-changed): GstMessageStateChanged, old-state=(GstState)paused, new-state=(GstState)playing, pending-state=(GstState)void-pending;
Got message #2973 from element "queue25" (state-changed): GstMessageStateChanged, old-state=(GstState)paused, new-state=(GstState)playing, pending-state=(GstState)void-pending;
Got message #2974 from element "vaapidecode0" (state-changed): GstMessageStateChanged, old-state=(GstState)paused, new-state=(GstState)playing, pending-state=(GstState)void-pending;
Got message #2975 from element "vaapidecodebin1" (state-changed): GstMessageStateChanged, old-state=(GstState)paused, new-state=(GstState)playing, pending-state=(GstState)void-pending;
Got message #2976 from element "capsfilter0" (state-changed): GstMessageStateChanged, old-state=(GstState)paused, new-state=(GstState)playing, pending-state=(GstState)void-pending;
Got message #2977 from element "h264parse1" (state-changed): GstMessageStateChanged, old-state=(GstState)paused, new-state=(GstState)playing, pending-state=(GstState)void-pending;
Got message #2978 from element "multiqueue1" (state-changed): GstMessageStateChanged, old-state=(GstState)paused, new-state=(GstState)playing, pending-state=(GstState)void-pending;
Got message #2979 from element "qtdemux1" (state-changed): GstMessageStateChanged, old-state=(GstState)paused, new-state=(GstState)playing, pending-state=(GstState)void-pending;
Got message #2980 from element "typefind" (state-changed): GstMessageStateChanged, old-state=(GstState)paused, new-state=(GstState)playing, pending-state=(GstState)void-pending;
Got message #2981 from element "decodebin3" (state-changed): GstMessageStateChanged, old-state=(GstState)paused, new-state=(GstState)playing, pending-state=(GstState)void-pending;
Got message #2982 from element "vaapipostproc6" (state-changed): GstMessageStateChanged, old-state=(GstState)paused, new-state=(GstState)playing, pending-state=(GstState)void-pending;
Got message #2983 from element "capsfilter19" (state-changed): GstMessageStateChanged, old-state=(GstState)paused, new-state=(GstState)playing, pending-state=(GstState)void-pending;
Got message #2984 from element "queue32" (state-changed): GstMessageStateChanged, old-state=(GstState)paused, new-state=(GstState)playing, pending-state=(GstState)void-pending;
Got message #2985 from element "vaapidecode9" (state-changed): GstMessageStateChanged, old-state=(GstState)paused, new-state=(GstState)playing, pending-state=(GstState)void-pending;
Got message #2986 from element "vaapidecodebin8" (state-changed): GstMessageStateChanged, old-state=(GstState)paused, new-state=(GstState)playing, pending-state=(GstState)void-pending;
Got message #2987 from element "capsfilter7" (state-changed): GstMessageStateChanged, old-state=(GstState)paused, new-state=(GstState)playing, pending-state=(GstState)void-pending;
Got message #2988 from element "h264parse6" (state-changed): GstMessageStateChanged, old-state=(GstState)paused, new-state=(GstState)playing, pending-state=(GstState)void-pending;
Got message #2989 from element "multiqueue0" (state-changed): GstMessageStateChanged, old-state=(GstState)paused, new-state=(GstState)playing, pending-state=(GstState)void-pending;
Got message #2990 from element "qtdemux0" (state-changed): GstMessageStateChanged, old-state=(GstState)paused, new-state=(GstState)playing, pending-state=(GstState)void-pending;
Got message #2991 from element "typefind" (state-changed): GstMessageStateChanged, old-state=(GstState)paused, new-state=(GstState)playing, pending-state=(GstState)void-pending;
Got message #2992 from element "decodebin4" (state-changed): GstMessageStateChanged, old-state=(GstState)paused, new-state=(GstState)playing, pending-state=(GstState)void-pending;
Got message #2993 from element "vaapipostproc0" (state-changed): GstMessageStateChanged, old-state=(GstState)paused, new-state=(GstState)playing, pending-state=(GstState)void-pending;
Got message #2994 from element "capsfilter10" (state-changed): GstMessageStateChanged, old-state=(GstState)paused, new-state=(GstState)playing, pending-state=(GstState)void-pending;
Got message #2995 from element "queue24" (state-changed): GstMessageStateChanged, old-state=(GstState)paused, new-state=(GstState)playing, pending-state=(GstState)void-pending;
Got message #2996 from element "vaapidecode2" (state-changed): GstMessageStateChanged, old-state=(GstState)paused, new-state=(GstState)playing, pending-state=(GstState)void-pending;
Got message #2997 from element "vaapidecodebin2" (state-changed): GstMessageStateChanged, old-state=(GstState)paused, new-state=(GstState)playing, pending-state=(GstState)void-pending;
Got message #2998 from element "capsfilter1" (state-changed): GstMessageStateChanged, old-state=(GstState)paused, new-state=(GstState)playing, pending-state=(GstState)void-pending;
Got message #2999 from element "h264parse2" (state-changed): GstMessageStateChanged, old-state=(GstState)paused, new-state=(GstState)playing, pending-state=(GstState)void-pending;
Got message #3000 from element "multiqueue2" (state-changed): GstMessageStateChanged, old-state=(GstState)paused, new-state=(GstState)playing, pending-state=(GstState)void-pending;
Got message #3001 from element "qtdemux2" (state-changed): GstMessageStateChanged, old-state=(GstState)paused, new-state=(GstState)playing, pending-state=(GstState)void-pending;
Got message #3002 from element "typefind" (state-changed): GstMessageStateChanged, old-state=(GstState)paused, new-state=(GstState)playing, pending-state=(GstState)void-pending;
Got message #3003 from element "decodebin5" (state-changed): GstMessageStateChanged, old-state=(GstState)paused, new-state=(GstState)playing, pending-state=(GstState)void-pending;
Got message #3004 from element "vaapipostproc7" (state-changed): GstMessageStateChanged, old-state=(GstState)paused, new-state=(GstState)playing, pending-state=(GstState)void-pending;
Got message #3005 from element "capsfilter17" (state-changed): GstMessageStateChanged, old-state=(GstState)paused, new-state=(GstState)playing, pending-state=(GstState)void-pending;
Got message #3006 from element "queue23" (state-changed): GstMessageStateChanged, old-state=(GstState)paused, new-state=(GstState)playing, pending-state=(GstState)void-pending;
Got message #3007 from element "vaapidecode1" (state-changed): GstMessageStateChanged, old-state=(GstState)paused, new-state=(GstState)playing, pending-state=(GstState)void-pending;
Got message #3008 from element "vaapidecodebin0" (state-changed): GstMessageStateChanged, old-state=(GstState)paused, new-state=(GstState)playing, pending-state=(GstState)void-pending;
Got message #3009 from element "capsfilter5" (state-changed): GstMessageStateChanged, old-state=(GstState)paused, new-state=(GstState)playing, pending-state=(GstState)void-pending;
Got message #3010 from element "h264parse4" (state-changed): GstMessageStateChanged, old-state=(GstState)paused, new-state=(GstState)playing, pending-state=(GstState)void-pending;
Got message #3011 from element "multiqueue3" (state-changed): GstMessageStateChanged, old-state=(GstState)paused, new-state=(GstState)playing, pending-state=(GstState)void-pending;
Got message #3012 from element "qtdemux4" (state-changed): GstMessageStateChanged, old-state=(GstState)paused, new-state=(GstState)playing, pending-state=(GstState)void-pending;
Got message #3013 from element "typefind" (state-changed): GstMessageStateChanged, old-state=(GstState)paused, new-state=(GstState)playing, pending-state=(GstState)void-pending;
Got message #3014 from element "decodebin6" (state-changed): GstMessageStateChanged, old-state=(GstState)paused, new-state=(GstState)playing, pending-state=(GstState)void-pending;
Got message #3015 from element "vaapipostproc4" (state-changed): GstMessageStateChanged, old-state=(GstState)paused, new-state=(GstState)playing, pending-state=(GstState)void-pending;
Got message #3016 from element "capsfilter15" (state-changed): GstMessageStateChanged, old-state=(GstState)paused, new-state=(GstState)playing, pending-state=(GstState)void-pending;
Got message #3017 from element "queue29" (state-changed): GstMessageStateChanged, old-state=(GstState)paused, new-state=(GstState)playing, pending-state=(GstState)void-pending;
Got message #3018 from element "vaapidecode8" (state-changed): GstMessageStateChanged, old-state=(GstState)paused, new-state=(GstState)playing, pending-state=(GstState)void-pending;
Got message #3019 from element "vaapidecodebin6" (state-changed): GstMessageStateChanged, old-state=(GstState)paused, new-state=(GstState)playing, pending-state=(GstState)void-pending;
Got message #3020 from element "capsfilter2" (state-changed): GstMessageStateChanged, old-state=(GstState)paused, new-state=(GstState)playing, pending-state=(GstState)void-pending;
Got message #3021 from element "h264parse5" (state-changed): GstMessageStateChanged, old-state=(GstState)paused, new-state=(GstState)playing, pending-state=(GstState)void-pending;
Got message #3022 from element "multiqueue8" (state-changed): GstMessageStateChanged, old-state=(GstState)paused, new-state=(GstState)playing, pending-state=(GstState)void-pending;
Got message #3023 from element "qtdemux9" (state-changed): GstMessageStateChanged, old-state=(GstState)paused, new-state=(GstState)playing, pending-state=(GstState)void-pending;
Got message #3024 from element "typefind" (state-changed): GstMessageStateChanged, old-state=(GstState)paused, new-state=(GstState)playing, pending-state=(GstState)void-pending;
Got message #3025 from element "decodebin7" (state-changed): GstMessageStateChanged, old-state=(GstState)paused, new-state=(GstState)playing, pending-state=(GstState)void-pending;
Got message #3026 from element "vaapipostproc1" (state-changed): GstMessageStateChanged, old-state=(GstState)paused, new-state=(GstState)playing, pending-state=(GstState)void-pending;
Got message #3027 from element "capsfilter12" (state-changed): GstMessageStateChanged, old-state=(GstState)paused, new-state=(GstState)playing, pending-state=(GstState)void-pending;
Got message #3028 from element "queue27" (state-changed): GstMessageStateChanged, old-state=(GstState)paused, new-state=(GstState)playing, pending-state=(GstState)void-pending;
Got message #3029 from element "vaapidecode7" (state-changed): GstMessageStateChanged, old-state=(GstState)paused, new-state=(GstState)playing, pending-state=(GstState)void-pending;
Got message #3030 from element "vaapidecodebin3" (state-changed): GstMessageStateChanged, old-state=(GstState)paused, new-state=(GstState)playing, pending-state=(GstState)void-pending;
Got message #3031 from element "capsfilter9" (state-changed): GstMessageStateChanged, old-state=(GstState)paused, new-state=(GstState)playing, pending-state=(GstState)void-pending;
Got message #3032 from element "h264parse9" (state-changed): GstMessageStateChanged, old-state=(GstState)paused, new-state=(GstState)playing, pending-state=(GstState)void-pending;
Got message #3033 from element "multiqueue7" (state-changed): GstMessageStateChanged, old-state=(GstState)paused, new-state=(GstState)playing, pending-state=(GstState)void-pending;
Got message #3034 from element "qtdemux5" (state-changed): GstMessageStateChanged, old-state=(GstState)paused, new-state=(GstState)playing, pending-state=(GstState)void-pending;
Got message #3035 from element "typefind" (state-changed): GstMessageStateChanged, old-state=(GstState)paused, new-state=(GstState)playing, pending-state=(GstState)void-pending;
Got message #3036 from element "decodebin8" (state-changed): GstMessageStateChanged, old-state=(GstState)paused, new-state=(GstState)playing, pending-state=(GstState)void-pending;
Got message #3037 from element "vaapipostproc2" (state-changed): GstMessageStateChanged, old-state=(GstState)paused, new-state=(GstState)playing, pending-state=(GstState)void-pending;
Got message #3038 from element "capsfilter13" (state-changed): GstMessageStateChanged, old-state=(GstState)paused, new-state=(GstState)playing, pending-state=(GstState)void-pending;
Got message #3039 from element "queue26" (state-changed): GstMessageStateChanged, old-state=(GstState)paused, new-state=(GstState)playing, pending-state=(GstState)void-pending;
Got message #3040 from element "vaapidecode5" (state-changed): GstMessageStateChanged, old-state=(GstState)paused, new-state=(GstState)playing, pending-state=(GstState)void-pending;
Got message #3041 from element "vaapidecodebin4" (state-changed): GstMessageStateChanged, old-state=(GstState)paused, new-state=(GstState)playing, pending-state=(GstState)void-pending;
Got message #3042 from element "capsfilter3" (state-changed): GstMessageStateChanged, old-state=(GstState)paused, new-state=(GstState)playing, pending-state=(GstState)void-pending;
Got message #3043 from element "h264parse0" (state-changed): GstMessageStateChanged, old-state=(GstState)paused, new-state=(GstState)playing, pending-state=(GstState)void-pending;
Got message #3044 from element "multiqueue4" (state-changed): GstMessageStateChanged, old-state=(GstState)paused, new-state=(GstState)playing, pending-state=(GstState)void-pending;
Got message #3045 from element "qtdemux7" (state-changed): GstMessageStateChanged, old-state=(GstState)paused, new-state=(GstState)playing, pending-state=(GstState)void-pending;
Got message #3046 from element "typefind" (state-changed): GstMessageStateChanged, old-state=(GstState)paused, new-state=(GstState)playing, pending-state=(GstState)void-pending;
Got message #3047 from element "decodebin9" (state-changed): GstMessageStateChanged, old-state=(GstState)paused, new-state=(GstState)playing, pending-state=(GstState)void-pending;
Got message #3048 from element "typefindelement9" (state-changed): GstMessageStateChanged, old-state=(GstState)paused, new-state=(GstState)playing, pending-state=(GstState)void-pending;
Got message #3049 from element "filesrc9" (state-changed): GstMessageStateChanged, old-state=(GstState)paused, new-state=(GstState)playing, pending-state=(GstState)void-pending;
Got message #3050 from element "urisourcebin0" (state-changed): GstMessageStateChanged, old-state=(GstState)paused, new-state=(GstState)playing, pending-state=(GstState)void-pending;
Got message #3051 from element "typefindelement8" (state-changed): GstMessageStateChanged, old-state=(GstState)paused, new-state=(GstState)playing, pending-state=(GstState)void-pending;
Got message #3052 from element "filesrc8" (state-changed): GstMessageStateChanged, old-state=(GstState)paused, new-state=(GstState)playing, pending-state=(GstState)void-pending;
Got message #3053 from element "urisourcebin1" (state-changed): GstMessageStateChanged, old-state=(GstState)paused, new-state=(GstState)playing, pending-state=(GstState)void-pending;
Got message #3054 from element "typefindelement7" (state-changed): GstMessageStateChanged, old-state=(GstState)paused, new-state=(GstState)playing, pending-state=(GstState)void-pending;
Got message #3055 from element "filesrc7" (state-changed): GstMessageStateChanged, old-state=(GstState)paused, new-state=(GstState)playing, pending-state=(GstState)void-pending;
Got message #3056 from element "urisourcebin2" (state-changed): GstMessageStateChanged, old-state=(GstState)paused, new-state=(GstState)playing, pending-state=(GstState)void-pending;
Got message #3057 from element "typefindelement6" (state-changed): GstMessageStateChanged, old-state=(GstState)paused, new-state=(GstState)playing, pending-state=(GstState)void-pending;
Got message #3058 from element "filesrc6" (state-changed): GstMessageStateChanged, old-state=(GstState)paused, new-state=(GstState)playing, pending-state=(GstState)void-pending;
Got message #3059 from element "urisourcebin3" (state-changed): GstMessageStateChanged, old-state=(GstState)paused, new-state=(GstState)playing, pending-state=(GstState)void-pending;
Got message #3060 from element "typefindelement5" (state-changed): GstMessageStateChanged, old-state=(GstState)paused, new-state=(GstState)playing, pending-state=(GstState)void-pending;
Got message #3061 from element "filesrc5" (state-changed): GstMessageStateChanged, old-state=(GstState)paused, new-state=(GstState)playing, pending-state=(GstState)void-pending;
Got message #3062 from element "urisourcebin4" (state-changed): GstMessageStateChanged, old-state=(GstState)paused, new-state=(GstState)playing, pending-state=(GstState)void-pending;
Got message #3063 from element "typefindelement4" (state-changed): GstMessageStateChanged, old-state=(GstState)paused, new-state=(GstState)playing, pending-state=(GstState)void-pending;
Got message #3064 from element "filesrc4" (state-changed): GstMessageStateChanged, old-state=(GstState)paused, new-state=(GstState)playing, pending-state=(GstState)void-pending;
Got message #3065 from element "urisourcebin5" (state-changed): GstMessageStateChanged, old-state=(GstState)paused, new-state=(GstState)playing, pending-state=(GstState)void-pending;
Got message #3066 from element "typefindelement3" (state-changed): GstMessageStateChanged, old-state=(GstState)paused, new-state=(GstState)playing, pending-state=(GstState)void-pending;
Got message #3067 from element "filesrc3" (state-changed): GstMessageStateChanged, old-state=(GstState)paused, new-state=(GstState)playing, pending-state=(GstState)void-pending;
Got message #3068 from element "urisourcebin6" (state-changed): GstMessageStateChanged, old-state=(GstState)paused, new-state=(GstState)playing, pending-state=(GstState)void-pending;
Got message #3069 from element "typefindelement2" (state-changed): GstMessageStateChanged, old-state=(GstState)paused, new-state=(GstState)playing, pending-state=(GstState)void-pending;
Got message #3070 from element "filesrc2" (state-changed): GstMessageStateChanged, old-state=(GstState)paused, new-state=(GstState)playing, pending-state=(GstState)void-pending;
Got message #3071 from element "urisourcebin7" (state-changed): GstMessageStateChanged, old-state=(GstState)paused, new-state=(GstState)playing, pending-state=(GstState)void-pending;
Got message #3072 from element "typefindelement1" (state-changed): GstMessageStateChanged, old-state=(GstState)paused, new-state=(GstState)playing, pending-state=(GstState)void-pending;
Got message #3073 from element "filesrc1" (state-changed): GstMessageStateChanged, old-state=(GstState)paused, new-state=(GstState)playing, pending-state=(GstState)void-pending;
Got message #3074 from element "urisourcebin8" (state-changed): GstMessageStateChanged, old-state=(GstState)paused, new-state=(GstState)playing, pending-state=(GstState)void-pending;
Got message #3075 from element "typefindelement0" (state-changed): GstMessageStateChanged, old-state=(GstState)paused, new-state=(GstState)playing, pending-state=(GstState)void-pending;
Got message #3076 from element "filesrc0" (state-changed): GstMessageStateChanged, old-state=(GstState)paused, new-state=(GstState)playing, pending-state=(GstState)void-pending;
Got message #3077 from element "urisourcebin9" (state-changed): GstMessageStateChanged, old-state=(GstState)paused, new-state=(GstState)playing, pending-state=(GstState)void-pending;
Got message #3078 from element "pipeline0" (state-changed): GstMessageStateChanged, old-state=(GstState)paused, new-state=(GstState)playing, pending-state=(GstState)void-pending;
Got message #3161 from element "fakesink0" (latency): no message details
Redistribute latency...
Got message #3163 from element "fakesink1" (latency): no message details
Redistribute latency...
Got message #3165 from element "fakesink2" (latency): no message details
Redistribute latency...
Got message #3167 from element "fakesink3" (latency): no message details
Redistribute latency...
Got message #3169 from element "fakesink4" (latency): no message details
Redistribute latency...
Got message #3171 from element "fakesink5" (latency): no message details
Redistribute latency...
Got message #3173 from element "fakesink6" (latency): no message details
Redistribute latency...
Got message #3175 from element "fakesink7" (latency): no message details
Redistribute latency...
Got message #3177 from element "fakesink8" (latency): no message details
Redistribute latency...
Got message #3179 from element "fakesink9" (latency): no message details
Redistribute latency...
Got message #3188 from element "fakesink1" (tag): GstMessageTag, taglist=(taglist)"taglist\,\ video-codec\=\(string\)\"H.264\\\ \\\(High\\\ Profile\\\)\"\,\ maximum-bitrate\=\(uint\)4472819\,\ bitrate\=\(uint\)4472819\,\ minimum-bitrate\=\(uint\)3559001\;";
Got message #3187 from element "fakesink0" (tag): GstMessageTag, taglist=(taglist)"taglist\,\ video-codec\=\(string\)\"H.264\\\ \\\(High\\\ Profile\\\)\"\,\ maximum-bitrate\=\(uint\)4472819\,\ bitrate\=\(uint\)4472819\,\ minimum-bitrate\=\(uint\)3559001\;";
Got message #3191 from element "fakesink3" (tag): GstMessageTag, taglist=(taglist)"taglist\,\ video-codec\=\(string\)\"H.264\\\ \\\(High\\\ Profile\\\)\"\,\ maximum-bitrate\=\(uint\)4472819\,\ bitrate\=\(uint\)4472819\,\ minimum-bitrate\=\(uint\)3559001\;";
Got message #3192 from element "fakesink2" (tag): GstMessageTag, taglist=(taglist)"taglist\,\ video-codec\=\(string\)\"H.264\\\ \\\(High\\\ Profile\\\)\"\,\ maximum-bitrate\=\(uint\)4472819\,\ bitrate\=\(uint\)4472819\,\ minimum-bitrate\=\(uint\)3559001\;";
Got message #3195 from element "fakesink4" (tag): GstMessageTag, taglist=(taglist)"taglist\,\ video-codec\=\(string\)\"H.264\\\ \\\(High\\\ Profile\\\)\"\,\ maximum-bitrate\=\(uint\)4472819\,\ bitrate\=\(uint\)4472819\,\ minimum-bitrate\=\(uint\)3559001\;";
Got message #3197 from element "fakesink6" (tag): GstMessageTag, taglist=(taglist)"taglist\,\ video-codec\=\(string\)\"H.264\\\ \\\(High\\\ Profile\\\)\"\,\ maximum-bitrate\=\(uint\)4472819\,\ bitrate\=\(uint\)4472819\,\ minimum-bitrate\=\(uint\)3559001\;";
Got message #3198 from element "fakesink5" (tag): GstMessageTag, taglist=(taglist)"taglist\,\ video-codec\=\(string\)\"H.264\\\ \\\(High\\\ Profile\\\)\"\,\ maximum-bitrate\=\(uint\)4472819\,\ bitrate\=\(uint\)4472819\,\ minimum-bitrate\=\(uint\)3559001\;";
Got message #3201 from element "fakesink7" (tag): GstMessageTag, taglist=(taglist)"taglist\,\ video-codec\=\(string\)\"H.264\\\ \\\(High\\\ Profile\\\)\"\,\ maximum-bitrate\=\(uint\)4472819\,\ bitrate\=\(uint\)4472819\,\ minimum-bitrate\=\(uint\)3559001\;";
Got message #3203 from element "fakesink9" (tag): GstMessageTag, taglist=(taglist)"taglist\,\ video-codec\=\(string\)\"H.264\\\ \\\(High\\\ Profile\\\)\"\,\ maximum-bitrate\=\(uint\)4472819\,\ bitrate\=\(uint\)4472819\,\ minimum-bitrate\=\(uint\)3559001\;";
Got message #3204 from element "fakesink8" (tag): GstMessageTag, taglist=(taglist)"taglist\,\ video-codec\=\(string\)\"H.264\\\ \\\(High\\\ Profile\\\)\"\,\ maximum-bitrate\=\(uint\)4472819\,\ bitrate\=\(uint\)4472819\,\ minimum-bitrate\=\(uint\)3559001\;";
Got message #3207 from element "fakesink0" (tag): GstMessageTag, taglist=(taglist)"taglist\,\ video-codec\=\(string\)\"H.264\\\ \\\(High\\\ Profile\\\)\"\,\ maximum-bitrate\=\(uint\)4472819\,\ bitrate\=\(uint\)4472819\,\ minimum-bitrate\=\(uint\)3139420\;";
Got message #3208 from element "fakesink1" (tag): GstMessageTag, taglist=(taglist)"taglist\,\ video-codec\=\(string\)\"H.264\\\ \\\(High\\\ Profile\\\)\"\,\ maximum-bitrate\=\(uint\)4472819\,\ bitrate\=\(uint\)4472819\,\ minimum-bitrate\=\(uint\)3139420\;";
Got message #3211 from element "fakesink2" (tag): GstMessageTag, taglist=(taglist)"taglist\,\ video-codec\=\(string\)\"H.264\\\ \\\(High\\\ Profile\\\)\"\,\ maximum-bitrate\=\(uint\)4472819\,\ bitrate\=\(uint\)4472819\,\ minimum-bitrate\=\(uint\)3139420\;";
Got message #3212 from element "fakesink3" (tag): GstMessageTag, taglist=(taglist)"taglist\,\ video-codec\=\(string\)\"H.264\\\ \\\(High\\\ Profile\\\)\"\,\ maximum-bitrate\=\(uint\)4472819\,\ bitrate\=\(uint\)4472819\,\ minimum-bitrate\=\(uint\)3139420\;";
Got message #3213 from element "fakesink4" (tag): GstMessageTag, taglist=(taglist)"taglist\,\ video-codec\=\(string\)\"H.264\\\ \\\(High\\\ Profile\\\)\"\,\ maximum-bitrate\=\(uint\)4472819\,\ bitrate\=\(uint\)4472819\,\ minimum-bitrate\=\(uint\)3139420\;";
Got message #3217 from element "fakesink5" (tag): GstMessageTag, taglist=(taglist)"taglist\,\ video-codec\=\(string\)\"H.264\\\ \\\(High\\\ Profile\\\)\"\,\ maximum-bitrate\=\(uint\)4472819\,\ bitrate\=\(uint\)4472819\,\ minimum-bitrate\=\(uint\)3139420\;";
Got message #3218 from element "fakesink6" (tag): GstMessageTag, taglist=(taglist)"taglist\,\ video-codec\=\(string\)\"H.264\\\ \\\(High\\\ Profile\\\)\"\,\ maximum-bitrate\=\(uint\)4472819\,\ bitrate\=\(uint\)4472819\,\ minimum-bitrate\=\(uint\)3139420\;";
Got message #3221 from element "fakesink7" (tag): GstMessageTag, taglist=(taglist)"taglist\,\ video-codec\=\(string\)\"H.264\\\ \\\(High\\\ Profile\\\)\"\,\ maximum-bitrate\=\(uint\)4472819\,\ bitrate\=\(uint\)4472819\,\ minimum-bitrate\=\(uint\)3139420\;";
Got message #3222 from element "fakesink8" (tag): GstMessageTag, taglist=(taglist)"taglist\,\ video-codec\=\(string\)\"H.264\\\ \\\(High\\\ Profile\\\)\"\,\ maximum-bitrate\=\(uint\)4472819\,\ bitrate\=\(uint\)4472819\,\ minimum-bitrate\=\(uint\)3139420\;";
Got message #3225 from element "fakesink9" (tag): GstMessageTag, taglist=(taglist)"taglist\,\ video-codec\=\(string\)\"H.264\\\ \\\(High\\\ Profile\\\)\"\,\ maximum-bitrate\=\(uint\)4472819\,\ bitrate\=\(uint\)4472819\,\ minimum-bitrate\=\(uint\)3139420\;";
Got message #3226 from element "fakesink0" (tag): GstMessageTag, taglist=(taglist)"taglist\,\ video-codec\=\(string\)\"H.264\\\ \\\(High\\\ Profile\\\)\"\,\ maximum-bitrate\=\(uint\)4472819\,\ bitrate\=\(uint\)4472819\,\ minimum-bitrate\=\(uint\)3114485\;";
Got message #3229 from element "fakesink2" (tag): GstMessageTag, taglist=(taglist)"taglist\,\ video-codec\=\(string\)\"H.264\\\ \\\(High\\\ Profile\\\)\"\,\ maximum-bitrate\=\(uint\)4472819\,\ bitrate\=\(uint\)4472819\,\ minimum-bitrate\=\(uint\)3114485\;";
Got message #3230 from element "fakesink1" (tag): GstMessageTag, taglist=(taglist)"taglist\,\ video-codec\=\(string\)\"H.264\\\ \\\(High\\\ Profile\\\)\"\,\ maximum-bitrate\=\(uint\)4472819\,\ bitrate\=\(uint\)4472819\,\ minimum-bitrate\=\(uint\)3114485\;";
Got message #3233 from element "fakesink3" (tag): GstMessageTag, taglist=(taglist)"taglist\,\ video-codec\=\(string\)\"H.264\\\ \\\(High\\\ Profile\\\)\"\,\ maximum-bitrate\=\(uint\)4472819\,\ bitrate\=\(uint\)4472819\,\ minimum-bitrate\=\(uint\)3114485\;";
Got message #3234 from element "fakesink4" (tag): GstMessageTag, taglist=(taglist)"taglist\,\ video-codec\=\(string\)\"H.264\\\ \\\(High\\\ Profile\\\)\"\,\ maximum-bitrate\=\(uint\)4472819\,\ bitrate\=\(uint\)4472819\,\ minimum-bitrate\=\(uint\)3114485\;";
Got message #3238 from element "fakesink5" (tag): GstMessageTag, taglist=(taglist)"taglist\,\ video-codec\=\(string\)\"H.264\\\ \\\(High\\\ Profile\\\)\"\,\ maximum-bitrate\=\(uint\)4472819\,\ bitrate\=\(uint\)4472819\,\ minimum-bitrate\=\(uint\)3114485\;";
Got message #3239 from element "fakesink6" (tag): GstMessageTag, taglist=(taglist)"taglist\,\ video-codec\=\(string\)\"H.264\\\ \\\(High\\\ Profile\\\)\"\,\ maximum-bitrate\=\(uint\)4472819\,\ bitrate\=\(uint\)4472819\,\ minimum-bitrate\=\(uint\)3114485\;";
Got message #3244 from element "fakesink7" (tag): GstMessageTag, taglist=(taglist)"taglist\,\ video-codec\=\(string\)\"H.264\\\ \\\(High\\\ Profile\\\)\"\,\ maximum-bitrate\=\(uint\)4472819\,\ bitrate\=\(uint\)4472819\,\ minimum-bitrate\=\(uint\)3114485\;";
Got message #3245 from element "fakesink8" (tag): GstMessageTag, taglist=(taglist)"taglist\,\ video-codec\=\(string\)\"H.264\\\ \\\(High\\\ Profile\\\)\"\,\ maximum-bitrate\=\(uint\)4472819\,\ bitrate\=\(uint\)4472819\,\ minimum-bitrate\=\(uint\)3114485\;";
Got message #3250 from element "fakesink9" (tag): GstMessageTag, taglist=(taglist)"taglist\,\ video-codec\=\(string\)\"H.264\\\ \\\(High\\\ Profile\\\)\"\,\ maximum-bitrate\=\(uint\)4472819\,\ bitrate\=\(uint\)4472819\,\ minimum-bitrate\=\(uint\)3114485\;";
Got message #3251 from element "fakesink0" (tag): GstMessageTag, taglist=(taglist)"taglist\,\ video-codec\=\(string\)\"H.264\\\ \\\(High\\\ Profile\\\)\"\,\ maximum-bitrate\=\(uint\)4472819\,\ bitrate\=\(uint\)4472819\,\ minimum-bitrate\=\(uint\)1212707\;";
Got message #3252 from element "fakesink0" (tag): GstMessageTag, taglist=(taglist)"taglist\,\ video-codec\=\(string\)\"H.264\\\ \\\(High\\\ Profile\\\)\"\,\ maximum-bitrate\=\(uint\)4472819\,\ bitrate\=\(uint\)4472819\,\ minimum-bitrate\=\(uint\)474965\;";
Got message #3257 from element "fakesink1" (tag): GstMessageTag, taglist=(taglist)"taglist\,\ video-codec\=\(string\)\"H.264\\\ \\\(High\\\ Profile\\\)\"\,\ maximum-bitrate\=\(uint\)4472819\,\ bitrate\=\(uint\)4472819\,\ minimum-bitrate\=\(uint\)1212707\;";
Got message #3258 from element "fakesink1" (tag): GstMessageTag, taglist=(taglist)"taglist\,\ video-codec\=\(string\)\"H.264\\\ \\\(High\\\ Profile\\\)\"\,\ maximum-bitrate\=\(uint\)4472819\,\ bitrate\=\(uint\)4472819\,\ minimum-bitrate\=\(uint\)474965\;";
Got message #3259 from element "fakesink2" (tag): GstMessageTag, taglist=(taglist)"taglist\,\ video-codec\=\(string\)\"H.264\\\ \\\(High\\\ Profile\\\)\"\,\ maximum-bitrate\=\(uint\)4472819\,\ bitrate\=\(uint\)4472819\,\ minimum-bitrate\=\(uint\)1212707\;";
Got message #3260 from element "fakesink2" (tag): GstMessageTag, taglist=(taglist)"taglist\,\ video-codec\=\(string\)\"H.264\\\ \\\(High\\\ Profile\\\)\"\,\ maximum-bitrate\=\(uint\)4472819\,\ bitrate\=\(uint\)4472819\,\ minimum-bitrate\=\(uint\)474965\;";
Got message #3265 from element "fakesink3" (tag): GstMessageTag, taglist=(taglist)"taglist\,\ video-codec\=\(string\)\"H.264\\\ \\\(High\\\ Profile\\\)\"\,\ maximum-bitrate\=\(uint\)4472819\,\ bitrate\=\(uint\)4472819\,\ minimum-bitrate\=\(uint\)1212707\;";
Got message #3266 from element "fakesink4" (tag): GstMessageTag, taglist=(taglist)"taglist\,\ video-codec\=\(string\)\"H.264\\\ \\\(High\\\ Profile\\\)\"\,\ maximum-bitrate\=\(uint\)4472819\,\ bitrate\=\(uint\)4472819\,\ minimum-bitrate\=\(uint\)1212707\;";
Got message #3267 from element "fakesink3" (tag): GstMessageTag, taglist=(taglist)"taglist\,\ video-codec\=\(string\)\"H.264\\\ \\\(High\\\ Profile\\\)\"\,\ maximum-bitrate\=\(uint\)4472819\,\ bitrate\=\(uint\)4472819\,\ minimum-bitrate\=\(uint\)474965\;";
Got message #3268 from element "fakesink4" (tag): GstMessageTag, taglist=(taglist)"taglist\,\ video-codec\=\(string\)\"H.264\\\ \\\(High\\\ Profile\\\)\"\,\ maximum-bitrate\=\(uint\)4472819\,\ bitrate\=\(uint\)4472819\,\ minimum-bitrate\=\(uint\)474965\;";
Got message #3271 from element "fakesink5" (tag): GstMessageTag, taglist=(taglist)"taglist\,\ video-codec\=\(string\)\"H.264\\\ \\\(High\\\ Profile\\\)\"\,\ maximum-bitrate\=\(uint\)4472819\,\ bitrate\=\(uint\)4472819\,\ minimum-bitrate\=\(uint\)1212707\;";
Got message #3272 from element "fakesink6" (tag): GstMessageTag, taglist=(taglist)"taglist\,\ video-codec\=\(string\)\"H.264\\\ \\\(High\\\ Profile\\\)\"\,\ maximum-bitrate\=\(uint\)4472819\,\ bitrate\=\(uint\)4472819\,\ minimum-bitrate\=\(uint\)1212707\;";
Got message #3273 from element "fakesink5" (tag): GstMessageTag, taglist=(taglist)"taglist\,\ video-codec\=\(string\)\"H.264\\\ \\\(High\\\ Profile\\\)\"\,\ maximum-bitrate\=\(uint\)4472819\,\ bitrate\=\(uint\)4472819\,\ minimum-bitrate\=\(uint\)474965\;";
Got message #3274 from element "fakesink6" (tag): GstMessageTag, taglist=(taglist)"taglist\,\ video-codec\=\(string\)\"H.264\\\ \\\(High\\\ Profile\\\)\"\,\ maximum-bitrate\=\(uint\)4472819\,\ bitrate\=\(uint\)4472819\,\ minimum-bitrate\=\(uint\)474965\;";
Got message #3275 from element "fakesink7" (tag): GstMessageTag, taglist=(taglist)"taglist\,\ video-codec\=\(string\)\"H.264\\\ \\\(High\\\ Profile\\\)\"\,\ maximum-bitrate\=\(uint\)4472819\,\ bitrate\=\(uint\)4472819\,\ minimum-bitrate\=\(uint\)1212707\;";
Got message #3276 from element "fakesink7" (tag): GstMessageTag, taglist=(taglist)"taglist\,\ video-codec\=\(string\)\"H.264\\\ \\\(High\\\ Profile\\\)\"\,\ maximum-bitrate\=\(uint\)4472819\,\ bitrate\=\(uint\)4472819\,\ minimum-bitrate\=\(uint\)474965\;";
Got message #3277 from element "fakesink8" (tag): GstMessageTag, taglist=(taglist)"taglist\,\ video-codec\=\(string\)\"H.264\\\ \\\(High\\\ Profile\\\)\"\,\ maximum-bitrate\=\(uint\)4472819\,\ bitrate\=\(uint\)4472819\,\ minimum-bitrate\=\(uint\)1212707\;";
Got message #3278 from element "fakesink8" (tag): GstMessageTag, taglist=(taglist)"taglist\,\ video-codec\=\(string\)\"H.264\\\ \\\(High\\\ Profile\\\)\"\,\ maximum-bitrate\=\(uint\)4472819\,\ bitrate\=\(uint\)4472819\,\ minimum-bitrate\=\(uint\)474965\;";
Got message #3279 from element "fakesink9" (tag): GstMessageTag, taglist=(taglist)"taglist\,\ video-codec\=\(string\)\"H.264\\\ \\\(High\\\ Profile\\\)\"\,\ maximum-bitrate\=\(uint\)4472819\,\ bitrate\=\(uint\)4472819\,\ minimum-bitrate\=\(uint\)1212707\;";
Got message #3280 from element "fakesink9" (tag): GstMessageTag, taglist=(taglist)"taglist\,\ video-codec\=\(string\)\"H.264\\\ \\\(High\\\ Profile\\\)\"\,\ maximum-bitrate\=\(uint\)4472819\,\ bitrate\=\(uint\)4472819\,\ minimum-bitrate\=\(uint\)474965\;";
Got message #3302 from element "fakesink0" (tag): GstMessageTag, taglist=(taglist)"taglist\,\ video-codec\=\(string\)\"H.264\\\ \\\(High\\\ Profile\\\)\"\,\ maximum-bitrate\=\(uint\)4472819\,\ bitrate\=\(uint\)4472819\,\ minimum-bitrate\=\(uint\)385294\;";
Got message #3309 from element "fakesink4" (tag): GstMessageTag, taglist=(taglist)"taglist\,\ video-codec\=\(string\)\"H.264\\\ \\\(High\\\ Profile\\\)\"\,\ maximum-bitrate\=\(uint\)4472819\,\ bitrate\=\(uint\)4472819\,\ minimum-bitrate\=\(uint\)385294\;";
Got message #3310 from element "fakesink1" (tag): GstMessageTag, taglist=(taglist)"taglist\,\ video-codec\=\(string\)\"H.264\\\ \\\(High\\\ Profile\\\)\"\,\ maximum-bitrate\=\(uint\)4472819\,\ bitrate\=\(uint\)4472819\,\ minimum-bitrate\=\(uint\)385294\;";
Got message #3311 from element "fakesink2" (tag): GstMessageTag, taglist=(taglist)"taglist\,\ video-codec\=\(string\)\"H.264\\\ \\\(High\\\ Profile\\\)\"\,\ maximum-bitrate\=\(uint\)4472819\,\ bitrate\=\(uint\)4472819\,\ minimum-bitrate\=\(uint\)385294\;";
Got message #3312 from element "fakesink3" (tag): GstMessageTag, taglist=(taglist)"taglist\,\ video-codec\=\(string\)\"H.264\\\ \\\(High\\\ Profile\\\)\"\,\ maximum-bitrate\=\(uint\)4472819\,\ bitrate\=\(uint\)4472819\,\ minimum-bitrate\=\(uint\)385294\;";
Got message #3313 from element "fakesink6" (tag): GstMessageTag, taglist=(taglist)"taglist\,\ video-codec\=\(string\)\"H.264\\\ \\\(High\\\ Profile\\\)\"\,\ maximum-bitrate\=\(uint\)4472819\,\ bitrate\=\(uint\)4472819\,\ minimum-bitrate\=\(uint\)385294\;";
Got message #3314 from element "fakesink5" (tag): GstMessageTag, taglist=(taglist)"taglist\,\ video-codec\=\(string\)\"H.264\\\ \\\(High\\\ Profile\\\)\"\,\ maximum-bitrate\=\(uint\)4472819\,\ bitrate\=\(uint\)4472819\,\ minimum-bitrate\=\(uint\)385294\;";
Got message #3316 from element "fakesink7" (tag): GstMessageTag, taglist=(taglist)"taglist\,\ video-codec\=\(string\)\"H.264\\\ \\\(High\\\ Profile\\\)\"\,\ maximum-bitrate\=\(uint\)4472819\,\ bitrate\=\(uint\)4472819\,\ minimum-bitrate\=\(uint\)385294\;";
Got message #3318 from element "fakesink8" (tag): GstMessageTag, taglist=(taglist)"taglist\,\ video-codec\=\(string\)\"H.264\\\ \\\(High\\\ Profile\\\)\"\,\ maximum-bitrate\=\(uint\)4472819\,\ bitrate\=\(uint\)4472819\,\ minimum-bitrate\=\(uint\)385294\;";
Got message #3320 from element "fakesink9" (tag): GstMessageTag, taglist=(taglist)"taglist\,\ video-codec\=\(string\)\"H.264\\\ \\\(High\\\ Profile\\\)\"\,\ maximum-bitrate\=\(uint\)4472819\,\ bitrate\=\(uint\)4472819\,\ minimum-bitrate\=\(uint\)385294\;";
Got message #3346 from element "fakesink0" (tag): GstMessageTag, taglist=(taglist)"taglist\,\ video-codec\=\(string\)\"H.264\\\ \\\(High\\\ Profile\\\)\"\,\ maximum-bitrate\=\(uint\)4472819\,\ bitrate\=\(uint\)4472819\,\ minimum-bitrate\=\(uint\)372587\;";
Got message #3347 from element "fakesink1" (tag): GstMessageTag, taglist=(taglist)"taglist\,\ video-codec\=\(string\)\"H.264\\\ \\\(High\\\ Profile\\\)\"\,\ maximum-bitrate\=\(uint\)4472819\,\ bitrate\=\(uint\)4472819\,\ minimum-bitrate\=\(uint\)372587\;";
Got message #3348 from element "fakesink2" (tag): GstMessageTag, taglist=(taglist)"taglist\,\ video-codec\=\(string\)\"H.264\\\ \\\(High\\\ Profile\\\)\"\,\ maximum-bitrate\=\(uint\)4472819\,\ bitrate\=\(uint\)4472819\,\ minimum-bitrate\=\(uint\)372587\;";
Got message #3349 from element "fakesink4" (tag): GstMessageTag, taglist=(taglist)"taglist\,\ video-codec\=\(string\)\"H.264\\\ \\\(High\\\ Profile\\\)\"\,\ maximum-bitrate\=\(uint\)4472819\,\ bitrate\=\(uint\)4472819\,\ minimum-bitrate\=\(uint\)372587\;";
Got message #3350 from element "fakesink3" (tag): GstMessageTag, taglist=(taglist)"taglist\,\ video-codec\=\(string\)\"H.264\\\ \\\(High\\\ Profile\\\)\"\,\ maximum-bitrate\=\(uint\)4472819\,\ bitrate\=\(uint\)4472819\,\ minimum-bitrate\=\(uint\)372587\;";
Got message #3352 from element "fakesink5" (tag): GstMessageTag, taglist=(taglist)"taglist\,\ video-codec\=\(string\)\"H.264\\\ \\\(High\\\ Profile\\\)\"\,\ maximum-bitrate\=\(uint\)4472819\,\ bitrate\=\(uint\)4472819\,\ minimum-bitrate\=\(uint\)372587\;";
Got message #3354 from element "fakesink6" (tag): GstMessageTag, taglist=(taglist)"taglist\,\ video-codec\=\(string\)\"H.264\\\ \\\(High\\\ Profile\\\)\"\,\ maximum-bitrate\=\(uint\)4472819\,\ bitrate\=\(uint\)4472819\,\ minimum-bitrate\=\(uint\)372587\;";
Got message #3356 from element "fakesink7" (tag): GstMessageTag, taglist=(taglist)"taglist\,\ video-codec\=\(string\)\"H.264\\\ \\\(High\\\ Profile\\\)\"\,\ maximum-bitrate\=\(uint\)4472819\,\ bitrate\=\(uint\)4472819\,\ minimum-bitrate\=\(uint\)372587\;";
Got message #3358 from element "fakesink8" (tag): GstMessageTag, taglist=(taglist)"taglist\,\ video-codec\=\(string\)\"H.264\\\ \\\(High\\\ Profile\\\)\"\,\ maximum-bitrate\=\(uint\)4472819\,\ bitrate\=\(uint\)4472819\,\ minimum-bitrate\=\(uint\)372587\;";
Got message #3360 from element "fakesink9" (tag): GstMessageTag, taglist=(taglist)"taglist\,\ video-codec\=\(string\)\"H.264\\\ \\\(High\\\ Profile\\\)\"\,\ maximum-bitrate\=\(uint\)4472819\,\ bitrate\=\(uint\)4472819\,\ minimum-bitrate\=\(uint\)372587\;";
Got message #3382 from element "fakesink0" (tag): GstMessageTag, taglist=(taglist)"taglist\,\ video-codec\=\(string\)\"H.264\\\ \\\(High\\\ Profile\\\)\"\,\ maximum-bitrate\=\(uint\)4472819\,\ bitrate\=\(uint\)4472819\,\ minimum-bitrate\=\(uint\)354125\;";
Got message #3384 from element "fakesink1" (tag): GstMessageTag, taglist=(taglist)"taglist\,\ video-codec\=\(string\)\"H.264\\\ \\\(High\\\ Profile\\\)\"\,\ maximum-bitrate\=\(uint\)4472819\,\ bitrate\=\(uint\)4472819\,\ minimum-bitrate\=\(uint\)354125\;";
Got message #3386 from element "fakesink2" (tag): GstMessageTag, taglist=(taglist)"taglist\,\ video-codec\=\(string\)\"H.264\\\ \\\(High\\\ Profile\\\)\"\,\ maximum-bitrate\=\(uint\)4472819\,\ bitrate\=\(uint\)4472819\,\ minimum-bitrate\=\(uint\)354125\;";
Got message #3388 from element "fakesink3" (tag): GstMessageTag, taglist=(taglist)"taglist\,\ video-codec\=\(string\)\"H.264\\\ \\\(High\\\ Profile\\\)\"\,\ maximum-bitrate\=\(uint\)4472819\,\ bitrate\=\(uint\)4472819\,\ minimum-bitrate\=\(uint\)354125\;";
Got message #3390 from element "fakesink4" (tag): GstMessageTag, taglist=(taglist)"taglist\,\ video-codec\=\(string\)\"H.264\\\ \\\(High\\\ Profile\\\)\"\,\ maximum-bitrate\=\(uint\)4472819\,\ bitrate\=\(uint\)4472819\,\ minimum-bitrate\=\(uint\)354125\;";
Got message #3392 from element "fakesink5" (tag): GstMessageTag, taglist=(taglist)"taglist\,\ video-codec\=\(string\)\"H.264\\\ \\\(High\\\ Profile\\\)\"\,\ maximum-bitrate\=\(uint\)4472819\,\ bitrate\=\(uint\)4472819\,\ minimum-bitrate\=\(uint\)354125\;";
Got message #3394 from element "fakesink6" (tag): GstMessageTag, taglist=(taglist)"taglist\,\ video-codec\=\(string\)\"H.264\\\ \\\(High\\\ Profile\\\)\"\,\ maximum-bitrate\=\(uint\)4472819\,\ bitrate\=\(uint\)4472819\,\ minimum-bitrate\=\(uint\)354125\;";
Got message #3396 from element "fakesink7" (tag): GstMessageTag, taglist=(taglist)"taglist\,\ video-codec\=\(string\)\"H.264\\\ \\\(High\\\ Profile\\\)\"\,\ maximum-bitrate\=\(uint\)4472819\,\ bitrate\=\(uint\)4472819\,\ minimum-bitrate\=\(uint\)354125\;";
Got message #3400 from element "fakesink8" (tag): GstMessageTag, taglist=(taglist)"taglist\,\ video-codec\=\(string\)\"H.264\\\ \\\(High\\\ Profile\\\)\"\,\ maximum-bitrate\=\(uint\)4472819\,\ bitrate\=\(uint\)4472819\,\ minimum-bitrate\=\(uint\)354125\;";
Got message #3399 from element "fakesink9" (tag): GstMessageTag, taglist=(taglist)"taglist\,\ video-codec\=\(string\)\"H.264\\\ \\\(High\\\ Profile\\\)\"\,\ maximum-bitrate\=\(uint\)4472819\,\ bitrate\=\(uint\)4472819\,\ minimum-bitrate\=\(uint\)354125\;";
Got message #3425 from element "fakesink0" (tag): GstMessageTag, taglist=(taglist)"taglist\,\ video-codec\=\(string\)\"H.264\\\ \\\(High\\\ Profile\\\)\"\,\ maximum-bitrate\=\(uint\)4472819\,\ bitrate\=\(uint\)4472819\,\ minimum-bitrate\=\(uint\)348611\;";
Got message #3429 from element "fakesink1" (tag): GstMessageTag, taglist=(taglist)"taglist\,\ video-codec\=\(string\)\"H.264\\\ \\\(High\\\ Profile\\\)\"\,\ maximum-bitrate\=\(uint\)4472819\,\ bitrate\=\(uint\)4472819\,\ minimum-bitrate\=\(uint\)348611\;";
Got message #3430 from element "fakesink2" (tag): GstMessageTag, taglist=(taglist)"taglist\,\ video-codec\=\(string\)\"H.264\\\ \\\(High\\\ Profile\\\)\"\,\ maximum-bitrate\=\(uint\)4472819\,\ bitrate\=\(uint\)4472819\,\ minimum-bitrate\=\(uint\)348611\;";
Got message #3431 from element "fakesink3" (tag): GstMessageTag, taglist=(taglist)"taglist\,\ video-codec\=\(string\)\"H.264\\\ \\\(High\\\ Profile\\\)\"\,\ maximum-bitrate\=\(uint\)4472819\,\ bitrate\=\(uint\)4472819\,\ minimum-bitrate\=\(uint\)348611\;";
Got message #3433 from element "fakesink4" (tag): GstMessageTag, taglist=(taglist)"taglist\,\ video-codec\=\(string\)\"H.264\\\ \\\(High\\\ Profile\\\)\"\,\ maximum-bitrate\=\(uint\)4472819\,\ bitrate\=\(uint\)4472819\,\ minimum-bitrate\=\(uint\)348611\;";
Got message #3434 from element "fakesink5" (tag): GstMessageTag, taglist=(taglist)"taglist\,\ video-codec\=\(string\)\"H.264\\\ \\\(High\\\ Profile\\\)\"\,\ maximum-bitrate\=\(uint\)4472819\,\ bitrate\=\(uint\)4472819\,\ minimum-bitrate\=\(uint\)348611\;";
Got message #3435 from element "fakesink6" (tag): GstMessageTag, taglist=(taglist)"taglist\,\ video-codec\=\(string\)\"H.264\\\ \\\(High\\\ Profile\\\)\"\,\ maximum-bitrate\=\(uint\)4472819\,\ bitrate\=\(uint\)4472819\,\ minimum-bitrate\=\(uint\)348611\;";
Got message #3438 from element "fakesink7" (tag): GstMessageTag, taglist=(taglist)"taglist\,\ video-codec\=\(string\)\"H.264\\\ \\\(High\\\ Profile\\\)\"\,\ maximum-bitrate\=\(uint\)4472819\,\ bitrate\=\(uint\)4472819\,\ minimum-bitrate\=\(uint\)348611\;";
Got message #3439 from element "fakesink8" (tag): GstMessageTag, taglist=(taglist)"taglist\,\ video-codec\=\(string\)\"H.264\\\ \\\(High\\\ Profile\\\)\"\,\ maximum-bitrate\=\(uint\)4472819\,\ bitrate\=\(uint\)4472819\,\ minimum-bitrate\=\(uint\)348611\;";
Got message #3440 from element "fakesink9" (tag): GstMessageTag, taglist=(taglist)"taglist\,\ video-codec\=\(string\)\"H.264\\\ \\\(High\\\ Profile\\\)\"\,\ maximum-bitrate\=\(uint\)4472819\,\ bitrate\=\(uint\)4472819\,\ minimum-bitrate\=\(uint\)348611\;";
Got message #3461 from element "pipeline0" (eos): no message details
Got EOS from element "pipeline0".
EOS received - stopping pipeline...
Execution ended after 0:02:07.880869636
Setting pipeline to NULL ...
Freeing pipeline ...

__CPU_PERCENT__=83%
__MAX_RSS_KB__=641936

__EXIT_CODE__=0