파이프라인을 PAUSED로 만드는 중 ...
파이프라인 PREROLLING중 ...
Got message #88 from element "fakesink5" (state-changed): GstMessageStateChanged, old-state=(GstState)null, new-state=(GstState)ready, pending-state=(GstState)void-pending;
Got message #89 from element "fakesink4" (state-changed): GstMessageStateChanged, old-state=(GstState)null, new-state=(GstState)ready, pending-state=(GstState)void-pending;
Got message #90 from element "fakesink3" (state-changed): GstMessageStateChanged, old-state=(GstState)null, new-state=(GstState)ready, pending-state=(GstState)void-pending;
Got message #91 from element "fakesink2" (state-changed): GstMessageStateChanged, old-state=(GstState)null, new-state=(GstState)ready, pending-state=(GstState)void-pending;
Got message #92 from element "fakesink1" (state-changed): GstMessageStateChanged, old-state=(GstState)null, new-state=(GstState)ready, pending-state=(GstState)void-pending;
Got message #93 from element "fakesink0" (state-changed): GstMessageStateChanged, old-state=(GstState)null, new-state=(GstState)ready, pending-state=(GstState)void-pending;
Got message #94 from element "queue14" (state-changed): GstMessageStateChanged, old-state=(GstState)null, new-state=(GstState)ready, pending-state=(GstState)void-pending;
Got message #95 from element "queue13" (state-changed): GstMessageStateChanged, old-state=(GstState)null, new-state=(GstState)ready, pending-state=(GstState)void-pending;
Got message #96 from element "queue12" (state-changed): GstMessageStateChanged, old-state=(GstState)null, new-state=(GstState)ready, pending-state=(GstState)void-pending;
Got message #97 from element "queue11" (state-changed): GstMessageStateChanged, old-state=(GstState)null, new-state=(GstState)ready, pending-state=(GstState)void-pending;
Got message #98 from element "queue10" (state-changed): GstMessageStateChanged, old-state=(GstState)null, new-state=(GstState)ready, pending-state=(GstState)void-pending;
Got message #99 from element "queue9" (state-changed): GstMessageStateChanged, old-state=(GstState)null, new-state=(GstState)ready, pending-state=(GstState)void-pending;
Got message #100 from element "out" (state-changed): GstMessageStateChanged, old-state=(GstState)null, new-state=(GstState)ready, pending-state=(GstState)void-pending;
Got message #101 from element "queue8" (state-changed): GstMessageStateChanged, old-state=(GstState)null, new-state=(GstState)ready, pending-state=(GstState)void-pending;
Got message #102 from element "dxpostprocess0" (state-changed): GstMessageStateChanged, old-state=(GstState)null, new-state=(GstState)ready, pending-state=(GstState)void-pending;
Got message #103 from element "queue7" (state-changed): GstMessageStateChanged, old-state=(GstState)null, new-state=(GstState)ready, pending-state=(GstState)void-pending;
Got message #104 from element "dxinfer0" (state-changed): GstMessageStateChanged, old-state=(GstState)null, new-state=(GstState)ready, pending-state=(GstState)void-pending;
Got message #105 from element "queue6" (state-changed): GstMessageStateChanged, old-state=(GstState)null, new-state=(GstState)ready, pending-state=(GstState)void-pending;
Got message #106 from element "dxpreprocess0" (state-changed): GstMessageStateChanged, old-state=(GstState)null, new-state=(GstState)ready, pending-state=(GstState)void-pending;
Got message #107 from element "in" (state-changed): GstMessageStateChanged, old-state=(GstState)null, new-state=(GstState)ready, pending-state=(GstState)void-pending;
Got message #108 from element "queue0" (state-changed): GstMessageStateChanged, old-state=(GstState)null, new-state=(GstState)ready, pending-state=(GstState)void-pending;
Got message #109 from element "queue1" (state-changed): GstMessageStateChanged, old-state=(GstState)null, new-state=(GstState)ready, pending-state=(GstState)void-pending;
Got message #110 from element "queue2" (state-changed): GstMessageStateChanged, old-state=(GstState)null, new-state=(GstState)ready, pending-state=(GstState)void-pending;
Got message #111 from element "queue3" (state-changed): GstMessageStateChanged, old-state=(GstState)null, new-state=(GstState)ready, pending-state=(GstState)void-pending;
Got message #112 from element "queue4" (state-changed): GstMessageStateChanged, old-state=(GstState)null, new-state=(GstState)ready, pending-state=(GstState)void-pending;
Got message #113 from element "queue5" (state-changed): GstMessageStateChanged, old-state=(GstState)null, new-state=(GstState)ready, pending-state=(GstState)void-pending;
Got message #114 from element "typefind" (state-changed): GstMessageStateChanged, old-state=(GstState)null, new-state=(GstState)ready, pending-state=(GstState)void-pending;
Got message #115 from element "decodebin5" (state-changed): GstMessageStateChanged, old-state=(GstState)null, new-state=(GstState)ready, pending-state=(GstState)void-pending;
Got message #116 from element "typefind" (state-changed): GstMessageStateChanged, old-state=(GstState)null, new-state=(GstState)ready, pending-state=(GstState)void-pending;
Got message #117 from element "decodebin4" (state-changed): GstMessageStateChanged, old-state=(GstState)null, new-state=(GstState)ready, pending-state=(GstState)void-pending;
Got message #118 from element "typefind" (state-changed): GstMessageStateChanged, old-state=(GstState)null, new-state=(GstState)ready, pending-state=(GstState)void-pending;
Got message #119 from element "decodebin3" (state-changed): GstMessageStateChanged, old-state=(GstState)null, new-state=(GstState)ready, pending-state=(GstState)void-pending;
Got message #120 from element "typefind" (state-changed): GstMessageStateChanged, old-state=(GstState)null, new-state=(GstState)ready, pending-state=(GstState)void-pending;
Got message #121 from element "decodebin2" (state-changed): GstMessageStateChanged, old-state=(GstState)null, new-state=(GstState)ready, pending-state=(GstState)void-pending;
Got message #122 from element "typefind" (state-changed): GstMessageStateChanged, old-state=(GstState)null, new-state=(GstState)ready, pending-state=(GstState)void-pending;
Got message #123 from element "decodebin1" (state-changed): GstMessageStateChanged, old-state=(GstState)null, new-state=(GstState)ready, pending-state=(GstState)void-pending;
Got message #124 from element "typefind" (state-changed): GstMessageStateChanged, old-state=(GstState)null, new-state=(GstState)ready, pending-state=(GstState)void-pending;
Got message #125 from element "decodebin0" (state-changed): GstMessageStateChanged, old-state=(GstState)null, new-state=(GstState)ready, pending-state=(GstState)void-pending;
Got message #126 from element "urisourcebin5" (state-changed): GstMessageStateChanged, old-state=(GstState)null, new-state=(GstState)ready, pending-state=(GstState)void-pending;
Got message #127 from element "urisourcebin4" (state-changed): GstMessageStateChanged, old-state=(GstState)null, new-state=(GstState)ready, pending-state=(GstState)void-pending;
Got message #128 from element "urisourcebin3" (state-changed): GstMessageStateChanged, old-state=(GstState)null, new-state=(GstState)ready, pending-state=(GstState)void-pending;
Got message #129 from element "urisourcebin2" (state-changed): GstMessageStateChanged, old-state=(GstState)null, new-state=(GstState)ready, pending-state=(GstState)void-pending;
Got message #130 from element "urisourcebin1" (state-changed): GstMessageStateChanged, old-state=(GstState)null, new-state=(GstState)ready, pending-state=(GstState)void-pending;
Got message #131 from element "urisourcebin0" (state-changed): GstMessageStateChanged, old-state=(GstState)null, new-state=(GstState)ready, pending-state=(GstState)void-pending;
Got message #132 from element "pipeline0" (state-changed): GstMessageStateChanged, old-state=(GstState)null, new-state=(GstState)ready, pending-state=(GstState)paused;
Got message #133 from element "fakesink5" (latency): no message details
Redistribute latency...
Got message #134 from element "fakesink5" (state-changed): GstMessageStateChanged, old-state=(GstState)ready, new-state=(GstState)paused, pending-state=(GstState)void-pending;
Got message #135 from element "fakesink4" (latency): no message details
Redistribute latency...
Got message #136 from element "fakesink4" (state-changed): GstMessageStateChanged, old-state=(GstState)ready, new-state=(GstState)paused, pending-state=(GstState)void-pending;
Got message #137 from element "fakesink3" (latency): no message details
Redistribute latency...
Got message #138 from element "fakesink3" (state-changed): GstMessageStateChanged, old-state=(GstState)ready, new-state=(GstState)paused, pending-state=(GstState)void-pending;
Got message #139 from element "fakesink2" (latency): no message details
Redistribute latency...
Got message #140 from element "fakesink2" (state-changed): GstMessageStateChanged, old-state=(GstState)ready, new-state=(GstState)paused, pending-state=(GstState)void-pending;
Got message #141 from element "fakesink1" (latency): no message details
Redistribute latency...
Got message #142 from element "fakesink1" (state-changed): GstMessageStateChanged, old-state=(GstState)ready, new-state=(GstState)paused, pending-state=(GstState)void-pending;
Got message #143 from element "fakesink0" (latency): no message details
Redistribute latency...
Got message #144 from element "fakesink0" (state-changed): GstMessageStateChanged, old-state=(GstState)ready, new-state=(GstState)paused, pending-state=(GstState)void-pending;
Got message #145 from pad "queue14:src" (stream-status): GstMessageStreamStatus, type=(GstStreamStatusType)create, owner=(GstElement)"\(GstQueue\)\ queue14", object=(GstTask)"\(GstTask\)\ queue14:src";
Got message #146 from element "queue14" (state-changed): GstMessageStateChanged, old-state=(GstState)ready, new-state=(GstState)paused, pending-state=(GstState)void-pending;
Got message #147 from pad "queue13:src" (stream-status): GstMessageStreamStatus, type=(GstStreamStatusType)create, owner=(GstElement)"\(GstQueue\)\ queue13", object=(GstTask)"\(GstTask\)\ queue13:src";
Got message #148 from element "queue13" (state-changed): GstMessageStateChanged, old-state=(GstState)ready, new-state=(GstState)paused, pending-state=(GstState)void-pending;
Got message #149 from pad "queue12:src" (stream-status): GstMessageStreamStatus, type=(GstStreamStatusType)create, owner=(GstElement)"\(GstQueue\)\ queue12", object=(GstTask)"\(GstTask\)\ queue12:src";
Got message #150 from element "queue12" (state-changed): GstMessageStateChanged, old-state=(GstState)ready, new-state=(GstState)paused, pending-state=(GstState)void-pending;
Got message #151 from pad "queue11:src" (stream-status): GstMessageStreamStatus, type=(GstStreamStatusType)create, owner=(GstElement)"\(GstQueue\)\ queue11", object=(GstTask)"\(GstTask\)\ queue11:src";
Got message #152 from element "queue11" (state-changed): GstMessageStateChanged, old-state=(GstState)ready, new-state=(GstState)paused, pending-state=(GstState)void-pending;
Got message #153 from pad "queue10:src" (stream-status): GstMessageStreamStatus, type=(GstStreamStatusType)create, owner=(GstElement)"\(GstQueue\)\ queue10", object=(GstTask)"\(GstTask\)\ queue10:src";
Got message #154 from pad "queue14:src" (stream-status): GstMessageStreamStatus, type=(GstStreamStatusType)enter, owner=(GstElement)"\(GstQueue\)\ queue14", object=(GstTask)"\(GstTask\)\ queue14:src";
Got message #155 from element "queue10" (state-changed): GstMessageStateChanged, old-state=(GstState)ready, new-state=(GstState)paused, pending-state=(GstState)void-pending;
Got message #156 from pad "queue9:src" (stream-status): GstMessageStreamStatus, type=(GstStreamStatusType)create, owner=(GstElement)"\(GstQueue\)\ queue9", object=(GstTask)"\(GstTask\)\ queue9:src";
Got message #157 from pad "queue13:src" (stream-status): GstMessageStreamStatus, type=(GstStreamStatusType)enter, owner=(GstElement)"\(GstQueue\)\ queue13", object=(GstTask)"\(GstTask\)\ queue13:src";
Got message #158 from pad "queue12:src" (stream-status): GstMessageStreamStatus, type=(GstStreamStatusType)enter, owner=(GstElement)"\(GstQueue\)\ queue12", object=(GstTask)"\(GstTask\)\ queue12:src";
Got message #159 from pad "queue11:src" (stream-status): GstMessageStreamStatus, type=(GstStreamStatusType)enter, owner=(GstElement)"\(GstQueue\)\ queue11", object=(GstTask)"\(GstTask\)\ queue11:src";
Got message #160 from element "queue9" (state-changed): GstMessageStateChanged, old-state=(GstState)ready, new-state=(GstState)paused, pending-state=(GstState)void-pending;
Got message #161 from element "out" (state-changed): GstMessageStateChanged, old-state=(GstState)ready, new-state=(GstState)paused, pending-state=(GstState)void-pending;
Got message #162 from pad "queue8:src" (stream-status): GstMessageStreamStatus, type=(GstStreamStatusType)create, owner=(GstElement)"\(GstQueue\)\ queue8", object=(GstTask)"\(GstTask\)\ queue8:src";
Got message #163 from element "queue8" (state-changed): GstMessageStateChanged, old-state=(GstState)ready, new-state=(GstState)paused, pending-state=(GstState)void-pending;
Got message #164 from element "dxpostprocess0" (state-changed): GstMessageStateChanged, old-state=(GstState)ready, new-state=(GstState)paused, pending-state=(GstState)void-pending;
Got message #165 from pad "queue7:src" (stream-status): GstMessageStreamStatus, type=(GstStreamStatusType)create, owner=(GstElement)"\(GstQueue\)\ queue7", object=(GstTask)"\(GstTask\)\ queue7:src";
Got message #166 from pad "queue9:src" (stream-status): GstMessageStreamStatus, type=(GstStreamStatusType)enter, owner=(GstElement)"\(GstQueue\)\ queue9", object=(GstTask)"\(GstTask\)\ queue9:src";
Got message #167 from pad "queue10:src" (stream-status): GstMessageStreamStatus, type=(GstStreamStatusType)enter, owner=(GstElement)"\(GstQueue\)\ queue10", object=(GstTask)"\(GstTask\)\ queue10:src";
Got message #168 from element "queue7" (state-changed): GstMessageStateChanged, old-state=(GstState)ready, new-state=(GstState)paused, pending-state=(GstState)void-pending;
Got message #169 from element "dxinfer0" (state-changed): GstMessageStateChanged, old-state=(GstState)ready, new-state=(GstState)paused, pending-state=(GstState)void-pending;
Got message #170 from pad "queue6:src" (stream-status): GstMessageStreamStatus, type=(GstStreamStatusType)create, owner=(GstElement)"\(GstQueue\)\ queue6", object=(GstTask)"\(GstTask\)\ queue6:src";
Got message #171 from pad "queue8:src" (stream-status): GstMessageStreamStatus, type=(GstStreamStatusType)enter, owner=(GstElement)"\(GstQueue\)\ queue8", object=(GstTask)"\(GstTask\)\ queue8:src";
Got message #172 from element "queue6" (state-changed): GstMessageStateChanged, old-state=(GstState)ready, new-state=(GstState)paused, pending-state=(GstState)void-pending;
Got message #173 from element "dxpreprocess0" (state-changed): GstMessageStateChanged, old-state=(GstState)ready, new-state=(GstState)paused, pending-state=(GstState)void-pending;
Got message #174 from pad "in:src" (stream-status): GstMessageStreamStatus, type=(GstStreamStatusType)create, owner=(GstElement)"\(GstDxInputSelector\)\ in", object=(GstTask)"\(GstTask\)\ in:src";
Got message #175 from element "in" (state-changed): GstMessageStateChanged, old-state=(GstState)ready, new-state=(GstState)paused, pending-state=(GstState)void-pending;
Got message #176 from pad "queue0:src" (stream-status): GstMessageStreamStatus, type=(GstStreamStatusType)create, owner=(GstElement)"\(GstQueue\)\ queue0", object=(GstTask)"\(GstTask\)\ queue0:src";
Got message #177 from element "queue0" (state-changed): GstMessageStateChanged, old-state=(GstState)ready, new-state=(GstState)paused, pending-state=(GstState)void-pending;
Got message #178 from pad "queue1:src" (stream-status): GstMessageStreamStatus, type=(GstStreamStatusType)create, owner=(GstElement)"\(GstQueue\)\ queue1", object=(GstTask)"\(GstTask\)\ queue1:src";
Got message #179 from pad "queue7:src" (stream-status): GstMessageStreamStatus, type=(GstStreamStatusType)enter, owner=(GstElement)"\(GstQueue\)\ queue7", object=(GstTask)"\(GstTask\)\ queue7:src";
Got message #180 from element "queue1" (state-changed): GstMessageStateChanged, old-state=(GstState)ready, new-state=(GstState)paused, pending-state=(GstState)void-pending;
Got message #181 from pad "queue2:src" (stream-status): GstMessageStreamStatus, type=(GstStreamStatusType)create, owner=(GstElement)"\(GstQueue\)\ queue2", object=(GstTask)"\(GstTask\)\ queue2:src";
Got message #182 from pad "in:src" (stream-status): GstMessageStreamStatus, type=(GstStreamStatusType)enter, owner=(GstElement)"\(GstDxInputSelector\)\ in", object=(GstTask)"\(GstTask\)\ in:src";
Got message #183 from pad "queue6:src" (stream-status): GstMessageStreamStatus, type=(GstStreamStatusType)enter, owner=(GstElement)"\(GstQueue\)\ queue6", object=(GstTask)"\(GstTask\)\ queue6:src";
Got message #184 from element "queue2" (state-changed): GstMessageStateChanged, old-state=(GstState)ready, new-state=(GstState)paused, pending-state=(GstState)void-pending;
Got message #185 from pad "queue3:src" (stream-status): GstMessageStreamStatus, type=(GstStreamStatusType)create, owner=(GstElement)"\(GstQueue\)\ queue3", object=(GstTask)"\(GstTask\)\ queue3:src";
Got message #186 from pad "queue0:src" (stream-status): GstMessageStreamStatus, type=(GstStreamStatusType)enter, owner=(GstElement)"\(GstQueue\)\ queue0", object=(GstTask)"\(GstTask\)\ queue0:src";
Got message #187 from pad "queue1:src" (stream-status): GstMessageStreamStatus, type=(GstStreamStatusType)enter, owner=(GstElement)"\(GstQueue\)\ queue1", object=(GstTask)"\(GstTask\)\ queue1:src";
Got message #188 from element "queue3" (state-changed): GstMessageStateChanged, old-state=(GstState)ready, new-state=(GstState)paused, pending-state=(GstState)void-pending;
Got message #189 from pad "queue4:src" (stream-status): GstMessageStreamStatus, type=(GstStreamStatusType)create, owner=(GstElement)"\(GstQueue\)\ queue4", object=(GstTask)"\(GstTask\)\ queue4:src";
Got message #190 from pad "queue2:src" (stream-status): GstMessageStreamStatus, type=(GstStreamStatusType)enter, owner=(GstElement)"\(GstQueue\)\ queue2", object=(GstTask)"\(GstTask\)\ queue2:src";
Got message #191 from element "queue4" (state-changed): GstMessageStateChanged, old-state=(GstState)ready, new-state=(GstState)paused, pending-state=(GstState)void-pending;
Got message #192 from pad "queue5:src" (stream-status): GstMessageStreamStatus, type=(GstStreamStatusType)create, owner=(GstElement)"\(GstQueue\)\ queue5", object=(GstTask)"\(GstTask\)\ queue5:src";
Got message #193 from element "queue5" (state-changed): GstMessageStateChanged, old-state=(GstState)ready, new-state=(GstState)paused, pending-state=(GstState)void-pending;
Got message #194 from pad "queue3:src" (stream-status): GstMessageStreamStatus, type=(GstStreamStatusType)enter, owner=(GstElement)"\(GstQueue\)\ queue3", object=(GstTask)"\(GstTask\)\ queue3:src";
Got message #198 from element "typefind" (state-changed): GstMessageStateChanged, old-state=(GstState)ready, new-state=(GstState)paused, pending-state=(GstState)void-pending;
Got message #197 from pad "queue4:src" (stream-status): GstMessageStreamStatus, type=(GstStreamStatusType)enter, owner=(GstElement)"\(GstQueue\)\ queue4", object=(GstTask)"\(GstTask\)\ queue4:src";
Got message #201 from pad "queue5:src" (stream-status): GstMessageStreamStatus, type=(GstStreamStatusType)enter, owner=(GstElement)"\(GstQueue\)\ queue5", object=(GstTask)"\(GstTask\)\ queue5:src";
Got message #202 from element "typefind" (state-changed): GstMessageStateChanged, old-state=(GstState)ready, new-state=(GstState)paused, pending-state=(GstState)void-pending;
Got message #205 from element "typefind" (state-changed): GstMessageStateChanged, old-state=(GstState)ready, new-state=(GstState)paused, pending-state=(GstState)void-pending;
Got message #208 from element "typefind" (state-changed): GstMessageStateChanged, old-state=(GstState)ready, new-state=(GstState)paused, pending-state=(GstState)void-pending;
Got message #211 from element "typefind" (state-changed): GstMessageStateChanged, old-state=(GstState)ready, new-state=(GstState)paused, pending-state=(GstState)void-pending;
Got message #214 from element "typefind" (state-changed): GstMessageStateChanged, old-state=(GstState)ready, new-state=(GstState)paused, pending-state=(GstState)void-pending;
Got message #216 from element "urisourcebin5" (property-notify): GstMessagePropertyNotify, property-name=(string)source, property-value=(GstElement)"\(GstFileSrc\)\ filesrc0";
/GstPipeline:pipeline0/GstURISourceBin:urisourcebin5: source = "\(GstFileSrc\)\ filesrc0"
Got message #220 from element "typefindelement0" (state-changed): GstMessageStateChanged, old-state=(GstState)null, new-state=(GstState)ready, pending-state=(GstState)paused;
Got message #223 from pad "typefindelement0:sink" (stream-status): GstMessageStreamStatus, type=(GstStreamStatusType)create, owner=(GstElement)"\(GstTypeFindElement\)\ typefindelement0", object=(GstTask)"\(GstTask\)\ typefindelement0:sink";
Got message #224 from element "typefindelement0" (state-changed): GstMessageStateChanged, old-state=(GstState)ready, new-state=(GstState)paused, pending-state=(GstState)void-pending;
Got message #225 from element "filesrc0" (state-changed): GstMessageStateChanged, old-state=(GstState)null, new-state=(GstState)ready, pending-state=(GstState)paused;
Got message #226 from element "filesrc0" (state-changed): GstMessageStateChanged, old-state=(GstState)ready, new-state=(GstState)paused, pending-state=(GstState)void-pending;
Got message #227 from element "urisourcebin5" (state-changed): GstMessageStateChanged, old-state=(GstState)ready, new-state=(GstState)paused, pending-state=(GstState)void-pending;
Got message #228 from pad "typefindelement0:sink" (stream-status): GstMessageStreamStatus, type=(GstStreamStatusType)enter, owner=(GstElement)"\(GstTypeFindElement\)\ typefindelement0", object=(GstTask)"\(GstTask\)\ typefindelement0:sink";
Got message #231 from element "urisourcebin4" (property-notify): GstMessagePropertyNotify, property-name=(string)source, property-value=(GstElement)"\(GstFileSrc\)\ filesrc1";
/GstPipeline:pipeline0/GstURISourceBin:urisourcebin4: source = "\(GstFileSrc\)\ filesrc1"
Got message #235 from element "typefindelement1" (state-changed): GstMessageStateChanged, old-state=(GstState)null, new-state=(GstState)ready, pending-state=(GstState)paused;
Got message #238 from pad "typefindelement1:sink" (stream-status): GstMessageStreamStatus, type=(GstStreamStatusType)create, owner=(GstElement)"\(GstTypeFindElement\)\ typefindelement1", object=(GstTask)"\(GstTask\)\ typefindelement1:sink";
Got message #239 from element "typefindelement1" (state-changed): GstMessageStateChanged, old-state=(GstState)ready, new-state=(GstState)paused, pending-state=(GstState)void-pending;
Got message #240 from element "filesrc1" (state-changed): GstMessageStateChanged, old-state=(GstState)null, new-state=(GstState)ready, pending-state=(GstState)paused;
Got message #241 from element "filesrc1" (state-changed): GstMessageStateChanged, old-state=(GstState)ready, new-state=(GstState)paused, pending-state=(GstState)void-pending;
Got message #242 from element "urisourcebin4" (state-changed): GstMessageStateChanged, old-state=(GstState)ready, new-state=(GstState)paused, pending-state=(GstState)void-pending;
Got message #243 from pad "typefindelement1:sink" (stream-status): GstMessageStreamStatus, type=(GstStreamStatusType)enter, owner=(GstElement)"\(GstTypeFindElement\)\ typefindelement1", object=(GstTask)"\(GstTask\)\ typefindelement1:sink";
Got message #246 from element "urisourcebin3" (property-notify): GstMessagePropertyNotify, property-name=(string)source, property-value=(GstElement)"\(GstFileSrc\)\ filesrc2";
/GstPipeline:pipeline0/GstURISourceBin:urisourcebin3: source = "\(GstFileSrc\)\ filesrc2"
Got message #250 from element "typefindelement2" (state-changed): GstMessageStateChanged, old-state=(GstState)null, new-state=(GstState)ready, pending-state=(GstState)paused;
Got message #253 from pad "typefindelement2:sink" (stream-status): GstMessageStreamStatus, type=(GstStreamStatusType)create, owner=(GstElement)"\(GstTypeFindElement\)\ typefindelement2", object=(GstTask)"\(GstTask\)\ typefindelement2:sink";
Got message #254 from element "typefindelement2" (state-changed): GstMessageStateChanged, old-state=(GstState)ready, new-state=(GstState)paused, pending-state=(GstState)void-pending;
Got message #255 from element "filesrc2" (state-changed): GstMessageStateChanged, old-state=(GstState)null, new-state=(GstState)ready, pending-state=(GstState)paused;
Got message #256 from element "filesrc2" (state-changed): GstMessageStateChanged, old-state=(GstState)ready, new-state=(GstState)paused, pending-state=(GstState)void-pending;
Got message #257 from element "urisourcebin3" (state-changed): GstMessageStateChanged, old-state=(GstState)ready, new-state=(GstState)paused, pending-state=(GstState)void-pending;
Got message #258 from pad "typefindelement2:sink" (stream-status): GstMessageStreamStatus, type=(GstStreamStatusType)enter, owner=(GstElement)"\(GstTypeFindElement\)\ typefindelement2", object=(GstTask)"\(GstTask\)\ typefindelement2:sink";
Got message #260 from element "urisourcebin2" (property-notify): GstMessagePropertyNotify, property-name=(string)source, property-value=(GstElement)"\(GstFileSrc\)\ filesrc3";
/GstPipeline:pipeline0/GstURISourceBin:urisourcebin2: source = "\(GstFileSrc\)\ filesrc3"
Got message #265 from element "typefindelement3" (state-changed): GstMessageStateChanged, old-state=(GstState)null, new-state=(GstState)ready, pending-state=(GstState)paused;
Got message #268 from pad "typefindelement3:sink" (stream-status): GstMessageStreamStatus, type=(GstStreamStatusType)create, owner=(GstElement)"\(GstTypeFindElement\)\ typefindelement3", object=(GstTask)"\(GstTask\)\ typefindelement3:sink";
Got message #269 from element "typefindelement3" (state-changed): GstMessageStateChanged, old-state=(GstState)ready, new-state=(GstState)paused, pending-state=(GstState)void-pending;
Got message #270 from element "filesrc3" (state-changed): GstMessageStateChanged, old-state=(GstState)null, new-state=(GstState)ready, pending-state=(GstState)paused;
Got message #271 from element "filesrc3" (state-changed): GstMessageStateChanged, old-state=(GstState)ready, new-state=(GstState)paused, pending-state=(GstState)void-pending;
Got message #272 from element "urisourcebin2" (state-changed): GstMessageStateChanged, old-state=(GstState)ready, new-state=(GstState)paused, pending-state=(GstState)void-pending;
Got message #273 from pad "typefindelement3:sink" (stream-status): GstMessageStreamStatus, type=(GstStreamStatusType)enter, owner=(GstElement)"\(GstTypeFindElement\)\ typefindelement3", object=(GstTask)"\(GstTask\)\ typefindelement3:sink";
Got message #276 from element "urisourcebin1" (property-notify): GstMessagePropertyNotify, property-name=(string)source, property-value=(GstElement)"\(GstFileSrc\)\ filesrc4";
/GstPipeline:pipeline0/GstURISourceBin:urisourcebin1: source = "\(GstFileSrc\)\ filesrc4"
Got message #280 from element "typefindelement4" (state-changed): GstMessageStateChanged, old-state=(GstState)null, new-state=(GstState)ready, pending-state=(GstState)paused;
Got message #283 from pad "typefindelement4:sink" (stream-status): GstMessageStreamStatus, type=(GstStreamStatusType)create, owner=(GstElement)"\(GstTypeFindElement\)\ typefindelement4", object=(GstTask)"\(GstTask\)\ typefindelement4:sink";
Got message #284 from element "typefindelement4" (state-changed): GstMessageStateChanged, old-state=(GstState)ready, new-state=(GstState)paused, pending-state=(GstState)void-pending;
Got message #285 from element "filesrc4" (state-changed): GstMessageStateChanged, old-state=(GstState)null, new-state=(GstState)ready, pending-state=(GstState)paused;
Got message #286 from element "filesrc4" (state-changed): GstMessageStateChanged, old-state=(GstState)ready, new-state=(GstState)paused, pending-state=(GstState)void-pending;
Got message #287 from pad "typefindelement4:sink" (stream-status): GstMessageStreamStatus, type=(GstStreamStatusType)enter, owner=(GstElement)"\(GstTypeFindElement\)\ typefindelement4", object=(GstTask)"\(GstTask\)\ typefindelement4:sink";
Got message #288 from element "urisourcebin1" (state-changed): GstMessageStateChanged, old-state=(GstState)ready, new-state=(GstState)paused, pending-state=(GstState)void-pending;
Got message #291 from element "urisourcebin0" (property-notify): GstMessagePropertyNotify, property-name=(string)source, property-value=(GstElement)"\(GstFileSrc\)\ filesrc5";
/GstPipeline:pipeline0/GstURISourceBin:urisourcebin0: source = "\(GstFileSrc\)\ filesrc5"
Got message #295 from element "typefindelement5" (state-changed): GstMessageStateChanged, old-state=(GstState)null, new-state=(GstState)ready, pending-state=(GstState)paused;
Got message #298 from pad "typefindelement5:sink" (stream-status): GstMessageStreamStatus, type=(GstStreamStatusType)create, owner=(GstElement)"\(GstTypeFindElement\)\ typefindelement5", object=(GstTask)"\(GstTask\)\ typefindelement5:sink";
Got message #299 from element "typefindelement5" (state-changed): GstMessageStateChanged, old-state=(GstState)ready, new-state=(GstState)paused, pending-state=(GstState)void-pending;
Got message #300 from element "filesrc5" (state-changed): GstMessageStateChanged, old-state=(GstState)null, new-state=(GstState)ready, pending-state=(GstState)paused;
Got message #301 from element "filesrc5" (state-changed): GstMessageStateChanged, old-state=(GstState)ready, new-state=(GstState)paused, pending-state=(GstState)void-pending;
Got message #302 from element "urisourcebin0" (state-changed): GstMessageStateChanged, old-state=(GstState)ready, new-state=(GstState)paused, pending-state=(GstState)void-pending;
Got message #303 from pad "typefindelement5:sink" (stream-status): GstMessageStreamStatus, type=(GstStreamStatusType)enter, owner=(GstElement)"\(GstTypeFindElement\)\ typefindelement5", object=(GstTask)"\(GstTask\)\ typefindelement5:sink";
Got message #309 from pad "typefindelement0:src" (property-notify): GstMessagePropertyNotify, property-name=(string)caps, property-value=(GstCaps)"video/quicktime\,\ variant\=\(string\)iso";
/GstPipeline:pipeline0/GstURISourceBin:urisourcebin5/GstTypeFindElement:typefindelement0.GstPad:src: caps = video/quicktime, variant=(string)iso
Got message #312 from pad "typefindelement3:src" (property-notify): GstMessagePropertyNotify, property-name=(string)caps, property-value=(GstCaps)"video/quicktime\,\ variant\=\(string\)iso";
/GstPipeline:pipeline0/GstURISourceBin:urisourcebin2/GstTypeFindElement:typefindelement3.GstPad:src: caps = video/quicktime, variant=(string)iso
Got message #315 from pad "typefindelement3:src" (property-notify): GstMessagePropertyNotify, property-name=(string)caps, property-value=(GstCaps)"video/quicktime\,\ variant\=\(string\)iso";
/GstPipeline:pipeline0/GstURISourceBin:urisourcebin2/GstTypeFindElement:typefindelement3.GstPad:src: caps = video/quicktime, variant=(string)iso
Got message #316 from pad "typefindelement3:src" (property-notify): GstMessagePropertyNotify, property-name=(string)caps, property-value=(GstCaps)"video/quicktime\,\ variant\=\(string\)iso";
/GstPipeline:pipeline0/GstURISourceBin:urisourcebin2/GstTypeFindElement:typefindelement3.GstPad:src: caps = video/quicktime, variant=(string)iso
Got message #317 from pad "typefindelement5:src" (property-notify): GstMessagePropertyNotify, property-name=(string)caps, property-value=(GstCaps)"video/quicktime\,\ variant\=\(string\)iso";
/GstPipeline:pipeline0/GstURISourceBin:urisourcebin0/GstTypeFindElement:typefindelement5.GstPad:src: caps = video/quicktime, variant=(string)iso
Got message #347 from pad "urisourcebin0:src_0" (property-notify): GstMessagePropertyNotify, property-name=(string)caps, property-value=(GstCaps)"video/quicktime\,\ variant\=\(string\)iso";
/GstPipeline:pipeline0/GstURISourceBin:urisourcebin0.GstGhostPad:src_0: caps = video/quicktime, variant=(string)iso
Got message #348 from pad "urisourcebin0:src_0" (property-notify): GstMessagePropertyNotify, property-name=(string)caps, property-value=(GstCaps)"video/quicktime\,\ variant\=\(string\)iso";
/GstPipeline:pipeline0/GstURISourceBin:urisourcebin0.GstGhostPad:src_0: caps = video/quicktime, variant=(string)iso
Got message #349 from pad "urisourcebin5:src_0" (property-notify): GstMessagePropertyNotify, property-name=(string)caps, property-value=(GstCaps)"video/quicktime\,\ variant\=\(string\)iso";
/GstPipeline:pipeline0/GstURISourceBin:urisourcebin5.GstGhostPad:src_0: caps = video/quicktime, variant=(string)iso
Got message #354 from pad "urisourcebin5:src_0" (property-notify): GstMessagePropertyNotify, property-name=(string)caps, property-value=(GstCaps)"video/quicktime\,\ variant\=\(string\)iso";
/GstPipeline:pipeline0/GstURISourceBin:urisourcebin5.GstGhostPad:src_0: caps = video/quicktime, variant=(string)iso
Got message #355 from pad "urisourcebin5:src_0" (property-notify): GstMessagePropertyNotify, property-name=(string)caps, property-value=(GstCaps)"video/quicktime\,\ variant\=\(string\)iso";
/GstPipeline:pipeline0/GstURISourceBin:urisourcebin5.GstGhostPad:src_0: caps = video/quicktime, variant=(string)iso
Got message #357 from pad "typefind:src" (property-notify): GstMessagePropertyNotify, property-name=(string)caps, property-value=(GstCaps)"video/quicktime\,\ variant\=\(string\)iso";
/GstPipeline:pipeline0/GstDecodeBin:decodebin2/GstTypeFindElement:typefind.GstPad:src: caps = video/quicktime, variant=(string)iso
Got message #358 from pad "urisourcebin1:src_0" (property-notify): GstMessagePropertyNotify, property-name=(string)caps, property-value=(GstCaps)"video/quicktime\,\ variant\=\(string\)iso";
/GstPipeline:pipeline0/GstURISourceBin:urisourcebin1.GstGhostPad:src_0: caps = video/quicktime, variant=(string)iso
Got message #359 from pad "urisourcebin1:src_0" (property-notify): GstMessagePropertyNotify, property-name=(string)caps, property-value=(GstCaps)"video/quicktime\,\ variant\=\(string\)iso";
/GstPipeline:pipeline0/GstURISourceBin:urisourcebin1.GstGhostPad:src_0: caps = video/quicktime, variant=(string)iso
Got message #361 from pad "typefind:src" (property-notify): GstMessagePropertyNotify, property-name=(string)caps, property-value=(GstCaps)"video/quicktime\,\ variant\=\(string\)iso";
/GstPipeline:pipeline0/GstDecodeBin:decodebin5/GstTypeFindElement:typefind.GstPad:src: caps = video/quicktime, variant=(string)iso
Got message #364 from pad "sink:proxypad1" (property-notify): GstMessagePropertyNotify, property-name=(string)caps, property-value=(GstCaps)"video/quicktime\,\ variant\=\(string\)iso";
/GstPipeline:pipeline0/GstDecodeBin:decodebin1.GstGhostPad:sink.GstProxyPad:proxypad1: caps = video/quicktime, variant=(string)iso
Got message #372 from pad "typefindelement1:src" (property-notify): GstMessagePropertyNotify, property-name=(string)caps, property-value=(GstCaps)"video/quicktime\,\ variant\=\(string\)iso";
/GstPipeline:pipeline0/GstURISourceBin:urisourcebin4/GstTypeFindElement:typefindelement1.GstPad:src: caps = video/quicktime, variant=(string)iso
Got message #375 from pad "typefindelement1:src" (property-notify): GstMessagePropertyNotify, property-name=(string)caps, property-value=(GstCaps)"video/quicktime\,\ variant\=\(string\)iso";
/GstPipeline:pipeline0/GstURISourceBin:urisourcebin4/GstTypeFindElement:typefindelement1.GstPad:src: caps = video/quicktime, variant=(string)iso
Got message #388 from pad "urisourcebin4:src_0" (property-notify): GstMessagePropertyNotify, property-name=(string)caps, property-value=(GstCaps)"video/quicktime\,\ variant\=\(string\)iso";
/GstPipeline:pipeline0/GstURISourceBin:urisourcebin4.GstGhostPad:src_0: caps = video/quicktime, variant=(string)iso
Got message #389 from pad "sink:proxypad4" (property-notify): GstMessagePropertyNotify, property-name=(string)caps, property-value=(GstCaps)"video/quicktime\,\ variant\=\(string\)iso";
/GstPipeline:pipeline0/GstDecodeBin:decodebin4.GstGhostPad:sink.GstProxyPad:proxypad4: caps = video/quicktime, variant=(string)iso
Got message #391 from pad "typefind:src" (property-notify): GstMessagePropertyNotify, property-name=(string)caps, property-value=(GstCaps)"video/quicktime\,\ variant\=\(string\)iso";
/GstPipeline:pipeline0/GstDecodeBin:decodebin4/GstTypeFindElement:typefind.GstPad:src: caps = video/quicktime, variant=(string)iso
Got message #442 from element "qtdemux0" (state-changed): GstMessageStateChanged, old-state=(GstState)null, new-state=(GstState)ready, pending-state=(GstState)void-pending;
Got message #448 from element "qtdemux4" (state-changed): GstMessageStateChanged, old-state=(GstState)null, new-state=(GstState)ready, pending-state=(GstState)void-pending;
Got message #452 from element "qtdemux3" (state-changed): GstMessageStateChanged, old-state=(GstState)null, new-state=(GstState)ready, pending-state=(GstState)void-pending;
Got message #458 from element "qtdemux1" (state-changed): GstMessageStateChanged, old-state=(GstState)null, new-state=(GstState)ready, pending-state=(GstState)void-pending;
Got message #459 from element "qtdemux2" (state-changed): GstMessageStateChanged, old-state=(GstState)null, new-state=(GstState)ready, pending-state=(GstState)void-pending;
Got message #462 from element "qtdemux5" (state-changed): GstMessageStateChanged, old-state=(GstState)null, new-state=(GstState)ready, pending-state=(GstState)void-pending;
Got message #463 from pad "typefind:src" (property-notify): GstMessagePropertyNotify, property-name=(string)caps, property-value=(GstCaps)"NULL";
/GstPipeline:pipeline0/GstDecodeBin:decodebin4/GstTypeFindElement:typefind.GstPad:src: caps = NULL
Got message #464 from pad "typefind:src" (property-notify): GstMessagePropertyNotify, property-name=(string)caps, property-value=(GstCaps)"NULL";
/GstPipeline:pipeline0/GstDecodeBin:decodebin4/GstTypeFindElement:typefind.GstPad:src: caps = NULL
Got message #465 from pad "qtdemux3:sink" (stream-status): GstMessageStreamStatus, type=(GstStreamStatusType)create, owner=(GstElement)"\(GstQTDemux\)\ qtdemux3", object=(GstTask)"\(GstTask\)\ task22";
Got message #466 from pad "typefind:src" (property-notify): GstMessagePropertyNotify, property-name=(string)caps, property-value=(GstCaps)"NULL";
/GstPipeline:pipeline0/GstDecodeBin:decodebin4/GstTypeFindElement:typefind.GstPad:src: caps = NULL
Got message #467 from pad "typefind:src" (property-notify): GstMessagePropertyNotify, property-name=(string)caps, property-value=(GstCaps)"NULL";
/GstPipeline:pipeline0/GstDecodeBin:decodebin4/GstTypeFindElement:typefind.GstPad:src: caps = NULL
Got message #468 from pad "typefind:src" (property-notify): GstMessagePropertyNotify, property-name=(string)caps, property-value=(GstCaps)"NULL";
/GstPipeline:pipeline0/GstDecodeBin:decodebin4/GstTypeFindElement:typefind.GstPad:src: caps = NULL
Got message #469 from pad "qtdemux4:sink" (stream-status): GstMessageStreamStatus, type=(GstStreamStatusType)create, owner=(GstElement)"\(GstQTDemux\)\ qtdemux4", object=(GstTask)"\(GstTask\)\ task23";
Got message #470 from pad "typefind:src" (property-notify): GstMessagePropertyNotify, property-name=(string)caps, property-value=(GstCaps)"NULL";
/GstPipeline:pipeline0/GstDecodeBin:decodebin4/GstTypeFindElement:typefind.GstPad:src: caps = NULL
Got message #471 from pad "typefindelement3:src" (property-notify): GstMessagePropertyNotify, property-name=(string)caps, property-value=(GstCaps)"NULL";
/GstPipeline:pipeline0/GstURISourceBin:urisourcebin2/GstTypeFindElement:typefindelement3.GstPad:src: caps = NULL
Got message #472 from pad "qtdemux0:sink" (stream-status): GstMessageStreamStatus, type=(GstStreamStatusType)create, owner=(GstElement)"\(GstQTDemux\)\ qtdemux0", object=(GstTask)"\(GstTask\)\ task24";
Got message #473 from pad "qtdemux2:sink" (stream-status): GstMessageStreamStatus, type=(GstStreamStatusType)create, owner=(GstElement)"\(GstQTDemux\)\ qtdemux2", object=(GstTask)"\(GstTask\)\ task25";
Got message #474 from pad "sink:proxypad4" (property-notify): GstMessagePropertyNotify, property-name=(string)caps, property-value=(GstCaps)"NULL";
/GstPipeline:pipeline0/GstDecodeBin:decodebin4.GstGhostPad:sink.GstProxyPad:proxypad4: caps = NULL
Got message #475 from pad "qtdemux5:sink" (stream-status): GstMessageStreamStatus, type=(GstStreamStatusType)create, owner=(GstElement)"\(GstQTDemux\)\ qtdemux5", object=(GstTask)"\(GstTask\)\ task26";
Got message #476 from pad "urisourcebin4:src_0" (property-notify): GstMessagePropertyNotify, property-name=(string)caps, property-value=(GstCaps)"NULL";
/GstPipeline:pipeline0/GstURISourceBin:urisourcebin4.GstGhostPad:src_0: caps = NULL
Got message #477 from pad "typefindelement1:src" (property-notify): GstMessagePropertyNotify, property-name=(string)caps, property-value=(GstCaps)"NULL";
/GstPipeline:pipeline0/GstURISourceBin:urisourcebin4/GstTypeFindElement:typefindelement1.GstPad:src: caps = NULL
Got message #478 from pad "qtdemux1:sink" (stream-status): GstMessageStreamStatus, type=(GstStreamStatusType)create, owner=(GstElement)"\(GstQTDemux\)\ qtdemux1", object=(GstTask)"\(GstTask\)\ task27";
Got message #479 from element "qtdemux3" (state-changed): GstMessageStateChanged, old-state=(GstState)ready, new-state=(GstState)paused, pending-state=(GstState)void-pending;
Got message #480 from pad "typefind:sink" (property-notify): GstMessagePropertyNotify, property-name=(string)caps, property-value=(GstCaps)"video/quicktime\,\ variant\=\(string\)iso";
/GstPipeline:pipeline0/GstDecodeBin:decodebin1/GstTypeFindElement:typefind.GstPad:sink: caps = video/quicktime, variant=(string)iso
Got message #481 from pad "decodebin1:sink" (property-notify): GstMessagePropertyNotify, property-name=(string)caps, property-value=(GstCaps)"video/quicktime\,\ variant\=\(string\)iso";
/GstPipeline:pipeline0/GstDecodeBin:decodebin1.GstGhostPad:sink: caps = video/quicktime, variant=(string)iso
Got message #482 from pad "src_0:proxypad10" (property-notify): GstMessagePropertyNotify, property-name=(string)caps, property-value=(GstCaps)"video/quicktime\,\ variant\=\(string\)iso";
/GstPipeline:pipeline0/GstURISourceBin:urisourcebin1.GstGhostPad:src_0.GstProxyPad:proxypad10: caps = video/quicktime, variant=(string)iso
Got message #483 from element "qtdemux1" (state-changed): GstMessageStateChanged, old-state=(GstState)ready, new-state=(GstState)paused, pending-state=(GstState)void-pending;
Got message #484 from pad "qtdemux3:sink" (stream-status): GstMessageStreamStatus, type=(GstStreamStatusType)enter, owner=(GstElement)"\(GstQTDemux\)\ qtdemux3", object=(GstTask)"\(GstTask\)\ qtdemux3:sink";
Got message #485 from pad "typefind:sink" (property-notify): GstMessagePropertyNotify, property-name=(string)caps, property-value=(GstCaps)"video/quicktime\,\ variant\=\(string\)iso";
/GstPipeline:pipeline0/GstDecodeBin:decodebin4/GstTypeFindElement:typefind.GstPad:sink: caps = video/quicktime, variant=(string)iso
Got message #486 from pad "decodebin4:sink" (property-notify): GstMessagePropertyNotify, property-name=(string)caps, property-value=(GstCaps)"video/quicktime\,\ variant\=\(string\)iso";
/GstPipeline:pipeline0/GstDecodeBin:decodebin4.GstGhostPad:sink: caps = video/quicktime, variant=(string)iso
Got message #487 from pad "src_0:proxypad16" (property-notify): GstMessagePropertyNotify, property-name=(string)caps, property-value=(GstCaps)"video/quicktime\,\ variant\=\(string\)iso";
/GstPipeline:pipeline0/GstURISourceBin:urisourcebin4.GstGhostPad:src_0.GstProxyPad:proxypad16: caps = video/quicktime, variant=(string)iso
Got message #488 from element "qtdemux0" (state-changed): GstMessageStateChanged, old-state=(GstState)ready, new-state=(GstState)paused, pending-state=(GstState)void-pending;
Got message #489 from pad "typefind:sink" (property-notify): GstMessagePropertyNotify, property-name=(string)caps, property-value=(GstCaps)"video/quicktime\,\ variant\=\(string\)iso";
/GstPipeline:pipeline0/GstDecodeBin:decodebin5/GstTypeFindElement:typefind.GstPad:sink: caps = video/quicktime, variant=(string)iso
Got message #490 from pad "decodebin5:sink" (property-notify): GstMessagePropertyNotify, property-name=(string)caps, property-value=(GstCaps)"video/quicktime\,\ variant\=\(string\)iso";
/GstPipeline:pipeline0/GstDecodeBin:decodebin5.GstGhostPad:sink: caps = video/quicktime, variant=(string)iso
Got message #491 from pad "src_0:proxypad7" (property-notify): GstMessagePropertyNotify, property-name=(string)caps, property-value=(GstCaps)"video/quicktime\,\ variant\=\(string\)iso";
/GstPipeline:pipeline0/GstURISourceBin:urisourcebin5.GstGhostPad:src_0.GstProxyPad:proxypad7: caps = video/quicktime, variant=(string)iso
Got message #492 from element "qtdemux2" (state-changed): GstMessageStateChanged, old-state=(GstState)ready, new-state=(GstState)paused, pending-state=(GstState)void-pending;
Got message #493 from pad "typefind:sink" (property-notify): GstMessagePropertyNotify, property-name=(string)caps, property-value=(GstCaps)"video/quicktime\,\ variant\=\(string\)iso";
/GstPipeline:pipeline0/GstDecodeBin:decodebin0/GstTypeFindElement:typefind.GstPad:sink: caps = video/quicktime, variant=(string)iso
Got message #494 from pad "decodebin0:sink" (property-notify): GstMessagePropertyNotify, property-name=(string)caps, property-value=(GstCaps)"video/quicktime\,\ variant\=\(string\)iso";
/GstPipeline:pipeline0/GstDecodeBin:decodebin0.GstGhostPad:sink: caps = video/quicktime, variant=(string)iso
Got message #495 from pad "src_0:proxypad8" (property-notify): GstMessagePropertyNotify, property-name=(string)caps, property-value=(GstCaps)"video/quicktime\,\ variant\=\(string\)iso";
/GstPipeline:pipeline0/GstURISourceBin:urisourcebin0.GstGhostPad:src_0.GstProxyPad:proxypad8: caps = video/quicktime, variant=(string)iso
Got message #496 from element "qtdemux5" (state-changed): GstMessageStateChanged, old-state=(GstState)ready, new-state=(GstState)paused, pending-state=(GstState)void-pending;
Got message #497 from pad "typefind:sink" (property-notify): GstMessagePropertyNotify, property-name=(string)caps, property-value=(GstCaps)"video/quicktime\,\ variant\=\(string\)iso";
/GstPipeline:pipeline0/GstDecodeBin:decodebin2/GstTypeFindElement:typefind.GstPad:sink: caps = video/quicktime, variant=(string)iso
Got message #500 from element "qtdemux4" (state-changed): GstMessageStateChanged, old-state=(GstState)ready, new-state=(GstState)paused, pending-state=(GstState)void-pending;
Got message #501 from pad "decodebin2:sink" (property-notify): GstMessagePropertyNotify, property-name=(string)caps, property-value=(GstCaps)"video/quicktime\,\ variant\=\(string\)iso";
/GstPipeline:pipeline0/GstDecodeBin:decodebin2.GstGhostPad:sink: caps = video/quicktime, variant=(string)iso
Got message #502 from pad "typefind:sink" (property-notify): GstMessagePropertyNotify, property-name=(string)caps, property-value=(GstCaps)"video/quicktime\,\ variant\=\(string\)iso";
/GstPipeline:pipeline0/GstDecodeBin:decodebin3/GstTypeFindElement:typefind.GstPad:sink: caps = video/quicktime, variant=(string)iso
Got message #503 from pad "decodebin3:sink" (property-notify): GstMessagePropertyNotify, property-name=(string)caps, property-value=(GstCaps)"video/quicktime\,\ variant\=\(string\)iso";
/GstPipeline:pipeline0/GstDecodeBin:decodebin3.GstGhostPad:sink: caps = video/quicktime, variant=(string)iso
Got message #504 from pad "src_0:proxypad6" (property-notify): GstMessagePropertyNotify, property-name=(string)caps, property-value=(GstCaps)"video/quicktime\,\ variant\=\(string\)iso";
/GstPipeline:pipeline0/GstURISourceBin:urisourcebin3.GstGhostPad:src_0.GstProxyPad:proxypad6: caps = video/quicktime, variant=(string)iso
Got message #505 from pad "src_0:proxypad6" (property-notify): GstMessagePropertyNotify, property-name=(string)caps, property-value=(GstCaps)"video/quicktime\,\ variant\=\(string\)iso";
/GstPipeline:pipeline0/GstURISourceBin:urisourcebin3.GstGhostPad:src_0.GstProxyPad:proxypad6: caps = video/quicktime, variant=(string)iso
Got message #506 from pad "qtdemux1:sink" (stream-status): GstMessageStreamStatus, type=(GstStreamStatusType)enter, owner=(GstElement)"\(GstQTDemux\)\ qtdemux1", object=(GstTask)"\(GstTask\)\ qtdemux1:sink";
Got message #507 from pad "qtdemux0:sink" (stream-status): GstMessageStreamStatus, type=(GstStreamStatusType)enter, owner=(GstElement)"\(GstQTDemux\)\ qtdemux0", object=(GstTask)"\(GstTask\)\ qtdemux0:sink";
Got message #508 from pad "qtdemux2:sink" (stream-status): GstMessageStreamStatus, type=(GstStreamStatusType)enter, owner=(GstElement)"\(GstQTDemux\)\ qtdemux2", object=(GstTask)"\(GstTask\)\ qtdemux2:sink";
Got message #509 from pad "qtdemux5:sink" (stream-status): GstMessageStreamStatus, type=(GstStreamStatusType)enter, owner=(GstElement)"\(GstQTDemux\)\ qtdemux5", object=(GstTask)"\(GstTask\)\ qtdemux5:sink";
Got message #510 from pad "qtdemux4:sink" (stream-status): GstMessageStreamStatus, type=(GstStreamStatusType)enter, owner=(GstElement)"\(GstQTDemux\)\ qtdemux4", object=(GstTask)"\(GstTask\)\ qtdemux4:sink";
Got message #551 from pad "multiqueue1:src_0" (stream-status): GstMessageStreamStatus, type=(GstStreamStatusType)create, owner=(GstElement)"\(GstMultiQueue\)\ multiqueue1", object=(GstTask)"\(GstTask\)\ task28";
Got message #554 from pad "multiqueue0:src_0" (stream-status): GstMessageStreamStatus, type=(GstStreamStatusType)create, owner=(GstElement)"\(GstMultiQueue\)\ multiqueue0", object=(GstTask)"\(GstTask\)\ task29";
Got message #560 from pad "multiqueue1:src_0" (property-notify): GstMessagePropertyNotify, property-name=(string)caps, property-value=(GstCaps)"video/x-h264\,\ stream-format\=\(string\)avc\,\ alignment\=\(string\)au\,\ level\=\(string\)4\,\ profile\=\(string\)high\,\ codec_data\=\(buffer\)01640028ffe1001d67640028acd940780227e5c05a808080a000007d20001d4c01e30632c001000568e93b2c8bfdf8f800\,\ width\=\(int\)1920\,\ height\=\(int\)1080\,\ framerate\=\(fraction\)30000/1001\,\ pixel-aspect-ratio\=\(fraction\)1/1\,\ colorimetry\=\(string\)bt709";
/GstPipeline:pipeline0/GstDecodeBin:decodebin2/GstMultiQueue:multiqueue1.GstMultiQueuePad:src_0: caps = video/x-h264, stream-format=(string)avc, alignment=(string)au, level=(string)4, profile=(string)high, codec_data=(buffer)01640028ffe1001d67640028acd940780227e5c05a808080a000007d20001d4c01e30632c001000568e93b2c8bfdf8f800, width=(int)1920, height=(int)1080, framerate=(fraction)30000/1001, pixel-aspect-ratio=(fraction)1/1, colorimetry=(string)bt709
Got message #574 from pad "multiqueue1:src_0" (stream-status): GstMessageStreamStatus, type=(GstStreamStatusType)enter, owner=(GstElement)"\(GstMultiQueue\)\ multiqueue1", object=(GstTask)"\(GstTask\)\ multiqueue1:src_0";
Got message #575 from pad "multiqueue0:src_0" (stream-status): GstMessageStreamStatus, type=(GstStreamStatusType)enter, owner=(GstElement)"\(GstMultiQueue\)\ multiqueue0", object=(GstTask)"\(GstTask\)\ multiqueue0:src_0";
Got message #576 from pad "multiqueue0:src_0" (property-notify): GstMessagePropertyNotify, property-name=(string)caps, property-value=(GstCaps)"video/x-h264\,\ stream-format\=\(string\)avc\,\ alignment\=\(string\)au\,\ level\=\(string\)4\,\ profile\=\(string\)high\,\ codec_data\=\(buffer\)01640028ffe1001d67640028acd940780227e5c05a808080a000007d20001d4c01e30632c001000568e93b2c8bfdf8f800\,\ width\=\(int\)1920\,\ height\=\(int\)1080\,\ framerate\=\(fraction\)30000/1001\,\ pixel-aspect-ratio\=\(fraction\)1/1\,\ colorimetry\=\(string\)bt709";
/GstPipeline:pipeline0/GstDecodeBin:decodebin1/GstMultiQueue:multiqueue0.GstMultiQueuePad:src_0: caps = video/x-h264, stream-format=(string)avc, alignment=(string)au, level=(string)4, profile=(string)high, codec_data=(buffer)01640028ffe1001d67640028acd940780227e5c05a808080a000007d20001d4c01e30632c001000568e93b2c8bfdf8f800, width=(int)1920, height=(int)1080, framerate=(fraction)30000/1001, pixel-aspect-ratio=(fraction)1/1, colorimetry=(string)bt709
Got message #589 from pad "multiqueue3:src_0" (stream-status): GstMessageStreamStatus, type=(GstStreamStatusType)create, owner=(GstElement)"\(GstMultiQueue\)\ multiqueue3", object=(GstTask)"\(GstTask\)\ task30";
Got message #593 from pad "multiqueue3:src_0" (property-notify): GstMessagePropertyNotify, property-name=(string)caps, property-value=(GstCaps)"video/x-h264\,\ stream-format\=\(string\)avc\,\ alignment\=\(string\)au\,\ level\=\(string\)4\,\ profile\=\(string\)high\,\ codec_data\=\(buffer\)01640028ffe1001d67640028acd940780227e5c05a808080a000007d20001d4c01e30632c001000568e93b2c8bfdf8f800\,\ width\=\(int\)1920\,\ height\=\(int\)1080\,\ framerate\=\(fraction\)30000/1001\,\ pixel-aspect-ratio\=\(fraction\)1/1\,\ colorimetry\=\(string\)bt709";
/GstPipeline:pipeline0/GstDecodeBin:decodebin0/GstMultiQueue:multiqueue3.GstMultiQueuePad:src_0: caps = video/x-h264, stream-format=(string)avc, alignment=(string)au, level=(string)4, profile=(string)high, codec_data=(buffer)01640028ffe1001d67640028acd940780227e5c05a808080a000007d20001d4c01e30632c001000568e93b2c8bfdf8f800, width=(int)1920, height=(int)1080, framerate=(fraction)30000/1001, pixel-aspect-ratio=(fraction)1/1, colorimetry=(string)bt709
Got message #606 from pad "multiqueue3:src_0" (stream-status): GstMessageStreamStatus, type=(GstStreamStatusType)enter, owner=(GstElement)"\(GstMultiQueue\)\ multiqueue3", object=(GstTask)"\(GstTask\)\ multiqueue3:src_0";
Got message #609 from pad "multiqueue5:src_0" (stream-status): GstMessageStreamStatus, type=(GstStreamStatusType)create, owner=(GstElement)"\(GstMultiQueue\)\ multiqueue5", object=(GstTask)"\(GstTask\)\ task32";
Got message #610 from pad "multiqueue4:src_0" (stream-status): GstMessageStreamStatus, type=(GstStreamStatusType)create, owner=(GstElement)"\(GstMultiQueue\)\ multiqueue4", object=(GstTask)"\(GstTask\)\ task31";
Got message #616 from pad "multiqueue5:src_0" (property-notify): GstMessagePropertyNotify, property-name=(string)caps, property-value=(GstCaps)"video/x-h264\,\ stream-format\=\(string\)avc\,\ alignment\=\(string\)au\,\ level\=\(string\)4\,\ profile\=\(string\)high\,\ codec_data\=\(buffer\)01640028ffe1001d67640028acd940780227e5c05a808080a000007d20001d4c01e30632c001000568e93b2c8bfdf8f800\,\ width\=\(int\)1920\,\ height\=\(int\)1080\,\ framerate\=\(fraction\)30000/1001\,\ pixel-aspect-ratio\=\(fraction\)1/1\,\ colorimetry\=\(string\)bt709";
/GstPipeline:pipeline0/GstDecodeBin:decodebin5/GstMultiQueue:multiqueue5.GstMultiQueuePad:src_0: caps = video/x-h264, stream-format=(string)avc, alignment=(string)au, level=(string)4, profile=(string)high, codec_data=(buffer)01640028ffe1001d67640028acd940780227e5c05a808080a000007d20001d4c01e30632c001000568e93b2c8bfdf8f800, width=(int)1920, height=(int)1080, framerate=(fraction)30000/1001, pixel-aspect-ratio=(fraction)1/1, colorimetry=(string)bt709
Got message #627 from pad "multiqueue2:src_0" (stream-status): GstMessageStreamStatus, type=(GstStreamStatusType)create, owner=(GstElement)"\(GstMultiQueue\)\ multiqueue2", object=(GstTask)"\(GstTask\)\ task33";
Got message #631 from pad "multiqueue4:src_0" (property-notify): GstMessagePropertyNotify, property-name=(string)caps, property-value=(GstCaps)"video/x-h264\,\ stream-format\=\(string\)avc\,\ alignment\=\(string\)au\,\ level\=\(string\)4\,\ profile\=\(string\)high\,\ codec_data\=\(buffer\)01640028ffe1001d67640028acd940780227e5c05a808080a000007d20001d4c01e30632c001000568e93b2c8bfdf8f800\,\ width\=\(int\)1920\,\ height\=\(int\)1080\,\ framerate\=\(fraction\)30000/1001\,\ pixel-aspect-ratio\=\(fraction\)1/1\,\ colorimetry\=\(string\)bt709";
/GstPipeline:pipeline0/GstDecodeBin:decodebin4/GstMultiQueue:multiqueue4.GstMultiQueuePad:src_0: caps = video/x-h264, stream-format=(string)avc, alignment=(string)au, level=(string)4, profile=(string)high, codec_data=(buffer)01640028ffe1001d67640028acd940780227e5c05a808080a000007d20001d4c01e30632c001000568e93b2c8bfdf8f800, width=(int)1920, height=(int)1080, framerate=(fraction)30000/1001, pixel-aspect-ratio=(fraction)1/1, colorimetry=(string)bt709
Got message #645 from element "h264parse0" (state-changed): GstMessageStateChanged, old-state=(GstState)null, new-state=(GstState)ready, pending-state=(GstState)void-pending;
Got message #652 from element "h264parse1" (state-changed): GstMessageStateChanged, old-state=(GstState)null, new-state=(GstState)ready, pending-state=(GstState)void-pending;
Got message #664 from element "h264parse3" (state-changed): GstMessageStateChanged, old-state=(GstState)null, new-state=(GstState)ready, pending-state=(GstState)void-pending;
Got message #665 from pad "multiqueue2:src_0" (property-notify): GstMessagePropertyNotify, property-name=(string)caps, property-value=(GstCaps)"video/x-h264\,\ stream-format\=\(string\)avc\,\ alignment\=\(string\)au\,\ level\=\(string\)4\,\ profile\=\(string\)high\,\ codec_data\=\(buffer\)01640028ffe1001d67640028acd940780227e5c05a808080a000007d20001d4c01e30632c001000568e93b2c8bfdf8f800\,\ width\=\(int\)1920\,\ height\=\(int\)1080\,\ framerate\=\(fraction\)30000/1001\,\ pixel-aspect-ratio\=\(fraction\)1/1\,\ colorimetry\=\(string\)bt709";
/GstPipeline:pipeline0/GstDecodeBin:decodebin3/GstMultiQueue:multiqueue2.GstMultiQueuePad:src_0: caps = video/x-h264, stream-format=(string)avc, alignment=(string)au, level=(string)4, profile=(string)high, codec_data=(buffer)01640028ffe1001d67640028acd940780227e5c05a808080a000007d20001d4c01e30632c001000568e93b2c8bfdf8f800, width=(int)1920, height=(int)1080, framerate=(fraction)30000/1001, pixel-aspect-ratio=(fraction)1/1, colorimetry=(string)bt709
Got message #672 from element "h264parse2" (state-changed): GstMessageStateChanged, old-state=(GstState)null, new-state=(GstState)ready, pending-state=(GstState)void-pending;
Got message #676 from pad "multiqueue5:src_0" (stream-status): GstMessageStreamStatus, type=(GstStreamStatusType)enter, owner=(GstElement)"\(GstMultiQueue\)\ multiqueue5", object=(GstTask)"\(GstTask\)\ multiqueue5:src_0";
Got message #685 from pad "multiqueue4:src_0" (stream-status): GstMessageStreamStatus, type=(GstStreamStatusType)enter, owner=(GstElement)"\(GstMultiQueue\)\ multiqueue4", object=(GstTask)"\(GstTask\)\ multiqueue4:src_0";
Got message #689 from element "h264parse4" (state-changed): GstMessageStateChanged, old-state=(GstState)null, new-state=(GstState)ready, pending-state=(GstState)void-pending;
Got message #690 from pad "multiqueue2:src_0" (stream-status): GstMessageStreamStatus, type=(GstStreamStatusType)enter, owner=(GstElement)"\(GstMultiQueue\)\ multiqueue2", object=(GstTask)"\(GstTask\)\ multiqueue2:src_0";
Got message #697 from element "h264parse5" (state-changed): GstMessageStateChanged, old-state=(GstState)null, new-state=(GstState)ready, pending-state=(GstState)void-pending;
Got message #712 from element "h264parse1" (state-changed): GstMessageStateChanged, old-state=(GstState)ready, new-state=(GstState)paused, pending-state=(GstState)void-pending;
Got message #715 from element "h264parse1" (latency): no message details
Redistribute latency...
Got message #726 from pad "h264parse1:src" (property-notify): GstMessagePropertyNotify, property-name=(string)caps, property-value=(GstCaps)"video/x-h264\,\ stream-format\=\(string\)avc\,\ alignment\=\(string\)au\,\ level\=\(string\)4\,\ profile\=\(string\)high\,\ codec_data\=\(buffer\)01640028ffe1001d67640028acd940780227e5c05a808080a000007d20001d4c01e30632c001000568e93b2c8b\,\ width\=\(int\)1920\,\ height\=\(int\)1080\,\ framerate\=\(fraction\)30000/1001\,\ pixel-aspect-ratio\=\(fraction\)1/1\,\ colorimetry\=\(string\)bt709\,\ coded-picture-structure\=\(string\)frame\,\ chroma-format\=\(string\)4:2:0\,\ bit-depth-luma\=\(uint\)8\,\ bit-depth-chroma\=\(uint\)8\,\ parsed\=\(boolean\)true";
/GstPipeline:pipeline0/GstDecodeBin:decodebin1/GstH264Parse:h264parse1.GstPad:src: caps = video/x-h264, stream-format=(string)avc, alignment=(string)au, level=(string)4, profile=(string)high, codec_data=(buffer)01640028ffe1001d67640028acd940780227e5c05a808080a000007d20001d4c01e30632c001000568e93b2c8b, width=(int)1920, height=(int)1080, framerate=(fraction)30000/1001, pixel-aspect-ratio=(fraction)1/1, colorimetry=(string)bt709, coded-picture-structure=(string)frame, chroma-format=(string)4:2:0, bit-depth-luma=(uint)8, bit-depth-chroma=(uint)8, parsed=(boolean)true
Got message #744 from element "h264parse0" (state-changed): GstMessageStateChanged, old-state=(GstState)ready, new-state=(GstState)paused, pending-state=(GstState)void-pending;
Got message #745 from element "h264parse5" (state-changed): GstMessageStateChanged, old-state=(GstState)ready, new-state=(GstState)paused, pending-state=(GstState)void-pending;
Got message #747 from element "h264parse5" (latency): no message details
Redistribute latency...
Got message #748 from element "h264parse0" (latency): no message details
Redistribute latency...
Got message #750 from pad "h264parse5:src" (property-notify): GstMessagePropertyNotify, property-name=(string)caps, property-value=(GstCaps)"video/x-h264\,\ stream-format\=\(string\)avc\,\ alignment\=\(string\)au\,\ level\=\(string\)4\,\ profile\=\(string\)high\,\ codec_data\=\(buffer\)01640028ffe1001d67640028acd940780227e5c05a808080a000007d20001d4c01e30632c001000568e93b2c8b\,\ width\=\(int\)1920\,\ height\=\(int\)1080\,\ framerate\=\(fraction\)30000/1001\,\ pixel-aspect-ratio\=\(fraction\)1/1\,\ colorimetry\=\(string\)bt709\,\ coded-picture-structure\=\(string\)frame\,\ chroma-format\=\(string\)4:2:0\,\ bit-depth-luma\=\(uint\)8\,\ bit-depth-chroma\=\(uint\)8\,\ parsed\=\(boolean\)true";
/GstPipeline:pipeline0/GstDecodeBin:decodebin3/GstH264Parse:h264parse5.GstPad:src: caps = video/x-h264, stream-format=(string)avc, alignment=(string)au, level=(string)4, profile=(string)high, codec_data=(buffer)01640028ffe1001d67640028acd940780227e5c05a808080a000007d20001d4c01e30632c001000568e93b2c8b, width=(int)1920, height=(int)1080, framerate=(fraction)30000/1001, pixel-aspect-ratio=(fraction)1/1, colorimetry=(string)bt709, coded-picture-structure=(string)frame, chroma-format=(string)4:2:0, bit-depth-luma=(uint)8, bit-depth-chroma=(uint)8, parsed=(boolean)true
Got message #758 from pad "h264parse0:src" (property-notify): GstMessagePropertyNotify, property-name=(string)caps, property-value=(GstCaps)"video/x-h264\,\ stream-format\=\(string\)avc\,\ alignment\=\(string\)au\,\ level\=\(string\)4\,\ profile\=\(string\)high\,\ codec_data\=\(buffer\)01640028ffe1001d67640028acd940780227e5c05a808080a000007d20001d4c01e30632c001000568e93b2c8b\,\ width\=\(int\)1920\,\ height\=\(int\)1080\,\ framerate\=\(fraction\)30000/1001\,\ pixel-aspect-ratio\=\(fraction\)1/1\,\ colorimetry\=\(string\)bt709\,\ coded-picture-structure\=\(string\)frame\,\ chroma-format\=\(string\)4:2:0\,\ bit-depth-luma\=\(uint\)8\,\ bit-depth-chroma\=\(uint\)8\,\ parsed\=\(boolean\)true";
/GstPipeline:pipeline0/GstDecodeBin:decodebin2/GstH264Parse:h264parse0.GstPad:src: caps = video/x-h264, stream-format=(string)avc, alignment=(string)au, level=(string)4, profile=(string)high, codec_data=(buffer)01640028ffe1001d67640028acd940780227e5c05a808080a000007d20001d4c01e30632c001000568e93b2c8b, width=(int)1920, height=(int)1080, framerate=(fraction)30000/1001, pixel-aspect-ratio=(fraction)1/1, colorimetry=(string)bt709, coded-picture-structure=(string)frame, chroma-format=(string)4:2:0, bit-depth-luma=(uint)8, bit-depth-chroma=(uint)8, parsed=(boolean)true
Got message #836 from element "h264parse3" (state-changed): GstMessageStateChanged, old-state=(GstState)ready, new-state=(GstState)paused, pending-state=(GstState)void-pending;
Got message #837 from element "h264parse4" (state-changed): GstMessageStateChanged, old-state=(GstState)ready, new-state=(GstState)paused, pending-state=(GstState)void-pending;
Got message #838 from element "h264parse2" (state-changed): GstMessageStateChanged, old-state=(GstState)ready, new-state=(GstState)paused, pending-state=(GstState)void-pending;
Got message #839 from element "h264parse3" (latency): no message details
Redistribute latency...
Got message #840 from element "h264parse4" (latency): no message details
Redistribute latency...
Got message #841 from element "h264parse2" (latency): no message details
Redistribute latency...
Got message #843 from pad "h264parse3:src" (property-notify): GstMessagePropertyNotify, property-name=(string)caps, property-value=(GstCaps)"video/x-h264\,\ stream-format\=\(string\)avc\,\ alignment\=\(string\)au\,\ level\=\(string\)4\,\ profile\=\(string\)high\,\ codec_data\=\(buffer\)01640028ffe1001d67640028acd940780227e5c05a808080a000007d20001d4c01e30632c001000568e93b2c8b\,\ width\=\(int\)1920\,\ height\=\(int\)1080\,\ framerate\=\(fraction\)30000/1001\,\ pixel-aspect-ratio\=\(fraction\)1/1\,\ colorimetry\=\(string\)bt709\,\ coded-picture-structure\=\(string\)frame\,\ chroma-format\=\(string\)4:2:0\,\ bit-depth-luma\=\(uint\)8\,\ bit-depth-chroma\=\(uint\)8\,\ parsed\=\(boolean\)true";
/GstPipeline:pipeline0/GstDecodeBin:decodebin5/GstH264Parse:h264parse3.GstPad:src: caps = video/x-h264, stream-format=(string)avc, alignment=(string)au, level=(string)4, profile=(string)high, codec_data=(buffer)01640028ffe1001d67640028acd940780227e5c05a808080a000007d20001d4c01e30632c001000568e93b2c8b, width=(int)1920, height=(int)1080, framerate=(fraction)30000/1001, pixel-aspect-ratio=(fraction)1/1, colorimetry=(string)bt709, coded-picture-structure=(string)frame, chroma-format=(string)4:2:0, bit-depth-luma=(uint)8, bit-depth-chroma=(uint)8, parsed=(boolean)true
Got message #845 from pad "h264parse4:src" (property-notify): GstMessagePropertyNotify, property-name=(string)caps, property-value=(GstCaps)"video/x-h264\,\ stream-format\=\(string\)avc\,\ alignment\=\(string\)au\,\ level\=\(string\)4\,\ profile\=\(string\)high\,\ codec_data\=\(buffer\)01640028ffe1001d67640028acd940780227e5c05a808080a000007d20001d4c01e30632c001000568e93b2c8b\,\ width\=\(int\)1920\,\ height\=\(int\)1080\,\ framerate\=\(fraction\)30000/1001\,\ pixel-aspect-ratio\=\(fraction\)1/1\,\ colorimetry\=\(string\)bt709\,\ coded-picture-structure\=\(string\)frame\,\ chroma-format\=\(string\)4:2:0\,\ bit-depth-luma\=\(uint\)8\,\ bit-depth-chroma\=\(uint\)8\,\ parsed\=\(boolean\)true";
/GstPipeline:pipeline0/GstDecodeBin:decodebin4/GstH264Parse:h264parse4.GstPad:src: caps = video/x-h264, stream-format=(string)avc, alignment=(string)au, level=(string)4, profile=(string)high, codec_data=(buffer)01640028ffe1001d67640028acd940780227e5c05a808080a000007d20001d4c01e30632c001000568e93b2c8b, width=(int)1920, height=(int)1080, framerate=(fraction)30000/1001, pixel-aspect-ratio=(fraction)1/1, colorimetry=(string)bt709, coded-picture-structure=(string)frame, chroma-format=(string)4:2:0, bit-depth-luma=(uint)8, bit-depth-chroma=(uint)8, parsed=(boolean)true
Got message #847 from pad "h264parse2:src" (property-notify): GstMessagePropertyNotify, property-name=(string)caps, property-value=(GstCaps)"video/x-h264\,\ stream-format\=\(string\)avc\,\ alignment\=\(string\)au\,\ level\=\(string\)4\,\ profile\=\(string\)high\,\ codec_data\=\(buffer\)01640028ffe1001d67640028acd940780227e5c05a808080a000007d20001d4c01e30632c001000568e93b2c8b\,\ width\=\(int\)1920\,\ height\=\(int\)1080\,\ framerate\=\(fraction\)30000/1001\,\ pixel-aspect-ratio\=\(fraction\)1/1\,\ colorimetry\=\(string\)bt709\,\ coded-picture-structure\=\(string\)frame\,\ chroma-format\=\(string\)4:2:0\,\ bit-depth-luma\=\(uint\)8\,\ bit-depth-chroma\=\(uint\)8\,\ parsed\=\(boolean\)true";
/GstPipeline:pipeline0/GstDecodeBin:decodebin0/GstH264Parse:h264parse2.GstPad:src: caps = video/x-h264, stream-format=(string)avc, alignment=(string)au, level=(string)4, profile=(string)high, codec_data=(buffer)01640028ffe1001d67640028acd940780227e5c05a808080a000007d20001d4c01e30632c001000568e93b2c8b, width=(int)1920, height=(int)1080, framerate=(fraction)30000/1001, pixel-aspect-ratio=(fraction)1/1, colorimetry=(string)bt709, coded-picture-structure=(string)frame, chroma-format=(string)4:2:0, bit-depth-luma=(uint)8, bit-depth-chroma=(uint)8, parsed=(boolean)true
Got message #878 from element "mppvideodec0" (state-changed): GstMessageStateChanged, old-state=(GstState)null, new-state=(GstState)ready, pending-state=(GstState)void-pending;
Got message #877 from element "mppvideodec1" (state-changed): GstMessageStateChanged, old-state=(GstState)null, new-state=(GstState)ready, pending-state=(GstState)void-pending;
Got message #880 from element "mppvideodec2" (state-changed): GstMessageStateChanged, old-state=(GstState)null, new-state=(GstState)ready, pending-state=(GstState)void-pending;
Got message #922 from element "mppvideodec2" (state-changed): GstMessageStateChanged, old-state=(GstState)ready, new-state=(GstState)paused, pending-state=(GstState)void-pending;
Got message #927 from element "mppvideodec0" (state-changed): GstMessageStateChanged, old-state=(GstState)ready, new-state=(GstState)paused, pending-state=(GstState)void-pending;
Got message #931 from element "mppvideodec1" (state-changed): GstMessageStateChanged, old-state=(GstState)ready, new-state=(GstState)paused, pending-state=(GstState)void-pending;
Got message #932 from element "mppvideodec3" (state-changed): GstMessageStateChanged, old-state=(GstState)null, new-state=(GstState)ready, pending-state=(GstState)void-pending;
Got message #936 from element "mppvideodec4" (state-changed): GstMessageStateChanged, old-state=(GstState)null, new-state=(GstState)ready, pending-state=(GstState)void-pending;
Got message #940 from element "mppvideodec5" (state-changed): GstMessageStateChanged, old-state=(GstState)null, new-state=(GstState)ready, pending-state=(GstState)void-pending;
Got message #947 from element "mppvideodec4" (state-changed): GstMessageStateChanged, old-state=(GstState)ready, new-state=(GstState)paused, pending-state=(GstState)void-pending;
Got message #948 from element "mppvideodec3" (state-changed): GstMessageStateChanged, old-state=(GstState)ready, new-state=(GstState)paused, pending-state=(GstState)void-pending;
Got message #949 from pad "mppvideodec2:sink" (property-notify): GstMessagePropertyNotify, property-name=(string)caps, property-value=(GstCaps)"video/x-h264\,\ stream-format\=\(string\)avc\,\ alignment\=\(string\)au\,\ level\=\(string\)4\,\ profile\=\(string\)high\,\ codec_data\=\(buffer\)01640028ffe1001d67640028acd940780227e5c05a808080a000007d20001d4c01e30632c001000568e93b2c8b\,\ width\=\(int\)1920\,\ height\=\(int\)1080\,\ framerate\=\(fraction\)30000/1001\,\ pixel-aspect-ratio\=\(fraction\)1/1\,\ colorimetry\=\(string\)bt709\,\ coded-picture-structure\=\(string\)frame\,\ chroma-format\=\(string\)4:2:0\,\ bit-depth-luma\=\(uint\)8\,\ bit-depth-chroma\=\(uint\)8\,\ parsed\=\(boolean\)true";
/GstPipeline:pipeline0/GstDecodeBin:decodebin3/GstMppVideoDec:mppvideodec2.GstPad:sink: caps = video/x-h264, stream-format=(string)avc, alignment=(string)au, level=(string)4, profile=(string)high, codec_data=(buffer)01640028ffe1001d67640028acd940780227e5c05a808080a000007d20001d4c01e30632c001000568e93b2c8b, width=(int)1920, height=(int)1080, framerate=(fraction)30000/1001, pixel-aspect-ratio=(fraction)1/1, colorimetry=(string)bt709, coded-picture-structure=(string)frame, chroma-format=(string)4:2:0, bit-depth-luma=(uint)8, bit-depth-chroma=(uint)8, parsed=(boolean)true
Got message #950 from pad "capsfilter2:src" (property-notify): GstMessagePropertyNotify, property-name=(string)caps, property-value=(GstCaps)"video/x-h264\,\ stream-format\=\(string\)avc\,\ alignment\=\(string\)au\,\ level\=\(string\)4\,\ profile\=\(string\)high\,\ codec_data\=\(buffer\)01640028ffe1001d67640028acd940780227e5c05a808080a000007d20001d4c01e30632c001000568e93b2c8b\,\ width\=\(int\)1920\,\ height\=\(int\)1080\,\ framerate\=\(fraction\)30000/1001\,\ pixel-aspect-ratio\=\(fraction\)1/1\,\ colorimetry\=\(string\)bt709\,\ coded-picture-structure\=\(string\)frame\,\ chroma-format\=\(string\)4:2:0\,\ bit-depth-luma\=\(uint\)8\,\ bit-depth-chroma\=\(uint\)8\,\ parsed\=\(boolean\)true";
/GstPipeline:pipeline0/GstDecodeBin:decodebin3/GstCapsFilter:capsfilter2.GstPad:src: caps = video/x-h264, stream-format=(string)avc, alignment=(string)au, level=(string)4, profile=(string)high, codec_data=(buffer)01640028ffe1001d67640028acd940780227e5c05a808080a000007d20001d4c01e30632c001000568e93b2c8b, width=(int)1920, height=(int)1080, framerate=(fraction)30000/1001, pixel-aspect-ratio=(fraction)1/1, colorimetry=(string)bt709, coded-picture-structure=(string)frame, chroma-format=(string)4:2:0, bit-depth-luma=(uint)8, bit-depth-chroma=(uint)8, parsed=(boolean)true
Got message #954 from pad "mppvideodec0:sink" (property-notify): GstMessagePropertyNotify, property-name=(string)caps, property-value=(GstCaps)"video/x-h264\,\ stream-format\=\(string\)avc\,\ alignment\=\(string\)au\,\ level\=\(string\)4\,\ profile\=\(string\)high\,\ codec_data\=\(buffer\)01640028ffe1001d67640028acd940780227e5c05a808080a000007d20001d4c01e30632c001000568e93b2c8b\,\ width\=\(int\)1920\,\ height\=\(int\)1080\,\ framerate\=\(fraction\)30000/1001\,\ pixel-aspect-ratio\=\(fraction\)1/1\,\ colorimetry\=\(string\)bt709\,\ coded-picture-structure\=\(string\)frame\,\ chroma-format\=\(string\)4:2:0\,\ bit-depth-luma\=\(uint\)8\,\ bit-depth-chroma\=\(uint\)8\,\ parsed\=\(boolean\)true";
/GstPipeline:pipeline0/GstDecodeBin:decodebin1/GstMppVideoDec:mppvideodec0.GstPad:sink: caps = video/x-h264, stream-format=(string)avc, alignment=(string)au, level=(string)4, profile=(string)high, codec_data=(buffer)01640028ffe1001d67640028acd940780227e5c05a808080a000007d20001d4c01e30632c001000568e93b2c8b, width=(int)1920, height=(int)1080, framerate=(fraction)30000/1001, pixel-aspect-ratio=(fraction)1/1, colorimetry=(string)bt709, coded-picture-structure=(string)frame, chroma-format=(string)4:2:0, bit-depth-luma=(uint)8, bit-depth-chroma=(uint)8, parsed=(boolean)true
Got message #955 from element "mppvideodec5" (state-changed): GstMessageStateChanged, old-state=(GstState)ready, new-state=(GstState)paused, pending-state=(GstState)void-pending;
Got message #956 from pad "capsfilter0:src" (property-notify): GstMessagePropertyNotify, property-name=(string)caps, property-value=(GstCaps)"video/x-h264\,\ stream-format\=\(string\)avc\,\ alignment\=\(string\)au\,\ level\=\(string\)4\,\ profile\=\(string\)high\,\ codec_data\=\(buffer\)01640028ffe1001d67640028acd940780227e5c05a808080a000007d20001d4c01e30632c001000568e93b2c8b\,\ width\=\(int\)1920\,\ height\=\(int\)1080\,\ framerate\=\(fraction\)30000/1001\,\ pixel-aspect-ratio\=\(fraction\)1/1\,\ colorimetry\=\(string\)bt709\,\ coded-picture-structure\=\(string\)frame\,\ chroma-format\=\(string\)4:2:0\,\ bit-depth-luma\=\(uint\)8\,\ bit-depth-chroma\=\(uint\)8\,\ parsed\=\(boolean\)true";
/GstPipeline:pipeline0/GstDecodeBin:decodebin1/GstCapsFilter:capsfilter0.GstPad:src: caps = video/x-h264, stream-format=(string)avc, alignment=(string)au, level=(string)4, profile=(string)high, codec_data=(buffer)01640028ffe1001d67640028acd940780227e5c05a808080a000007d20001d4c01e30632c001000568e93b2c8b, width=(int)1920, height=(int)1080, framerate=(fraction)30000/1001, pixel-aspect-ratio=(fraction)1/1, colorimetry=(string)bt709, coded-picture-structure=(string)frame, chroma-format=(string)4:2:0, bit-depth-luma=(uint)8, bit-depth-chroma=(uint)8, parsed=(boolean)true
Got message #957 from pad "mppvideodec1:sink" (property-notify): GstMessagePropertyNotify, property-name=(string)caps, property-value=(GstCaps)"video/x-h264\,\ stream-format\=\(string\)avc\,\ alignment\=\(string\)au\,\ level\=\(string\)4\,\ profile\=\(string\)high\,\ codec_data\=\(buffer\)01640028ffe1001d67640028acd940780227e5c05a808080a000007d20001d4c01e30632c001000568e93b2c8b\,\ width\=\(int\)1920\,\ height\=\(int\)1080\,\ framerate\=\(fraction\)30000/1001\,\ pixel-aspect-ratio\=\(fraction\)1/1\,\ colorimetry\=\(string\)bt709\,\ coded-picture-structure\=\(string\)frame\,\ chroma-format\=\(string\)4:2:0\,\ bit-depth-luma\=\(uint\)8\,\ bit-depth-chroma\=\(uint\)8\,\ parsed\=\(boolean\)true";
/GstPipeline:pipeline0/GstDecodeBin:decodebin2/GstMppVideoDec:mppvideodec1.GstPad:sink: caps = video/x-h264, stream-format=(string)avc, alignment=(string)au, level=(string)4, profile=(string)high, codec_data=(buffer)01640028ffe1001d67640028acd940780227e5c05a808080a000007d20001d4c01e30632c001000568e93b2c8b, width=(int)1920, height=(int)1080, framerate=(fraction)30000/1001, pixel-aspect-ratio=(fraction)1/1, colorimetry=(string)bt709, coded-picture-structure=(string)frame, chroma-format=(string)4:2:0, bit-depth-luma=(uint)8, bit-depth-chroma=(uint)8, parsed=(boolean)true
Got message #958 from pad "capsfilter1:src" (property-notify): GstMessagePropertyNotify, property-name=(string)caps, property-value=(GstCaps)"video/x-h264\,\ stream-format\=\(string\)avc\,\ alignment\=\(string\)au\,\ level\=\(string\)4\,\ profile\=\(string\)high\,\ codec_data\=\(buffer\)01640028ffe1001d67640028acd940780227e5c05a808080a000007d20001d4c01e30632c001000568e93b2c8b\,\ width\=\(int\)1920\,\ height\=\(int\)1080\,\ framerate\=\(fraction\)30000/1001\,\ pixel-aspect-ratio\=\(fraction\)1/1\,\ colorimetry\=\(string\)bt709\,\ coded-picture-structure\=\(string\)frame\,\ chroma-format\=\(string\)4:2:0\,\ bit-depth-luma\=\(uint\)8\,\ bit-depth-chroma\=\(uint\)8\,\ parsed\=\(boolean\)true";
/GstPipeline:pipeline0/GstDecodeBin:decodebin2/GstCapsFilter:capsfilter1.GstPad:src: caps = video/x-h264, stream-format=(string)avc, alignment=(string)au, level=(string)4, profile=(string)high, codec_data=(buffer)01640028ffe1001d67640028acd940780227e5c05a808080a000007d20001d4c01e30632c001000568e93b2c8b, width=(int)1920, height=(int)1080, framerate=(fraction)30000/1001, pixel-aspect-ratio=(fraction)1/1, colorimetry=(string)bt709, coded-picture-structure=(string)frame, chroma-format=(string)4:2:0, bit-depth-luma=(uint)8, bit-depth-chroma=(uint)8, parsed=(boolean)true
Got message #959 from pad "capsfilter2:sink" (property-notify): GstMessagePropertyNotify, property-name=(string)caps, property-value=(GstCaps)"video/x-h264\,\ stream-format\=\(string\)avc\,\ alignment\=\(string\)au\,\ level\=\(string\)4\,\ profile\=\(string\)high\,\ codec_data\=\(buffer\)01640028ffe1001d67640028acd940780227e5c05a808080a000007d20001d4c01e30632c001000568e93b2c8b\,\ width\=\(int\)1920\,\ height\=\(int\)1080\,\ framerate\=\(fraction\)30000/1001\,\ pixel-aspect-ratio\=\(fraction\)1/1\,\ colorimetry\=\(string\)bt709\,\ coded-picture-structure\=\(string\)frame\,\ chroma-format\=\(string\)4:2:0\,\ bit-depth-luma\=\(uint\)8\,\ bit-depth-chroma\=\(uint\)8\,\ parsed\=\(boolean\)true";
/GstPipeline:pipeline0/GstDecodeBin:decodebin3/GstCapsFilter:capsfilter2.GstPad:sink: caps = video/x-h264, stream-format=(string)avc, alignment=(string)au, level=(string)4, profile=(string)high, codec_data=(buffer)01640028ffe1001d67640028acd940780227e5c05a808080a000007d20001d4c01e30632c001000568e93b2c8b, width=(int)1920, height=(int)1080, framerate=(fraction)30000/1001, pixel-aspect-ratio=(fraction)1/1, colorimetry=(string)bt709, coded-picture-structure=(string)frame, chroma-format=(string)4:2:0, bit-depth-luma=(uint)8, bit-depth-chroma=(uint)8, parsed=(boolean)true
Got message #960 from pad "h264parse5:sink" (property-notify): GstMessagePropertyNotify, property-name=(string)caps, property-value=(GstCaps)"video/x-h264\,\ stream-format\=\(string\)avc\,\ alignment\=\(string\)au\,\ level\=\(string\)4\,\ profile\=\(string\)high\,\ codec_data\=\(buffer\)01640028ffe1001d67640028acd940780227e5c05a808080a000007d20001d4c01e30632c001000568e93b2c8bfdf8f800\,\ width\=\(int\)1920\,\ height\=\(int\)1080\,\ framerate\=\(fraction\)30000/1001\,\ pixel-aspect-ratio\=\(fraction\)1/1\,\ colorimetry\=\(string\)bt709";
/GstPipeline:pipeline0/GstDecodeBin:decodebin3/GstH264Parse:h264parse5.GstPad:sink: caps = video/x-h264, stream-format=(string)avc, alignment=(string)au, level=(string)4, profile=(string)high, codec_data=(buffer)01640028ffe1001d67640028acd940780227e5c05a808080a000007d20001d4c01e30632c001000568e93b2c8bfdf8f800, width=(int)1920, height=(int)1080, framerate=(fraction)30000/1001, pixel-aspect-ratio=(fraction)1/1, colorimetry=(string)bt709
Got message #961 from element "multiqueue2" (property-notify): GstMessagePropertyNotify, property-name=(string)max-size-buffers, property-value=(uint)5;
/GstPipeline:pipeline0/GstDecodeBin:decodebin3/GstMultiQueue:multiqueue2: max-size-buffers = 5
Got message #962 from element "multiqueue2" (property-notify): GstMessagePropertyNotify, property-name=(string)max-size-time, property-value=(guint64)0;
/GstPipeline:pipeline0/GstDecodeBin:decodebin3/GstMultiQueue:multiqueue2: max-size-time = 0
Got message #963 from element "multiqueue2" (property-notify): GstMessagePropertyNotify, property-name=(string)max-size-bytes, property-value=(uint)8388608;
/GstPipeline:pipeline0/GstDecodeBin:decodebin3/GstMultiQueue:multiqueue2: max-size-bytes = 8388608
Got message #965 from pad "multiqueue2:sink_0" (property-notify): GstMessagePropertyNotify, property-name=(string)caps, property-value=(GstCaps)"video/x-h264\,\ stream-format\=\(string\)avc\,\ alignment\=\(string\)au\,\ level\=\(string\)4\,\ profile\=\(string\)high\,\ codec_data\=\(buffer\)01640028ffe1001d67640028acd940780227e5c05a808080a000007d20001d4c01e30632c001000568e93b2c8bfdf8f800\,\ width\=\(int\)1920\,\ height\=\(int\)1080\,\ framerate\=\(fraction\)30000/1001\,\ pixel-aspect-ratio\=\(fraction\)1/1\,\ colorimetry\=\(string\)bt709";
/GstPipeline:pipeline0/GstDecodeBin:decodebin3/GstMultiQueue:multiqueue2.GstMultiQueuePad:sink_0: caps = video/x-h264, stream-format=(string)avc, alignment=(string)au, level=(string)4, profile=(string)high, codec_data=(buffer)01640028ffe1001d67640028acd940780227e5c05a808080a000007d20001d4c01e30632c001000568e93b2c8bfdf8f800, width=(int)1920, height=(int)1080, framerate=(fraction)30000/1001, pixel-aspect-ratio=(fraction)1/1, colorimetry=(string)bt709
Got message #968 from pad "capsfilter0:sink" (property-notify): GstMessagePropertyNotify, property-name=(string)caps, property-value=(GstCaps)"video/x-h264\,\ stream-format\=\(string\)avc\,\ alignment\=\(string\)au\,\ level\=\(string\)4\,\ profile\=\(string\)high\,\ codec_data\=\(buffer\)01640028ffe1001d67640028acd940780227e5c05a808080a000007d20001d4c01e30632c001000568e93b2c8b\,\ width\=\(int\)1920\,\ height\=\(int\)1080\,\ framerate\=\(fraction\)30000/1001\,\ pixel-aspect-ratio\=\(fraction\)1/1\,\ colorimetry\=\(string\)bt709\,\ coded-picture-structure\=\(string\)frame\,\ chroma-format\=\(string\)4:2:0\,\ bit-depth-luma\=\(uint\)8\,\ bit-depth-chroma\=\(uint\)8\,\ parsed\=\(boolean\)true";
/GstPipeline:pipeline0/GstDecodeBin:decodebin1/GstCapsFilter:capsfilter0.GstPad:sink: caps = video/x-h264, stream-format=(string)avc, alignment=(string)au, level=(string)4, profile=(string)high, codec_data=(buffer)01640028ffe1001d67640028acd940780227e5c05a808080a000007d20001d4c01e30632c001000568e93b2c8b, width=(int)1920, height=(int)1080, framerate=(fraction)30000/1001, pixel-aspect-ratio=(fraction)1/1, colorimetry=(string)bt709, coded-picture-structure=(string)frame, chroma-format=(string)4:2:0, bit-depth-luma=(uint)8, bit-depth-chroma=(uint)8, parsed=(boolean)true
Got message #969 from pad "h264parse1:sink" (property-notify): GstMessagePropertyNotify, property-name=(string)caps, property-value=(GstCaps)"video/x-h264\,\ stream-format\=\(string\)avc\,\ alignment\=\(string\)au\,\ level\=\(string\)4\,\ profile\=\(string\)high\,\ codec_data\=\(buffer\)01640028ffe1001d67640028acd940780227e5c05a808080a000007d20001d4c01e30632c001000568e93b2c8bfdf8f800\,\ width\=\(int\)1920\,\ height\=\(int\)1080\,\ framerate\=\(fraction\)30000/1001\,\ pixel-aspect-ratio\=\(fraction\)1/1\,\ colorimetry\=\(string\)bt709";
/GstPipeline:pipeline0/GstDecodeBin:decodebin1/GstH264Parse:h264parse1.GstPad:sink: caps = video/x-h264, stream-format=(string)avc, alignment=(string)au, level=(string)4, profile=(string)high, codec_data=(buffer)01640028ffe1001d67640028acd940780227e5c05a808080a000007d20001d4c01e30632c001000568e93b2c8bfdf8f800, width=(int)1920, height=(int)1080, framerate=(fraction)30000/1001, pixel-aspect-ratio=(fraction)1/1, colorimetry=(string)bt709
Got message #970 from element "multiqueue0" (property-notify): GstMessagePropertyNotify, property-name=(string)max-size-buffers, property-value=(uint)5;
/GstPipeline:pipeline0/GstDecodeBin:decodebin1/GstMultiQueue:multiqueue0: max-size-buffers = 5
Got message #971 from element "multiqueue0" (property-notify): GstMessagePropertyNotify, property-name=(string)max-size-time, property-value=(guint64)0;
/GstPipeline:pipeline0/GstDecodeBin:decodebin1/GstMultiQueue:multiqueue0: max-size-time = 0
Got message #972 from element "multiqueue0" (property-notify): GstMessagePropertyNotify, property-name=(string)max-size-bytes, property-value=(uint)8388608;
/GstPipeline:pipeline0/GstDecodeBin:decodebin1/GstMultiQueue:multiqueue0: max-size-bytes = 8388608
Got message #973 from pad "mppvideodec5:sink" (property-notify): GstMessagePropertyNotify, property-name=(string)caps, property-value=(GstCaps)"video/x-h264\,\ stream-format\=\(string\)avc\,\ alignment\=\(string\)au\,\ level\=\(string\)4\,\ profile\=\(string\)high\,\ codec_data\=\(buffer\)01640028ffe1001d67640028acd940780227e5c05a808080a000007d20001d4c01e30632c001000568e93b2c8b\,\ width\=\(int\)1920\,\ height\=\(int\)1080\,\ framerate\=\(fraction\)30000/1001\,\ pixel-aspect-ratio\=\(fraction\)1/1\,\ colorimetry\=\(string\)bt709\,\ coded-picture-structure\=\(string\)frame\,\ chroma-format\=\(string\)4:2:0\,\ bit-depth-luma\=\(uint\)8\,\ bit-depth-chroma\=\(uint\)8\,\ parsed\=\(boolean\)true";
/GstPipeline:pipeline0/GstDecodeBin:decodebin0/GstMppVideoDec:mppvideodec5.GstPad:sink: caps = video/x-h264, stream-format=(string)avc, alignment=(string)au, level=(string)4, profile=(string)high, codec_data=(buffer)01640028ffe1001d67640028acd940780227e5c05a808080a000007d20001d4c01e30632c001000568e93b2c8b, width=(int)1920, height=(int)1080, framerate=(fraction)30000/1001, pixel-aspect-ratio=(fraction)1/1, colorimetry=(string)bt709, coded-picture-structure=(string)frame, chroma-format=(string)4:2:0, bit-depth-luma=(uint)8, bit-depth-chroma=(uint)8, parsed=(boolean)true
Got message #975 from pad "capsfilter5:src" (property-notify): GstMessagePropertyNotify, property-name=(string)caps, property-value=(GstCaps)"video/x-h264\,\ stream-format\=\(string\)avc\,\ alignment\=\(string\)au\,\ level\=\(string\)4\,\ profile\=\(string\)high\,\ codec_data\=\(buffer\)01640028ffe1001d67640028acd940780227e5c05a808080a000007d20001d4c01e30632c001000568e93b2c8b\,\ width\=\(int\)1920\,\ height\=\(int\)1080\,\ framerate\=\(fraction\)30000/1001\,\ pixel-aspect-ratio\=\(fraction\)1/1\,\ colorimetry\=\(string\)bt709\,\ coded-picture-structure\=\(string\)frame\,\ chroma-format\=\(string\)4:2:0\,\ bit-depth-luma\=\(uint\)8\,\ bit-depth-chroma\=\(uint\)8\,\ parsed\=\(boolean\)true";
/GstPipeline:pipeline0/GstDecodeBin:decodebin0/GstCapsFilter:capsfilter5.GstPad:src: caps = video/x-h264, stream-format=(string)avc, alignment=(string)au, level=(string)4, profile=(string)high, codec_data=(buffer)01640028ffe1001d67640028acd940780227e5c05a808080a000007d20001d4c01e30632c001000568e93b2c8b, width=(int)1920, height=(int)1080, framerate=(fraction)30000/1001, pixel-aspect-ratio=(fraction)1/1, colorimetry=(string)bt709, coded-picture-structure=(string)frame, chroma-format=(string)4:2:0, bit-depth-luma=(uint)8, bit-depth-chroma=(uint)8, parsed=(boolean)true
Got message #976 from pad "multiqueue0:sink_0" (property-notify): GstMessagePropertyNotify, property-name=(string)caps, property-value=(GstCaps)"video/x-h264\,\ stream-format\=\(string\)avc\,\ alignment\=\(string\)au\,\ level\=\(string\)4\,\ profile\=\(string\)high\,\ codec_data\=\(buffer\)01640028ffe1001d67640028acd940780227e5c05a808080a000007d20001d4c01e30632c001000568e93b2c8bfdf8f800\,\ width\=\(int\)1920\,\ height\=\(int\)1080\,\ framerate\=\(fraction\)30000/1001\,\ pixel-aspect-ratio\=\(fraction\)1/1\,\ colorimetry\=\(string\)bt709";
/GstPipeline:pipeline0/GstDecodeBin:decodebin1/GstMultiQueue:multiqueue0.GstMultiQueuePad:sink_0: caps = video/x-h264, stream-format=(string)avc, alignment=(string)au, level=(string)4, profile=(string)high, codec_data=(buffer)01640028ffe1001d67640028acd940780227e5c05a808080a000007d20001d4c01e30632c001000568e93b2c8bfdf8f800, width=(int)1920, height=(int)1080, framerate=(fraction)30000/1001, pixel-aspect-ratio=(fraction)1/1, colorimetry=(string)bt709
Got message #979 from pad "capsfilter1:sink" (property-notify): GstMessagePropertyNotify, property-name=(string)caps, property-value=(GstCaps)"video/x-h264\,\ stream-format\=\(string\)avc\,\ alignment\=\(string\)au\,\ level\=\(string\)4\,\ profile\=\(string\)high\,\ codec_data\=\(buffer\)01640028ffe1001d67640028acd940780227e5c05a808080a000007d20001d4c01e30632c001000568e93b2c8b\,\ width\=\(int\)1920\,\ height\=\(int\)1080\,\ framerate\=\(fraction\)30000/1001\,\ pixel-aspect-ratio\=\(fraction\)1/1\,\ colorimetry\=\(string\)bt709\,\ coded-picture-structure\=\(string\)frame\,\ chroma-format\=\(string\)4:2:0\,\ bit-depth-luma\=\(uint\)8\,\ bit-depth-chroma\=\(uint\)8\,\ parsed\=\(boolean\)true";
/GstPipeline:pipeline0/GstDecodeBin:decodebin2/GstCapsFilter:capsfilter1.GstPad:sink: caps = video/x-h264, stream-format=(string)avc, alignment=(string)au, level=(string)4, profile=(string)high, codec_data=(buffer)01640028ffe1001d67640028acd940780227e5c05a808080a000007d20001d4c01e30632c001000568e93b2c8b, width=(int)1920, height=(int)1080, framerate=(fraction)30000/1001, pixel-aspect-ratio=(fraction)1/1, colorimetry=(string)bt709, coded-picture-structure=(string)frame, chroma-format=(string)4:2:0, bit-depth-luma=(uint)8, bit-depth-chroma=(uint)8, parsed=(boolean)true
Got message #980 from pad "h264parse0:sink" (property-notify): GstMessagePropertyNotify, property-name=(string)caps, property-value=(GstCaps)"video/x-h264\,\ stream-format\=\(string\)avc\,\ alignment\=\(string\)au\,\ level\=\(string\)4\,\ profile\=\(string\)high\,\ codec_data\=\(buffer\)01640028ffe1001d67640028acd940780227e5c05a808080a000007d20001d4c01e30632c001000568e93b2c8bfdf8f800\,\ width\=\(int\)1920\,\ height\=\(int\)1080\,\ framerate\=\(fraction\)30000/1001\,\ pixel-aspect-ratio\=\(fraction\)1/1\,\ colorimetry\=\(string\)bt709";
/GstPipeline:pipeline0/GstDecodeBin:decodebin2/GstH264Parse:h264parse0.GstPad:sink: caps = video/x-h264, stream-format=(string)avc, alignment=(string)au, level=(string)4, profile=(string)high, codec_data=(buffer)01640028ffe1001d67640028acd940780227e5c05a808080a000007d20001d4c01e30632c001000568e93b2c8bfdf8f800, width=(int)1920, height=(int)1080, framerate=(fraction)30000/1001, pixel-aspect-ratio=(fraction)1/1, colorimetry=(string)bt709
Got message #981 from element "multiqueue1" (property-notify): GstMessagePropertyNotify, property-name=(string)max-size-buffers, property-value=(uint)5;
/GstPipeline:pipeline0/GstDecodeBin:decodebin2/GstMultiQueue:multiqueue1: max-size-buffers = 5
Got message #982 from element "multiqueue1" (property-notify): GstMessagePropertyNotify, property-name=(string)max-size-time, property-value=(guint64)0;
/GstPipeline:pipeline0/GstDecodeBin:decodebin2/GstMultiQueue:multiqueue1: max-size-time = 0
Got message #983 from element "multiqueue1" (property-notify): GstMessagePropertyNotify, property-name=(string)max-size-bytes, property-value=(uint)8388608;
/GstPipeline:pipeline0/GstDecodeBin:decodebin2/GstMultiQueue:multiqueue1: max-size-bytes = 8388608
Got message #985 from pad "multiqueue1:sink_0" (property-notify): GstMessagePropertyNotify, property-name=(string)caps, property-value=(GstCaps)"video/x-h264\,\ stream-format\=\(string\)avc\,\ alignment\=\(string\)au\,\ level\=\(string\)4\,\ profile\=\(string\)high\,\ codec_data\=\(buffer\)01640028ffe1001d67640028acd940780227e5c05a808080a000007d20001d4c01e30632c001000568e93b2c8bfdf8f800\,\ width\=\(int\)1920\,\ height\=\(int\)1080\,\ framerate\=\(fraction\)30000/1001\,\ pixel-aspect-ratio\=\(fraction\)1/1\,\ colorimetry\=\(string\)bt709";
/GstPipeline:pipeline0/GstDecodeBin:decodebin2/GstMultiQueue:multiqueue1.GstMultiQueuePad:sink_0: caps = video/x-h264, stream-format=(string)avc, alignment=(string)au, level=(string)4, profile=(string)high, codec_data=(buffer)01640028ffe1001d67640028acd940780227e5c05a808080a000007d20001d4c01e30632c001000568e93b2c8bfdf8f800, width=(int)1920, height=(int)1080, framerate=(fraction)30000/1001, pixel-aspect-ratio=(fraction)1/1, colorimetry=(string)bt709
Got message #988 from pad "capsfilter5:sink" (property-notify): GstMessagePropertyNotify, property-name=(string)caps, property-value=(GstCaps)"video/x-h264\,\ stream-format\=\(string\)avc\,\ alignment\=\(string\)au\,\ level\=\(string\)4\,\ profile\=\(string\)high\,\ codec_data\=\(buffer\)01640028ffe1001d67640028acd940780227e5c05a808080a000007d20001d4c01e30632c001000568e93b2c8b\,\ width\=\(int\)1920\,\ height\=\(int\)1080\,\ framerate\=\(fraction\)30000/1001\,\ pixel-aspect-ratio\=\(fraction\)1/1\,\ colorimetry\=\(string\)bt709\,\ coded-picture-structure\=\(string\)frame\,\ chroma-format\=\(string\)4:2:0\,\ bit-depth-luma\=\(uint\)8\,\ bit-depth-chroma\=\(uint\)8\,\ parsed\=\(boolean\)true";
/GstPipeline:pipeline0/GstDecodeBin:decodebin0/GstCapsFilter:capsfilter5.GstPad:sink: caps = video/x-h264, stream-format=(string)avc, alignment=(string)au, level=(string)4, profile=(string)high, codec_data=(buffer)01640028ffe1001d67640028acd940780227e5c05a808080a000007d20001d4c01e30632c001000568e93b2c8b, width=(int)1920, height=(int)1080, framerate=(fraction)30000/1001, pixel-aspect-ratio=(fraction)1/1, colorimetry=(string)bt709, coded-picture-structure=(string)frame, chroma-format=(string)4:2:0, bit-depth-luma=(uint)8, bit-depth-chroma=(uint)8, parsed=(boolean)true
Got message #989 from pad "h264parse2:sink" (property-notify): GstMessagePropertyNotify, property-name=(string)caps, property-value=(GstCaps)"video/x-h264\,\ stream-format\=\(string\)avc\,\ alignment\=\(string\)au\,\ level\=\(string\)4\,\ profile\=\(string\)high\,\ codec_data\=\(buffer\)01640028ffe1001d67640028acd940780227e5c05a808080a000007d20001d4c01e30632c001000568e93b2c8bfdf8f800\,\ width\=\(int\)1920\,\ height\=\(int\)1080\,\ framerate\=\(fraction\)30000/1001\,\ pixel-aspect-ratio\=\(fraction\)1/1\,\ colorimetry\=\(string\)bt709";
/GstPipeline:pipeline0/GstDecodeBin:decodebin0/GstH264Parse:h264parse2.GstPad:sink: caps = video/x-h264, stream-format=(string)avc, alignment=(string)au, level=(string)4, profile=(string)high, codec_data=(buffer)01640028ffe1001d67640028acd940780227e5c05a808080a000007d20001d4c01e30632c001000568e93b2c8bfdf8f800, width=(int)1920, height=(int)1080, framerate=(fraction)30000/1001, pixel-aspect-ratio=(fraction)1/1, colorimetry=(string)bt709
Got message #990 from element "multiqueue3" (property-notify): GstMessagePropertyNotify, property-name=(string)max-size-buffers, property-value=(uint)5;
/GstPipeline:pipeline0/GstDecodeBin:decodebin0/GstMultiQueue:multiqueue3: max-size-buffers = 5
Got message #991 from element "multiqueue3" (property-notify): GstMessagePropertyNotify, property-name=(string)max-size-time, property-value=(guint64)0;
/GstPipeline:pipeline0/GstDecodeBin:decodebin0/GstMultiQueue:multiqueue3: max-size-time = 0
Got message #992 from element "multiqueue3" (property-notify): GstMessagePropertyNotify, property-name=(string)max-size-bytes, property-value=(uint)8388608;
/GstPipeline:pipeline0/GstDecodeBin:decodebin0/GstMultiQueue:multiqueue3: max-size-bytes = 8388608
Got message #994 from element "h264parse5" (latency): no message details
Redistribute latency...
Got message #995 from element "h264parse1" (latency): no message details
Redistribute latency...
Got message #996 from pad "multiqueue3:sink_0" (property-notify): GstMessagePropertyNotify, property-name=(string)caps, property-value=(GstCaps)"video/x-h264\,\ stream-format\=\(string\)avc\,\ alignment\=\(string\)au\,\ level\=\(string\)4\,\ profile\=\(string\)high\,\ codec_data\=\(buffer\)01640028ffe1001d67640028acd940780227e5c05a808080a000007d20001d4c01e30632c001000568e93b2c8bfdf8f800\,\ width\=\(int\)1920\,\ height\=\(int\)1080\,\ framerate\=\(fraction\)30000/1001\,\ pixel-aspect-ratio\=\(fraction\)1/1\,\ colorimetry\=\(string\)bt709";
/GstPipeline:pipeline0/GstDecodeBin:decodebin0/GstMultiQueue:multiqueue3.GstMultiQueuePad:sink_0: caps = video/x-h264, stream-format=(string)avc, alignment=(string)au, level=(string)4, profile=(string)high, codec_data=(buffer)01640028ffe1001d67640028acd940780227e5c05a808080a000007d20001d4c01e30632c001000568e93b2c8bfdf8f800, width=(int)1920, height=(int)1080, framerate=(fraction)30000/1001, pixel-aspect-ratio=(fraction)1/1, colorimetry=(string)bt709
Got message #999 from pad "mppvideodec3:sink" (property-notify): GstMessagePropertyNotify, property-name=(string)caps, property-value=(GstCaps)"video/x-h264\,\ stream-format\=\(string\)avc\,\ alignment\=\(string\)au\,\ level\=\(string\)4\,\ profile\=\(string\)high\,\ codec_data\=\(buffer\)01640028ffe1001d67640028acd940780227e5c05a808080a000007d20001d4c01e30632c001000568e93b2c8b\,\ width\=\(int\)1920\,\ height\=\(int\)1080\,\ framerate\=\(fraction\)30000/1001\,\ pixel-aspect-ratio\=\(fraction\)1/1\,\ colorimetry\=\(string\)bt709\,\ coded-picture-structure\=\(string\)frame\,\ chroma-format\=\(string\)4:2:0\,\ bit-depth-luma\=\(uint\)8\,\ bit-depth-chroma\=\(uint\)8\,\ parsed\=\(boolean\)true";
/GstPipeline:pipeline0/GstDecodeBin:decodebin5/GstMppVideoDec:mppvideodec3.GstPad:sink: caps = video/x-h264, stream-format=(string)avc, alignment=(string)au, level=(string)4, profile=(string)high, codec_data=(buffer)01640028ffe1001d67640028acd940780227e5c05a808080a000007d20001d4c01e30632c001000568e93b2c8b, width=(int)1920, height=(int)1080, framerate=(fraction)30000/1001, pixel-aspect-ratio=(fraction)1/1, colorimetry=(string)bt709, coded-picture-structure=(string)frame, chroma-format=(string)4:2:0, bit-depth-luma=(uint)8, bit-depth-chroma=(uint)8, parsed=(boolean)true
Got message #1000 from pad "capsfilter3:src" (property-notify): GstMessagePropertyNotify, property-name=(string)caps, property-value=(GstCaps)"video/x-h264\,\ stream-format\=\(string\)avc\,\ alignment\=\(string\)au\,\ level\=\(string\)4\,\ profile\=\(string\)high\,\ codec_data\=\(buffer\)01640028ffe1001d67640028acd940780227e5c05a808080a000007d20001d4c01e30632c001000568e93b2c8b\,\ width\=\(int\)1920\,\ height\=\(int\)1080\,\ framerate\=\(fraction\)30000/1001\,\ pixel-aspect-ratio\=\(fraction\)1/1\,\ colorimetry\=\(string\)bt709\,\ coded-picture-structure\=\(string\)frame\,\ chroma-format\=\(string\)4:2:0\,\ bit-depth-luma\=\(uint\)8\,\ bit-depth-chroma\=\(uint\)8\,\ parsed\=\(boolean\)true";
/GstPipeline:pipeline0/GstDecodeBin:decodebin5/GstCapsFilter:capsfilter3.GstPad:src: caps = video/x-h264, stream-format=(string)avc, alignment=(string)au, level=(string)4, profile=(string)high, codec_data=(buffer)01640028ffe1001d67640028acd940780227e5c05a808080a000007d20001d4c01e30632c001000568e93b2c8b, width=(int)1920, height=(int)1080, framerate=(fraction)30000/1001, pixel-aspect-ratio=(fraction)1/1, colorimetry=(string)bt709, coded-picture-structure=(string)frame, chroma-format=(string)4:2:0, bit-depth-luma=(uint)8, bit-depth-chroma=(uint)8, parsed=(boolean)true
Got message #1002 from pad "h264parse5:src" (property-notify): GstMessagePropertyNotify, property-name=(string)caps, property-value=(GstCaps)"video/x-h264\,\ stream-format\=\(string\)avc\,\ alignment\=\(string\)au\,\ level\=\(string\)4\,\ profile\=\(string\)high\,\ codec_data\=\(buffer\)01640028ffe1001d67640028acd940780227e5c05a808080a000007d20001d4c01e30632c001000568e93b2c8b\,\ width\=\(int\)1920\,\ height\=\(int\)1080\,\ framerate\=\(fraction\)30000/1001\,\ pixel-aspect-ratio\=\(fraction\)1/1\,\ colorimetry\=\(string\)bt709\,\ coded-picture-structure\=\(string\)frame\,\ chroma-format\=\(string\)4:2:0\,\ bit-depth-luma\=\(uint\)8\,\ bit-depth-chroma\=\(uint\)8\,\ parsed\=\(boolean\)true";
/GstPipeline:pipeline0/GstDecodeBin:decodebin3/GstH264Parse:h264parse5.GstPad:src: caps = video/x-h264, stream-format=(string)avc, alignment=(string)au, level=(string)4, profile=(string)high, codec_data=(buffer)01640028ffe1001d67640028acd940780227e5c05a808080a000007d20001d4c01e30632c001000568e93b2c8b, width=(int)1920, height=(int)1080, framerate=(fraction)30000/1001, pixel-aspect-ratio=(fraction)1/1, colorimetry=(string)bt709, coded-picture-structure=(string)frame, chroma-format=(string)4:2:0, bit-depth-luma=(uint)8, bit-depth-chroma=(uint)8, parsed=(boolean)true
Got message #1003 from pad "mppvideodec4:sink" (property-notify): GstMessagePropertyNotify, property-name=(string)caps, property-value=(GstCaps)"video/x-h264\,\ stream-format\=\(string\)avc\,\ alignment\=\(string\)au\,\ level\=\(string\)4\,\ profile\=\(string\)high\,\ codec_data\=\(buffer\)01640028ffe1001d67640028acd940780227e5c05a808080a000007d20001d4c01e30632c001000568e93b2c8b\,\ width\=\(int\)1920\,\ height\=\(int\)1080\,\ framerate\=\(fraction\)30000/1001\,\ pixel-aspect-ratio\=\(fraction\)1/1\,\ colorimetry\=\(string\)bt709\,\ coded-picture-structure\=\(string\)frame\,\ chroma-format\=\(string\)4:2:0\,\ bit-depth-luma\=\(uint\)8\,\ bit-depth-chroma\=\(uint\)8\,\ parsed\=\(boolean\)true";
/GstPipeline:pipeline0/GstDecodeBin:decodebin4/GstMppVideoDec:mppvideodec4.GstPad:sink: caps = video/x-h264, stream-format=(string)avc, alignment=(string)au, level=(string)4, profile=(string)high, codec_data=(buffer)01640028ffe1001d67640028acd940780227e5c05a808080a000007d20001d4c01e30632c001000568e93b2c8b, width=(int)1920, height=(int)1080, framerate=(fraction)30000/1001, pixel-aspect-ratio=(fraction)1/1, colorimetry=(string)bt709, coded-picture-structure=(string)frame, chroma-format=(string)4:2:0, bit-depth-luma=(uint)8, bit-depth-chroma=(uint)8, parsed=(boolean)true
Got message #1004 from pad "capsfilter4:src" (property-notify): GstMessagePropertyNotify, property-name=(string)caps, property-value=(GstCaps)"video/x-h264\,\ stream-format\=\(string\)avc\,\ alignment\=\(string\)au\,\ level\=\(string\)4\,\ profile\=\(string\)high\,\ codec_data\=\(buffer\)01640028ffe1001d67640028acd940780227e5c05a808080a000007d20001d4c01e30632c001000568e93b2c8b\,\ width\=\(int\)1920\,\ height\=\(int\)1080\,\ framerate\=\(fraction\)30000/1001\,\ pixel-aspect-ratio\=\(fraction\)1/1\,\ colorimetry\=\(string\)bt709\,\ coded-picture-structure\=\(string\)frame\,\ chroma-format\=\(string\)4:2:0\,\ bit-depth-luma\=\(uint\)8\,\ bit-depth-chroma\=\(uint\)8\,\ parsed\=\(boolean\)true";
/GstPipeline:pipeline0/GstDecodeBin:decodebin4/GstCapsFilter:capsfilter4.GstPad:src: caps = video/x-h264, stream-format=(string)avc, alignment=(string)au, level=(string)4, profile=(string)high, codec_data=(buffer)01640028ffe1001d67640028acd940780227e5c05a808080a000007d20001d4c01e30632c001000568e93b2c8b, width=(int)1920, height=(int)1080, framerate=(fraction)30000/1001, pixel-aspect-ratio=(fraction)1/1, colorimetry=(string)bt709, coded-picture-structure=(string)frame, chroma-format=(string)4:2:0, bit-depth-luma=(uint)8, bit-depth-chroma=(uint)8, parsed=(boolean)true
Got message #1005 from pad "capsfilter2:sink" (property-notify): GstMessagePropertyNotify, property-name=(string)caps, property-value=(GstCaps)"video/x-h264\,\ stream-format\=\(string\)avc\,\ alignment\=\(string\)au\,\ level\=\(string\)4\,\ profile\=\(string\)high\,\ codec_data\=\(buffer\)01640028ffe1001d67640028acd940780227e5c05a808080a000007d20001d4c01e30632c001000568e93b2c8b\,\ width\=\(int\)1920\,\ height\=\(int\)1080\,\ framerate\=\(fraction\)30000/1001\,\ pixel-aspect-ratio\=\(fraction\)1/1\,\ colorimetry\=\(string\)bt709\,\ coded-picture-structure\=\(string\)frame\,\ chroma-format\=\(string\)4:2:0\,\ bit-depth-luma\=\(uint\)8\,\ bit-depth-chroma\=\(uint\)8\,\ parsed\=\(boolean\)true";
/GstPipeline:pipeline0/GstDecodeBin:decodebin3/GstCapsFilter:capsfilter2.GstPad:sink: caps = video/x-h264, stream-format=(string)avc, alignment=(string)au, level=(string)4, profile=(string)high, codec_data=(buffer)01640028ffe1001d67640028acd940780227e5c05a808080a000007d20001d4c01e30632c001000568e93b2c8b, width=(int)1920, height=(int)1080, framerate=(fraction)30000/1001, pixel-aspect-ratio=(fraction)1/1, colorimetry=(string)bt709, coded-picture-structure=(string)frame, chroma-format=(string)4:2:0, bit-depth-luma=(uint)8, bit-depth-chroma=(uint)8, parsed=(boolean)true
Got message #1009 from pad "h264parse1:src" (property-notify): GstMessagePropertyNotify, property-name=(string)caps, property-value=(GstCaps)"video/x-h264\,\ stream-format\=\(string\)avc\,\ alignment\=\(string\)au\,\ level\=\(string\)4\,\ profile\=\(string\)high\,\ codec_data\=\(buffer\)01640028ffe1001d67640028acd940780227e5c05a808080a000007d20001d4c01e30632c001000568e93b2c8b\,\ width\=\(int\)1920\,\ height\=\(int\)1080\,\ framerate\=\(fraction\)30000/1001\,\ pixel-aspect-ratio\=\(fraction\)1/1\,\ colorimetry\=\(string\)bt709\,\ coded-picture-structure\=\(string\)frame\,\ chroma-format\=\(string\)4:2:0\,\ bit-depth-luma\=\(uint\)8\,\ bit-depth-chroma\=\(uint\)8\,\ parsed\=\(boolean\)true";
/GstPipeline:pipeline0/GstDecodeBin:decodebin1/GstH264Parse:h264parse1.GstPad:src: caps = video/x-h264, stream-format=(string)avc, alignment=(string)au, level=(string)4, profile=(string)high, codec_data=(buffer)01640028ffe1001d67640028acd940780227e5c05a808080a000007d20001d4c01e30632c001000568e93b2c8b, width=(int)1920, height=(int)1080, framerate=(fraction)30000/1001, pixel-aspect-ratio=(fraction)1/1, colorimetry=(string)bt709, coded-picture-structure=(string)frame, chroma-format=(string)4:2:0, bit-depth-luma=(uint)8, bit-depth-chroma=(uint)8, parsed=(boolean)true
Got message #1010 from pad "capsfilter3:sink" (property-notify): GstMessagePropertyNotify, property-name=(string)caps, property-value=(GstCaps)"video/x-h264\,\ stream-format\=\(string\)avc\,\ alignment\=\(string\)au\,\ level\=\(string\)4\,\ profile\=\(string\)high\,\ codec_data\=\(buffer\)01640028ffe1001d67640028acd940780227e5c05a808080a000007d20001d4c01e30632c001000568e93b2c8b\,\ width\=\(int\)1920\,\ height\=\(int\)1080\,\ framerate\=\(fraction\)30000/1001\,\ pixel-aspect-ratio\=\(fraction\)1/1\,\ colorimetry\=\(string\)bt709\,\ coded-picture-structure\=\(string\)frame\,\ chroma-format\=\(string\)4:2:0\,\ bit-depth-luma\=\(uint\)8\,\ bit-depth-chroma\=\(uint\)8\,\ parsed\=\(boolean\)true";
/GstPipeline:pipeline0/GstDecodeBin:decodebin5/GstCapsFilter:capsfilter3.GstPad:sink: caps = video/x-h264, stream-format=(string)avc, alignment=(string)au, level=(string)4, profile=(string)high, codec_data=(buffer)01640028ffe1001d67640028acd940780227e5c05a808080a000007d20001d4c01e30632c001000568e93b2c8b, width=(int)1920, height=(int)1080, framerate=(fraction)30000/1001, pixel-aspect-ratio=(fraction)1/1, colorimetry=(string)bt709, coded-picture-structure=(string)frame, chroma-format=(string)4:2:0, bit-depth-luma=(uint)8, bit-depth-chroma=(uint)8, parsed=(boolean)true
Got message #1011 from pad "h264parse3:sink" (property-notify): GstMessagePropertyNotify, property-name=(string)caps, property-value=(GstCaps)"video/x-h264\,\ stream-format\=\(string\)avc\,\ alignment\=\(string\)au\,\ level\=\(string\)4\,\ profile\=\(string\)high\,\ codec_data\=\(buffer\)01640028ffe1001d67640028acd940780227e5c05a808080a000007d20001d4c01e30632c001000568e93b2c8bfdf8f800\,\ width\=\(int\)1920\,\ height\=\(int\)1080\,\ framerate\=\(fraction\)30000/1001\,\ pixel-aspect-ratio\=\(fraction\)1/1\,\ colorimetry\=\(string\)bt709";
/GstPipeline:pipeline0/GstDecodeBin:decodebin5/GstH264Parse:h264parse3.GstPad:sink: caps = video/x-h264, stream-format=(string)avc, alignment=(string)au, level=(string)4, profile=(string)high, codec_data=(buffer)01640028ffe1001d67640028acd940780227e5c05a808080a000007d20001d4c01e30632c001000568e93b2c8bfdf8f800, width=(int)1920, height=(int)1080, framerate=(fraction)30000/1001, pixel-aspect-ratio=(fraction)1/1, colorimetry=(string)bt709
Got message #1012 from element "multiqueue5" (property-notify): GstMessagePropertyNotify, property-name=(string)max-size-buffers, property-value=(uint)5;
/GstPipeline:pipeline0/GstDecodeBin:decodebin5/GstMultiQueue:multiqueue5: max-size-buffers = 5
Got message #1013 from element "multiqueue5" (property-notify): GstMessagePropertyNotify, property-name=(string)max-size-time, property-value=(guint64)0;
/GstPipeline:pipeline0/GstDecodeBin:decodebin5/GstMultiQueue:multiqueue5: max-size-time = 0
Got message #1014 from element "multiqueue5" (property-notify): GstMessagePropertyNotify, property-name=(string)max-size-bytes, property-value=(uint)8388608;
/GstPipeline:pipeline0/GstDecodeBin:decodebin5/GstMultiQueue:multiqueue5: max-size-bytes = 8388608
Got message #1016 from pad "multiqueue5:sink_0" (property-notify): GstMessagePropertyNotify, property-name=(string)caps, property-value=(GstCaps)"video/x-h264\,\ stream-format\=\(string\)avc\,\ alignment\=\(string\)au\,\ level\=\(string\)4\,\ profile\=\(string\)high\,\ codec_data\=\(buffer\)01640028ffe1001d67640028acd940780227e5c05a808080a000007d20001d4c01e30632c001000568e93b2c8bfdf8f800\,\ width\=\(int\)1920\,\ height\=\(int\)1080\,\ framerate\=\(fraction\)30000/1001\,\ pixel-aspect-ratio\=\(fraction\)1/1\,\ colorimetry\=\(string\)bt709";
/GstPipeline:pipeline0/GstDecodeBin:decodebin5/GstMultiQueue:multiqueue5.GstMultiQueuePad:sink_0: caps = video/x-h264, stream-format=(string)avc, alignment=(string)au, level=(string)4, profile=(string)high, codec_data=(buffer)01640028ffe1001d67640028acd940780227e5c05a808080a000007d20001d4c01e30632c001000568e93b2c8bfdf8f800, width=(int)1920, height=(int)1080, framerate=(fraction)30000/1001, pixel-aspect-ratio=(fraction)1/1, colorimetry=(string)bt709
Got message #1017 from element "h264parse2" (latency): no message details
Redistribute latency...
Got message #1020 from pad "capsfilter4:sink" (property-notify): GstMessagePropertyNotify, property-name=(string)caps, property-value=(GstCaps)"video/x-h264\,\ stream-format\=\(string\)avc\,\ alignment\=\(string\)au\,\ level\=\(string\)4\,\ profile\=\(string\)high\,\ codec_data\=\(buffer\)01640028ffe1001d67640028acd940780227e5c05a808080a000007d20001d4c01e30632c001000568e93b2c8b\,\ width\=\(int\)1920\,\ height\=\(int\)1080\,\ framerate\=\(fraction\)30000/1001\,\ pixel-aspect-ratio\=\(fraction\)1/1\,\ colorimetry\=\(string\)bt709\,\ coded-picture-structure\=\(string\)frame\,\ chroma-format\=\(string\)4:2:0\,\ bit-depth-luma\=\(uint\)8\,\ bit-depth-chroma\=\(uint\)8\,\ parsed\=\(boolean\)true";
/GstPipeline:pipeline0/GstDecodeBin:decodebin4/GstCapsFilter:capsfilter4.GstPad:sink: caps = video/x-h264, stream-format=(string)avc, alignment=(string)au, level=(string)4, profile=(string)high, codec_data=(buffer)01640028ffe1001d67640028acd940780227e5c05a808080a000007d20001d4c01e30632c001000568e93b2c8b, width=(int)1920, height=(int)1080, framerate=(fraction)30000/1001, pixel-aspect-ratio=(fraction)1/1, colorimetry=(string)bt709, coded-picture-structure=(string)frame, chroma-format=(string)4:2:0, bit-depth-luma=(uint)8, bit-depth-chroma=(uint)8, parsed=(boolean)true
Got message #1021 from pad "h264parse4:sink" (property-notify): GstMessagePropertyNotify, property-name=(string)caps, property-value=(GstCaps)"video/x-h264\,\ stream-format\=\(string\)avc\,\ alignment\=\(string\)au\,\ level\=\(string\)4\,\ profile\=\(string\)high\,\ codec_data\=\(buffer\)01640028ffe1001d67640028acd940780227e5c05a808080a000007d20001d4c01e30632c001000568e93b2c8bfdf8f800\,\ width\=\(int\)1920\,\ height\=\(int\)1080\,\ framerate\=\(fraction\)30000/1001\,\ pixel-aspect-ratio\=\(fraction\)1/1\,\ colorimetry\=\(string\)bt709";
/GstPipeline:pipeline0/GstDecodeBin:decodebin4/GstH264Parse:h264parse4.GstPad:sink: caps = video/x-h264, stream-format=(string)avc, alignment=(string)au, level=(string)4, profile=(string)high, codec_data=(buffer)01640028ffe1001d67640028acd940780227e5c05a808080a000007d20001d4c01e30632c001000568e93b2c8bfdf8f800, width=(int)1920, height=(int)1080, framerate=(fraction)30000/1001, pixel-aspect-ratio=(fraction)1/1, colorimetry=(string)bt709
Got message #1023 from element "multiqueue4" (property-notify): GstMessagePropertyNotify, property-name=(string)max-size-buffers, property-value=(uint)5;
/GstPipeline:pipeline0/GstDecodeBin:decodebin4/GstMultiQueue:multiqueue4: max-size-buffers = 5
Got message #1024 from element "multiqueue4" (property-notify): GstMessagePropertyNotify, property-name=(string)max-size-time, property-value=(guint64)0;
/GstPipeline:pipeline0/GstDecodeBin:decodebin4/GstMultiQueue:multiqueue4: max-size-time = 0
Got message #1025 from element "multiqueue4" (property-notify): GstMessagePropertyNotify, property-name=(string)max-size-bytes, property-value=(uint)8388608;
/GstPipeline:pipeline0/GstDecodeBin:decodebin4/GstMultiQueue:multiqueue4: max-size-bytes = 8388608
Got message #1027 from pad "multiqueue4:sink_0" (property-notify): GstMessagePropertyNotify, property-name=(string)caps, property-value=(GstCaps)"video/x-h264\,\ stream-format\=\(string\)avc\,\ alignment\=\(string\)au\,\ level\=\(string\)4\,\ profile\=\(string\)high\,\ codec_data\=\(buffer\)01640028ffe1001d67640028acd940780227e5c05a808080a000007d20001d4c01e30632c001000568e93b2c8bfdf8f800\,\ width\=\(int\)1920\,\ height\=\(int\)1080\,\ framerate\=\(fraction\)30000/1001\,\ pixel-aspect-ratio\=\(fraction\)1/1\,\ colorimetry\=\(string\)bt709";
/GstPipeline:pipeline0/GstDecodeBin:decodebin4/GstMultiQueue:multiqueue4.GstMultiQueuePad:sink_0: caps = video/x-h264, stream-format=(string)avc, alignment=(string)au, level=(string)4, profile=(string)high, codec_data=(buffer)01640028ffe1001d67640028acd940780227e5c05a808080a000007d20001d4c01e30632c001000568e93b2c8bfdf8f800, width=(int)1920, height=(int)1080, framerate=(fraction)30000/1001, pixel-aspect-ratio=(fraction)1/1, colorimetry=(string)bt709
Got message #1031 from pad "h264parse2:src" (property-notify): GstMessagePropertyNotify, property-name=(string)caps, property-value=(GstCaps)"video/x-h264\,\ stream-format\=\(string\)avc\,\ alignment\=\(string\)au\,\ level\=\(string\)4\,\ profile\=\(string\)high\,\ codec_data\=\(buffer\)01640028ffe1001d67640028acd940780227e5c05a808080a000007d20001d4c01e30632c001000568e93b2c8b\,\ width\=\(int\)1920\,\ height\=\(int\)1080\,\ framerate\=\(fraction\)30000/1001\,\ pixel-aspect-ratio\=\(fraction\)1/1\,\ colorimetry\=\(string\)bt709\,\ coded-picture-structure\=\(string\)frame\,\ chroma-format\=\(string\)4:2:0\,\ bit-depth-luma\=\(uint\)8\,\ bit-depth-chroma\=\(uint\)8\,\ parsed\=\(boolean\)true";
/GstPipeline:pipeline0/GstDecodeBin:decodebin0/GstH264Parse:h264parse2.GstPad:src: caps = video/x-h264, stream-format=(string)avc, alignment=(string)au, level=(string)4, profile=(string)high, codec_data=(buffer)01640028ffe1001d67640028acd940780227e5c05a808080a000007d20001d4c01e30632c001000568e93b2c8b, width=(int)1920, height=(int)1080, framerate=(fraction)30000/1001, pixel-aspect-ratio=(fraction)1/1, colorimetry=(string)bt709, coded-picture-structure=(string)frame, chroma-format=(string)4:2:0, bit-depth-luma=(uint)8, bit-depth-chroma=(uint)8, parsed=(boolean)true
Got message #1032 from element "h264parse0" (latency): no message details
Redistribute latency...
Got message #1033 from pad "capsfilter0:sink" (property-notify): GstMessagePropertyNotify, property-name=(string)caps, property-value=(GstCaps)"video/x-h264\,\ stream-format\=\(string\)avc\,\ alignment\=\(string\)au\,\ level\=\(string\)4\,\ profile\=\(string\)high\,\ codec_data\=\(buffer\)01640028ffe1001d67640028acd940780227e5c05a808080a000007d20001d4c01e30632c001000568e93b2c8b\,\ width\=\(int\)1920\,\ height\=\(int\)1080\,\ framerate\=\(fraction\)30000/1001\,\ pixel-aspect-ratio\=\(fraction\)1/1\,\ colorimetry\=\(string\)bt709\,\ coded-picture-structure\=\(string\)frame\,\ chroma-format\=\(string\)4:2:0\,\ bit-depth-luma\=\(uint\)8\,\ bit-depth-chroma\=\(uint\)8\,\ parsed\=\(boolean\)true";
/GstPipeline:pipeline0/GstDecodeBin:decodebin1/GstCapsFilter:capsfilter0.GstPad:sink: caps = video/x-h264, stream-format=(string)avc, alignment=(string)au, level=(string)4, profile=(string)high, codec_data=(buffer)01640028ffe1001d67640028acd940780227e5c05a808080a000007d20001d4c01e30632c001000568e93b2c8b, width=(int)1920, height=(int)1080, framerate=(fraction)30000/1001, pixel-aspect-ratio=(fraction)1/1, colorimetry=(string)bt709, coded-picture-structure=(string)frame, chroma-format=(string)4:2:0, bit-depth-luma=(uint)8, bit-depth-chroma=(uint)8, parsed=(boolean)true
Got message #1036 from pad "capsfilter5:sink" (property-notify): GstMessagePropertyNotify, property-name=(string)caps, property-value=(GstCaps)"video/x-h264\,\ stream-format\=\(string\)avc\,\ alignment\=\(string\)au\,\ level\=\(string\)4\,\ profile\=\(string\)high\,\ codec_data\=\(buffer\)01640028ffe1001d67640028acd940780227e5c05a808080a000007d20001d4c01e30632c001000568e93b2c8b\,\ width\=\(int\)1920\,\ height\=\(int\)1080\,\ framerate\=\(fraction\)30000/1001\,\ pixel-aspect-ratio\=\(fraction\)1/1\,\ colorimetry\=\(string\)bt709\,\ coded-picture-structure\=\(string\)frame\,\ chroma-format\=\(string\)4:2:0\,\ bit-depth-luma\=\(uint\)8\,\ bit-depth-chroma\=\(uint\)8\,\ parsed\=\(boolean\)true";
/GstPipeline:pipeline0/GstDecodeBin:decodebin0/GstCapsFilter:capsfilter5.GstPad:sink: caps = video/x-h264, stream-format=(string)avc, alignment=(string)au, level=(string)4, profile=(string)high, codec_data=(buffer)01640028ffe1001d67640028acd940780227e5c05a808080a000007d20001d4c01e30632c001000568e93b2c8b, width=(int)1920, height=(int)1080, framerate=(fraction)30000/1001, pixel-aspect-ratio=(fraction)1/1, colorimetry=(string)bt709, coded-picture-structure=(string)frame, chroma-format=(string)4:2:0, bit-depth-luma=(uint)8, bit-depth-chroma=(uint)8, parsed=(boolean)true
Got message #1037 from pad "capsfilter5:sink" (property-notify): GstMessagePropertyNotify, property-name=(string)caps, property-value=(GstCaps)"video/x-h264\,\ stream-format\=\(string\)avc\,\ alignment\=\(string\)au\,\ level\=\(string\)4\,\ profile\=\(string\)high\,\ codec_data\=\(buffer\)01640028ffe1001d67640028acd940780227e5c05a808080a000007d20001d4c01e30632c001000568e93b2c8b\,\ width\=\(int\)1920\,\ height\=\(int\)1080\,\ framerate\=\(fraction\)30000/1001\,\ pixel-aspect-ratio\=\(fraction\)1/1\,\ colorimetry\=\(string\)bt709\,\ coded-picture-structure\=\(string\)frame\,\ chroma-format\=\(string\)4:2:0\,\ bit-depth-luma\=\(uint\)8\,\ bit-depth-chroma\=\(uint\)8\,\ parsed\=\(boolean\)true";
/GstPipeline:pipeline0/GstDecodeBin:decodebin0/GstCapsFilter:capsfilter5.GstPad:sink: caps = video/x-h264, stream-format=(string)avc, alignment=(string)au, level=(string)4, profile=(string)high, codec_data=(buffer)01640028ffe1001d67640028acd940780227e5c05a808080a000007d20001d4c01e30632c001000568e93b2c8b, width=(int)1920, height=(int)1080, framerate=(fraction)30000/1001, pixel-aspect-ratio=(fraction)1/1, colorimetry=(string)bt709, coded-picture-structure=(string)frame, chroma-format=(string)4:2:0, bit-depth-luma=(uint)8, bit-depth-chroma=(uint)8, parsed=(boolean)true
Got message #1039 from pad "capsfilter1:sink" (property-notify): GstMessagePropertyNotify, property-name=(string)caps, property-value=(GstCaps)"video/x-h264\,\ stream-format\=\(string\)avc\,\ alignment\=\(string\)au\,\ level\=\(string\)4\,\ profile\=\(string\)high\,\ codec_data\=\(buffer\)01640028ffe1001d67640028acd940780227e5c05a808080a000007d20001d4c01e30632c001000568e93b2c8b\,\ width\=\(int\)1920\,\ height\=\(int\)1080\,\ framerate\=\(fraction\)30000/1001\,\ pixel-aspect-ratio\=\(fraction\)1/1\,\ colorimetry\=\(string\)bt709\,\ coded-picture-structure\=\(string\)frame\,\ chroma-format\=\(string\)4:2:0\,\ bit-depth-luma\=\(uint\)8\,\ bit-depth-chroma\=\(uint\)8\,\ parsed\=\(boolean\)true";
/GstPipeline:pipeline0/GstDecodeBin:decodebin2/GstCapsFilter:capsfilter1.GstPad:sink: caps = video/x-h264, stream-format=(string)avc, alignment=(string)au, level=(string)4, profile=(string)high, codec_data=(buffer)01640028ffe1001d67640028acd940780227e5c05a808080a000007d20001d4c01e30632c001000568e93b2c8b, width=(int)1920, height=(int)1080, framerate=(fraction)30000/1001, pixel-aspect-ratio=(fraction)1/1, colorimetry=(string)bt709, coded-picture-structure=(string)frame, chroma-format=(string)4:2:0, bit-depth-luma=(uint)8, bit-depth-chroma=(uint)8, parsed=(boolean)true
Got message #1042 from element "multiqueue0" (property-notify): GstMessagePropertyNotify, property-name=(string)max-size-buffers, property-value=(uint)5;
/GstPipeline:pipeline0/GstDecodeBin:decodebin1/GstMultiQueue:multiqueue0: max-size-buffers = 5
Got message #1043 from element "multiqueue0" (property-notify): GstMessagePropertyNotify, property-name=(string)max-size-time, property-value=(guint64)0;
/GstPipeline:pipeline0/GstDecodeBin:decodebin1/GstMultiQueue:multiqueue0: max-size-time = 0
Got message #1044 from element "multiqueue0" (property-notify): GstMessagePropertyNotify, property-name=(string)max-size-bytes, property-value=(uint)8388608;
/GstPipeline:pipeline0/GstDecodeBin:decodebin1/GstMultiQueue:multiqueue0: max-size-bytes = 8388608
Got message #1046 from element "multiqueue2" (property-notify): GstMessagePropertyNotify, property-name=(string)max-size-buffers, property-value=(uint)5;
/GstPipeline:pipeline0/GstDecodeBin:decodebin3/GstMultiQueue:multiqueue2: max-size-buffers = 5
Got message #1047 from element "multiqueue2" (property-notify): GstMessagePropertyNotify, property-name=(string)max-size-time, property-value=(guint64)0;
/GstPipeline:pipeline0/GstDecodeBin:decodebin3/GstMultiQueue:multiqueue2: max-size-time = 0
Got message #1048 from element "multiqueue2" (property-notify): GstMessagePropertyNotify, property-name=(string)max-size-bytes, property-value=(uint)8388608;
/GstPipeline:pipeline0/GstDecodeBin:decodebin3/GstMultiQueue:multiqueue2: max-size-bytes = 8388608
Got message #1049 from element "multiqueue5" (property-notify): GstMessagePropertyNotify, property-name=(string)max-size-buffers, property-value=(uint)5;
/GstPipeline:pipeline0/GstDecodeBin:decodebin5/GstMultiQueue:multiqueue5: max-size-buffers = 5
Got message #1050 from element "multiqueue5" (property-notify): GstMessagePropertyNotify, property-name=(string)max-size-buffers, property-value=(uint)5;
/GstPipeline:pipeline0/GstDecodeBin:decodebin5/GstMultiQueue:multiqueue5: max-size-buffers = 5
Got message #1051 from element "multiqueue1" (property-notify): GstMessagePropertyNotify, property-name=(string)max-size-time, property-value=(guint64)0;
/GstPipeline:pipeline0/GstDecodeBin:decodebin2/GstMultiQueue:multiqueue1: max-size-time = 0
Got message #1052 from element "multiqueue5" (property-notify): GstMessagePropertyNotify, property-name=(string)max-size-bytes, property-value=(uint)8388608;
/GstPipeline:pipeline0/GstDecodeBin:decodebin5/GstMultiQueue:multiqueue5: max-size-bytes = 8388608
Got message #1053 from element "multiqueue1" (property-notify): GstMessagePropertyNotify, property-name=(string)max-size-time, property-value=(guint64)0;
/GstPipeline:pipeline0/GstDecodeBin:decodebin2/GstMultiQueue:multiqueue1: max-size-time = 0
Got message #1054 from element "multiqueue1" (property-notify): GstMessagePropertyNotify, property-name=(string)max-size-bytes, property-value=(uint)8388608;
/GstPipeline:pipeline0/GstDecodeBin:decodebin2/GstMultiQueue:multiqueue1: max-size-bytes = 8388608
Got message #1055 from element "multiqueue3" (property-notify): GstMessagePropertyNotify, property-name=(string)max-size-buffers, property-value=(uint)5;
/GstPipeline:pipeline0/GstDecodeBin:decodebin0/GstMultiQueue:multiqueue3: max-size-buffers = 5
Got message #1056 from element "multiqueue3" (property-notify): GstMessagePropertyNotify, property-name=(string)max-size-time, property-value=(guint64)0;
/GstPipeline:pipeline0/GstDecodeBin:decodebin0/GstMultiQueue:multiqueue3: max-size-time = 0
Got message #1057 from element "multiqueue3" (property-notify): GstMessagePropertyNotify, property-name=(string)max-size-bytes, property-value=(uint)8388608;
/GstPipeline:pipeline0/GstDecodeBin:decodebin0/GstMultiQueue:multiqueue3: max-size-bytes = 8388608
Got message #1058 from element "h264parse3" (latency): no message details
Redistribute latency...
Got message #1059 from element "h264parse4" (latency): no message details
Redistribute latency...
Got message #1061 from element "multiqueue4" (property-notify): GstMessagePropertyNotify, property-name=(string)max-size-buffers, property-value=(uint)5;
/GstPipeline:pipeline0/GstDecodeBin:decodebin4/GstMultiQueue:multiqueue4: max-size-buffers = 5
Got message #1062 from element "multiqueue4" (property-notify): GstMessagePropertyNotify, property-name=(string)max-size-time, property-value=(guint64)0;
/GstPipeline:pipeline0/GstDecodeBin:decodebin4/GstMultiQueue:multiqueue4: max-size-time = 0
Got message #1063 from element "multiqueue4" (property-notify): GstMessagePropertyNotify, property-name=(string)max-size-bytes, property-value=(uint)8388608;
/GstPipeline:pipeline0/GstDecodeBin:decodebin4/GstMultiQueue:multiqueue4: max-size-bytes = 8388608
Got message #1065 from pad "h264parse4:src" (property-notify): GstMessagePropertyNotify, property-name=(string)caps, property-value=(GstCaps)"video/x-h264\,\ stream-format\=\(string\)avc\,\ alignment\=\(string\)au\,\ level\=\(string\)4\,\ profile\=\(string\)high\,\ codec_data\=\(buffer\)01640028ffe1001d67640028acd940780227e5c05a808080a000007d20001d4c01e30632c001000568e93b2c8b\,\ width\=\(int\)1920\,\ height\=\(int\)1080\,\ framerate\=\(fraction\)30000/1001\,\ pixel-aspect-ratio\=\(fraction\)1/1\,\ colorimetry\=\(string\)bt709\,\ coded-picture-structure\=\(string\)frame\,\ chroma-format\=\(string\)4:2:0\,\ bit-depth-luma\=\(uint\)8\,\ bit-depth-chroma\=\(uint\)8\,\ parsed\=\(boolean\)true";
/GstPipeline:pipeline0/GstDecodeBin:decodebin4/GstH264Parse:h264parse4.GstPad:src: caps = video/x-h264, stream-format=(string)avc, alignment=(string)au, level=(string)4, profile=(string)high, codec_data=(buffer)01640028ffe1001d67640028acd940780227e5c05a808080a000007d20001d4c01e30632c001000568e93b2c8b, width=(int)1920, height=(int)1080, framerate=(fraction)30000/1001, pixel-aspect-ratio=(fraction)1/1, colorimetry=(string)bt709, coded-picture-structure=(string)frame, chroma-format=(string)4:2:0, bit-depth-luma=(uint)8, bit-depth-chroma=(uint)8, parsed=(boolean)true
Got message #1069 from pad "h264parse3:src" (property-notify): GstMessagePropertyNotify, property-name=(string)caps, property-value=(GstCaps)"video/x-h264\,\ stream-format\=\(string\)avc\,\ alignment\=\(string\)au\,\ level\=\(string\)4\,\ profile\=\(string\)high\,\ codec_data\=\(buffer\)01640028ffe1001d67640028acd940780227e5c05a808080a000007d20001d4c01e30632c001000568e93b2c8b\,\ width\=\(int\)1920\,\ height\=\(int\)1080\,\ framerate\=\(fraction\)30000/1001\,\ pixel-aspect-ratio\=\(fraction\)1/1\,\ colorimetry\=\(string\)bt709\,\ coded-picture-structure\=\(string\)frame\,\ chroma-format\=\(string\)4:2:0\,\ bit-depth-luma\=\(uint\)8\,\ bit-depth-chroma\=\(uint\)8\,\ parsed\=\(boolean\)true";
/GstPipeline:pipeline0/GstDecodeBin:decodebin5/GstH264Parse:h264parse3.GstPad:src: caps = video/x-h264, stream-format=(string)avc, alignment=(string)au, level=(string)4, profile=(string)high, codec_data=(buffer)01640028ffe1001d67640028acd940780227e5c05a808080a000007d20001d4c01e30632c001000568e93b2c8b, width=(int)1920, height=(int)1080, framerate=(fraction)30000/1001, pixel-aspect-ratio=(fraction)1/1, colorimetry=(string)bt709, coded-picture-structure=(string)frame, chroma-format=(string)4:2:0, bit-depth-luma=(uint)8, bit-depth-chroma=(uint)8, parsed=(boolean)true
Got message #1070 from pad "h264parse3:src" (property-notify): GstMessagePropertyNotify, property-name=(string)caps, property-value=(GstCaps)"video/x-h264\,\ stream-format\=\(string\)avc\,\ alignment\=\(string\)au\,\ level\=\(string\)4\,\ profile\=\(string\)high\,\ codec_data\=\(buffer\)01640028ffe1001d67640028acd940780227e5c05a808080a000007d20001d4c01e30632c001000568e93b2c8b\,\ width\=\(int\)1920\,\ height\=\(int\)1080\,\ framerate\=\(fraction\)30000/1001\,\ pixel-aspect-ratio\=\(fraction\)1/1\,\ colorimetry\=\(string\)bt709\,\ coded-picture-structure\=\(string\)frame\,\ chroma-format\=\(string\)4:2:0\,\ bit-depth-luma\=\(uint\)8\,\ bit-depth-chroma\=\(uint\)8\,\ parsed\=\(boolean\)true";
/GstPipeline:pipeline0/GstDecodeBin:decodebin5/GstH264Parse:h264parse3.GstPad:src: caps = video/x-h264, stream-format=(string)avc, alignment=(string)au, level=(string)4, profile=(string)high, codec_data=(buffer)01640028ffe1001d67640028acd940780227e5c05a808080a000007d20001d4c01e30632c001000568e93b2c8b, width=(int)1920, height=(int)1080, framerate=(fraction)30000/1001, pixel-aspect-ratio=(fraction)1/1, colorimetry=(string)bt709, coded-picture-structure=(string)frame, chroma-format=(string)4:2:0, bit-depth-luma=(uint)8, bit-depth-chroma=(uint)8, parsed=(boolean)true
Got message #1071 from pad "capsfilter4:sink" (property-notify): GstMessagePropertyNotify, property-name=(string)caps, property-value=(GstCaps)"video/x-h264\,\ stream-format\=\(string\)avc\,\ alignment\=\(string\)au\,\ level\=\(string\)4\,\ profile\=\(string\)high\,\ codec_data\=\(buffer\)01640028ffe1001d67640028acd940780227e5c05a808080a000007d20001d4c01e30632c001000568e93b2c8b\,\ width\=\(int\)1920\,\ height\=\(int\)1080\,\ framerate\=\(fraction\)30000/1001\,\ pixel-aspect-ratio\=\(fraction\)1/1\,\ colorimetry\=\(string\)bt709\,\ coded-picture-structure\=\(string\)frame\,\ chroma-format\=\(string\)4:2:0\,\ bit-depth-luma\=\(uint\)8\,\ bit-depth-chroma\=\(uint\)8\,\ parsed\=\(boolean\)true";
/GstPipeline:pipeline0/GstDecodeBin:decodebin4/GstCapsFilter:capsfilter4.GstPad:sink: caps = video/x-h264, stream-format=(string)avc, alignment=(string)au, level=(string)4, profile=(string)high, codec_data=(buffer)01640028ffe1001d67640028acd940780227e5c05a808080a000007d20001d4c01e30632c001000568e93b2c8b, width=(int)1920, height=(int)1080, framerate=(fraction)30000/1001, pixel-aspect-ratio=(fraction)1/1, colorimetry=(string)bt709, coded-picture-structure=(string)frame, chroma-format=(string)4:2:0, bit-depth-luma=(uint)8, bit-depth-chroma=(uint)8, parsed=(boolean)true
Got message #1073 from element "multiqueue4" (property-notify): GstMessagePropertyNotify, property-name=(string)max-size-buffers, property-value=(uint)5;
/GstPipeline:pipeline0/GstDecodeBin:decodebin4/GstMultiQueue:multiqueue4: max-size-buffers = 5
Got message #1074 from element "multiqueue4" (property-notify): GstMessagePropertyNotify, property-name=(string)max-size-time, property-value=(guint64)0;
/GstPipeline:pipeline0/GstDecodeBin:decodebin4/GstMultiQueue:multiqueue4: max-size-time = 0
Got message #1075 from element "multiqueue4" (property-notify): GstMessagePropertyNotify, property-name=(string)max-size-bytes, property-value=(uint)8388608;
/GstPipeline:pipeline0/GstDecodeBin:decodebin4/GstMultiQueue:multiqueue4: max-size-bytes = 8388608
Got message #1077 from pad "h264parse2:src" (property-notify): GstMessagePropertyNotify, property-name=(string)caps, property-value=(GstCaps)"video/x-h264\,\ stream-format\=\(string\)avc\,\ alignment\=\(string\)au\,\ level\=\(string\)4\,\ profile\=\(string\)high\,\ codec_data\=\(buffer\)01640028ffe1001d67640028acd940780227e5c05a808080a000007d20001d4c01e30632c001000568e93b2c8b\,\ width\=\(int\)1920\,\ height\=\(int\)1080\,\ framerate\=\(fraction\)30000/1001\,\ pixel-aspect-ratio\=\(fraction\)1/1\,\ colorimetry\=\(string\)bt709\,\ coded-picture-structure\=\(string\)frame\,\ chroma-format\=\(string\)4:2:0\,\ bit-depth-luma\=\(uint\)8\,\ bit-depth-chroma\=\(uint\)8\,\ parsed\=\(boolean\)true";
/GstPipeline:pipeline0/GstDecodeBin:decodebin0/GstH264Parse:h264parse2.GstPad:src: caps = video/x-h264, stream-format=(string)avc, alignment=(string)au, level=(string)4, profile=(string)high, codec_data=(buffer)01640028ffe1001d67640028acd940780227e5c05a808080a000007d20001d4c01e30632c001000568e93b2c8b, width=(int)1920, height=(int)1080, framerate=(fraction)30000/1001, pixel-aspect-ratio=(fraction)1/1, colorimetry=(string)bt709, coded-picture-structure=(string)frame, chroma-format=(string)4:2:0, bit-depth-luma=(uint)8, bit-depth-chroma=(uint)8, parsed=(boolean)true
Got message #1078 from pad "h264parse2:src" (property-notify): GstMessagePropertyNotify, property-name=(string)caps, property-value=(GstCaps)"video/x-h264\,\ stream-format\=\(string\)avc\,\ alignment\=\(string\)au\,\ level\=\(string\)4\,\ profile\=\(string\)high\,\ codec_data\=\(buffer\)01640028ffe1001d67640028acd940780227e5c05a808080a000007d20001d4c01e30632c001000568e93b2c8b\,\ width\=\(int\)1920\,\ height\=\(int\)1080\,\ framerate\=\(fraction\)30000/1001\,\ pixel-aspect-ratio\=\(fraction\)1/1\,\ colorimetry\=\(string\)bt709\,\ coded-picture-structure\=\(string\)frame\,\ chroma-format\=\(string\)4:2:0\,\ bit-depth-luma\=\(uint\)8\,\ bit-depth-chroma\=\(uint\)8\,\ parsed\=\(boolean\)true";
/GstPipeline:pipeline0/GstDecodeBin:decodebin0/GstH264Parse:h264parse2.GstPad:src: caps = video/x-h264, stream-format=(string)avc, alignment=(string)au, level=(string)4, profile=(string)high, codec_data=(buffer)01640028ffe1001d67640028acd940780227e5c05a808080a000007d20001d4c01e30632c001000568e93b2c8b, width=(int)1920, height=(int)1080, framerate=(fraction)30000/1001, pixel-aspect-ratio=(fraction)1/1, colorimetry=(string)bt709, coded-picture-structure=(string)frame, chroma-format=(string)4:2:0, bit-depth-luma=(uint)8, bit-depth-chroma=(uint)8, parsed=(boolean)true
Got message #1080 from pad "h264parse5:src" (property-notify): GstMessagePropertyNotify, property-name=(string)caps, property-value=(GstCaps)"video/x-h264\,\ stream-format\=\(string\)avc\,\ alignment\=\(string\)au\,\ level\=\(string\)4\,\ profile\=\(string\)high\,\ codec_data\=\(buffer\)01640028ffe1001d67640028acd940780227e5c05a808080a000007d20001d4c01e30632c001000568e93b2c8b\,\ width\=\(int\)1920\,\ height\=\(int\)1080\,\ framerate\=\(fraction\)30000/1001\,\ pixel-aspect-ratio\=\(fraction\)1/1\,\ colorimetry\=\(string\)bt709\,\ coded-picture-structure\=\(string\)frame\,\ chroma-format\=\(string\)4:2:0\,\ bit-depth-luma\=\(uint\)8\,\ bit-depth-chroma\=\(uint\)8\,\ parsed\=\(boolean\)true";
/GstPipeline:pipeline0/GstDecodeBin:decodebin3/GstH264Parse:h264parse5.GstPad:src: caps = video/x-h264, stream-format=(string)avc, alignment=(string)au, level=(string)4, profile=(string)high, codec_data=(buffer)01640028ffe1001d67640028acd940780227e5c05a808080a000007d20001d4c01e30632c001000568e93b2c8b, width=(int)1920, height=(int)1080, framerate=(fraction)30000/1001, pixel-aspect-ratio=(fraction)1/1, colorimetry=(string)bt709, coded-picture-structure=(string)frame, chroma-format=(string)4:2:0, bit-depth-luma=(uint)8, bit-depth-chroma=(uint)8, parsed=(boolean)true
Got message #1082 from pad "h264parse1:src" (property-notify): GstMessagePropertyNotify, property-name=(string)caps, property-value=(GstCaps)"video/x-h264\,\ stream-format\=\(string\)avc\,\ alignment\=\(string\)au\,\ level\=\(string\)4\,\ profile\=\(string\)high\,\ codec_data\=\(buffer\)01640028ffe1001d67640028acd940780227e5c05a808080a000007d20001d4c01e30632c001000568e93b2c8b\,\ width\=\(int\)1920\,\ height\=\(int\)1080\,\ framerate\=\(fraction\)30000/1001\,\ pixel-aspect-ratio\=\(fraction\)1/1\,\ colorimetry\=\(string\)bt709\,\ coded-picture-structure\=\(string\)frame\,\ chroma-format\=\(string\)4:2:0\,\ bit-depth-luma\=\(uint\)8\,\ bit-depth-chroma\=\(uint\)8\,\ parsed\=\(boolean\)true";
/GstPipeline:pipeline0/GstDecodeBin:decodebin1/GstH264Parse:h264parse1.GstPad:src: caps = video/x-h264, stream-format=(string)avc, alignment=(string)au, level=(string)4, profile=(string)high, codec_data=(buffer)01640028ffe1001d67640028acd940780227e5c05a808080a000007d20001d4c01e30632c001000568e93b2c8b, width=(int)1920, height=(int)1080, framerate=(fraction)30000/1001, pixel-aspect-ratio=(fraction)1/1, colorimetry=(string)bt709, coded-picture-structure=(string)frame, chroma-format=(string)4:2:0, bit-depth-luma=(uint)8, bit-depth-chroma=(uint)8, parsed=(boolean)true
Got message #1083 from pad "h264parse1:src" (property-notify): GstMessagePropertyNotify, property-name=(string)caps, property-value=(GstCaps)"video/x-h264\,\ stream-format\=\(string\)avc\,\ alignment\=\(string\)au\,\ level\=\(string\)4\,\ profile\=\(string\)high\,\ codec_data\=\(buffer\)01640028ffe1001d67640028acd940780227e5c05a808080a000007d20001d4c01e30632c001000568e93b2c8b\,\ width\=\(int\)1920\,\ height\=\(int\)1080\,\ framerate\=\(fraction\)30000/1001\,\ pixel-aspect-ratio\=\(fraction\)1/1\,\ colorimetry\=\(string\)bt709\,\ coded-picture-structure\=\(string\)frame\,\ chroma-format\=\(string\)4:2:0\,\ bit-depth-luma\=\(uint\)8\,\ bit-depth-chroma\=\(uint\)8\,\ parsed\=\(boolean\)true";
/GstPipeline:pipeline0/GstDecodeBin:decodebin1/GstH264Parse:h264parse1.GstPad:src: caps = video/x-h264, stream-format=(string)avc, alignment=(string)au, level=(string)4, profile=(string)high, codec_data=(buffer)01640028ffe1001d67640028acd940780227e5c05a808080a000007d20001d4c01e30632c001000568e93b2c8b, width=(int)1920, height=(int)1080, framerate=(fraction)30000/1001, pixel-aspect-ratio=(fraction)1/1, colorimetry=(string)bt709, coded-picture-structure=(string)frame, chroma-format=(string)4:2:0, bit-depth-luma=(uint)8, bit-depth-chroma=(uint)8, parsed=(boolean)true
Got message #1085 from element "h264parse0" (duration-changed): GstMessageDurationChanged;
Got message #1087 from pad "capsfilter5:sink" (property-notify): GstMessagePropertyNotify, property-name=(string)caps, property-value=(GstCaps)"video/x-h264\,\ stream-format\=\(string\)avc\,\ alignment\=\(string\)au\,\ level\=\(string\)4\,\ profile\=\(string\)high\,\ codec_data\=\(buffer\)01640028ffe1001d67640028acd940780227e5c05a808080a000007d20001d4c01e30632c001000568e93b2c8b\,\ width\=\(int\)1920\,\ height\=\(int\)1080\,\ framerate\=\(fraction\)30000/1001\,\ pixel-aspect-ratio\=\(fraction\)1/1\,\ colorimetry\=\(string\)bt709\,\ coded-picture-structure\=\(string\)frame\,\ chroma-format\=\(string\)4:2:0\,\ bit-depth-luma\=\(uint\)8\,\ bit-depth-chroma\=\(uint\)8\,\ parsed\=\(boolean\)true";
/GstPipeline:pipeline0/GstDecodeBin:decodebin0/GstCapsFilter:capsfilter5.GstPad:sink: caps = video/x-h264, stream-format=(string)avc, alignment=(string)au, level=(string)4, profile=(string)high, codec_data=(buffer)01640028ffe1001d67640028acd940780227e5c05a808080a000007d20001d4c01e30632c001000568e93b2c8b, width=(int)1920, height=(int)1080, framerate=(fraction)30000/1001, pixel-aspect-ratio=(fraction)1/1, colorimetry=(string)bt709, coded-picture-structure=(string)frame, chroma-format=(string)4:2:0, bit-depth-luma=(uint)8, bit-depth-chroma=(uint)8, parsed=(boolean)true
Got message #1091 from pad "h264parse4:src" (property-notify): GstMessagePropertyNotify, property-name=(string)caps, property-value=(GstCaps)"video/x-h264\,\ stream-format\=\(string\)avc\,\ alignment\=\(string\)au\,\ level\=\(string\)4\,\ profile\=\(string\)high\,\ codec_data\=\(buffer\)01640028ffe1001d67640028acd940780227e5c05a808080a000007d20001d4c01e30632c001000568e93b2c8b\,\ width\=\(int\)1920\,\ height\=\(int\)1080\,\ framerate\=\(fraction\)30000/1001\,\ pixel-aspect-ratio\=\(fraction\)1/1\,\ colorimetry\=\(string\)bt709\,\ coded-picture-structure\=\(string\)frame\,\ chroma-format\=\(string\)4:2:0\,\ bit-depth-luma\=\(uint\)8\,\ bit-depth-chroma\=\(uint\)8\,\ parsed\=\(boolean\)true";
/GstPipeline:pipeline0/GstDecodeBin:decodebin4/GstH264Parse:h264parse4.GstPad:src: caps = video/x-h264, stream-format=(string)avc, alignment=(string)au, level=(string)4, profile=(string)high, codec_data=(buffer)01640028ffe1001d67640028acd940780227e5c05a808080a000007d20001d4c01e30632c001000568e93b2c8b, width=(int)1920, height=(int)1080, framerate=(fraction)30000/1001, pixel-aspect-ratio=(fraction)1/1, colorimetry=(string)bt709, coded-picture-structure=(string)frame, chroma-format=(string)4:2:0, bit-depth-luma=(uint)8, bit-depth-chroma=(uint)8, parsed=(boolean)true
Got message #1092 from pad "capsfilter2:sink" (property-notify): GstMessagePropertyNotify, property-name=(string)caps, property-value=(GstCaps)"video/x-h264\,\ stream-format\=\(string\)avc\,\ alignment\=\(string\)au\,\ level\=\(string\)4\,\ profile\=\(string\)high\,\ codec_data\=\(buffer\)01640028ffe1001d67640028acd940780227e5c05a808080a000007d20001d4c01e30632c001000568e93b2c8b\,\ width\=\(int\)1920\,\ height\=\(int\)1080\,\ framerate\=\(fraction\)30000/1001\,\ pixel-aspect-ratio\=\(fraction\)1/1\,\ colorimetry\=\(string\)bt709\,\ coded-picture-structure\=\(string\)frame\,\ chroma-format\=\(string\)4:2:0\,\ bit-depth-luma\=\(uint\)8\,\ bit-depth-chroma\=\(uint\)8\,\ parsed\=\(boolean\)true";
/GstPipeline:pipeline0/GstDecodeBin:decodebin3/GstCapsFilter:capsfilter2.GstPad:sink: caps = video/x-h264, stream-format=(string)avc, alignment=(string)au, level=(string)4, profile=(string)high, codec_data=(buffer)01640028ffe1001d67640028acd940780227e5c05a808080a000007d20001d4c01e30632c001000568e93b2c8b, width=(int)1920, height=(int)1080, framerate=(fraction)30000/1001, pixel-aspect-ratio=(fraction)1/1, colorimetry=(string)bt709, coded-picture-structure=(string)frame, chroma-format=(string)4:2:0, bit-depth-luma=(uint)8, bit-depth-chroma=(uint)8, parsed=(boolean)true
Got message #1093 from element "h264parse2" (duration-changed): GstMessageDurationChanged;
Got message #1095 from pad "mppvideodec1:src" (stream-status): GstMessageStreamStatus, type=(GstStreamStatusType)create, owner=(GstElement)"\(GstMppVideoDec\)\ mppvideodec1", object=(GstTask)"\(GstTask\)\ task34";
Got message #1098 from pad "capsfilter0:sink" (property-notify): GstMessagePropertyNotify, property-name=(string)caps, property-value=(GstCaps)"video/x-h264\,\ stream-format\=\(string\)avc\,\ alignment\=\(string\)au\,\ level\=\(string\)4\,\ profile\=\(string\)high\,\ codec_data\=\(buffer\)01640028ffe1001d67640028acd940780227e5c05a808080a000007d20001d4c01e30632c001000568e93b2c8b\,\ width\=\(int\)1920\,\ height\=\(int\)1080\,\ framerate\=\(fraction\)30000/1001\,\ pixel-aspect-ratio\=\(fraction\)1/1\,\ colorimetry\=\(string\)bt709\,\ coded-picture-structure\=\(string\)frame\,\ chroma-format\=\(string\)4:2:0\,\ bit-depth-luma\=\(uint\)8\,\ bit-depth-chroma\=\(uint\)8\,\ parsed\=\(boolean\)true";
/GstPipeline:pipeline0/GstDecodeBin:decodebin1/GstCapsFilter:capsfilter0.GstPad:sink: caps = video/x-h264, stream-format=(string)avc, alignment=(string)au, level=(string)4, profile=(string)high, codec_data=(buffer)01640028ffe1001d67640028acd940780227e5c05a808080a000007d20001d4c01e30632c001000568e93b2c8b, width=(int)1920, height=(int)1080, framerate=(fraction)30000/1001, pixel-aspect-ratio=(fraction)1/1, colorimetry=(string)bt709, coded-picture-structure=(string)frame, chroma-format=(string)4:2:0, bit-depth-luma=(uint)8, bit-depth-chroma=(uint)8, parsed=(boolean)true
Got message #1099 from pad "mppvideodec5:src" (stream-status): GstMessageStreamStatus, type=(GstStreamStatusType)create, owner=(GstElement)"\(GstMppVideoDec\)\ mppvideodec5", object=(GstTask)"\(GstTask\)\ task35";
Got message #1100 from pad "capsfilter4:sink" (property-notify): GstMessagePropertyNotify, property-name=(string)caps, property-value=(GstCaps)"video/x-h264\,\ stream-format\=\(string\)avc\,\ alignment\=\(string\)au\,\ level\=\(string\)4\,\ profile\=\(string\)high\,\ codec_data\=\(buffer\)01640028ffe1001d67640028acd940780227e5c05a808080a000007d20001d4c01e30632c001000568e93b2c8b\,\ width\=\(int\)1920\,\ height\=\(int\)1080\,\ framerate\=\(fraction\)30000/1001\,\ pixel-aspect-ratio\=\(fraction\)1/1\,\ colorimetry\=\(string\)bt709\,\ coded-picture-structure\=\(string\)frame\,\ chroma-format\=\(string\)4:2:0\,\ bit-depth-luma\=\(uint\)8\,\ bit-depth-chroma\=\(uint\)8\,\ parsed\=\(boolean\)true";
/GstPipeline:pipeline0/GstDecodeBin:decodebin4/GstCapsFilter:capsfilter4.GstPad:sink: caps = video/x-h264, stream-format=(string)avc, alignment=(string)au, level=(string)4, profile=(string)high, codec_data=(buffer)01640028ffe1001d67640028acd940780227e5c05a808080a000007d20001d4c01e30632c001000568e93b2c8b, width=(int)1920, height=(int)1080, framerate=(fraction)30000/1001, pixel-aspect-ratio=(fraction)1/1, colorimetry=(string)bt709, coded-picture-structure=(string)frame, chroma-format=(string)4:2:0, bit-depth-luma=(uint)8, bit-depth-chroma=(uint)8, parsed=(boolean)true
Got message #1101 from element "multiqueue5" (property-notify): GstMessagePropertyNotify, property-name=(string)max-size-buffers, property-value=(uint)5;
/GstPipeline:pipeline0/GstDecodeBin:decodebin5/GstMultiQueue:multiqueue5: max-size-buffers = 5
Got message #1103 from element "multiqueue5" (property-notify): GstMessagePropertyNotify, property-name=(string)max-size-time, property-value=(guint64)0;
/GstPipeline:pipeline0/GstDecodeBin:decodebin5/GstMultiQueue:multiqueue5: max-size-time = 0
Got message #1104 from pad "h264parse3:src" (property-notify): GstMessagePropertyNotify, property-name=(string)caps, property-value=(GstCaps)"video/x-h264\,\ stream-format\=\(string\)avc\,\ alignment\=\(string\)au\,\ level\=\(string\)4\,\ profile\=\(string\)high\,\ codec_data\=\(buffer\)01640028ffe1001d67640028acd940780227e5c05a808080a000007d20001d4c01e30632c001000568e93b2c8b\,\ width\=\(int\)1920\,\ height\=\(int\)1080\,\ framerate\=\(fraction\)30000/1001\,\ pixel-aspect-ratio\=\(fraction\)1/1\,\ colorimetry\=\(string\)bt709\,\ coded-picture-structure\=\(string\)frame\,\ chroma-format\=\(string\)4:2:0\,\ bit-depth-luma\=\(uint\)8\,\ bit-depth-chroma\=\(uint\)8\,\ parsed\=\(boolean\)true";
/GstPipeline:pipeline0/GstDecodeBin:decodebin5/GstH264Parse:h264parse3.GstPad:src: caps = video/x-h264, stream-format=(string)avc, alignment=(string)au, level=(string)4, profile=(string)high, codec_data=(buffer)01640028ffe1001d67640028acd940780227e5c05a808080a000007d20001d4c01e30632c001000568e93b2c8b, width=(int)1920, height=(int)1080, framerate=(fraction)30000/1001, pixel-aspect-ratio=(fraction)1/1, colorimetry=(string)bt709, coded-picture-structure=(string)frame, chroma-format=(string)4:2:0, bit-depth-luma=(uint)8, bit-depth-chroma=(uint)8, parsed=(boolean)true
Got message #1105 from element "multiqueue5" (property-notify): GstMessagePropertyNotify, property-name=(string)max-size-bytes, property-value=(uint)8388608;
/GstPipeline:pipeline0/GstDecodeBin:decodebin5/GstMultiQueue:multiqueue5: max-size-bytes = 8388608
Got message #1106 from element "h264parse5" (duration-changed): GstMessageDurationChanged;
Got message #1108 from pad "mppvideodec1:src" (stream-status): GstMessageStreamStatus, type=(GstStreamStatusType)enter, owner=(GstElement)"\(GstMppVideoDec\)\ mppvideodec1", object=(GstTask)"\(GstTask\)\ mppvideodec1:src";
Got message #1109 from pad "capsfilter3:sink" (property-notify): GstMessagePropertyNotify, property-name=(string)caps, property-value=(GstCaps)"video/x-h264\,\ stream-format\=\(string\)avc\,\ alignment\=\(string\)au\,\ level\=\(string\)4\,\ profile\=\(string\)high\,\ codec_data\=\(buffer\)01640028ffe1001d67640028acd940780227e5c05a808080a000007d20001d4c01e30632c001000568e93b2c8b\,\ width\=\(int\)1920\,\ height\=\(int\)1080\,\ framerate\=\(fraction\)30000/1001\,\ pixel-aspect-ratio\=\(fraction\)1/1\,\ colorimetry\=\(string\)bt709\,\ coded-picture-structure\=\(string\)frame\,\ chroma-format\=\(string\)4:2:0\,\ bit-depth-luma\=\(uint\)8\,\ bit-depth-chroma\=\(uint\)8\,\ parsed\=\(boolean\)true";
/GstPipeline:pipeline0/GstDecodeBin:decodebin5/GstCapsFilter:capsfilter3.GstPad:sink: caps = video/x-h264, stream-format=(string)avc, alignment=(string)au, level=(string)4, profile=(string)high, codec_data=(buffer)01640028ffe1001d67640028acd940780227e5c05a808080a000007d20001d4c01e30632c001000568e93b2c8b, width=(int)1920, height=(int)1080, framerate=(fraction)30000/1001, pixel-aspect-ratio=(fraction)1/1, colorimetry=(string)bt709, coded-picture-structure=(string)frame, chroma-format=(string)4:2:0, bit-depth-luma=(uint)8, bit-depth-chroma=(uint)8, parsed=(boolean)true
Got message #1111 from element "multiqueue1" (property-notify): GstMessagePropertyNotify, property-name=(string)max-size-buffers, property-value=(uint)5;
/GstPipeline:pipeline0/GstDecodeBin:decodebin2/GstMultiQueue:multiqueue1: max-size-buffers = 5
Got message #1113 from element "multiqueue1" (property-notify): GstMessagePropertyNotify, property-name=(string)max-size-time, property-value=(guint64)0;
/GstPipeline:pipeline0/GstDecodeBin:decodebin2/GstMultiQueue:multiqueue1: max-size-time = 0
Got message #1114 from element "multiqueue1" (property-notify): GstMessagePropertyNotify, property-name=(string)max-size-bytes, property-value=(uint)8388608;
/GstPipeline:pipeline0/GstDecodeBin:decodebin2/GstMultiQueue:multiqueue1: max-size-bytes = 8388608
Got message #1115 from element "h264parse1" (duration-changed): GstMessageDurationChanged;
Got message #1116 from element "h264parse4" (duration-changed): GstMessageDurationChanged;
Got message #1117 from element "multiqueue1" (property-notify): GstMessagePropertyNotify, property-name=(string)max-size-buffers, property-value=(uint)5;
/GstPipeline:pipeline0/GstDecodeBin:decodebin2/GstMultiQueue:multiqueue1: max-size-buffers = 5
Got message #1119 from element "multiqueue1" (property-notify): GstMessagePropertyNotify, property-name=(string)max-size-time, property-value=(guint64)0;
/GstPipeline:pipeline0/GstDecodeBin:decodebin2/GstMultiQueue:multiqueue1: max-size-time = 0
Got message #1120 from element "multiqueue1" (property-notify): GstMessagePropertyNotify, property-name=(string)max-size-bytes, property-value=(uint)8388608;
/GstPipeline:pipeline0/GstDecodeBin:decodebin2/GstMultiQueue:multiqueue1: max-size-bytes = 8388608
Got message #1122 from pad "mppvideodec2:src" (stream-status): GstMessageStreamStatus, type=(GstStreamStatusType)create, owner=(GstElement)"\(GstMppVideoDec\)\ mppvideodec2", object=(GstTask)"\(GstTask\)\ task36";
Got message #1127 from pad "mppvideodec0:src" (stream-status): GstMessageStreamStatus, type=(GstStreamStatusType)create, owner=(GstElement)"\(GstMppVideoDec\)\ mppvideodec0", object=(GstTask)"\(GstTask\)\ task37";
Got message #1128 from pad "mppvideodec4:src" (stream-status): GstMessageStreamStatus, type=(GstStreamStatusType)create, owner=(GstElement)"\(GstMppVideoDec\)\ mppvideodec4", object=(GstTask)"\(GstTask\)\ task38";
Got message #1129 from element "h264parse3" (duration-changed): GstMessageDurationChanged;
Got message #1133 from pad "mppvideodec3:src" (stream-status): GstMessageStreamStatus, type=(GstStreamStatusType)create, owner=(GstElement)"\(GstMppVideoDec\)\ mppvideodec3", object=(GstTask)"\(GstTask\)\ task39";
Got message #1134 from pad "mppvideodec5:src" (stream-status): GstMessageStreamStatus, type=(GstStreamStatusType)enter, owner=(GstElement)"\(GstMppVideoDec\)\ mppvideodec5", object=(GstTask)"\(GstTask\)\ mppvideodec5:src";
Got message #1135 from pad "mppvideodec2:src" (stream-status): GstMessageStreamStatus, type=(GstStreamStatusType)enter, owner=(GstElement)"\(GstMppVideoDec\)\ mppvideodec2", object=(GstTask)"\(GstTask\)\ mppvideodec2:src";
Got message #1137 from pad "mppvideodec1:src" (property-notify): GstMessagePropertyNotify, property-name=(string)caps, property-value=(GstCaps)"video/x-raw\,\ format\=\(string\)NV12\,\ width\=\(int\)1920\,\ height\=\(int\)1080\,\ interlace-mode\=\(string\)progressive\,\ multiview-mode\=\(string\)mono\,\ multiview-flags\=\(GstVideoMultiviewFlagsSet\)0:ffffffff:/right-view-first/left-flipped/left-flopped/right-flipped/right-flopped/half-aspect/mixed-mono\,\ pixel-aspect-ratio\=\(fraction\)1/1\,\ colorimetry\=\(string\)bt709\,\ framerate\=\(fraction\)30000/1001";
/GstPipeline:pipeline0/GstDecodeBin:decodebin2/GstMppVideoDec:mppvideodec1.GstPad:src: caps = video/x-raw, format=(string)NV12, width=(int)1920, height=(int)1080, interlace-mode=(string)progressive, multiview-mode=(string)mono, multiview-flags=(GstVideoMultiviewFlagsSet)0:ffffffff:/right-view-first/left-flipped/left-flopped/right-flipped/right-flopped/half-aspect/mixed-mono, pixel-aspect-ratio=(fraction)1/1, colorimetry=(string)bt709, framerate=(fraction)30000/1001
Got message #1138 from pad "mppvideodec0:src" (stream-status): GstMessageStreamStatus, type=(GstStreamStatusType)enter, owner=(GstElement)"\(GstMppVideoDec\)\ mppvideodec0", object=(GstTask)"\(GstTask\)\ mppvideodec0:src";
Got message #1144 from element "decodebin2" (state-changed): GstMessageStateChanged, old-state=(GstState)ready, new-state=(GstState)paused, pending-state=(GstState)void-pending;
Got message #1145 from pad "queue2:sink" (property-notify): GstMessagePropertyNotify, property-name=(string)caps, property-value=(GstCaps)"video/x-raw\,\ format\=\(string\)NV12\,\ width\=\(int\)1920\,\ height\=\(int\)1080\,\ interlace-mode\=\(string\)progressive\,\ multiview-mode\=\(string\)mono\,\ multiview-flags\=\(GstVideoMultiviewFlagsSet\)0:ffffffff:/right-view-first/left-flipped/left-flopped/right-flipped/right-flopped/half-aspect/mixed-mono\,\ pixel-aspect-ratio\=\(fraction\)1/1\,\ colorimetry\=\(string\)bt709\,\ framerate\=\(fraction\)30000/1001";
/GstPipeline:pipeline0/GstQueue:queue2.GstPad:sink: caps = video/x-raw, format=(string)NV12, width=(int)1920, height=(int)1080, interlace-mode=(string)progressive, multiview-mode=(string)mono, multiview-flags=(GstVideoMultiviewFlagsSet)0:ffffffff:/right-view-first/left-flipped/left-flopped/right-flipped/right-flopped/half-aspect/mixed-mono, pixel-aspect-ratio=(fraction)1/1, colorimetry=(string)bt709, framerate=(fraction)30000/1001
Got message #1146 from pad "src_0:proxypad19" (property-notify): GstMessagePropertyNotify, property-name=(string)caps, property-value=(GstCaps)"video/x-raw\,\ format\=\(string\)NV12\,\ width\=\(int\)1920\,\ height\=\(int\)1080\,\ interlace-mode\=\(string\)progressive\,\ multiview-mode\=\(string\)mono\,\ multiview-flags\=\(GstVideoMultiviewFlagsSet\)0:ffffffff:/right-view-first/left-flipped/left-flopped/right-flipped/right-flopped/half-aspect/mixed-mono\,\ pixel-aspect-ratio\=\(fraction\)1/1\,\ colorimetry\=\(string\)bt709\,\ framerate\=\(fraction\)30000/1001";
/GstPipeline:pipeline0/GstDecodeBin:decodebin2.GstDecodePad:src_0.GstProxyPad:proxypad19: caps = video/x-raw, format=(string)NV12, width=(int)1920, height=(int)1080, interlace-mode=(string)progressive, multiview-mode=(string)mono, multiview-flags=(GstVideoMultiviewFlagsSet)0:ffffffff:/right-view-first/left-flipped/left-flopped/right-flipped/right-flopped/half-aspect/mixed-mono, pixel-aspect-ratio=(fraction)1/1, colorimetry=(string)bt709, framerate=(fraction)30000/1001
Got message #1147 from pad "mppvideodec3:src" (stream-status): GstMessageStreamStatus, type=(GstStreamStatusType)enter, owner=(GstElement)"\(GstMppVideoDec\)\ mppvideodec3", object=(GstTask)"\(GstTask\)\ mppvideodec3:src";
Got message #1148 from pad "queue2:src" (property-notify): GstMessagePropertyNotify, property-name=(string)caps, property-value=(GstCaps)"video/x-raw\,\ format\=\(string\)NV12\,\ width\=\(int\)1920\,\ height\=\(int\)1080\,\ interlace-mode\=\(string\)progressive\,\ multiview-mode\=\(string\)mono\,\ multiview-flags\=\(GstVideoMultiviewFlagsSet\)0:ffffffff:/right-view-first/left-flipped/left-flopped/right-flipped/right-flopped/half-aspect/mixed-mono\,\ pixel-aspect-ratio\=\(fraction\)1/1\,\ colorimetry\=\(string\)bt709\,\ framerate\=\(fraction\)30000/1001";
/GstPipeline:pipeline0/GstQueue:queue2.GstPad:src: caps = video/x-raw, format=(string)NV12, width=(int)1920, height=(int)1080, interlace-mode=(string)progressive, multiview-mode=(string)mono, multiview-flags=(GstVideoMultiviewFlagsSet)0:ffffffff:/right-view-first/left-flipped/left-flopped/right-flipped/right-flopped/half-aspect/mixed-mono, pixel-aspect-ratio=(fraction)1/1, colorimetry=(string)bt709, framerate=(fraction)30000/1001
Got message #1149 from pad "mppvideodec4:src" (stream-status): GstMessageStreamStatus, type=(GstStreamStatusType)enter, owner=(GstElement)"\(GstMppVideoDec\)\ mppvideodec4", object=(GstTask)"\(GstTask\)\ mppvideodec4:src";
Got message #1150 from pad "in:sink_2" (property-notify): GstMessagePropertyNotify, property-name=(string)caps, property-value=(GstCaps)"video/x-raw\,\ format\=\(string\)NV12\,\ width\=\(int\)1920\,\ height\=\(int\)1080\,\ interlace-mode\=\(string\)progressive\,\ multiview-mode\=\(string\)mono\,\ multiview-flags\=\(GstVideoMultiviewFlagsSet\)0:ffffffff:/right-view-first/left-flipped/left-flopped/right-flipped/right-flopped/half-aspect/mixed-mono\,\ pixel-aspect-ratio\=\(fraction\)1/1\,\ colorimetry\=\(string\)bt709\,\ framerate\=\(fraction\)30000/1001";
/GstPipeline:pipeline0/GstDxInputSelector:in.GstAggregatorPad:sink_2: caps = video/x-raw, format=(string)NV12, width=(int)1920, height=(int)1080, interlace-mode=(string)progressive, multiview-mode=(string)mono, multiview-flags=(GstVideoMultiviewFlagsSet)0:ffffffff:/right-view-first/left-flipped/left-flopped/right-flipped/right-flopped/half-aspect/mixed-mono, pixel-aspect-ratio=(fraction)1/1, colorimetry=(string)bt709, framerate=(fraction)30000/1001
Got message #1153 from element "multiqueue5" (property-notify): GstMessagePropertyNotify, property-name=(string)max-size-buffers, property-value=(uint)5;
/GstPipeline:pipeline0/GstDecodeBin:decodebin5/GstMultiQueue:multiqueue5: max-size-buffers = 5
Got message #1154 from element "multiqueue5" (property-notify): GstMessagePropertyNotify, property-name=(string)max-size-time, property-value=(guint64)0;
/GstPipeline:pipeline0/GstDecodeBin:decodebin5/GstMultiQueue:multiqueue5: max-size-time = 0
Got message #1155 from element "multiqueue3" (property-notify): GstMessagePropertyNotify, property-name=(string)max-size-buffers, property-value=(uint)5;
/GstPipeline:pipeline0/GstDecodeBin:decodebin0/GstMultiQueue:multiqueue3: max-size-buffers = 5
Got message #1156 from element "multiqueue5" (property-notify): GstMessagePropertyNotify, property-name=(string)max-size-bytes, property-value=(uint)8388608;
/GstPipeline:pipeline0/GstDecodeBin:decodebin5/GstMultiQueue:multiqueue5: max-size-bytes = 8388608
Got message #1157 from element "multiqueue2" (property-notify): GstMessagePropertyNotify, property-name=(string)max-size-buffers, property-value=(uint)5;
/GstPipeline:pipeline0/GstDecodeBin:decodebin3/GstMultiQueue:multiqueue2: max-size-buffers = 5
Got message #1158 from element "multiqueue5" (property-notify): GstMessagePropertyNotify, property-name=(string)max-size-bytes, property-value=(uint)8388608;
/GstPipeline:pipeline0/GstDecodeBin:decodebin5/GstMultiQueue:multiqueue5: max-size-bytes = 8388608
Got message #1159 from element "multiqueue2" (property-notify): GstMessagePropertyNotify, property-name=(string)max-size-buffers, property-value=(uint)5;
/GstPipeline:pipeline0/GstDecodeBin:decodebin3/GstMultiQueue:multiqueue2: max-size-buffers = 5
Got message #1160 from element "multiqueue3" (property-notify): GstMessagePropertyNotify, property-name=(string)max-size-time, property-value=(guint64)0;
/GstPipeline:pipeline0/GstDecodeBin:decodebin0/GstMultiQueue:multiqueue3: max-size-time = 0
Got message #1161 from element "multiqueue2" (property-notify): GstMessagePropertyNotify, property-name=(string)max-size-bytes, property-value=(uint)8388608;
/GstPipeline:pipeline0/GstDecodeBin:decodebin3/GstMultiQueue:multiqueue2: max-size-bytes = 8388608
Got message #1162 from element "multiqueue3" (property-notify): GstMessagePropertyNotify, property-name=(string)max-size-time, property-value=(guint64)0;
/GstPipeline:pipeline0/GstDecodeBin:decodebin0/GstMultiQueue:multiqueue3: max-size-time = 0
Got message #1163 from element "multiqueue0" (property-notify): GstMessagePropertyNotify, property-name=(string)max-size-buffers, property-value=(uint)5;
/GstPipeline:pipeline0/GstDecodeBin:decodebin1/GstMultiQueue:multiqueue0: max-size-buffers = 5
Got message #1164 from element "multiqueue3" (property-notify): GstMessagePropertyNotify, property-name=(string)max-size-bytes, property-value=(uint)8388608;
/GstPipeline:pipeline0/GstDecodeBin:decodebin0/GstMultiQueue:multiqueue3: max-size-bytes = 8388608
Got message #1165 from element "multiqueue0" (property-notify): GstMessagePropertyNotify, property-name=(string)max-size-time, property-value=(guint64)0;
/GstPipeline:pipeline0/GstDecodeBin:decodebin1/GstMultiQueue:multiqueue0: max-size-time = 0
Got message #1166 from element "multiqueue0" (property-notify): GstMessagePropertyNotify, property-name=(string)max-size-bytes, property-value=(uint)8388608;
/GstPipeline:pipeline0/GstDecodeBin:decodebin1/GstMultiQueue:multiqueue0: max-size-bytes = 8388608
Got message #1167 from element "multiqueue5" (property-notify): GstMessagePropertyNotify, property-name=(string)max-size-buffers, property-value=(uint)5;
/GstPipeline:pipeline0/GstDecodeBin:decodebin5/GstMultiQueue:multiqueue5: max-size-buffers = 5
Got message #1168 from element "multiqueue5" (property-notify): GstMessagePropertyNotify, property-name=(string)max-size-time, property-value=(guint64)0;
/GstPipeline:pipeline0/GstDecodeBin:decodebin5/GstMultiQueue:multiqueue5: max-size-time = 0
Got message #1169 from element "multiqueue5" (property-notify): GstMessagePropertyNotify, property-name=(string)max-size-bytes, property-value=(uint)8388608;
/GstPipeline:pipeline0/GstDecodeBin:decodebin5/GstMultiQueue:multiqueue5: max-size-bytes = 8388608
Got message #1170 from element "multiqueue5" (property-notify): GstMessagePropertyNotify, property-name=(string)max-size-buffers, property-value=(uint)5;
/GstPipeline:pipeline0/GstDecodeBin:decodebin5/GstMultiQueue:multiqueue5: max-size-buffers = 5
Got message #1171 from element "multiqueue5" (property-notify): GstMessagePropertyNotify, property-name=(string)max-size-time, property-value=(guint64)0;
/GstPipeline:pipeline0/GstDecodeBin:decodebin5/GstMultiQueue:multiqueue5: max-size-time = 0
Got message #1172 from element "multiqueue5" (property-notify): GstMessagePropertyNotify, property-name=(string)max-size-bytes, property-value=(uint)8388608;
/GstPipeline:pipeline0/GstDecodeBin:decodebin5/GstMultiQueue:multiqueue5: max-size-bytes = 8388608
Got message #1173 from pad "out:src_2" (property-notify): GstMessagePropertyNotify, property-name=(string)caps, property-value=(GstCaps)"video/x-raw\,\ format\=\(string\)NV12\,\ width\=\(int\)1920\,\ height\=\(int\)1080\,\ interlace-mode\=\(string\)progressive\,\ multiview-mode\=\(string\)mono\,\ multiview-flags\=\(GstVideoMultiviewFlagsSet\)0:ffffffff:/right-view-first/left-flipped/left-flopped/right-flipped/right-flopped/half-aspect/mixed-mono\,\ pixel-aspect-ratio\=\(fraction\)1/1\,\ colorimetry\=\(string\)bt709\,\ framerate\=\(fraction\)30000/1001";
/GstPipeline:pipeline0/GstDxOutputSelector:out.GstPad:src_2: caps = video/x-raw, format=(string)NV12, width=(int)1920, height=(int)1080, interlace-mode=(string)progressive, multiview-mode=(string)mono, multiview-flags=(GstVideoMultiviewFlagsSet)0:ffffffff:/right-view-first/left-flipped/left-flopped/right-flipped/right-flopped/half-aspect/mixed-mono, pixel-aspect-ratio=(fraction)1/1, colorimetry=(string)bt709, framerate=(fraction)30000/1001
Got message #1175 from pad "queue11:sink" (property-notify): GstMessagePropertyNotify, property-name=(string)caps, property-value=(GstCaps)"video/x-raw\,\ format\=\(string\)NV12\,\ width\=\(int\)1920\,\ height\=\(int\)1080\,\ interlace-mode\=\(string\)progressive\,\ multiview-mode\=\(string\)mono\,\ multiview-flags\=\(GstVideoMultiviewFlagsSet\)0:ffffffff:/right-view-first/left-flipped/left-flopped/right-flipped/right-flopped/half-aspect/mixed-mono\,\ pixel-aspect-ratio\=\(fraction\)1/1\,\ colorimetry\=\(string\)bt709\,\ framerate\=\(fraction\)30000/1001";
/GstPipeline:pipeline0/GstQueue:queue11.GstPad:sink: caps = video/x-raw, format=(string)NV12, width=(int)1920, height=(int)1080, interlace-mode=(string)progressive, multiview-mode=(string)mono, multiview-flags=(GstVideoMultiviewFlagsSet)0:ffffffff:/right-view-first/left-flipped/left-flopped/right-flipped/right-flopped/half-aspect/mixed-mono, pixel-aspect-ratio=(fraction)1/1, colorimetry=(string)bt709, framerate=(fraction)30000/1001
Got message #1176 from pad "queue11:src" (property-notify): GstMessagePropertyNotify, property-name=(string)caps, property-value=(GstCaps)"video/x-raw\,\ format\=\(string\)NV12\,\ width\=\(int\)1920\,\ height\=\(int\)1080\,\ interlace-mode\=\(string\)progressive\,\ multiview-mode\=\(string\)mono\,\ multiview-flags\=\(GstVideoMultiviewFlagsSet\)0:ffffffff:/right-view-first/left-flipped/left-flopped/right-flipped/right-flopped/half-aspect/mixed-mono\,\ pixel-aspect-ratio\=\(fraction\)1/1\,\ colorimetry\=\(string\)bt709\,\ framerate\=\(fraction\)30000/1001";
/GstPipeline:pipeline0/GstQueue:queue11.GstPad:src: caps = video/x-raw, format=(string)NV12, width=(int)1920, height=(int)1080, interlace-mode=(string)progressive, multiview-mode=(string)mono, multiview-flags=(GstVideoMultiviewFlagsSet)0:ffffffff:/right-view-first/left-flipped/left-flopped/right-flipped/right-flopped/half-aspect/mixed-mono, pixel-aspect-ratio=(fraction)1/1, colorimetry=(string)bt709, framerate=(fraction)30000/1001
Got message #1177 from pad "fakesink2:sink" (property-notify): GstMessagePropertyNotify, property-name=(string)caps, property-value=(GstCaps)"video/x-raw\,\ format\=\(string\)NV12\,\ width\=\(int\)1920\,\ height\=\(int\)1080\,\ interlace-mode\=\(string\)progressive\,\ multiview-mode\=\(string\)mono\,\ multiview-flags\=\(GstVideoMultiviewFlagsSet\)0:ffffffff:/right-view-first/left-flipped/left-flopped/right-flipped/right-flopped/half-aspect/mixed-mono\,\ pixel-aspect-ratio\=\(fraction\)1/1\,\ colorimetry\=\(string\)bt709\,\ framerate\=\(fraction\)30000/1001";
/GstPipeline:pipeline0/GstFakeSink:fakesink2.GstPad:sink: caps = video/x-raw, format=(string)NV12, width=(int)1920, height=(int)1080, interlace-mode=(string)progressive, multiview-mode=(string)mono, multiview-flags=(GstVideoMultiviewFlagsSet)0:ffffffff:/right-view-first/left-flipped/left-flopped/right-flipped/right-flopped/half-aspect/mixed-mono, pixel-aspect-ratio=(fraction)1/1, colorimetry=(string)bt709, framerate=(fraction)30000/1001
Got message #1179 from pad "mppvideodec0:src" (property-notify): GstMessagePropertyNotify, property-name=(string)caps, property-value=(GstCaps)"video/x-raw\,\ format\=\(string\)NV12\,\ width\=\(int\)1920\,\ height\=\(int\)1080\,\ interlace-mode\=\(string\)progressive\,\ multiview-mode\=\(string\)mono\,\ multiview-flags\=\(GstVideoMultiviewFlagsSet\)0:ffffffff:/right-view-first/left-flipped/left-flopped/right-flipped/right-flopped/half-aspect/mixed-mono\,\ pixel-aspect-ratio\=\(fraction\)1/1\,\ colorimetry\=\(string\)bt709\,\ framerate\=\(fraction\)30000/1001";
/GstPipeline:pipeline0/GstDecodeBin:decodebin1/GstMppVideoDec:mppvideodec0.GstPad:src: caps = video/x-raw, format=(string)NV12, width=(int)1920, height=(int)1080, interlace-mode=(string)progressive, multiview-mode=(string)mono, multiview-flags=(GstVideoMultiviewFlagsSet)0:ffffffff:/right-view-first/left-flipped/left-flopped/right-flipped/right-flopped/half-aspect/mixed-mono, pixel-aspect-ratio=(fraction)1/1, colorimetry=(string)bt709, framerate=(fraction)30000/1001
Got message #1183 from pad "mppvideodec2:src" (property-notify): GstMessagePropertyNotify, property-name=(string)caps, property-value=(GstCaps)"video/x-raw\,\ format\=\(string\)NV12\,\ width\=\(int\)1920\,\ height\=\(int\)1080\,\ interlace-mode\=\(string\)progressive\,\ multiview-mode\=\(string\)mono\,\ multiview-flags\=\(GstVideoMultiviewFlagsSet\)0:ffffffff:/right-view-first/left-flipped/left-flopped/right-flipped/right-flopped/half-aspect/mixed-mono\,\ pixel-aspect-ratio\=\(fraction\)1/1\,\ colorimetry\=\(string\)bt709\,\ framerate\=\(fraction\)30000/1001";
/GstPipeline:pipeline0/GstDecodeBin:decodebin3/GstMppVideoDec:mppvideodec2.GstPad:src: caps = video/x-raw, format=(string)NV12, width=(int)1920, height=(int)1080, interlace-mode=(string)progressive, multiview-mode=(string)mono, multiview-flags=(GstVideoMultiviewFlagsSet)0:ffffffff:/right-view-first/left-flipped/left-flopped/right-flipped/right-flopped/half-aspect/mixed-mono, pixel-aspect-ratio=(fraction)1/1, colorimetry=(string)bt709, framerate=(fraction)30000/1001
Got message #1188 from element "multiqueue4" (property-notify): GstMessagePropertyNotify, property-name=(string)max-size-buffers, property-value=(uint)5;
/GstPipeline:pipeline0/GstDecodeBin:decodebin4/GstMultiQueue:multiqueue4: max-size-buffers = 5
Got message #1190 from element "multiqueue4" (property-notify): GstMessagePropertyNotify, property-name=(string)max-size-time, property-value=(guint64)0;
/GstPipeline:pipeline0/GstDecodeBin:decodebin4/GstMultiQueue:multiqueue4: max-size-time = 0
Got message #1192 from element "multiqueue4" (property-notify): GstMessagePropertyNotify, property-name=(string)max-size-bytes, property-value=(uint)8388608;
/GstPipeline:pipeline0/GstDecodeBin:decodebin4/GstMultiQueue:multiqueue4: max-size-bytes = 8388608
Got message #1195 from element "decodebin3" (state-changed): GstMessageStateChanged, old-state=(GstState)ready, new-state=(GstState)paused, pending-state=(GstState)void-pending;
Got message #1196 from element "decodebin1" (state-changed): GstMessageStateChanged, old-state=(GstState)ready, new-state=(GstState)paused, pending-state=(GstState)void-pending;
Got message #1197 from pad "queue3:sink" (property-notify): GstMessagePropertyNotify, property-name=(string)caps, property-value=(GstCaps)"video/x-raw\,\ format\=\(string\)NV12\,\ width\=\(int\)1920\,\ height\=\(int\)1080\,\ interlace-mode\=\(string\)progressive\,\ multiview-mode\=\(string\)mono\,\ multiview-flags\=\(GstVideoMultiviewFlagsSet\)0:ffffffff:/right-view-first/left-flipped/left-flopped/right-flipped/right-flopped/half-aspect/mixed-mono\,\ pixel-aspect-ratio\=\(fraction\)1/1\,\ colorimetry\=\(string\)bt709\,\ framerate\=\(fraction\)30000/1001";
/GstPipeline:pipeline0/GstQueue:queue3.GstPad:sink: caps = video/x-raw, format=(string)NV12, width=(int)1920, height=(int)1080, interlace-mode=(string)progressive, multiview-mode=(string)mono, multiview-flags=(GstVideoMultiviewFlagsSet)0:ffffffff:/right-view-first/left-flipped/left-flopped/right-flipped/right-flopped/half-aspect/mixed-mono, pixel-aspect-ratio=(fraction)1/1, colorimetry=(string)bt709, framerate=(fraction)30000/1001
Got message #1198 from pad "src_0:proxypad23" (property-notify): GstMessagePropertyNotify, property-name=(string)caps, property-value=(GstCaps)"video/x-raw\,\ format\=\(string\)NV12\,\ width\=\(int\)1920\,\ height\=\(int\)1080\,\ interlace-mode\=\(string\)progressive\,\ multiview-mode\=\(string\)mono\,\ multiview-flags\=\(GstVideoMultiviewFlagsSet\)0:ffffffff:/right-view-first/left-flipped/left-flopped/right-flipped/right-flopped/half-aspect/mixed-mono\,\ pixel-aspect-ratio\=\(fraction\)1/1\,\ colorimetry\=\(string\)bt709\,\ framerate\=\(fraction\)30000/1001";
/GstPipeline:pipeline0/GstDecodeBin:decodebin3.GstDecodePad:src_0.GstProxyPad:proxypad23: caps = video/x-raw, format=(string)NV12, width=(int)1920, height=(int)1080, interlace-mode=(string)progressive, multiview-mode=(string)mono, multiview-flags=(GstVideoMultiviewFlagsSet)0:ffffffff:/right-view-first/left-flipped/left-flopped/right-flipped/right-flopped/half-aspect/mixed-mono, pixel-aspect-ratio=(fraction)1/1, colorimetry=(string)bt709, framerate=(fraction)30000/1001
Got message #1199 from pad "queue1:sink" (property-notify): GstMessagePropertyNotify, property-name=(string)caps, property-value=(GstCaps)"video/x-raw\,\ format\=\(string\)NV12\,\ width\=\(int\)1920\,\ height\=\(int\)1080\,\ interlace-mode\=\(string\)progressive\,\ multiview-mode\=\(string\)mono\,\ multiview-flags\=\(GstVideoMultiviewFlagsSet\)0:ffffffff:/right-view-first/left-flipped/left-flopped/right-flipped/right-flopped/half-aspect/mixed-mono\,\ pixel-aspect-ratio\=\(fraction\)1/1\,\ colorimetry\=\(string\)bt709\,\ framerate\=\(fraction\)30000/1001";
/GstPipeline:pipeline0/GstQueue:queue1.GstPad:sink: caps = video/x-raw, format=(string)NV12, width=(int)1920, height=(int)1080, interlace-mode=(string)progressive, multiview-mode=(string)mono, multiview-flags=(GstVideoMultiviewFlagsSet)0:ffffffff:/right-view-first/left-flipped/left-flopped/right-flipped/right-flopped/half-aspect/mixed-mono, pixel-aspect-ratio=(fraction)1/1, colorimetry=(string)bt709, framerate=(fraction)30000/1001
Got message #1200 from pad "src_0:proxypad18" (property-notify): GstMessagePropertyNotify, property-name=(string)caps, property-value=(GstCaps)"video/x-raw\,\ format\=\(string\)NV12\,\ width\=\(int\)1920\,\ height\=\(int\)1080\,\ interlace-mode\=\(string\)progressive\,\ multiview-mode\=\(string\)mono\,\ multiview-flags\=\(GstVideoMultiviewFlagsSet\)0:ffffffff:/right-view-first/left-flipped/left-flopped/right-flipped/right-flopped/half-aspect/mixed-mono\,\ pixel-aspect-ratio\=\(fraction\)1/1\,\ colorimetry\=\(string\)bt709\,\ framerate\=\(fraction\)30000/1001";
/GstPipeline:pipeline0/GstDecodeBin:decodebin1.GstDecodePad:src_0.GstProxyPad:proxypad18: caps = video/x-raw, format=(string)NV12, width=(int)1920, height=(int)1080, interlace-mode=(string)progressive, multiview-mode=(string)mono, multiview-flags=(GstVideoMultiviewFlagsSet)0:ffffffff:/right-view-first/left-flipped/left-flopped/right-flipped/right-flopped/half-aspect/mixed-mono, pixel-aspect-ratio=(fraction)1/1, colorimetry=(string)bt709, framerate=(fraction)30000/1001
Got message #1201 from pad "queue3:src" (property-notify): GstMessagePropertyNotify, property-name=(string)caps, property-value=(GstCaps)"video/x-raw\,\ format\=\(string\)NV12\,\ width\=\(int\)1920\,\ height\=\(int\)1080\,\ interlace-mode\=\(string\)progressive\,\ multiview-mode\=\(string\)mono\,\ multiview-flags\=\(GstVideoMultiviewFlagsSet\)0:ffffffff:/right-view-first/left-flipped/left-flopped/right-flipped/right-flopped/half-aspect/mixed-mono\,\ pixel-aspect-ratio\=\(fraction\)1/1\,\ colorimetry\=\(string\)bt709\,\ framerate\=\(fraction\)30000/1001";
/GstPipeline:pipeline0/GstQueue:queue3.GstPad:src: caps = video/x-raw, format=(string)NV12, width=(int)1920, height=(int)1080, interlace-mode=(string)progressive, multiview-mode=(string)mono, multiview-flags=(GstVideoMultiviewFlagsSet)0:ffffffff:/right-view-first/left-flipped/left-flopped/right-flipped/right-flopped/half-aspect/mixed-mono, pixel-aspect-ratio=(fraction)1/1, colorimetry=(string)bt709, framerate=(fraction)30000/1001
Got message #1204 from pad "in:sink_3" (property-notify): GstMessagePropertyNotify, property-name=(string)caps, property-value=(GstCaps)"video/x-raw\,\ format\=\(string\)NV12\,\ width\=\(int\)1920\,\ height\=\(int\)1080\,\ interlace-mode\=\(string\)progressive\,\ multiview-mode\=\(string\)mono\,\ multiview-flags\=\(GstVideoMultiviewFlagsSet\)0:ffffffff:/right-view-first/left-flipped/left-flopped/right-flipped/right-flopped/half-aspect/mixed-mono\,\ pixel-aspect-ratio\=\(fraction\)1/1\,\ colorimetry\=\(string\)bt709\,\ framerate\=\(fraction\)30000/1001";
/GstPipeline:pipeline0/GstDxInputSelector:in.GstAggregatorPad:sink_3: caps = video/x-raw, format=(string)NV12, width=(int)1920, height=(int)1080, interlace-mode=(string)progressive, multiview-mode=(string)mono, multiview-flags=(GstVideoMultiviewFlagsSet)0:ffffffff:/right-view-first/left-flipped/left-flopped/right-flipped/right-flopped/half-aspect/mixed-mono, pixel-aspect-ratio=(fraction)1/1, colorimetry=(string)bt709, framerate=(fraction)30000/1001
Got message #1205 from pad "out:src_3" (property-notify): GstMessagePropertyNotify, property-name=(string)caps, property-value=(GstCaps)"video/x-raw\,\ format\=\(string\)NV12\,\ width\=\(int\)1920\,\ height\=\(int\)1080\,\ interlace-mode\=\(string\)progressive\,\ multiview-mode\=\(string\)mono\,\ multiview-flags\=\(GstVideoMultiviewFlagsSet\)0:ffffffff:/right-view-first/left-flipped/left-flopped/right-flipped/right-flopped/half-aspect/mixed-mono\,\ pixel-aspect-ratio\=\(fraction\)1/1\,\ colorimetry\=\(string\)bt709\,\ framerate\=\(fraction\)30000/1001";
/GstPipeline:pipeline0/GstDxOutputSelector:out.GstPad:src_3: caps = video/x-raw, format=(string)NV12, width=(int)1920, height=(int)1080, interlace-mode=(string)progressive, multiview-mode=(string)mono, multiview-flags=(GstVideoMultiviewFlagsSet)0:ffffffff:/right-view-first/left-flipped/left-flopped/right-flipped/right-flopped/half-aspect/mixed-mono, pixel-aspect-ratio=(fraction)1/1, colorimetry=(string)bt709, framerate=(fraction)30000/1001
Got message #1207 from pad "queue12:sink" (property-notify): GstMessagePropertyNotify, property-name=(string)caps, property-value=(GstCaps)"video/x-raw\,\ format\=\(string\)NV12\,\ width\=\(int\)1920\,\ height\=\(int\)1080\,\ interlace-mode\=\(string\)progressive\,\ multiview-mode\=\(string\)mono\,\ multiview-flags\=\(GstVideoMultiviewFlagsSet\)0:ffffffff:/right-view-first/left-flipped/left-flopped/right-flipped/right-flopped/half-aspect/mixed-mono\,\ pixel-aspect-ratio\=\(fraction\)1/1\,\ colorimetry\=\(string\)bt709\,\ framerate\=\(fraction\)30000/1001";
/GstPipeline:pipeline0/GstQueue:queue12.GstPad:sink: caps = video/x-raw, format=(string)NV12, width=(int)1920, height=(int)1080, interlace-mode=(string)progressive, multiview-mode=(string)mono, multiview-flags=(GstVideoMultiviewFlagsSet)0:ffffffff:/right-view-first/left-flipped/left-flopped/right-flipped/right-flopped/half-aspect/mixed-mono, pixel-aspect-ratio=(fraction)1/1, colorimetry=(string)bt709, framerate=(fraction)30000/1001
Got message #1208 from pad "queue12:sink" (property-notify): GstMessagePropertyNotify, property-name=(string)caps, property-value=(GstCaps)"video/x-raw\,\ format\=\(string\)NV12\,\ width\=\(int\)1920\,\ height\=\(int\)1080\,\ interlace-mode\=\(string\)progressive\,\ multiview-mode\=\(string\)mono\,\ multiview-flags\=\(GstVideoMultiviewFlagsSet\)0:ffffffff:/right-view-first/left-flipped/left-flopped/right-flipped/right-flopped/half-aspect/mixed-mono\,\ pixel-aspect-ratio\=\(fraction\)1/1\,\ colorimetry\=\(string\)bt709\,\ framerate\=\(fraction\)30000/1001";
/GstPipeline:pipeline0/GstQueue:queue12.GstPad:sink: caps = video/x-raw, format=(string)NV12, width=(int)1920, height=(int)1080, interlace-mode=(string)progressive, multiview-mode=(string)mono, multiview-flags=(GstVideoMultiviewFlagsSet)0:ffffffff:/right-view-first/left-flipped/left-flopped/right-flipped/right-flopped/half-aspect/mixed-mono, pixel-aspect-ratio=(fraction)1/1, colorimetry=(string)bt709, framerate=(fraction)30000/1001
Got message #1209 from element "multiqueue3" (property-notify): GstMessagePropertyNotify, property-name=(string)max-size-buffers, property-value=(uint)5;
/GstPipeline:pipeline0/GstDecodeBin:decodebin0/GstMultiQueue:multiqueue3: max-size-buffers = 5
Got message #1210 from element "multiqueue3" (property-notify): GstMessagePropertyNotify, property-name=(string)max-size-time, property-value=(guint64)0;
/GstPipeline:pipeline0/GstDecodeBin:decodebin0/GstMultiQueue:multiqueue3: max-size-time = 0
Got message #1211 from element "multiqueue3" (property-notify): GstMessagePropertyNotify, property-name=(string)max-size-bytes, property-value=(uint)8388608;
/GstPipeline:pipeline0/GstDecodeBin:decodebin0/GstMultiQueue:multiqueue3: max-size-bytes = 8388608
Got message #1212 from pad "queue1:src" (property-notify): GstMessagePropertyNotify, property-name=(string)caps, property-value=(GstCaps)"video/x-raw\,\ format\=\(string\)NV12\,\ width\=\(int\)1920\,\ height\=\(int\)1080\,\ interlace-mode\=\(string\)progressive\,\ multiview-mode\=\(string\)mono\,\ multiview-flags\=\(GstVideoMultiviewFlagsSet\)0:ffffffff:/right-view-first/left-flipped/left-flopped/right-flipped/right-flopped/half-aspect/mixed-mono\,\ pixel-aspect-ratio\=\(fraction\)1/1\,\ colorimetry\=\(string\)bt709\,\ framerate\=\(fraction\)30000/1001";
/GstPipeline:pipeline0/GstQueue:queue1.GstPad:src: caps = video/x-raw, format=(string)NV12, width=(int)1920, height=(int)1080, interlace-mode=(string)progressive, multiview-mode=(string)mono, multiview-flags=(GstVideoMultiviewFlagsSet)0:ffffffff:/right-view-first/left-flipped/left-flopped/right-flipped/right-flopped/half-aspect/mixed-mono, pixel-aspect-ratio=(fraction)1/1, colorimetry=(string)bt709, framerate=(fraction)30000/1001
Got message #1213 from pad "fakesink3:sink" (property-notify): GstMessagePropertyNotify, property-name=(string)caps, property-value=(GstCaps)"video/x-raw\,\ format\=\(string\)NV12\,\ width\=\(int\)1920\,\ height\=\(int\)1080\,\ interlace-mode\=\(string\)progressive\,\ multiview-mode\=\(string\)mono\,\ multiview-flags\=\(GstVideoMultiviewFlagsSet\)0:ffffffff:/right-view-first/left-flipped/left-flopped/right-flipped/right-flopped/half-aspect/mixed-mono\,\ pixel-aspect-ratio\=\(fraction\)1/1\,\ colorimetry\=\(string\)bt709\,\ framerate\=\(fraction\)30000/1001";
/GstPipeline:pipeline0/GstFakeSink:fakesink3.GstPad:sink: caps = video/x-raw, format=(string)NV12, width=(int)1920, height=(int)1080, interlace-mode=(string)progressive, multiview-mode=(string)mono, multiview-flags=(GstVideoMultiviewFlagsSet)0:ffffffff:/right-view-first/left-flipped/left-flopped/right-flipped/right-flopped/half-aspect/mixed-mono, pixel-aspect-ratio=(fraction)1/1, colorimetry=(string)bt709, framerate=(fraction)30000/1001
Got message #1215 from pad "in:sink_1" (property-notify): GstMessagePropertyNotify, property-name=(string)caps, property-value=(GstCaps)"video/x-raw\,\ format\=\(string\)NV12\,\ width\=\(int\)1920\,\ height\=\(int\)1080\,\ interlace-mode\=\(string\)progressive\,\ multiview-mode\=\(string\)mono\,\ multiview-flags\=\(GstVideoMultiviewFlagsSet\)0:ffffffff:/right-view-first/left-flipped/left-flopped/right-flipped/right-flopped/half-aspect/mixed-mono\,\ pixel-aspect-ratio\=\(fraction\)1/1\,\ colorimetry\=\(string\)bt709\,\ framerate\=\(fraction\)30000/1001";
/GstPipeline:pipeline0/GstDxInputSelector:in.GstAggregatorPad:sink_1: caps = video/x-raw, format=(string)NV12, width=(int)1920, height=(int)1080, interlace-mode=(string)progressive, multiview-mode=(string)mono, multiview-flags=(GstVideoMultiviewFlagsSet)0:ffffffff:/right-view-first/left-flipped/left-flopped/right-flipped/right-flopped/half-aspect/mixed-mono, pixel-aspect-ratio=(fraction)1/1, colorimetry=(string)bt709, framerate=(fraction)30000/1001
Got message #1217 from pad "out:src_1" (property-notify): GstMessagePropertyNotify, property-name=(string)caps, property-value=(GstCaps)"video/x-raw\,\ format\=\(string\)NV12\,\ width\=\(int\)1920\,\ height\=\(int\)1080\,\ interlace-mode\=\(string\)progressive\,\ multiview-mode\=\(string\)mono\,\ multiview-flags\=\(GstVideoMultiviewFlagsSet\)0:ffffffff:/right-view-first/left-flipped/left-flopped/right-flipped/right-flopped/half-aspect/mixed-mono\,\ pixel-aspect-ratio\=\(fraction\)1/1\,\ colorimetry\=\(string\)bt709\,\ framerate\=\(fraction\)30000/1001";
/GstPipeline:pipeline0/GstDxOutputSelector:out.GstPad:src_1: caps = video/x-raw, format=(string)NV12, width=(int)1920, height=(int)1080, interlace-mode=(string)progressive, multiview-mode=(string)mono, multiview-flags=(GstVideoMultiviewFlagsSet)0:ffffffff:/right-view-first/left-flipped/left-flopped/right-flipped/right-flopped/half-aspect/mixed-mono, pixel-aspect-ratio=(fraction)1/1, colorimetry=(string)bt709, framerate=(fraction)30000/1001
Got message #1219 from pad "queue10:sink" (property-notify): GstMessagePropertyNotify, property-name=(string)caps, property-value=(GstCaps)"video/x-raw\,\ format\=\(string\)NV12\,\ width\=\(int\)1920\,\ height\=\(int\)1080\,\ interlace-mode\=\(string\)progressive\,\ multiview-mode\=\(string\)mono\,\ multiview-flags\=\(GstVideoMultiviewFlagsSet\)0:ffffffff:/right-view-first/left-flipped/left-flopped/right-flipped/right-flopped/half-aspect/mixed-mono\,\ pixel-aspect-ratio\=\(fraction\)1/1\,\ colorimetry\=\(string\)bt709\,\ framerate\=\(fraction\)30000/1001";
/GstPipeline:pipeline0/GstQueue:queue10.GstPad:sink: caps = video/x-raw, format=(string)NV12, width=(int)1920, height=(int)1080, interlace-mode=(string)progressive, multiview-mode=(string)mono, multiview-flags=(GstVideoMultiviewFlagsSet)0:ffffffff:/right-view-first/left-flipped/left-flopped/right-flipped/right-flopped/half-aspect/mixed-mono, pixel-aspect-ratio=(fraction)1/1, colorimetry=(string)bt709, framerate=(fraction)30000/1001
Got message #1220 from pad "queue10:src" (property-notify): GstMessagePropertyNotify, property-name=(string)caps, property-value=(GstCaps)"video/x-raw\,\ format\=\(string\)NV12\,\ width\=\(int\)1920\,\ height\=\(int\)1080\,\ interlace-mode\=\(string\)progressive\,\ multiview-mode\=\(string\)mono\,\ multiview-flags\=\(GstVideoMultiviewFlagsSet\)0:ffffffff:/right-view-first/left-flipped/left-flopped/right-flipped/right-flopped/half-aspect/mixed-mono\,\ pixel-aspect-ratio\=\(fraction\)1/1\,\ colorimetry\=\(string\)bt709\,\ framerate\=\(fraction\)30000/1001";
/GstPipeline:pipeline0/GstQueue:queue10.GstPad:src: caps = video/x-raw, format=(string)NV12, width=(int)1920, height=(int)1080, interlace-mode=(string)progressive, multiview-mode=(string)mono, multiview-flags=(GstVideoMultiviewFlagsSet)0:ffffffff:/right-view-first/left-flipped/left-flopped/right-flipped/right-flopped/half-aspect/mixed-mono, pixel-aspect-ratio=(fraction)1/1, colorimetry=(string)bt709, framerate=(fraction)30000/1001
Got message #1221 from pad "fakesink1:sink" (property-notify): GstMessagePropertyNotify, property-name=(string)caps, property-value=(GstCaps)"video/x-raw\,\ format\=\(string\)NV12\,\ width\=\(int\)1920\,\ height\=\(int\)1080\,\ interlace-mode\=\(string\)progressive\,\ multiview-mode\=\(string\)mono\,\ multiview-flags\=\(GstVideoMultiviewFlagsSet\)0:ffffffff:/right-view-first/left-flipped/left-flopped/right-flipped/right-flopped/half-aspect/mixed-mono\,\ pixel-aspect-ratio\=\(fraction\)1/1\,\ colorimetry\=\(string\)bt709\,\ framerate\=\(fraction\)30000/1001";
/GstPipeline:pipeline0/GstFakeSink:fakesink1.GstPad:sink: caps = video/x-raw, format=(string)NV12, width=(int)1920, height=(int)1080, interlace-mode=(string)progressive, multiview-mode=(string)mono, multiview-flags=(GstVideoMultiviewFlagsSet)0:ffffffff:/right-view-first/left-flipped/left-flopped/right-flipped/right-flopped/half-aspect/mixed-mono, pixel-aspect-ratio=(fraction)1/1, colorimetry=(string)bt709, framerate=(fraction)30000/1001
Got message #1223 from pad "mppvideodec5:src" (property-notify): GstMessagePropertyNotify, property-name=(string)caps, property-value=(GstCaps)"video/x-raw\,\ format\=\(string\)NV12\,\ width\=\(int\)1920\,\ height\=\(int\)1080\,\ interlace-mode\=\(string\)progressive\,\ multiview-mode\=\(string\)mono\,\ multiview-flags\=\(GstVideoMultiviewFlagsSet\)0:ffffffff:/right-view-first/left-flipped/left-flopped/right-flipped/right-flopped/half-aspect/mixed-mono\,\ pixel-aspect-ratio\=\(fraction\)1/1\,\ colorimetry\=\(string\)bt709\,\ framerate\=\(fraction\)30000/1001";
/GstPipeline:pipeline0/GstDecodeBin:decodebin0/GstMppVideoDec:mppvideodec5.GstPad:src: caps = video/x-raw, format=(string)NV12, width=(int)1920, height=(int)1080, interlace-mode=(string)progressive, multiview-mode=(string)mono, multiview-flags=(GstVideoMultiviewFlagsSet)0:ffffffff:/right-view-first/left-flipped/left-flopped/right-flipped/right-flopped/half-aspect/mixed-mono, pixel-aspect-ratio=(fraction)1/1, colorimetry=(string)bt709, framerate=(fraction)30000/1001
Got message #1230 from element "decodebin0" (state-changed): GstMessageStateChanged, old-state=(GstState)ready, new-state=(GstState)paused, pending-state=(GstState)void-pending;
Got message #1231 from pad "mppvideodec4:src" (property-notify): GstMessagePropertyNotify, property-name=(string)caps, property-value=(GstCaps)"video/x-raw\,\ format\=\(string\)NV12\,\ width\=\(int\)1920\,\ height\=\(int\)1080\,\ interlace-mode\=\(string\)progressive\,\ multiview-mode\=\(string\)mono\,\ multiview-flags\=\(GstVideoMultiviewFlagsSet\)0:ffffffff:/right-view-first/left-flipped/left-flopped/right-flipped/right-flopped/half-aspect/mixed-mono\,\ pixel-aspect-ratio\=\(fraction\)1/1\,\ colorimetry\=\(string\)bt709\,\ framerate\=\(fraction\)30000/1001";
/GstPipeline:pipeline0/GstDecodeBin:decodebin4/GstMppVideoDec:mppvideodec4.GstPad:src: caps = video/x-raw, format=(string)NV12, width=(int)1920, height=(int)1080, interlace-mode=(string)progressive, multiview-mode=(string)mono, multiview-flags=(GstVideoMultiviewFlagsSet)0:ffffffff:/right-view-first/left-flipped/left-flopped/right-flipped/right-flopped/half-aspect/mixed-mono, pixel-aspect-ratio=(fraction)1/1, colorimetry=(string)bt709, framerate=(fraction)30000/1001
Got message #1233 from pad "mppvideodec4:src" (property-notify): GstMessagePropertyNotify, property-name=(string)caps, property-value=(GstCaps)"video/x-raw\,\ format\=\(string\)NV12\,\ width\=\(int\)1920\,\ height\=\(int\)1080\,\ interlace-mode\=\(string\)progressive\,\ multiview-mode\=\(string\)mono\,\ multiview-flags\=\(GstVideoMultiviewFlagsSet\)0:ffffffff:/right-view-first/left-flipped/left-flopped/right-flipped/right-flopped/half-aspect/mixed-mono\,\ pixel-aspect-ratio\=\(fraction\)1/1\,\ colorimetry\=\(string\)bt709\,\ framerate\=\(fraction\)30000/1001";
/GstPipeline:pipeline0/GstDecodeBin:decodebin4/GstMppVideoDec:mppvideodec4.GstPad:src: caps = video/x-raw, format=(string)NV12, width=(int)1920, height=(int)1080, interlace-mode=(string)progressive, multiview-mode=(string)mono, multiview-flags=(GstVideoMultiviewFlagsSet)0:ffffffff:/right-view-first/left-flipped/left-flopped/right-flipped/right-flopped/half-aspect/mixed-mono, pixel-aspect-ratio=(fraction)1/1, colorimetry=(string)bt709, framerate=(fraction)30000/1001
Got message #1235 from pad "in:sink_0" (property-notify): GstMessagePropertyNotify, property-name=(string)caps, property-value=(GstCaps)"video/x-raw\,\ format\=\(string\)NV12\,\ width\=\(int\)1920\,\ height\=\(int\)1080\,\ interlace-mode\=\(string\)progressive\,\ multiview-mode\=\(string\)mono\,\ multiview-flags\=\(GstVideoMultiviewFlagsSet\)0:ffffffff:/right-view-first/left-flipped/left-flopped/right-flipped/right-flopped/half-aspect/mixed-mono\,\ pixel-aspect-ratio\=\(fraction\)1/1\,\ colorimetry\=\(string\)bt709\,\ framerate\=\(fraction\)30000/1001";
/GstPipeline:pipeline0/GstDxInputSelector:in.GstAggregatorPad:sink_0: caps = video/x-raw, format=(string)NV12, width=(int)1920, height=(int)1080, interlace-mode=(string)progressive, multiview-mode=(string)mono, multiview-flags=(GstVideoMultiviewFlagsSet)0:ffffffff:/right-view-first/left-flipped/left-flopped/right-flipped/right-flopped/half-aspect/mixed-mono, pixel-aspect-ratio=(fraction)1/1, colorimetry=(string)bt709, framerate=(fraction)30000/1001
Got message #1236 from pad "out:src_0" (property-notify): GstMessagePropertyNotify, property-name=(string)caps, property-value=(GstCaps)"video/x-raw\,\ format\=\(string\)NV12\,\ width\=\(int\)1920\,\ height\=\(int\)1080\,\ interlace-mode\=\(string\)progressive\,\ multiview-mode\=\(string\)mono\,\ multiview-flags\=\(GstVideoMultiviewFlagsSet\)0:ffffffff:/right-view-first/left-flipped/left-flopped/right-flipped/right-flopped/half-aspect/mixed-mono\,\ pixel-aspect-ratio\=\(fraction\)1/1\,\ colorimetry\=\(string\)bt709\,\ framerate\=\(fraction\)30000/1001";
/GstPipeline:pipeline0/GstDxOutputSelector:out.GstPad:src_0: caps = video/x-raw, format=(string)NV12, width=(int)1920, height=(int)1080, interlace-mode=(string)progressive, multiview-mode=(string)mono, multiview-flags=(GstVideoMultiviewFlagsSet)0:ffffffff:/right-view-first/left-flipped/left-flopped/right-flipped/right-flopped/half-aspect/mixed-mono, pixel-aspect-ratio=(fraction)1/1, colorimetry=(string)bt709, framerate=(fraction)30000/1001
Got message #1238 from pad "queue9:sink" (property-notify): GstMessagePropertyNotify, property-name=(string)caps, property-value=(GstCaps)"video/x-raw\,\ format\=\(string\)NV12\,\ width\=\(int\)1920\,\ height\=\(int\)1080\,\ interlace-mode\=\(string\)progressive\,\ multiview-mode\=\(string\)mono\,\ multiview-flags\=\(GstVideoMultiviewFlagsSet\)0:ffffffff:/right-view-first/left-flipped/left-flopped/right-flipped/right-flopped/half-aspect/mixed-mono\,\ pixel-aspect-ratio\=\(fraction\)1/1\,\ colorimetry\=\(string\)bt709\,\ framerate\=\(fraction\)30000/1001";
/GstPipeline:pipeline0/GstQueue:queue9.GstPad:sink: caps = video/x-raw, format=(string)NV12, width=(int)1920, height=(int)1080, interlace-mode=(string)progressive, multiview-mode=(string)mono, multiview-flags=(GstVideoMultiviewFlagsSet)0:ffffffff:/right-view-first/left-flipped/left-flopped/right-flipped/right-flopped/half-aspect/mixed-mono, pixel-aspect-ratio=(fraction)1/1, colorimetry=(string)bt709, framerate=(fraction)30000/1001
Got message #1239 from pad "queue9:sink" (property-notify): GstMessagePropertyNotify, property-name=(string)caps, property-value=(GstCaps)"video/x-raw\,\ format\=\(string\)NV12\,\ width\=\(int\)1920\,\ height\=\(int\)1080\,\ interlace-mode\=\(string\)progressive\,\ multiview-mode\=\(string\)mono\,\ multiview-flags\=\(GstVideoMultiviewFlagsSet\)0:ffffffff:/right-view-first/left-flipped/left-flopped/right-flipped/right-flopped/half-aspect/mixed-mono\,\ pixel-aspect-ratio\=\(fraction\)1/1\,\ colorimetry\=\(string\)bt709\,\ framerate\=\(fraction\)30000/1001";
/GstPipeline:pipeline0/GstQueue:queue9.GstPad:sink: caps = video/x-raw, format=(string)NV12, width=(int)1920, height=(int)1080, interlace-mode=(string)progressive, multiview-mode=(string)mono, multiview-flags=(GstVideoMultiviewFlagsSet)0:ffffffff:/right-view-first/left-flipped/left-flopped/right-flipped/right-flopped/half-aspect/mixed-mono, pixel-aspect-ratio=(fraction)1/1, colorimetry=(string)bt709, framerate=(fraction)30000/1001
Got message #1241 from pad "fakesink0:sink" (property-notify): GstMessagePropertyNotify, property-name=(string)caps, property-value=(GstCaps)"video/x-raw\,\ format\=\(string\)NV12\,\ width\=\(int\)1920\,\ height\=\(int\)1080\,\ interlace-mode\=\(string\)progressive\,\ multiview-mode\=\(string\)mono\,\ multiview-flags\=\(GstVideoMultiviewFlagsSet\)0:ffffffff:/right-view-first/left-flipped/left-flopped/right-flipped/right-flopped/half-aspect/mixed-mono\,\ pixel-aspect-ratio\=\(fraction\)1/1\,\ colorimetry\=\(string\)bt709\,\ framerate\=\(fraction\)30000/1001";
/GstPipeline:pipeline0/GstFakeSink:fakesink0.GstPad:sink: caps = video/x-raw, format=(string)NV12, width=(int)1920, height=(int)1080, interlace-mode=(string)progressive, multiview-mode=(string)mono, multiview-flags=(GstVideoMultiviewFlagsSet)0:ffffffff:/right-view-first/left-flipped/left-flopped/right-flipped/right-flopped/half-aspect/mixed-mono, pixel-aspect-ratio=(fraction)1/1, colorimetry=(string)bt709, framerate=(fraction)30000/1001
Got message #1246 from element "decodebin4" (state-changed): GstMessageStateChanged, old-state=(GstState)ready, new-state=(GstState)paused, pending-state=(GstState)void-pending;
Got message #1247 from pad "queue4:sink" (property-notify): GstMessagePropertyNotify, property-name=(string)caps, property-value=(GstCaps)"video/x-raw\,\ format\=\(string\)NV12\,\ width\=\(int\)1920\,\ height\=\(int\)1080\,\ interlace-mode\=\(string\)progressive\,\ multiview-mode\=\(string\)mono\,\ multiview-flags\=\(GstVideoMultiviewFlagsSet\)0:ffffffff:/right-view-first/left-flipped/left-flopped/right-flipped/right-flopped/half-aspect/mixed-mono\,\ pixel-aspect-ratio\=\(fraction\)1/1\,\ colorimetry\=\(string\)bt709\,\ framerate\=\(fraction\)30000/1001";
/GstPipeline:pipeline0/GstQueue:queue4.GstPad:sink: caps = video/x-raw, format=(string)NV12, width=(int)1920, height=(int)1080, interlace-mode=(string)progressive, multiview-mode=(string)mono, multiview-flags=(GstVideoMultiviewFlagsSet)0:ffffffff:/right-view-first/left-flipped/left-flopped/right-flipped/right-flopped/half-aspect/mixed-mono, pixel-aspect-ratio=(fraction)1/1, colorimetry=(string)bt709, framerate=(fraction)30000/1001
Got message #1248 from pad "src_0:proxypad20" (property-notify): GstMessagePropertyNotify, property-name=(string)caps, property-value=(GstCaps)"video/x-raw\,\ format\=\(string\)NV12\,\ width\=\(int\)1920\,\ height\=\(int\)1080\,\ interlace-mode\=\(string\)progressive\,\ multiview-mode\=\(string\)mono\,\ multiview-flags\=\(GstVideoMultiviewFlagsSet\)0:ffffffff:/right-view-first/left-flipped/left-flopped/right-flipped/right-flopped/half-aspect/mixed-mono\,\ pixel-aspect-ratio\=\(fraction\)1/1\,\ colorimetry\=\(string\)bt709\,\ framerate\=\(fraction\)30000/1001";
/GstPipeline:pipeline0/GstDecodeBin:decodebin4.GstDecodePad:src_0.GstProxyPad:proxypad20: caps = video/x-raw, format=(string)NV12, width=(int)1920, height=(int)1080, interlace-mode=(string)progressive, multiview-mode=(string)mono, multiview-flags=(GstVideoMultiviewFlagsSet)0:ffffffff:/right-view-first/left-flipped/left-flopped/right-flipped/right-flopped/half-aspect/mixed-mono, pixel-aspect-ratio=(fraction)1/1, colorimetry=(string)bt709, framerate=(fraction)30000/1001
Got message #1250 from pad "queue4:src" (property-notify): GstMessagePropertyNotify, property-name=(string)caps, property-value=(GstCaps)"video/x-raw\,\ format\=\(string\)NV12\,\ width\=\(int\)1920\,\ height\=\(int\)1080\,\ interlace-mode\=\(string\)progressive\,\ multiview-mode\=\(string\)mono\,\ multiview-flags\=\(GstVideoMultiviewFlagsSet\)0:ffffffff:/right-view-first/left-flipped/left-flopped/right-flipped/right-flopped/half-aspect/mixed-mono\,\ pixel-aspect-ratio\=\(fraction\)1/1\,\ colorimetry\=\(string\)bt709\,\ framerate\=\(fraction\)30000/1001";
/GstPipeline:pipeline0/GstQueue:queue4.GstPad:src: caps = video/x-raw, format=(string)NV12, width=(int)1920, height=(int)1080, interlace-mode=(string)progressive, multiview-mode=(string)mono, multiview-flags=(GstVideoMultiviewFlagsSet)0:ffffffff:/right-view-first/left-flipped/left-flopped/right-flipped/right-flopped/half-aspect/mixed-mono, pixel-aspect-ratio=(fraction)1/1, colorimetry=(string)bt709, framerate=(fraction)30000/1001
Got message #1251 from pad "in:sink_4" (property-notify): GstMessagePropertyNotify, property-name=(string)caps, property-value=(GstCaps)"video/x-raw\,\ format\=\(string\)NV12\,\ width\=\(int\)1920\,\ height\=\(int\)1080\,\ interlace-mode\=\(string\)progressive\,\ multiview-mode\=\(string\)mono\,\ multiview-flags\=\(GstVideoMultiviewFlagsSet\)0:ffffffff:/right-view-first/left-flipped/left-flopped/right-flipped/right-flopped/half-aspect/mixed-mono\,\ pixel-aspect-ratio\=\(fraction\)1/1\,\ colorimetry\=\(string\)bt709\,\ framerate\=\(fraction\)30000/1001";
/GstPipeline:pipeline0/GstDxInputSelector:in.GstAggregatorPad:sink_4: caps = video/x-raw, format=(string)NV12, width=(int)1920, height=(int)1080, interlace-mode=(string)progressive, multiview-mode=(string)mono, multiview-flags=(GstVideoMultiviewFlagsSet)0:ffffffff:/right-view-first/left-flipped/left-flopped/right-flipped/right-flopped/half-aspect/mixed-mono, pixel-aspect-ratio=(fraction)1/1, colorimetry=(string)bt709, framerate=(fraction)30000/1001
Got message #1254 from pad "out:src_4" (property-notify): GstMessagePropertyNotify, property-name=(string)caps, property-value=(GstCaps)"video/x-raw\,\ format\=\(string\)NV12\,\ width\=\(int\)1920\,\ height\=\(int\)1080\,\ interlace-mode\=\(string\)progressive\,\ multiview-mode\=\(string\)mono\,\ multiview-flags\=\(GstVideoMultiviewFlagsSet\)0:ffffffff:/right-view-first/left-flipped/left-flopped/right-flipped/right-flopped/half-aspect/mixed-mono\,\ pixel-aspect-ratio\=\(fraction\)1/1\,\ colorimetry\=\(string\)bt709\,\ framerate\=\(fraction\)30000/1001";
/GstPipeline:pipeline0/GstDxOutputSelector:out.GstPad:src_4: caps = video/x-raw, format=(string)NV12, width=(int)1920, height=(int)1080, interlace-mode=(string)progressive, multiview-mode=(string)mono, multiview-flags=(GstVideoMultiviewFlagsSet)0:ffffffff:/right-view-first/left-flipped/left-flopped/right-flipped/right-flopped/half-aspect/mixed-mono, pixel-aspect-ratio=(fraction)1/1, colorimetry=(string)bt709, framerate=(fraction)30000/1001
Got message #1255 from pad "queue13:sink" (property-notify): GstMessagePropertyNotify, property-name=(string)caps, property-value=(GstCaps)"video/x-raw\,\ format\=\(string\)NV12\,\ width\=\(int\)1920\,\ height\=\(int\)1080\,\ interlace-mode\=\(string\)progressive\,\ multiview-mode\=\(string\)mono\,\ multiview-flags\=\(GstVideoMultiviewFlagsSet\)0:ffffffff:/right-view-first/left-flipped/left-flopped/right-flipped/right-flopped/half-aspect/mixed-mono\,\ pixel-aspect-ratio\=\(fraction\)1/1\,\ colorimetry\=\(string\)bt709\,\ framerate\=\(fraction\)30000/1001";
/GstPipeline:pipeline0/GstQueue:queue13.GstPad:sink: caps = video/x-raw, format=(string)NV12, width=(int)1920, height=(int)1080, interlace-mode=(string)progressive, multiview-mode=(string)mono, multiview-flags=(GstVideoMultiviewFlagsSet)0:ffffffff:/right-view-first/left-flipped/left-flopped/right-flipped/right-flopped/half-aspect/mixed-mono, pixel-aspect-ratio=(fraction)1/1, colorimetry=(string)bt709, framerate=(fraction)30000/1001
Got message #1256 from pad "queue13:sink" (property-notify): GstMessagePropertyNotify, property-name=(string)caps, property-value=(GstCaps)"video/x-raw\,\ format\=\(string\)NV12\,\ width\=\(int\)1920\,\ height\=\(int\)1080\,\ interlace-mode\=\(string\)progressive\,\ multiview-mode\=\(string\)mono\,\ multiview-flags\=\(GstVideoMultiviewFlagsSet\)0:ffffffff:/right-view-first/left-flipped/left-flopped/right-flipped/right-flopped/half-aspect/mixed-mono\,\ pixel-aspect-ratio\=\(fraction\)1/1\,\ colorimetry\=\(string\)bt709\,\ framerate\=\(fraction\)30000/1001";
/GstPipeline:pipeline0/GstQueue:queue13.GstPad:sink: caps = video/x-raw, format=(string)NV12, width=(int)1920, height=(int)1080, interlace-mode=(string)progressive, multiview-mode=(string)mono, multiview-flags=(GstVideoMultiviewFlagsSet)0:ffffffff:/right-view-first/left-flipped/left-flopped/right-flipped/right-flopped/half-aspect/mixed-mono, pixel-aspect-ratio=(fraction)1/1, colorimetry=(string)bt709, framerate=(fraction)30000/1001
Got message #1258 from pad "fakesink4:sink" (property-notify): GstMessagePropertyNotify, property-name=(string)caps, property-value=(GstCaps)"video/x-raw\,\ format\=\(string\)NV12\,\ width\=\(int\)1920\,\ height\=\(int\)1080\,\ interlace-mode\=\(string\)progressive\,\ multiview-mode\=\(string\)mono\,\ multiview-flags\=\(GstVideoMultiviewFlagsSet\)0:ffffffff:/right-view-first/left-flipped/left-flopped/right-flipped/right-flopped/half-aspect/mixed-mono\,\ pixel-aspect-ratio\=\(fraction\)1/1\,\ colorimetry\=\(string\)bt709\,\ framerate\=\(fraction\)30000/1001";
/GstPipeline:pipeline0/GstFakeSink:fakesink4.GstPad:sink: caps = video/x-raw, format=(string)NV12, width=(int)1920, height=(int)1080, interlace-mode=(string)progressive, multiview-mode=(string)mono, multiview-flags=(GstVideoMultiviewFlagsSet)0:ffffffff:/right-view-first/left-flipped/left-flopped/right-flipped/right-flopped/half-aspect/mixed-mono, pixel-aspect-ratio=(fraction)1/1, colorimetry=(string)bt709, framerate=(fraction)30000/1001
Got message #1259 from pad "fakesink4:sink" (property-notify): GstMessagePropertyNotify, property-name=(string)caps, property-value=(GstCaps)"video/x-raw\,\ format\=\(string\)NV12\,\ width\=\(int\)1920\,\ height\=\(int\)1080\,\ interlace-mode\=\(string\)progressive\,\ multiview-mode\=\(string\)mono\,\ multiview-flags\=\(GstVideoMultiviewFlagsSet\)0:ffffffff:/right-view-first/left-flipped/left-flopped/right-flipped/right-flopped/half-aspect/mixed-mono\,\ pixel-aspect-ratio\=\(fraction\)1/1\,\ colorimetry\=\(string\)bt709\,\ framerate\=\(fraction\)30000/1001";
/GstPipeline:pipeline0/GstFakeSink:fakesink4.GstPad:sink: caps = video/x-raw, format=(string)NV12, width=(int)1920, height=(int)1080, interlace-mode=(string)progressive, multiview-mode=(string)mono, multiview-flags=(GstVideoMultiviewFlagsSet)0:ffffffff:/right-view-first/left-flipped/left-flopped/right-flipped/right-flopped/half-aspect/mixed-mono, pixel-aspect-ratio=(fraction)1/1, colorimetry=(string)bt709, framerate=(fraction)30000/1001
Got message #1265 from element "decodebin5" (state-changed): GstMessageStateChanged, old-state=(GstState)ready, new-state=(GstState)paused, pending-state=(GstState)void-pending;
Got message #1267 from element "pipeline0" (state-changed): GstMessageStateChanged, old-state=(GstState)ready, new-state=(GstState)paused, pending-state=(GstState)void-pending;
파이프라인이 PREROLL됨...
Prerolled, waiting for async message to finish...
Got message #1266 from element "pipeline0" (async-done): GstMessageAsyncDone, running-time=(guint64)18446744073709551615;
파이프라인을 재생중으로 변경중 ...
Got message #1268 from pad "queue5:sink" (property-notify): GstMessagePropertyNotify, property-name=(string)caps, property-value=(GstCaps)"video/x-raw\,\ format\=\(string\)NV12\,\ width\=\(int\)1920\,\ height\=\(int\)1080\,\ interlace-mode\=\(string\)progressive\,\ multiview-mode\=\(string\)mono\,\ multiview-flags\=\(GstVideoMultiviewFlagsSet\)0:ffffffff:/right-view-first/left-flipped/left-flopped/right-flipped/right-flopped/half-aspect/mixed-mono\,\ pixel-aspect-ratio\=\(fraction\)1/1\,\ colorimetry\=\(string\)bt709\,\ framerate\=\(fraction\)30000/1001";
/GstPipeline:pipeline0/GstQueue:queue5.GstPad:sink: caps = video/x-raw, format=(string)NV12, width=(int)1920, height=(int)1080, interlace-mode=(string)progressive, multiview-mode=(string)mono, multiview-flags=(GstVideoMultiviewFlagsSet)0:ffffffff:/right-view-first/left-flipped/left-flopped/right-flipped/right-flopped/half-aspect/mixed-mono, pixel-aspect-ratio=(fraction)1/1, colorimetry=(string)bt709, framerate=(fraction)30000/1001
Got message #1269 from pad "src_0:proxypad22" (property-notify): GstMessagePropertyNotify, property-name=(string)caps, property-value=(GstCaps)"video/x-raw\,\ format\=\(string\)NV12\,\ width\=\(int\)1920\,\ height\=\(int\)1080\,\ interlace-mode\=\(string\)progressive\,\ multiview-mode\=\(string\)mono\,\ multiview-flags\=\(GstVideoMultiviewFlagsSet\)0:ffffffff:/right-view-first/left-flipped/left-flopped/right-flipped/right-flopped/half-aspect/mixed-mono\,\ pixel-aspect-ratio\=\(fraction\)1/1\,\ colorimetry\=\(string\)bt709\,\ framerate\=\(fraction\)30000/1001";
/GstPipeline:pipeline0/GstDecodeBin:decodebin5.GstDecodePad:src_0.GstProxyPad:proxypad22: caps = video/x-raw, format=(string)NV12, width=(int)1920, height=(int)1080, interlace-mode=(string)progressive, multiview-mode=(string)mono, multiview-flags=(GstVideoMultiviewFlagsSet)0:ffffffff:/right-view-first/left-flipped/left-flopped/right-flipped/right-flopped/half-aspect/mixed-mono, pixel-aspect-ratio=(fraction)1/1, colorimetry=(string)bt709, framerate=(fraction)30000/1001
Got message #1271 from pad "queue5:src" (property-notify): GstMessagePropertyNotify, property-name=(string)caps, property-value=(GstCaps)"video/x-raw\,\ format\=\(string\)NV12\,\ width\=\(int\)1920\,\ height\=\(int\)1080\,\ interlace-mode\=\(string\)progressive\,\ multiview-mode\=\(string\)mono\,\ multiview-flags\=\(GstVideoMultiviewFlagsSet\)0:ffffffff:/right-view-first/left-flipped/left-flopped/right-flipped/right-flopped/half-aspect/mixed-mono\,\ pixel-aspect-ratio\=\(fraction\)1/1\,\ colorimetry\=\(string\)bt709\,\ framerate\=\(fraction\)30000/1001";
/GstPipeline:pipeline0/GstQueue:queue5.GstPad:src: caps = video/x-raw, format=(string)NV12, width=(int)1920, height=(int)1080, interlace-mode=(string)progressive, multiview-mode=(string)mono, multiview-flags=(GstVideoMultiviewFlagsSet)0:ffffffff:/right-view-first/left-flipped/left-flopped/right-flipped/right-flopped/half-aspect/mixed-mono, pixel-aspect-ratio=(fraction)1/1, colorimetry=(string)bt709, framerate=(fraction)30000/1001
Got message #1273 from pad "in:sink_5" (property-notify): GstMessagePropertyNotify, property-name=(string)caps, property-value=(GstCaps)"video/x-raw\,\ format\=\(string\)NV12\,\ width\=\(int\)1920\,\ height\=\(int\)1080\,\ interlace-mode\=\(string\)progressive\,\ multiview-mode\=\(string\)mono\,\ multiview-flags\=\(GstVideoMultiviewFlagsSet\)0:ffffffff:/right-view-first/left-flipped/left-flopped/right-flipped/right-flopped/half-aspect/mixed-mono\,\ pixel-aspect-ratio\=\(fraction\)1/1\,\ colorimetry\=\(string\)bt709\,\ framerate\=\(fraction\)30000/1001";
/GstPipeline:pipeline0/GstDxInputSelector:in.GstAggregatorPad:sink_5: caps = video/x-raw, format=(string)NV12, width=(int)1920, height=(int)1080, interlace-mode=(string)progressive, multiview-mode=(string)mono, multiview-flags=(GstVideoMultiviewFlagsSet)0:ffffffff:/right-view-first/left-flipped/left-flopped/right-flipped/right-flopped/half-aspect/mixed-mono, pixel-aspect-ratio=(fraction)1/1, colorimetry=(string)bt709, framerate=(fraction)30000/1001
Got message #1275 from element "pipeline0" (new-clock): GstMessageNewClock, clock=(GstClock)"\(GstSystemClock\)\ GstSystemClock";
New clock: GstSystemClock
Got message #1276 from pad "out:src_5" (property-notify): GstMessagePropertyNotify, property-name=(string)caps, property-value=(GstCaps)"video/x-raw\,\ format\=\(string\)NV12\,\ width\=\(int\)1920\,\ height\=\(int\)1080\,\ interlace-mode\=\(string\)progressive\,\ multiview-mode\=\(string\)mono\,\ multiview-flags\=\(GstVideoMultiviewFlagsSet\)0:ffffffff:/right-view-first/left-flipped/left-flopped/right-flipped/right-flopped/half-aspect/mixed-mono\,\ pixel-aspect-ratio\=\(fraction\)1/1\,\ colorimetry\=\(string\)bt709\,\ framerate\=\(fraction\)30000/1001";
/GstPipeline:pipeline0/GstDxOutputSelector:out.GstPad:src_5: caps = video/x-raw, format=(string)NV12, width=(int)1920, height=(int)1080, interlace-mode=(string)progressive, multiview-mode=(string)mono, multiview-flags=(GstVideoMultiviewFlagsSet)0:ffffffff:/right-view-first/left-flipped/left-flopped/right-flipped/right-flopped/half-aspect/mixed-mono, pixel-aspect-ratio=(fraction)1/1, colorimetry=(string)bt709, framerate=(fraction)30000/1001
Got message #1277 from pad "queue14:sink" (property-notify): GstMessagePropertyNotify, property-name=(string)caps, property-value=(GstCaps)"video/x-raw\,\ format\=\(string\)NV12\,\ width\=\(int\)1920\,\ height\=\(int\)1080\,\ interlace-mode\=\(string\)progressive\,\ multiview-mode\=\(string\)mono\,\ multiview-flags\=\(GstVideoMultiviewFlagsSet\)0:ffffffff:/right-view-first/left-flipped/left-flopped/right-flipped/right-flopped/half-aspect/mixed-mono\,\ pixel-aspect-ratio\=\(fraction\)1/1\,\ colorimetry\=\(string\)bt709\,\ framerate\=\(fraction\)30000/1001";
/GstPipeline:pipeline0/GstQueue:queue14.GstPad:sink: caps = video/x-raw, format=(string)NV12, width=(int)1920, height=(int)1080, interlace-mode=(string)progressive, multiview-mode=(string)mono, multiview-flags=(GstVideoMultiviewFlagsSet)0:ffffffff:/right-view-first/left-flipped/left-flopped/right-flipped/right-flopped/half-aspect/mixed-mono, pixel-aspect-ratio=(fraction)1/1, colorimetry=(string)bt709, framerate=(fraction)30000/1001
Got message #1278 from pad "queue14:src" (property-notify): GstMessagePropertyNotify, property-name=(string)caps, property-value=(GstCaps)"video/x-raw\,\ format\=\(string\)NV12\,\ width\=\(int\)1920\,\ height\=\(int\)1080\,\ interlace-mode\=\(string\)progressive\,\ multiview-mode\=\(string\)mono\,\ multiview-flags\=\(GstVideoMultiviewFlagsSet\)0:ffffffff:/right-view-first/left-flipped/left-flopped/right-flipped/right-flopped/half-aspect/mixed-mono\,\ pixel-aspect-ratio\=\(fraction\)1/1\,\ colorimetry\=\(string\)bt709\,\ framerate\=\(fraction\)30000/1001";
/GstPipeline:pipeline0/GstQueue:queue14.GstPad:src: caps = video/x-raw, format=(string)NV12, width=(int)1920, height=(int)1080, interlace-mode=(string)progressive, multiview-mode=(string)mono, multiview-flags=(GstVideoMultiviewFlagsSet)0:ffffffff:/right-view-first/left-flipped/left-flopped/right-flipped/right-flopped/half-aspect/mixed-mono, pixel-aspect-ratio=(fraction)1/1, colorimetry=(string)bt709, framerate=(fraction)30000/1001
Got message #1279 from pad "fakesink5:sink" (property-notify): GstMessagePropertyNotify, property-name=(string)caps, property-value=(GstCaps)"video/x-raw\,\ format\=\(string\)NV12\,\ width\=\(int\)1920\,\ height\=\(int\)1080\,\ interlace-mode\=\(string\)progressive\,\ multiview-mode\=\(string\)mono\,\ multiview-flags\=\(GstVideoMultiviewFlagsSet\)0:ffffffff:/right-view-first/left-flipped/left-flopped/right-flipped/right-flopped/half-aspect/mixed-mono\,\ pixel-aspect-ratio\=\(fraction\)1/1\,\ colorimetry\=\(string\)bt709\,\ framerate\=\(fraction\)30000/1001";
/GstPipeline:pipeline0/GstFakeSink:fakesink5.GstPad:sink: caps = video/x-raw, format=(string)NV12, width=(int)1920, height=(int)1080, interlace-mode=(string)progressive, multiview-mode=(string)mono, multiview-flags=(GstVideoMultiviewFlagsSet)0:ffffffff:/right-view-first/left-flipped/left-flopped/right-flipped/right-flopped/half-aspect/mixed-mono, pixel-aspect-ratio=(fraction)1/1, colorimetry=(string)bt709, framerate=(fraction)30000/1001
Got message #1281 from element "fakesink5" (state-changed): GstMessageStateChanged, old-state=(GstState)paused, new-state=(GstState)playing, pending-state=(GstState)void-pending;
Got message #1282 from element "fakesink4" (state-changed): GstMessageStateChanged, old-state=(GstState)paused, new-state=(GstState)playing, pending-state=(GstState)void-pending;
Got message #1283 from element "fakesink3" (state-changed): GstMessageStateChanged, old-state=(GstState)paused, new-state=(GstState)playing, pending-state=(GstState)void-pending;
Got message #1284 from element "fakesink2" (state-changed): GstMessageStateChanged, old-state=(GstState)paused, new-state=(GstState)playing, pending-state=(GstState)void-pending;
Got message #1285 from element "fakesink1" (state-changed): GstMessageStateChanged, old-state=(GstState)paused, new-state=(GstState)playing, pending-state=(GstState)void-pending;
Got message #1286 from element "fakesink0" (state-changed): GstMessageStateChanged, old-state=(GstState)paused, new-state=(GstState)playing, pending-state=(GstState)void-pending;
Got message #1287 from element "queue14" (state-changed): GstMessageStateChanged, old-state=(GstState)paused, new-state=(GstState)playing, pending-state=(GstState)void-pending;
Got message #1288 from element "queue13" (state-changed): GstMessageStateChanged, old-state=(GstState)paused, new-state=(GstState)playing, pending-state=(GstState)void-pending;
Got message #1289 from element "queue12" (state-changed): GstMessageStateChanged, old-state=(GstState)paused, new-state=(GstState)playing, pending-state=(GstState)void-pending;
Got message #1290 from element "queue11" (state-changed): GstMessageStateChanged, old-state=(GstState)paused, new-state=(GstState)playing, pending-state=(GstState)void-pending;
Got message #1291 from element "queue10" (state-changed): GstMessageStateChanged, old-state=(GstState)paused, new-state=(GstState)playing, pending-state=(GstState)void-pending;
Got message #1292 from element "queue9" (state-changed): GstMessageStateChanged, old-state=(GstState)paused, new-state=(GstState)playing, pending-state=(GstState)void-pending;
Got message #1293 from element "out" (state-changed): GstMessageStateChanged, old-state=(GstState)paused, new-state=(GstState)playing, pending-state=(GstState)void-pending;
Got message #1294 from element "queue8" (state-changed): GstMessageStateChanged, old-state=(GstState)paused, new-state=(GstState)playing, pending-state=(GstState)void-pending;
Got message #1295 from element "dxpostprocess0" (state-changed): GstMessageStateChanged, old-state=(GstState)paused, new-state=(GstState)playing, pending-state=(GstState)void-pending;
Got message #1296 from element "queue7" (state-changed): GstMessageStateChanged, old-state=(GstState)paused, new-state=(GstState)playing, pending-state=(GstState)void-pending;
Got message #1297 from element "dxinfer0" (state-changed): GstMessageStateChanged, old-state=(GstState)paused, new-state=(GstState)playing, pending-state=(GstState)void-pending;
Got message #1298 from element "queue6" (state-changed): GstMessageStateChanged, old-state=(GstState)paused, new-state=(GstState)playing, pending-state=(GstState)void-pending;
Got message #1299 from element "dxpreprocess0" (state-changed): GstMessageStateChanged, old-state=(GstState)paused, new-state=(GstState)playing, pending-state=(GstState)void-pending;
Got message #1300 from element "in" (state-changed): GstMessageStateChanged, old-state=(GstState)paused, new-state=(GstState)playing, pending-state=(GstState)void-pending;
Got message #1301 from element "queue0" (state-changed): GstMessageStateChanged, old-state=(GstState)paused, new-state=(GstState)playing, pending-state=(GstState)void-pending;
Got message #1302 from element "queue1" (state-changed): GstMessageStateChanged, old-state=(GstState)paused, new-state=(GstState)playing, pending-state=(GstState)void-pending;
Got message #1303 from element "queue2" (state-changed): GstMessageStateChanged, old-state=(GstState)paused, new-state=(GstState)playing, pending-state=(GstState)void-pending;
Got message #1304 from element "queue3" (state-changed): GstMessageStateChanged, old-state=(GstState)paused, new-state=(GstState)playing, pending-state=(GstState)void-pending;
Got message #1305 from element "queue4" (state-changed): GstMessageStateChanged, old-state=(GstState)paused, new-state=(GstState)playing, pending-state=(GstState)void-pending;
Got message #1306 from element "queue5" (state-changed): GstMessageStateChanged, old-state=(GstState)paused, new-state=(GstState)playing, pending-state=(GstState)void-pending;
Got message #1307 from element "mppvideodec5" (state-changed): GstMessageStateChanged, old-state=(GstState)paused, new-state=(GstState)playing, pending-state=(GstState)void-pending;
Got message #1308 from element "capsfilter5" (state-changed): GstMessageStateChanged, old-state=(GstState)paused, new-state=(GstState)playing, pending-state=(GstState)void-pending;
Got message #1309 from element "h264parse2" (state-changed): GstMessageStateChanged, old-state=(GstState)paused, new-state=(GstState)playing, pending-state=(GstState)void-pending;
Got message #1310 from element "multiqueue3" (state-changed): GstMessageStateChanged, old-state=(GstState)paused, new-state=(GstState)playing, pending-state=(GstState)void-pending;
Got message #1311 from element "qtdemux2" (state-changed): GstMessageStateChanged, old-state=(GstState)paused, new-state=(GstState)playing, pending-state=(GstState)void-pending;
Got message #1312 from element "typefind" (state-changed): GstMessageStateChanged, old-state=(GstState)paused, new-state=(GstState)playing, pending-state=(GstState)void-pending;
Got message #1313 from element "decodebin0" (state-changed): GstMessageStateChanged, old-state=(GstState)paused, new-state=(GstState)playing, pending-state=(GstState)void-pending;
Got message #1314 from element "mppvideodec0" (state-changed): GstMessageStateChanged, old-state=(GstState)paused, new-state=(GstState)playing, pending-state=(GstState)void-pending;
Got message #1315 from element "capsfilter0" (state-changed): GstMessageStateChanged, old-state=(GstState)paused, new-state=(GstState)playing, pending-state=(GstState)void-pending;
Got message #1316 from element "h264parse1" (state-changed): GstMessageStateChanged, old-state=(GstState)paused, new-state=(GstState)playing, pending-state=(GstState)void-pending;
Got message #1317 from element "multiqueue0" (state-changed): GstMessageStateChanged, old-state=(GstState)paused, new-state=(GstState)playing, pending-state=(GstState)void-pending;
Got message #1318 from element "qtdemux3" (state-changed): GstMessageStateChanged, old-state=(GstState)paused, new-state=(GstState)playing, pending-state=(GstState)void-pending;
Got message #1319 from element "typefind" (state-changed): GstMessageStateChanged, old-state=(GstState)paused, new-state=(GstState)playing, pending-state=(GstState)void-pending;
Got message #1320 from element "decodebin1" (state-changed): GstMessageStateChanged, old-state=(GstState)paused, new-state=(GstState)playing, pending-state=(GstState)void-pending;
Got message #1321 from element "mppvideodec1" (state-changed): GstMessageStateChanged, old-state=(GstState)paused, new-state=(GstState)playing, pending-state=(GstState)void-pending;
Got message #1322 from element "capsfilter1" (state-changed): GstMessageStateChanged, old-state=(GstState)paused, new-state=(GstState)playing, pending-state=(GstState)void-pending;
Got message #1323 from element "h264parse0" (state-changed): GstMessageStateChanged, old-state=(GstState)paused, new-state=(GstState)playing, pending-state=(GstState)void-pending;
Got message #1324 from element "multiqueue1" (state-changed): GstMessageStateChanged, old-state=(GstState)paused, new-state=(GstState)playing, pending-state=(GstState)void-pending;
Got message #1325 from element "qtdemux5" (state-changed): GstMessageStateChanged, old-state=(GstState)paused, new-state=(GstState)playing, pending-state=(GstState)void-pending;
Got message #1326 from element "typefind" (state-changed): GstMessageStateChanged, old-state=(GstState)paused, new-state=(GstState)playing, pending-state=(GstState)void-pending;
Got message #1327 from element "decodebin2" (state-changed): GstMessageStateChanged, old-state=(GstState)paused, new-state=(GstState)playing, pending-state=(GstState)void-pending;
Got message #1328 from element "mppvideodec2" (state-changed): GstMessageStateChanged, old-state=(GstState)paused, new-state=(GstState)playing, pending-state=(GstState)void-pending;
Got message #1329 from element "capsfilter2" (state-changed): GstMessageStateChanged, old-state=(GstState)paused, new-state=(GstState)playing, pending-state=(GstState)void-pending;
Got message #1330 from element "h264parse5" (state-changed): GstMessageStateChanged, old-state=(GstState)paused, new-state=(GstState)playing, pending-state=(GstState)void-pending;
Got message #1331 from element "multiqueue2" (state-changed): GstMessageStateChanged, old-state=(GstState)paused, new-state=(GstState)playing, pending-state=(GstState)void-pending;
Got message #1332 from element "qtdemux4" (state-changed): GstMessageStateChanged, old-state=(GstState)paused, new-state=(GstState)playing, pending-state=(GstState)void-pending;
Got message #1333 from element "typefind" (state-changed): GstMessageStateChanged, old-state=(GstState)paused, new-state=(GstState)playing, pending-state=(GstState)void-pending;
Got message #1334 from element "decodebin3" (state-changed): GstMessageStateChanged, old-state=(GstState)paused, new-state=(GstState)playing, pending-state=(GstState)void-pending;
Got message #1335 from element "mppvideodec4" (state-changed): GstMessageStateChanged, old-state=(GstState)paused, new-state=(GstState)playing, pending-state=(GstState)void-pending;
Got message #1336 from element "capsfilter4" (state-changed): GstMessageStateChanged, old-state=(GstState)paused, new-state=(GstState)playing, pending-state=(GstState)void-pending;
Got message #1337 from element "h264parse4" (state-changed): GstMessageStateChanged, old-state=(GstState)paused, new-state=(GstState)playing, pending-state=(GstState)void-pending;
Got message #1338 from element "multiqueue4" (state-changed): GstMessageStateChanged, old-state=(GstState)paused, new-state=(GstState)playing, pending-state=(GstState)void-pending;
Got message #1339 from element "qtdemux1" (state-changed): GstMessageStateChanged, old-state=(GstState)paused, new-state=(GstState)playing, pending-state=(GstState)void-pending;
Got message #1340 from element "typefind" (state-changed): GstMessageStateChanged, old-state=(GstState)paused, new-state=(GstState)playing, pending-state=(GstState)void-pending;
Got message #1341 from element "decodebin4" (state-changed): GstMessageStateChanged, old-state=(GstState)paused, new-state=(GstState)playing, pending-state=(GstState)void-pending;
Got message #1342 from element "mppvideodec3" (state-changed): GstMessageStateChanged, old-state=(GstState)paused, new-state=(GstState)playing, pending-state=(GstState)void-pending;
Got message #1343 from element "capsfilter3" (state-changed): GstMessageStateChanged, old-state=(GstState)paused, new-state=(GstState)playing, pending-state=(GstState)void-pending;
Got message #1344 from element "h264parse3" (state-changed): GstMessageStateChanged, old-state=(GstState)paused, new-state=(GstState)playing, pending-state=(GstState)void-pending;
Got message #1345 from element "multiqueue5" (state-changed): GstMessageStateChanged, old-state=(GstState)paused, new-state=(GstState)playing, pending-state=(GstState)void-pending;
Got message #1346 from element "qtdemux0" (state-changed): GstMessageStateChanged, old-state=(GstState)paused, new-state=(GstState)playing, pending-state=(GstState)void-pending;
Got message #1347 from element "typefind" (state-changed): GstMessageStateChanged, old-state=(GstState)paused, new-state=(GstState)playing, pending-state=(GstState)void-pending;
Got message #1348 from element "decodebin5" (state-changed): GstMessageStateChanged, old-state=(GstState)paused, new-state=(GstState)playing, pending-state=(GstState)void-pending;
Got message #1349 from element "typefindelement5" (state-changed): GstMessageStateChanged, old-state=(GstState)paused, new-state=(GstState)playing, pending-state=(GstState)void-pending;
Got message #1350 from element "filesrc5" (state-changed): GstMessageStateChanged, old-state=(GstState)paused, new-state=(GstState)playing, pending-state=(GstState)void-pending;
Got message #1351 from element "urisourcebin0" (state-changed): GstMessageStateChanged, old-state=(GstState)paused, new-state=(GstState)playing, pending-state=(GstState)void-pending;
Got message #1352 from element "typefindelement4" (state-changed): GstMessageStateChanged, old-state=(GstState)paused, new-state=(GstState)playing, pending-state=(GstState)void-pending;
Got message #1353 from element "filesrc4" (state-changed): GstMessageStateChanged, old-state=(GstState)paused, new-state=(GstState)playing, pending-state=(GstState)void-pending;
Got message #1354 from element "urisourcebin1" (state-changed): GstMessageStateChanged, old-state=(GstState)paused, new-state=(GstState)playing, pending-state=(GstState)void-pending;
Got message #1355 from element "typefindelement3" (state-changed): GstMessageStateChanged, old-state=(GstState)paused, new-state=(GstState)playing, pending-state=(GstState)void-pending;
Got message #1356 from element "filesrc3" (state-changed): GstMessageStateChanged, old-state=(GstState)paused, new-state=(GstState)playing, pending-state=(GstState)void-pending;
Got message #1357 from element "urisourcebin2" (state-changed): GstMessageStateChanged, old-state=(GstState)paused, new-state=(GstState)playing, pending-state=(GstState)void-pending;
Got message #1358 from element "typefindelement2" (state-changed): GstMessageStateChanged, old-state=(GstState)paused, new-state=(GstState)playing, pending-state=(GstState)void-pending;
Got message #1359 from element "filesrc2" (state-changed): GstMessageStateChanged, old-state=(GstState)paused, new-state=(GstState)playing, pending-state=(GstState)void-pending;
Got message #1360 from element "urisourcebin3" (state-changed): GstMessageStateChanged, old-state=(GstState)paused, new-state=(GstState)playing, pending-state=(GstState)void-pending;
Got message #1361 from element "typefindelement1" (state-changed): GstMessageStateChanged, old-state=(GstState)paused, new-state=(GstState)playing, pending-state=(GstState)void-pending;
Got message #1362 from element "filesrc1" (state-changed): GstMessageStateChanged, old-state=(GstState)paused, new-state=(GstState)playing, pending-state=(GstState)void-pending;
Got message #1363 from element "urisourcebin4" (state-changed): GstMessageStateChanged, old-state=(GstState)paused, new-state=(GstState)playing, pending-state=(GstState)void-pending;
Got message #1364 from element "typefindelement0" (state-changed): GstMessageStateChanged, old-state=(GstState)paused, new-state=(GstState)playing, pending-state=(GstState)void-pending;
Got message #1365 from element "filesrc0" (state-changed): GstMessageStateChanged, old-state=(GstState)paused, new-state=(GstState)playing, pending-state=(GstState)void-pending;
Got message #1366 from element "urisourcebin5" (state-changed): GstMessageStateChanged, old-state=(GstState)paused, new-state=(GstState)playing, pending-state=(GstState)void-pending;
Got message #1367 from element "pipeline0" (state-changed): GstMessageStateChanged, old-state=(GstState)paused, new-state=(GstState)playing, pending-state=(GstState)void-pending;
Got message #1372 from element "fakesink2" (tag): GstMessageTag, taglist=(taglist)"taglist\,\ video-codec\=\(string\)\"H.264\\\ /\\\ AVC\"\,\ maximum-bitrate\=\(uint\)4472819\,\ bitrate\=\(uint\)4472819\;";
Got message #1373 from element "fakesink2" (tag): GstMessageTag, taglist=(taglist)"taglist\,\ encoder\=\(string\)Lavf60.16.100\,\ container-format\=\(string\)\"ISO\\\ MP4/M4A\"\;";
Got message #1374 from element "fakesink2" (tag): GstMessageTag, taglist=(taglist)"taglist\,\ video-codec\=\(string\)\"H.264\\\ \\\(High\\\ Profile\\\)\"\,\ maximum-bitrate\=\(uint\)4472819\,\ bitrate\=\(uint\)4472819\;";
Got message #1379 from element "fakesink1" (tag): GstMessageTag, taglist=(taglist)"taglist\,\ video-codec\=\(string\)\"H.264\\\ /\\\ AVC\"\,\ maximum-bitrate\=\(uint\)4472819\,\ bitrate\=\(uint\)4472819\;";
Got message #1380 from element "fakesink1" (tag): GstMessageTag, taglist=(taglist)"taglist\,\ encoder\=\(string\)Lavf60.16.100\,\ container-format\=\(string\)\"ISO\\\ MP4/M4A\"\;";
Got message #1381 from element "fakesink1" (tag): GstMessageTag, taglist=(taglist)"taglist\,\ video-codec\=\(string\)\"H.264\\\ \\\(High\\\ Profile\\\)\"\,\ maximum-bitrate\=\(uint\)4472819\,\ bitrate\=\(uint\)4472819\;";
Got message #1386 from element "fakesink3" (tag): GstMessageTag, taglist=(taglist)"taglist\,\ video-codec\=\(string\)\"H.264\\\ /\\\ AVC\"\,\ maximum-bitrate\=\(uint\)4472819\,\ bitrate\=\(uint\)4472819\;";
Got message #1387 from element "fakesink3" (tag): GstMessageTag, taglist=(taglist)"taglist\,\ encoder\=\(string\)Lavf60.16.100\,\ container-format\=\(string\)\"ISO\\\ MP4/M4A\"\;";
Got message #1388 from element "fakesink3" (tag): GstMessageTag, taglist=(taglist)"taglist\,\ video-codec\=\(string\)\"H.264\\\ \\\(High\\\ Profile\\\)\"\,\ maximum-bitrate\=\(uint\)4472819\,\ bitrate\=\(uint\)4472819\;";
Got message #1393 from element "fakesink0" (tag): GstMessageTag, taglist=(taglist)"taglist\,\ video-codec\=\(string\)\"H.264\\\ /\\\ AVC\"\,\ maximum-bitrate\=\(uint\)4472819\,\ bitrate\=\(uint\)4472819\;";
Got message #1394 from element "fakesink0" (tag): GstMessageTag, taglist=(taglist)"taglist\,\ encoder\=\(string\)Lavf60.16.100\,\ container-format\=\(string\)\"ISO\\\ MP4/M4A\"\;";
Got message #1395 from element "fakesink0" (tag): GstMessageTag, taglist=(taglist)"taglist\,\ video-codec\=\(string\)\"H.264\\\ \\\(High\\\ Profile\\\)\"\,\ maximum-bitrate\=\(uint\)4472819\,\ bitrate\=\(uint\)4472819\;";
Got message #1400 from element "fakesink4" (tag): GstMessageTag, taglist=(taglist)"taglist\,\ video-codec\=\(string\)\"H.264\\\ /\\\ AVC\"\,\ maximum-bitrate\=\(uint\)4472819\,\ bitrate\=\(uint\)4472819\;";
Got message #1401 from element "fakesink4" (tag): GstMessageTag, taglist=(taglist)"taglist\,\ encoder\=\(string\)Lavf60.16.100\,\ container-format\=\(string\)\"ISO\\\ MP4/M4A\"\;";
Got message #1402 from element "fakesink4" (tag): GstMessageTag, taglist=(taglist)"taglist\,\ video-codec\=\(string\)\"H.264\\\ \\\(High\\\ Profile\\\)\"\,\ maximum-bitrate\=\(uint\)4472819\,\ bitrate\=\(uint\)4472819\;";
Got message #1407 from element "fakesink5" (tag): GstMessageTag, taglist=(taglist)"taglist\,\ video-codec\=\(string\)\"H.264\\\ /\\\ AVC\"\,\ maximum-bitrate\=\(uint\)4472819\,\ bitrate\=\(uint\)4472819\;";
Got message #1408 from element "fakesink5" (tag): GstMessageTag, taglist=(taglist)"taglist\,\ encoder\=\(string\)Lavf60.16.100\,\ container-format\=\(string\)\"ISO\\\ MP4/M4A\"\;";
Got message #1409 from element "fakesink5" (tag): GstMessageTag, taglist=(taglist)"taglist\,\ video-codec\=\(string\)\"H.264\\\ \\\(High\\\ Profile\\\)\"\,\ maximum-bitrate\=\(uint\)4472819\,\ bitrate\=\(uint\)4472819\;";
Got message #1412 from pad "in:src" (property-notify): GstMessagePropertyNotify, property-name=(string)caps, property-value=(GstCaps)"application/x-dxvideoraw\,\ width\=\(int\)1\,\ height\=\(int\)1\,\ framerate\=\(fraction\)0/1";
/GstPipeline:pipeline0/GstDxInputSelector:in.GstAggregatorPad:src: caps = application/x-dxvideoraw, width=(int)1, height=(int)1, framerate=(fraction)0/1
Got message #1414 from pad "dxpreprocess0:src" (property-notify): GstMessagePropertyNotify, property-name=(string)caps, property-value=(GstCaps)"application/x-dxvideoraw\,\ width\=\(int\)1\,\ height\=\(int\)1\,\ framerate\=\(fraction\)0/1";
/GstPipeline:pipeline0/GstDxPreprocess:dxpreprocess0.GstPad:src: caps = application/x-dxvideoraw, width=(int)1, height=(int)1, framerate=(fraction)0/1
Got message #1415 from pad "queue6:sink" (property-notify): GstMessagePropertyNotify, property-name=(string)caps, property-value=(GstCaps)"application/x-dxvideoraw\,\ width\=\(int\)1\,\ height\=\(int\)1\,\ framerate\=\(fraction\)0/1";
/GstPipeline:pipeline0/GstQueue:queue6.GstPad:sink: caps = application/x-dxvideoraw, width=(int)1, height=(int)1, framerate=(fraction)0/1
Got message #1416 from pad "dxpreprocess0:sink" (property-notify): GstMessagePropertyNotify, property-name=(string)caps, property-value=(GstCaps)"application/x-dxvideoraw\,\ width\=\(int\)1\,\ height\=\(int\)1\,\ framerate\=\(fraction\)0/1";
/GstPipeline:pipeline0/GstDxPreprocess:dxpreprocess0.GstPad:sink: caps = application/x-dxvideoraw, width=(int)1, height=(int)1, framerate=(fraction)0/1
Got message #1417 from pad "queue6:src" (property-notify): GstMessagePropertyNotify, property-name=(string)caps, property-value=(GstCaps)"application/x-dxvideoraw\,\ width\=\(int\)1\,\ height\=\(int\)1\,\ framerate\=\(fraction\)0/1";
/GstPipeline:pipeline0/GstQueue:queue6.GstPad:src: caps = application/x-dxvideoraw, width=(int)1, height=(int)1, framerate=(fraction)0/1
Got message #1418 from pad "dxinfer0:src" (property-notify): GstMessagePropertyNotify, property-name=(string)caps, property-value=(GstCaps)"application/x-dxvideoraw\,\ width\=\(int\)1\,\ height\=\(int\)1\,\ framerate\=\(fraction\)0/1";
/GstPipeline:pipeline0/GstDxInfer:dxinfer0.GstPad:src: caps = application/x-dxvideoraw, width=(int)1, height=(int)1, framerate=(fraction)0/1
Got message #1419 from pad "queue7:sink" (property-notify): GstMessagePropertyNotify, property-name=(string)caps, property-value=(GstCaps)"application/x-dxvideoraw\,\ width\=\(int\)1\,\ height\=\(int\)1\,\ framerate\=\(fraction\)0/1";
/GstPipeline:pipeline0/GstQueue:queue7.GstPad:sink: caps = application/x-dxvideoraw, width=(int)1, height=(int)1, framerate=(fraction)0/1
Got message #1420 from pad "queue7:src" (property-notify): rga_api version 1.10.0_[9]
GstMessagePropertyNotify, property-name=(string)caps, property-value=(GstCaps)"application/x-dxvideoraw\,\ width\=\(int\)1\,\ height\=\(int\)1\,\ framerate\=\(fraction\)0/1";
/GstPipeline:pipeline0/GstQueue:queue7.GstPad:src: caps = application/x-dxvideoraw, width=(int)1, height=(int)1, framerate=(fraction)0/1
Got message #1421 from pad "queue7:src" (property-notify): GstMessagePropertyNotify, property-name=(string)caps, property-value=(GstCaps)"application/x-dxvideoraw\,\ width\=\(int\)1\,\ height\=\(int\)1\,\ framerate\=\(fraction\)0/1";
/GstPipeline:pipeline0/GstQueue:queue7.GstPad:src: caps = application/x-dxvideoraw, width=(int)1, height=(int)1, framerate=(fraction)0/1
Got message #1423 from pad "dxpostprocess0:src" (property-notify): GstMessagePropertyNotify, property-name=(string)caps, property-value=(GstCaps)"application/x-dxvideoraw\,\ width\=\(int\)1\,\ height\=\(int\)1\,\ framerate\=\(fraction\)0/1";
/GstPipeline:pipeline0/GstDxPostprocess:dxpostprocess0.GstPad:src: caps = application/x-dxvideoraw, width=(int)1, height=(int)1, framerate=(fraction)0/1
Got message #1424 from pad "queue8:sink" (property-notify): GstMessagePropertyNotify, property-name=(string)caps, property-value=(GstCaps)"application/x-dxvideoraw\,\ width\=\(int\)1\,\ height\=\(int\)1\,\ framerate\=\(fraction\)0/1";
/GstPipeline:pipeline0/GstQueue:queue8.GstPad:sink: caps = application/x-dxvideoraw, width=(int)1, height=(int)1, framerate=(fraction)0/1
Got message #1425 from pad "dxpostprocess0:sink" (property-notify): GstMessagePropertyNotify, property-name=(string)caps, property-value=(GstCaps)"application/x-dxvideoraw\,\ width\=\(int\)1\,\ height\=\(int\)1\,\ framerate\=\(fraction\)0/1";
/GstPipeline:pipeline0/GstDxPostprocess:dxpostprocess0.GstPad:sink: caps = application/x-dxvideoraw, width=(int)1, height=(int)1, framerate=(fraction)0/1
Got message #1426 from pad "queue8:src" (property-notify): GstMessagePropertyNotify, property-name=(string)caps, property-value=(GstCaps)"application/x-dxvideoraw\,\ width\=\(int\)1\,\ height\=\(int\)1\,\ framerate\=\(fraction\)0/1";
/GstPipeline:pipeline0/GstQueue:queue8.GstPad:src: caps = application/x-dxvideoraw, width=(int)1, height=(int)1, framerate=(fraction)0/1
Got message #1427 from pad "out:sink" (property-notify): GstMessagePropertyNotify, property-name=(string)caps, property-value=(GstCaps)"application/x-dxvideoraw\,\ width\=\(int\)1\,\ height\=\(int\)1\,\ framerate\=\(fraction\)0/1";
/GstPipeline:pipeline0/GstDxOutputSelector:out.GstPad:sink: caps = application/x-dxvideoraw, width=(int)1, height=(int)1, framerate=(fraction)0/1
Got message #1488 from element "fakesink0" (latency): no message details
Redistribute latency...
Got message #1489 from element "fakesink2" (latency): no message details
Redistribute latency...
Got message #1490 from element "fakesink1" (latency): no message details
Redistribute latency...
Got message #1491 from element "fakesink3" (latency): no message details
Redistribute latency...
Got message #1492 from element "fakesink4" (latency): no message details
Redistribute latency...
Got message #1493 from element "fakesink5" (latency): no message details
Redistribute latency...
Got message #1506 from element "fakesink0" (tag): GstMessageTag, taglist=(taglist)"taglist\,\ video-codec\=\(string\)\"H.264\\\ \\\(High\\\ Profile\\\)\"\,\ maximum-bitrate\=\(uint\)4472819\,\ bitrate\=\(uint\)4472819\,\ minimum-bitrate\=\(uint\)3559001\;";
Got message #1507 from element "fakesink1" (tag): GstMessageTag, taglist=(taglist)"taglist\,\ video-codec\=\(string\)\"H.264\\\ \\\(High\\\ Profile\\\)\"\,\ maximum-bitrate\=\(uint\)4472819\,\ bitrate\=\(uint\)4472819\,\ minimum-bitrate\=\(uint\)3559001\;";
Got message #1511 from element "fakesink3" (tag): GstMessageTag, taglist=(taglist)"taglist\,\ video-codec\=\(string\)\"H.264\\\ \\\(High\\\ Profile\\\)\"\,\ maximum-bitrate\=\(uint\)4472819\,\ bitrate\=\(uint\)4472819\,\ minimum-bitrate\=\(uint\)3559001\;";
Got message #1512 from element "fakesink2" (tag): GstMessageTag, taglist=(taglist)"taglist\,\ video-codec\=\(string\)\"H.264\\\ \\\(High\\\ Profile\\\)\"\,\ maximum-bitrate\=\(uint\)4472819\,\ bitrate\=\(uint\)4472819\,\ minimum-bitrate\=\(uint\)3559001\;";
Got message #1515 from element "fakesink4" (tag): GstMessageTag, taglist=(taglist)"taglist\,\ video-codec\=\(string\)\"H.264\\\ \\\(High\\\ Profile\\\)\"\,\ maximum-bitrate\=\(uint\)4472819\,\ bitrate\=\(uint\)4472819\,\ minimum-bitrate\=\(uint\)3559001\;";
Got message #1516 from element "fakesink5" (tag): GstMessageTag, taglist=(taglist)"taglist\,\ video-codec\=\(string\)\"H.264\\\ \\\(High\\\ Profile\\\)\"\,\ maximum-bitrate\=\(uint\)4472819\,\ bitrate\=\(uint\)4472819\,\ minimum-bitrate\=\(uint\)3559001\;";
Got message #1517 from element "fakesink0" (tag): GstMessageTag, taglist=(taglist)"taglist\,\ video-codec\=\(string\)\"H.264\\\ \\\(High\\\ Profile\\\)\"\,\ maximum-bitrate\=\(uint\)4472819\,\ bitrate\=\(uint\)4472819\,\ minimum-bitrate\=\(uint\)3139420\;";
Got message #1521 from element "fakesink1" (tag): GstMessageTag, taglist=(taglist)"taglist\,\ video-codec\=\(string\)\"H.264\\\ \\\(High\\\ Profile\\\)\"\,\ maximum-bitrate\=\(uint\)4472819\,\ bitrate\=\(uint\)4472819\,\ minimum-bitrate\=\(uint\)3139420\;";
Got message #1522 from element "fakesink2" (tag): GstMessageTag, taglist=(taglist)"taglist\,\ video-codec\=\(string\)\"H.264\\\ \\\(High\\\ Profile\\\)\"\,\ maximum-bitrate\=\(uint\)4472819\,\ bitrate\=\(uint\)4472819\,\ minimum-bitrate\=\(uint\)3139420\;";
Got message #1525 from element "fakesink3" (tag): GstMessageTag, taglist=(taglist)"taglist\,\ video-codec\=\(string\)\"H.264\\\ \\\(High\\\ Profile\\\)\"\,\ maximum-bitrate\=\(uint\)4472819\,\ bitrate\=\(uint\)4472819\,\ minimum-bitrate\=\(uint\)3139420\;";
Got message #1526 from element "fakesink4" (tag): GstMessageTag, taglist=(taglist)"taglist\,\ video-codec\=\(string\)\"H.264\\\ \\\(High\\\ Profile\\\)\"\,\ maximum-bitrate\=\(uint\)4472819\,\ bitrate\=\(uint\)4472819\,\ minimum-bitrate\=\(uint\)3139420\;";
Got message #1529 from element "fakesink5" (tag): GstMessageTag, taglist=(taglist)"taglist\,\ video-codec\=\(string\)\"H.264\\\ \\\(High\\\ Profile\\\)\"\,\ maximum-bitrate\=\(uint\)4472819\,\ bitrate\=\(uint\)4472819\,\ minimum-bitrate\=\(uint\)3139420\;";
Got message #1530 from element "fakesink0" (tag): GstMessageTag, taglist=(taglist)"taglist\,\ video-codec\=\(string\)\"H.264\\\ \\\(High\\\ Profile\\\)\"\,\ maximum-bitrate\=\(uint\)4472819\,\ bitrate\=\(uint\)4472819\,\ minimum-bitrate\=\(uint\)3114485\;";
Got message #1534 from element "fakesink1" (tag): GstMessageTag, taglist=(taglist)"taglist\,\ video-codec\=\(string\)\"H.264\\\ \\\(High\\\ Profile\\\)\"\,\ maximum-bitrate\=\(uint\)4472819\,\ bitrate\=\(uint\)4472819\,\ minimum-bitrate\=\(uint\)3114485\;";
Got message #1537 from element "fakesink2" (tag): GstMessageTag, taglist=(taglist)"taglist\,\ video-codec\=\(string\)\"H.264\\\ \\\(High\\\ Profile\\\)\"\,\ maximum-bitrate\=\(uint\)4472819\,\ bitrate\=\(uint\)4472819\,\ minimum-bitrate\=\(uint\)3114485\;";
Got message #1538 from element "fakesink3" (tag): GstMessageTag, taglist=(taglist)"taglist\,\ video-codec\=\(string\)\"H.264\\\ \\\(High\\\ Profile\\\)\"\,\ maximum-bitrate\=\(uint\)4472819\,\ bitrate\=\(uint\)4472819\,\ minimum-bitrate\=\(uint\)3114485\;";
Got message #1539 from element "fakesink4" (tag): GstMessageTag, taglist=(taglist)"taglist\,\ video-codec\=\(string\)\"H.264\\\ \\\(High\\\ Profile\\\)\"\,\ maximum-bitrate\=\(uint\)4472819\,\ bitrate\=\(uint\)4472819\,\ minimum-bitrate\=\(uint\)3114485\;";
Got message #1545 from element "fakesink5" (tag): GstMessageTag, taglist=(taglist)"taglist\,\ video-codec\=\(string\)\"H.264\\\ \\\(High\\\ Profile\\\)\"\,\ maximum-bitrate\=\(uint\)4472819\,\ bitrate\=\(uint\)4472819\,\ minimum-bitrate\=\(uint\)3114485\;";
Got message #1547 from element "fakesink0" (tag): GstMessageTag, taglist=(taglist)"taglist\,\ video-codec\=\(string\)\"H.264\\\ \\\(High\\\ Profile\\\)\"\,\ maximum-bitrate\=\(uint\)4472819\,\ bitrate\=\(uint\)4472819\,\ minimum-bitrate\=\(uint\)1212707\;";
Got message #1548 from element "fakesink0" (tag): GstMessageTag, taglist=(taglist)"taglist\,\ video-codec\=\(string\)\"H.264\\\ \\\(High\\\ Profile\\\)\"\,\ maximum-bitrate\=\(uint\)4472819\,\ bitrate\=\(uint\)4472819\,\ minimum-bitrate\=\(uint\)474965\;";
Got message #1549 from element "fakesink1" (tag): GstMessageTag, taglist=(taglist)"taglist\,\ video-codec\=\(string\)\"H.264\\\ \\\(High\\\ Profile\\\)\"\,\ maximum-bitrate\=\(uint\)4472819\,\ bitrate\=\(uint\)4472819\,\ minimum-bitrate\=\(uint\)1212707\;";
Got message #1550 from element "fakesink1" (tag): GstMessageTag, taglist=(taglist)"taglist\,\ video-codec\=\(string\)\"H.264\\\ \\\(High\\\ Profile\\\)\"\,\ maximum-bitrate\=\(uint\)4472819\,\ bitrate\=\(uint\)4472819\,\ minimum-bitrate\=\(uint\)474965\;";
Got message #1553 from element "fakesink2" (tag): GstMessageTag, taglist=(taglist)"taglist\,\ video-codec\=\(string\)\"H.264\\\ \\\(High\\\ Profile\\\)\"\,\ maximum-bitrate\=\(uint\)4472819\,\ bitrate\=\(uint\)4472819\,\ minimum-bitrate\=\(uint\)1212707\;";
Got message #1554 from element "fakesink2" (tag): GstMessageTag, taglist=(taglist)"taglist\,\ video-codec\=\(string\)\"H.264\\\ \\\(High\\\ Profile\\\)\"\,\ maximum-bitrate\=\(uint\)4472819\,\ bitrate\=\(uint\)4472819\,\ minimum-bitrate\=\(uint\)474965\;";
Got message #1555 from element "fakesink3" (tag): GstMessageTag, taglist=(taglist)"taglist\,\ video-codec\=\(string\)\"H.264\\\ \\\(High\\\ Profile\\\)\"\,\ maximum-bitrate\=\(uint\)4472819\,\ bitrate\=\(uint\)4472819\,\ minimum-bitrate\=\(uint\)1212707\;";
Got message #1556 from element "fakesink3" (tag): GstMessageTag, taglist=(taglist)"taglist\,\ video-codec\=\(string\)\"H.264\\\ \\\(High\\\ Profile\\\)\"\,\ maximum-bitrate\=\(uint\)4472819\,\ bitrate\=\(uint\)4472819\,\ minimum-bitrate\=\(uint\)474965\;";
Got message #1557 from element "fakesink4" (tag): GstMessageTag, taglist=(taglist)"taglist\,\ video-codec\=\(string\)\"H.264\\\ \\\(High\\\ Profile\\\)\"\,\ maximum-bitrate\=\(uint\)4472819\,\ bitrate\=\(uint\)4472819\,\ minimum-bitrate\=\(uint\)1212707\;";
Got message #1558 from element "fakesink4" (tag): GstMessageTag, taglist=(taglist)"taglist\,\ video-codec\=\(string\)\"H.264\\\ \\\(High\\\ Profile\\\)\"\,\ maximum-bitrate\=\(uint\)4472819\,\ bitrate\=\(uint\)4472819\,\ minimum-bitrate\=\(uint\)474965\;";
Got message #1559 from element "fakesink5" (tag): GstMessageTag, taglist=(taglist)"taglist\,\ video-codec\=\(string\)\"H.264\\\ \\\(High\\\ Profile\\\)\"\,\ maximum-bitrate\=\(uint\)4472819\,\ bitrate\=\(uint\)4472819\,\ minimum-bitrate\=\(uint\)1212707\;";
Got message #1560 from element "fakesink5" (tag): GstMessageTag, taglist=(taglist)"taglist\,\ video-codec\=\(string\)\"H.264\\\ \\\(High\\\ Profile\\\)\"\,\ maximum-bitrate\=\(uint\)4472819\,\ bitrate\=\(uint\)4472819\,\ minimum-bitrate\=\(uint\)474965\;";
Got message #1578 from element "fakesink0" (tag): GstMessageTag, taglist=(taglist)"taglist\,\ video-codec\=\(string\)\"H.264\\\ \\\(High\\\ Profile\\\)\"\,\ maximum-bitrate\=\(uint\)4472819\,\ bitrate\=\(uint\)4472819\,\ minimum-bitrate\=\(uint\)385294\;";
Got message #1579 from element "fakesink2" (tag): GstMessageTag, taglist=(taglist)"taglist\,\ video-codec\=\(string\)\"H.264\\\ \\\(High\\\ Profile\\\)\"\,\ maximum-bitrate\=\(uint\)4472819\,\ bitrate\=\(uint\)4472819\,\ minimum-bitrate\=\(uint\)385294\;";
Got message #1580 from element "fakesink1" (tag): GstMessageTag, taglist=(taglist)"taglist\,\ video-codec\=\(string\)\"H.264\\\ \\\(High\\\ Profile\\\)\"\,\ maximum-bitrate\=\(uint\)4472819\,\ bitrate\=\(uint\)4472819\,\ minimum-bitrate\=\(uint\)385294\;";
Got message #1582 from element "fakesink3" (tag): GstMessageTag, taglist=(taglist)"taglist\,\ video-codec\=\(string\)\"H.264\\\ \\\(High\\\ Profile\\\)\"\,\ maximum-bitrate\=\(uint\)4472819\,\ bitrate\=\(uint\)4472819\,\ minimum-bitrate\=\(uint\)385294\;";
Got message #1583 from element "fakesink4" (tag): GstMessageTag, taglist=(taglist)"taglist\,\ video-codec\=\(string\)\"H.264\\\ \\\(High\\\ Profile\\\)\"\,\ maximum-bitrate\=\(uint\)4472819\,\ bitrate\=\(uint\)4472819\,\ minimum-bitrate\=\(uint\)385294\;";
Got message #1584 from element "fakesink5" (tag): GstMessageTag, taglist=(taglist)"taglist\,\ video-codec\=\(string\)\"H.264\\\ \\\(High\\\ Profile\\\)\"\,\ maximum-bitrate\=\(uint\)4472819\,\ bitrate\=\(uint\)4472819\,\ minimum-bitrate\=\(uint\)385294\;";
Got message #1602 from element "fakesink0" (tag): GstMessageTag, taglist=(taglist)"taglist\,\ video-codec\=\(string\)\"H.264\\\ \\\(High\\\ Profile\\\)\"\,\ maximum-bitrate\=\(uint\)4472819\,\ bitrate\=\(uint\)4472819\,\ minimum-bitrate\=\(uint\)372587\;";
Got message #1604 from element "fakesink1" (tag): GstMessageTag, taglist=(taglist)"taglist\,\ video-codec\=\(string\)\"H.264\\\ \\\(High\\\ Profile\\\)\"\,\ maximum-bitrate\=\(uint\)4472819\,\ bitrate\=\(uint\)4472819\,\ minimum-bitrate\=\(uint\)372587\;";
Got message #1605 from element "fakesink2" (tag): GstMessageTag, taglist=(taglist)"taglist\,\ video-codec\=\(string\)\"H.264\\\ \\\(High\\\ Profile\\\)\"\,\ maximum-bitrate\=\(uint\)4472819\,\ bitrate\=\(uint\)4472819\,\ minimum-bitrate\=\(uint\)372587\;";
Got message #1608 from element "fakesink3" (tag): GstMessageTag, taglist=(taglist)"taglist\,\ video-codec\=\(string\)\"H.264\\\ \\\(High\\\ Profile\\\)\"\,\ maximum-bitrate\=\(uint\)4472819\,\ bitrate\=\(uint\)4472819\,\ minimum-bitrate\=\(uint\)372587\;";
Got message #1609 from element "fakesink4" (tag): GstMessageTag, taglist=(taglist)"taglist\,\ video-codec\=\(string\)\"H.264\\\ \\\(High\\\ Profile\\\)\"\,\ maximum-bitrate\=\(uint\)4472819\,\ bitrate\=\(uint\)4472819\,\ minimum-bitrate\=\(uint\)372587\;";
Got message #1610 from element "fakesink5" (tag): GstMessageTag, taglist=(taglist)"taglist\,\ video-codec\=\(string\)\"H.264\\\ \\\(High\\\ Profile\\\)\"\,\ maximum-bitrate\=\(uint\)4472819\,\ bitrate\=\(uint\)4472819\,\ minimum-bitrate\=\(uint\)372587\;";
Got message #1625 from element "fakesink0" (tag): GstMessageTag, taglist=(taglist)"taglist\,\ video-codec\=\(string\)\"H.264\\\ \\\(High\\\ Profile\\\)\"\,\ maximum-bitrate\=\(uint\)4472819\,\ bitrate\=\(uint\)4472819\,\ minimum-bitrate\=\(uint\)354125\;";
Got message #1628 from element "fakesink1" (tag): GstMessageTag, taglist=(taglist)"taglist\,\ video-codec\=\(string\)\"H.264\\\ \\\(High\\\ Profile\\\)\"\,\ maximum-bitrate\=\(uint\)4472819\,\ bitrate\=\(uint\)4472819\,\ minimum-bitrate\=\(uint\)354125\;";
Got message #1629 from element "fakesink2" (tag): GstMessageTag, taglist=(taglist)"taglist\,\ video-codec\=\(string\)\"H.264\\\ \\\(High\\\ Profile\\\)\"\,\ maximum-bitrate\=\(uint\)4472819\,\ bitrate\=\(uint\)4472819\,\ minimum-bitrate\=\(uint\)354125\;";
Got message #1630 from element "fakesink3" (tag): GstMessageTag, taglist=(taglist)"taglist\,\ video-codec\=\(string\)\"H.264\\\ \\\(High\\\ Profile\\\)\"\,\ maximum-bitrate\=\(uint\)4472819\,\ bitrate\=\(uint\)4472819\,\ minimum-bitrate\=\(uint\)354125\;";
Got message #1631 from element "fakesink4" (tag): GstMessageTag, taglist=(taglist)"taglist\,\ video-codec\=\(string\)\"H.264\\\ \\\(High\\\ Profile\\\)\"\,\ maximum-bitrate\=\(uint\)4472819\,\ bitrate\=\(uint\)4472819\,\ minimum-bitrate\=\(uint\)354125\;";
Got message #1632 from element "fakesink5" (tag): GstMessageTag, taglist=(taglist)"taglist\,\ video-codec\=\(string\)\"H.264\\\ \\\(High\\\ Profile\\\)\"\,\ maximum-bitrate\=\(uint\)4472819\,\ bitrate\=\(uint\)4472819\,\ minimum-bitrate\=\(uint\)354125\;";
Got message #1649 from element "fakesink0" (tag): GstMessageTag, taglist=(taglist)"taglist\,\ video-codec\=\(string\)\"H.264\\\ \\\(High\\\ Profile\\\)\"\,\ maximum-bitrate\=\(uint\)4472819\,\ bitrate\=\(uint\)4472819\,\ minimum-bitrate\=\(uint\)348611\;";
Got message #1652 from element "fakesink1" (tag): GstMessageTag, taglist=(taglist)"taglist\,\ video-codec\=\(string\)\"H.264\\\ \\\(High\\\ Profile\\\)\"\,\ maximum-bitrate\=\(uint\)4472819\,\ bitrate\=\(uint\)4472819\,\ minimum-bitrate\=\(uint\)348611\;";
Got message #1653 from element "fakesink2" (tag): GstMessageTag, taglist=(taglist)"taglist\,\ video-codec\=\(string\)\"H.264\\\ \\\(High\\\ Profile\\\)\"\,\ maximum-bitrate\=\(uint\)4472819\,\ bitrate\=\(uint\)4472819\,\ minimum-bitrate\=\(uint\)348611\;";
Got message #1654 from element "fakesink3" (tag): GstMessageTag, taglist=(taglist)"taglist\,\ video-codec\=\(string\)\"H.264\\\ \\\(High\\\ Profile\\\)\"\,\ maximum-bitrate\=\(uint\)4472819\,\ bitrate\=\(uint\)4472819\,\ minimum-bitrate\=\(uint\)348611\;";
Got message #1655 from element "fakesink4" (tag): GstMessageTag, taglist=(taglist)"taglist\,\ video-codec\=\(string\)\"H.264\\\ \\\(High\\\ Profile\\\)\"\,\ maximum-bitrate\=\(uint\)4472819\,\ bitrate\=\(uint\)4472819\,\ minimum-bitrate\=\(uint\)348611\;";
Got message #1656 from element "fakesink5" (tag): GstMessageTag, taglist=(taglist)"taglist\,\ video-codec\=\(string\)\"H.264\\\ \\\(High\\\ Profile\\\)\"\,\ maximum-bitrate\=\(uint\)4472819\,\ bitrate\=\(uint\)4472819\,\ minimum-bitrate\=\(uint\)348611\;";
Got message #1663 from pad "mppvideodec5:src" (stream-status): GstMessageStreamStatus, type=(GstStreamStatusType)leave, owner=(GstElement)"\(GstMppVideoDec\)\ mppvideodec5", object=(GstTask)"\(GstTask\)\ mppvideodec5:src";
Got message #1664 from pad "mppvideodec0:src" (stream-status): GstMessageStreamStatus, type=(GstStreamStatusType)leave, owner=(GstElement)"\(GstMppVideoDec\)\ mppvideodec0", object=(GstTask)"\(GstTask\)\ mppvideodec0:src";
Got message #1667 from pad "mppvideodec1:src" (stream-status): GstMessageStreamStatus, type=(GstStreamStatusType)leave, owner=(GstElement)"\(GstMppVideoDec\)\ mppvideodec1", object=(GstTask)"\(GstTask\)\ mppvideodec1:src";
Got message #1668 from pad "mppvideodec2:src" (stream-status): GstMessageStreamStatus, type=(GstStreamStatusType)leave, owner=(GstElement)"\(GstMppVideoDec\)\ mppvideodec2", object=(GstTask)"\(GstTask\)\ mppvideodec2:src";
Got message #1670 from pad "mppvideodec4:src" (stream-status): GstMessageStreamStatus, type=(GstStreamStatusType)leave, owner=(GstElement)"\(GstMppVideoDec\)\ mppvideodec4", object=(GstTask)"\(GstTask\)\ mppvideodec4:src";
Got message #1673 from pad "mppvideodec3:src" (stream-status): GstMessageStreamStatus, type=(GstStreamStatusType)leave, owner=(GstElement)"\(GstMppVideoDec\)\ mppvideodec3", object=(GstTask)"\(GstTask\)\ mppvideodec3:src";
Got message #1675 from element "pipeline0" (eos): no message details
Got EOS from element "pipeline0".
EOS received - stopping pipeline...
Execution ended after 0:02:01.221529312
파이프라인을 NULL로 만드는 중 ...
파이프라인 비우는 중 ...

__CPU_PERCENT__=190%
__MAX_RSS_KB__=217848

__EXIT_CODE__=0