Setting pipeline to PAUSED ...
Pipeline is PREROLLING ...
Got message #176 from element "fakesink13" (state-changed): GstMessageStateChanged, old-state=(GstState)null, new-state=(GstState)ready, pending-state=(GstState)void-pending;
Got message #177 from element "fakesink12" (state-changed): GstMessageStateChanged, old-state=(GstState)null, new-state=(GstState)ready, pending-state=(GstState)void-pending;
Got message #178 from element "fakesink11" (state-changed): GstMessageStateChanged, old-state=(GstState)null, new-state=(GstState)ready, pending-state=(GstState)void-pending;
Got message #179 from element "fakesink10" (state-changed): GstMessageStateChanged, old-state=(GstState)null, new-state=(GstState)ready, pending-state=(GstState)void-pending;
Got message #180 from element "fakesink9" (state-changed): GstMessageStateChanged, old-state=(GstState)null, new-state=(GstState)ready, pending-state=(GstState)void-pending;
Got message #181 from element "fakesink8" (state-changed): GstMessageStateChanged, old-state=(GstState)null, new-state=(GstState)ready, pending-state=(GstState)void-pending;
Got message #182 from element "fakesink7" (state-changed): GstMessageStateChanged, old-state=(GstState)null, new-state=(GstState)ready, pending-state=(GstState)void-pending;
Got message #183 from element "fakesink6" (state-changed): GstMessageStateChanged, old-state=(GstState)null, new-state=(GstState)ready, pending-state=(GstState)void-pending;
Got message #184 from element "fakesink5" (state-changed): GstMessageStateChanged, old-state=(GstState)null, new-state=(GstState)ready, pending-state=(GstState)void-pending;
Got message #185 from element "fakesink4" (state-changed): GstMessageStateChanged, old-state=(GstState)null, new-state=(GstState)ready, pending-state=(GstState)void-pending;
Got message #186 from element "fakesink3" (state-changed): GstMessageStateChanged, old-state=(GstState)null, new-state=(GstState)ready, pending-state=(GstState)void-pending;
Got message #187 from element "fakesink2" (state-changed): GstMessageStateChanged, old-state=(GstState)null, new-state=(GstState)ready, pending-state=(GstState)void-pending;
Got message #188 from element "fakesink1" (state-changed): GstMessageStateChanged, old-state=(GstState)null, new-state=(GstState)ready, pending-state=(GstState)void-pending;
Got message #189 from element "fakesink0" (state-changed): GstMessageStateChanged, old-state=(GstState)null, new-state=(GstState)ready, pending-state=(GstState)void-pending;
Got message #190 from element "queue30" (state-changed): GstMessageStateChanged, old-state=(GstState)null, new-state=(GstState)ready, pending-state=(GstState)void-pending;
Got message #191 from element "queue29" (state-changed): GstMessageStateChanged, old-state=(GstState)null, new-state=(GstState)ready, pending-state=(GstState)void-pending;
Got message #192 from element "queue28" (state-changed): GstMessageStateChanged, old-state=(GstState)null, new-state=(GstState)ready, pending-state=(GstState)void-pending;
Got message #193 from element "queue27" (state-changed): GstMessageStateChanged, old-state=(GstState)null, new-state=(GstState)ready, pending-state=(GstState)void-pending;
Got message #194 from element "queue26" (state-changed): GstMessageStateChanged, old-state=(GstState)null, new-state=(GstState)ready, pending-state=(GstState)void-pending;
Got message #195 from element "queue25" (state-changed): GstMessageStateChanged, old-state=(GstState)null, new-state=(GstState)ready, pending-state=(GstState)void-pending;
Got message #196 from element "queue24" (state-changed): GstMessageStateChanged, old-state=(GstState)null, new-state=(GstState)ready, pending-state=(GstState)void-pending;
Got message #197 from element "queue23" (state-changed): GstMessageStateChanged, old-state=(GstState)null, new-state=(GstState)ready, pending-state=(GstState)void-pending;
Got message #198 from element "queue22" (state-changed): GstMessageStateChanged, old-state=(GstState)null, new-state=(GstState)ready, pending-state=(GstState)void-pending;
Got message #199 from element "queue21" (state-changed): GstMessageStateChanged, old-state=(GstState)null, new-state=(GstState)ready, pending-state=(GstState)void-pending;
Got message #200 from element "queue20" (state-changed): GstMessageStateChanged, old-state=(GstState)null, new-state=(GstState)ready, pending-state=(GstState)void-pending;
Got message #201 from element "queue19" (state-changed): GstMessageStateChanged, old-state=(GstState)null, new-state=(GstState)ready, pending-state=(GstState)void-pending;
Got message #202 from element "queue18" (state-changed): GstMessageStateChanged, old-state=(GstState)null, new-state=(GstState)ready, pending-state=(GstState)void-pending;
Got message #203 from element "queue17" (state-changed): GstMessageStateChanged, old-state=(GstState)null, new-state=(GstState)ready, pending-state=(GstState)void-pending;
Got message #204 from element "out" (state-changed): GstMessageStateChanged, old-state=(GstState)null, new-state=(GstState)ready, pending-state=(GstState)void-pending;
Got message #205 from element "queue16" (state-changed): GstMessageStateChanged, old-state=(GstState)null, new-state=(GstState)ready, pending-state=(GstState)void-pending;
Got message #206 from element "dxpostprocess0" (state-changed): GstMessageStateChanged, old-state=(GstState)null, new-state=(GstState)ready, pending-state=(GstState)void-pending;
Got message #207 from element "queue15" (state-changed): GstMessageStateChanged, old-state=(GstState)null, new-state=(GstState)ready, pending-state=(GstState)void-pending;
Got message #208 from element "dxinfer0" (state-changed): GstMessageStateChanged, old-state=(GstState)null, new-state=(GstState)ready, pending-state=(GstState)void-pending;
Got message #209 from element "queue14" (state-changed): GstMessageStateChanged, old-state=(GstState)null, new-state=(GstState)ready, pending-state=(GstState)void-pending;
Got message #210 from element "dxpreprocess0" (state-changed): GstMessageStateChanged, old-state=(GstState)null, new-state=(GstState)ready, pending-state=(GstState)void-pending;
Got message #211 from element "in" (state-changed): GstMessageStateChanged, old-state=(GstState)null, new-state=(GstState)ready, pending-state=(GstState)void-pending;
Got message #212 from element "queue0" (state-changed): GstMessageStateChanged, old-state=(GstState)null, new-state=(GstState)ready, pending-state=(GstState)void-pending;
Got message #213 from element "queue1" (state-changed): GstMessageStateChanged, old-state=(GstState)null, new-state=(GstState)ready, pending-state=(GstState)void-pending;
Got message #214 from element "queue2" (state-changed): GstMessageStateChanged, old-state=(GstState)null, new-state=(GstState)ready, pending-state=(GstState)void-pending;
Got message #215 from element "queue3" (state-changed): GstMessageStateChanged, old-state=(GstState)null, new-state=(GstState)ready, pending-state=(GstState)void-pending;
Got message #216 from element "queue4" (state-changed): GstMessageStateChanged, old-state=(GstState)null, new-state=(GstState)ready, pending-state=(GstState)void-pending;
Got message #217 from element "queue5" (state-changed): GstMessageStateChanged, old-state=(GstState)null, new-state=(GstState)ready, pending-state=(GstState)void-pending;
Got message #218 from element "queue6" (state-changed): GstMessageStateChanged, old-state=(GstState)null, new-state=(GstState)ready, pending-state=(GstState)void-pending;
Got message #219 from element "queue7" (state-changed): GstMessageStateChanged, old-state=(GstState)null, new-state=(GstState)ready, pending-state=(GstState)void-pending;
Got message #220 from element "queue8" (state-changed): GstMessageStateChanged, old-state=(GstState)null, new-state=(GstState)ready, pending-state=(GstState)void-pending;
Got message #221 from element "queue9" (state-changed): GstMessageStateChanged, old-state=(GstState)null, new-state=(GstState)ready, pending-state=(GstState)void-pending;
Got message #222 from element "queue10" (state-changed): GstMessageStateChanged, old-state=(GstState)null, new-state=(GstState)ready, pending-state=(GstState)void-pending;
Got message #223 from element "queue11" (state-changed): GstMessageStateChanged, old-state=(GstState)null, new-state=(GstState)ready, pending-state=(GstState)void-pending;
Got message #224 from element "queue12" (state-changed): GstMessageStateChanged, old-state=(GstState)null, new-state=(GstState)ready, pending-state=(GstState)void-pending;
Got message #225 from element "queue13" (state-changed): GstMessageStateChanged, old-state=(GstState)null, new-state=(GstState)ready, pending-state=(GstState)void-pending;
Got message #226 from element "typefind" (state-changed): GstMessageStateChanged, old-state=(GstState)null, new-state=(GstState)ready, pending-state=(GstState)void-pending;
Got message #227 from element "decodebin13" (state-changed): GstMessageStateChanged, old-state=(GstState)null, new-state=(GstState)ready, pending-state=(GstState)void-pending;
Got message #228 from element "typefind" (state-changed): GstMessageStateChanged, old-state=(GstState)null, new-state=(GstState)ready, pending-state=(GstState)void-pending;
Got message #229 from element "decodebin12" (state-changed): GstMessageStateChanged, old-state=(GstState)null, new-state=(GstState)ready, pending-state=(GstState)void-pending;
Got message #230 from element "typefind" (state-changed): GstMessageStateChanged, old-state=(GstState)null, new-state=(GstState)ready, pending-state=(GstState)void-pending;
Got message #231 from element "decodebin11" (state-changed): GstMessageStateChanged, old-state=(GstState)null, new-state=(GstState)ready, pending-state=(GstState)void-pending;
Got message #232 from element "typefind" (state-changed): GstMessageStateChanged, old-state=(GstState)null, new-state=(GstState)ready, pending-state=(GstState)void-pending;
Got message #233 from element "decodebin10" (state-changed): GstMessageStateChanged, old-state=(GstState)null, new-state=(GstState)ready, pending-state=(GstState)void-pending;
Got message #234 from element "typefind" (state-changed): GstMessageStateChanged, old-state=(GstState)null, new-state=(GstState)ready, pending-state=(GstState)void-pending;
Got message #235 from element "decodebin9" (state-changed): GstMessageStateChanged, old-state=(GstState)null, new-state=(GstState)ready, pending-state=(GstState)void-pending;
Got message #236 from element "typefind" (state-changed): GstMessageStateChanged, old-state=(GstState)null, new-state=(GstState)ready, pending-state=(GstState)void-pending;
Got message #237 from element "decodebin8" (state-changed): GstMessageStateChanged, old-state=(GstState)null, new-state=(GstState)ready, pending-state=(GstState)void-pending;
Got message #238 from element "typefind" (state-changed): GstMessageStateChanged, old-state=(GstState)null, new-state=(GstState)ready, pending-state=(GstState)void-pending;
Got message #239 from element "decodebin7" (state-changed): GstMessageStateChanged, old-state=(GstState)null, new-state=(GstState)ready, pending-state=(GstState)void-pending;
Got message #240 from element "typefind" (state-changed): GstMessageStateChanged, old-state=(GstState)null, new-state=(GstState)ready, pending-state=(GstState)void-pending;
Got message #241 from element "decodebin6" (state-changed): GstMessageStateChanged, old-state=(GstState)null, new-state=(GstState)ready, pending-state=(GstState)void-pending;
Got message #242 from element "typefind" (state-changed): GstMessageStateChanged, old-state=(GstState)null, new-state=(GstState)ready, pending-state=(GstState)void-pending;
Got message #243 from element "decodebin5" (state-changed): GstMessageStateChanged, old-state=(GstState)null, new-state=(GstState)ready, pending-state=(GstState)void-pending;
Got message #244 from element "typefind" (state-changed): GstMessageStateChanged, old-state=(GstState)null, new-state=(GstState)ready, pending-state=(GstState)void-pending;
Got message #245 from element "decodebin4" (state-changed): GstMessageStateChanged, old-state=(GstState)null, new-state=(GstState)ready, pending-state=(GstState)void-pending;
Got message #246 from element "typefind" (state-changed): GstMessageStateChanged, old-state=(GstState)null, new-state=(GstState)ready, pending-state=(GstState)void-pending;
Got message #247 from element "decodebin3" (state-changed): GstMessageStateChanged, old-state=(GstState)null, new-state=(GstState)ready, pending-state=(GstState)void-pending;
Got message #248 from element "typefind" (state-changed): GstMessageStateChanged, old-state=(GstState)null, new-state=(GstState)ready, pending-state=(GstState)void-pending;
Got message #249 from element "decodebin2" (state-changed): GstMessageStateChanged, old-state=(GstState)null, new-state=(GstState)ready, pending-state=(GstState)void-pending;
Got message #250 from element "typefind" (state-changed): GstMessageStateChanged, old-state=(GstState)null, new-state=(GstState)ready, pending-state=(GstState)void-pending;
Got message #251 from element "decodebin1" (state-changed): GstMessageStateChanged, old-state=(GstState)null, new-state=(GstState)ready, pending-state=(GstState)void-pending;
Got message #252 from element "typefind" (state-changed): GstMessageStateChanged, old-state=(GstState)null, new-state=(GstState)ready, pending-state=(GstState)void-pending;
Got message #253 from element "decodebin0" (state-changed): GstMessageStateChanged, old-state=(GstState)null, new-state=(GstState)ready, pending-state=(GstState)void-pending;
Got message #254 from element "urisourcebin13" (state-changed): GstMessageStateChanged, old-state=(GstState)null, new-state=(GstState)ready, pending-state=(GstState)void-pending;
Got message #255 from element "urisourcebin12" (state-changed): GstMessageStateChanged, old-state=(GstState)null, new-state=(GstState)ready, pending-state=(GstState)void-pending;
Got message #256 from element "urisourcebin11" (state-changed): GstMessageStateChanged, old-state=(GstState)null, new-state=(GstState)ready, pending-state=(GstState)void-pending;
Got message #257 from element "urisourcebin10" (state-changed): GstMessageStateChanged, old-state=(GstState)null, new-state=(GstState)ready, pending-state=(GstState)void-pending;
Got message #258 from element "urisourcebin9" (state-changed): GstMessageStateChanged, old-state=(GstState)null, new-state=(GstState)ready, pending-state=(GstState)void-pending;
Got message #259 from element "urisourcebin8" (state-changed): GstMessageStateChanged, old-state=(GstState)null, new-state=(GstState)ready, pending-state=(GstState)void-pending;
Got message #260 from element "urisourcebin7" (state-changed): GstMessageStateChanged, old-state=(GstState)null, new-state=(GstState)ready, pending-state=(GstState)void-pending;
Got message #261 from element "urisourcebin6" (state-changed): GstMessageStateChanged, old-state=(GstState)null, new-state=(GstState)ready, pending-state=(GstState)void-pending;
Got message #262 from element "urisourcebin5" (state-changed): GstMessageStateChanged, old-state=(GstState)null, new-state=(GstState)ready, pending-state=(GstState)void-pending;
Got message #263 from element "urisourcebin4" (state-changed): GstMessageStateChanged, old-state=(GstState)null, new-state=(GstState)ready, pending-state=(GstState)void-pending;
Got message #264 from element "urisourcebin3" (state-changed): GstMessageStateChanged, old-state=(GstState)null, new-state=(GstState)ready, pending-state=(GstState)void-pending;
Got message #265 from element "urisourcebin2" (state-changed): GstMessageStateChanged, old-state=(GstState)null, new-state=(GstState)ready, pending-state=(GstState)void-pending;
Got message #266 from element "urisourcebin1" (state-changed): GstMessageStateChanged, old-state=(GstState)null, new-state=(GstState)ready, pending-state=(GstState)void-pending;
Got message #267 from element "urisourcebin0" (state-changed): GstMessageStateChanged, old-state=(GstState)null, new-state=(GstState)ready, pending-state=(GstState)void-pending;
Got message #268 from element "pipeline0" (state-changed): GstMessageStateChanged, old-state=(GstState)null, new-state=(GstState)ready, pending-state=(GstState)paused;
Got message #269 from element "fakesink13" (latency): no message details
Redistribute latency...
Got message #270 from element "fakesink13" (state-changed): GstMessageStateChanged, old-state=(GstState)ready, new-state=(GstState)paused, pending-state=(GstState)void-pending;
Got message #271 from element "fakesink12" (latency): no message details
Redistribute latency...
Got message #272 from element "fakesink12" (state-changed): GstMessageStateChanged, old-state=(GstState)ready, new-state=(GstState)paused, pending-state=(GstState)void-pending;
Got message #273 from element "fakesink11" (latency): no message details
Redistribute latency...
Got message #274 from element "fakesink11" (state-changed): GstMessageStateChanged, old-state=(GstState)ready, new-state=(GstState)paused, pending-state=(GstState)void-pending;
Got message #275 from element "fakesink10" (latency): no message details
Redistribute latency...
Got message #276 from element "fakesink10" (state-changed): GstMessageStateChanged, old-state=(GstState)ready, new-state=(GstState)paused, pending-state=(GstState)void-pending;
Got message #277 from element "fakesink9" (latency): no message details
Redistribute latency...
Got message #278 from element "fakesink9" (state-changed): GstMessageStateChanged, old-state=(GstState)ready, new-state=(GstState)paused, pending-state=(GstState)void-pending;
Got message #279 from element "fakesink8" (latency): no message details
Redistribute latency...
Got message #280 from element "fakesink8" (state-changed): GstMessageStateChanged, old-state=(GstState)ready, new-state=(GstState)paused, pending-state=(GstState)void-pending;
Got message #281 from element "fakesink7" (latency): no message details
Redistribute latency...
Got message #282 from element "fakesink7" (state-changed): GstMessageStateChanged, old-state=(GstState)ready, new-state=(GstState)paused, pending-state=(GstState)void-pending;
Got message #283 from element "fakesink6" (latency): no message details
Redistribute latency...
Got message #284 from element "fakesink6" (state-changed): GstMessageStateChanged, old-state=(GstState)ready, new-state=(GstState)paused, pending-state=(GstState)void-pending;
Got message #285 from element "fakesink5" (latency): no message details
Redistribute latency...
Got message #286 from element "fakesink5" (state-changed): GstMessageStateChanged, old-state=(GstState)ready, new-state=(GstState)paused, pending-state=(GstState)void-pending;
Got message #287 from element "fakesink4" (latency): no message details
Redistribute latency...
Got message #288 from element "fakesink4" (state-changed): GstMessageStateChanged, old-state=(GstState)ready, new-state=(GstState)paused, pending-state=(GstState)void-pending;
Got message #289 from element "fakesink3" (latency): no message details
Redistribute latency...
Got message #290 from element "fakesink3" (state-changed): GstMessageStateChanged, old-state=(GstState)ready, new-state=(GstState)paused, pending-state=(GstState)void-pending;
Got message #291 from element "fakesink2" (latency): no message details
Redistribute latency...
Got message #292 from element "fakesink2" (state-changed): GstMessageStateChanged, old-state=(GstState)ready, new-state=(GstState)paused, pending-state=(GstState)void-pending;
Got message #293 from element "fakesink1" (latency): no message details
Redistribute latency...
Got message #294 from element "fakesink1" (state-changed): GstMessageStateChanged, old-state=(GstState)ready, new-state=(GstState)paused, pending-state=(GstState)void-pending;
Got message #295 from element "fakesink0" (latency): no message details
Redistribute latency...
Got message #296 from element "fakesink0" (state-changed): GstMessageStateChanged, old-state=(GstState)ready, new-state=(GstState)paused, pending-state=(GstState)void-pending;
Got message #297 from pad "queue30:src" (stream-status): GstMessageStreamStatus, type=(GstStreamStatusType)create, owner=(GstElement)"\(GstQueue\)\ queue30", object=(GstTask)"\(GstTask\)\ queue30:src";
Got message #298 from element "queue30" (state-changed): GstMessageStateChanged, old-state=(GstState)ready, new-state=(GstState)paused, pending-state=(GstState)void-pending;
Got message #299 from pad "queue29:src" (stream-status): GstMessageStreamStatus, type=(GstStreamStatusType)create, owner=(GstElement)"\(GstQueue\)\ queue29", object=(GstTask)"\(GstTask\)\ queue29:src";
Got message #300 from element "queue29" (state-changed): GstMessageStateChanged, old-state=(GstState)ready, new-state=(GstState)paused, pending-state=(GstState)void-pending;
Got message #301 from pad "queue28:src" (stream-status): GstMessageStreamStatus, type=(GstStreamStatusType)create, owner=(GstElement)"\(GstQueue\)\ queue28", object=(GstTask)"\(GstTask\)\ queue28:src";
Got message #302 from pad "queue30:src" (stream-status): GstMessageStreamStatus, type=(GstStreamStatusType)enter, owner=(GstElement)"\(GstQueue\)\ queue30", object=(GstTask)"\(GstTask\)\ queue30:src";
Got message #303 from element "queue28" (state-changed): GstMessageStateChanged, old-state=(GstState)ready, new-state=(GstState)paused, pending-state=(GstState)void-pending;
Got message #304 from pad "queue27:src" (stream-status): GstMessageStreamStatus, type=(GstStreamStatusType)create, owner=(GstElement)"\(GstQueue\)\ queue27", object=(GstTask)"\(GstTask\)\ queue27:src";
Got message #305 from pad "queue29:src" (stream-status): GstMessageStreamStatus, type=(GstStreamStatusType)enter, owner=(GstElement)"\(GstQueue\)\ queue29", object=(GstTask)"\(GstTask\)\ queue29:src";
Got message #306 from element "queue27" (state-changed): GstMessageStateChanged, old-state=(GstState)ready, new-state=(GstState)paused, pending-state=(GstState)void-pending;
Got message #307 from pad "queue26:src" (stream-status): GstMessageStreamStatus, type=(GstStreamStatusType)create, owner=(GstElement)"\(GstQueue\)\ queue26", object=(GstTask)"\(GstTask\)\ queue26:src";
Got message #308 from pad "queue28:src" (stream-status): GstMessageStreamStatus, type=(GstStreamStatusType)enter, owner=(GstElement)"\(GstQueue\)\ queue28", object=(GstTask)"\(GstTask\)\ queue28:src";
Got message #309 from element "queue26" (state-changed): GstMessageStateChanged, old-state=(GstState)ready, new-state=(GstState)paused, pending-state=(GstState)void-pending;
Got message #310 from pad "queue27:src" (stream-status): GstMessageStreamStatus, type=(GstStreamStatusType)enter, owner=(GstElement)"\(GstQueue\)\ queue27", object=(GstTask)"\(GstTask\)\ queue27:src";
Got message #311 from pad "queue25:src" (stream-status): GstMessageStreamStatus, type=(GstStreamStatusType)create, owner=(GstElement)"\(GstQueue\)\ queue25", object=(GstTask)"\(GstTask\)\ queue25:src";
Got message #312 from element "queue25" (state-changed): GstMessageStateChanged, old-state=(GstState)ready, new-state=(GstState)paused, pending-state=(GstState)void-pending;
Got message #313 from pad "queue24:src" (stream-status): GstMessageStreamStatus, type=(GstStreamStatusType)create, owner=(GstElement)"\(GstQueue\)\ queue24", object=(GstTask)"\(GstTask\)\ queue24:src";
Got message #314 from pad "queue26:src" (stream-status): GstMessageStreamStatus, type=(GstStreamStatusType)enter, owner=(GstElement)"\(GstQueue\)\ queue26", object=(GstTask)"\(GstTask\)\ queue26:src";
Got message #315 from element "queue24" (state-changed): GstMessageStateChanged, old-state=(GstState)ready, new-state=(GstState)paused, pending-state=(GstState)void-pending;
Got message #316 from pad "queue23:src" (stream-status): GstMessageStreamStatus, type=(GstStreamStatusType)create, owner=(GstElement)"\(GstQueue\)\ queue23", object=(GstTask)"\(GstTask\)\ queue23:src";
Got message #317 from pad "queue25:src" (stream-status): GstMessageStreamStatus, type=(GstStreamStatusType)enter, owner=(GstElement)"\(GstQueue\)\ queue25", object=(GstTask)"\(GstTask\)\ queue25:src";
Got message #318 from element "queue23" (state-changed): GstMessageStateChanged, old-state=(GstState)ready, new-state=(GstState)paused, pending-state=(GstState)void-pending;
Got message #319 from pad "queue22:src" (stream-status): GstMessageStreamStatus, type=(GstStreamStatusType)create, owner=(GstElement)"\(GstQueue\)\ queue22", object=(GstTask)"\(GstTask\)\ queue22:src";
Got message #320 from pad "queue24:src" (stream-status): GstMessageStreamStatus, type=(GstStreamStatusType)enter, owner=(GstElement)"\(GstQueue\)\ queue24", object=(GstTask)"\(GstTask\)\ queue24:src";
Got message #321 from element "queue22" (state-changed): GstMessageStateChanged, old-state=(GstState)ready, new-state=(GstState)paused, pending-state=(GstState)void-pending;
Got message #322 from pad "queue21:src" (stream-status): GstMessageStreamStatus, type=(GstStreamStatusType)create, owner=(GstElement)"\(GstQueue\)\ queue21", object=(GstTask)"\(GstTask\)\ queue21:src";
Got message #323 from pad "queue23:src" (stream-status): GstMessageStreamStatus, type=(GstStreamStatusType)enter, owner=(GstElement)"\(GstQueue\)\ queue23", object=(GstTask)"\(GstTask\)\ queue23:src";
Got message #324 from element "queue21" (state-changed): GstMessageStateChanged, old-state=(GstState)ready, new-state=(GstState)paused, pending-state=(GstState)void-pending;
Got message #325 from pad "queue20:src" (stream-status): GstMessageStreamStatus, type=(GstStreamStatusType)create, owner=(GstElement)"\(GstQueue\)\ queue20", object=(GstTask)"\(GstTask\)\ queue20:src";
Got message #326 from element "queue20" (state-changed): GstMessageStateChanged, old-state=(GstState)ready, new-state=(GstState)paused, pending-state=(GstState)void-pending;
Got message #327 from pad "queue19:src" (stream-status): GstMessageStreamStatus, type=(GstStreamStatusType)create, owner=(GstElement)"\(GstQueue\)\ queue19", object=(GstTask)"\(GstTask\)\ queue19:src";
Got message #328 from pad "queue22:src" (stream-status): GstMessageStreamStatus, type=(GstStreamStatusType)enter, owner=(GstElement)"\(GstQueue\)\ queue22", object=(GstTask)"\(GstTask\)\ queue22:src";
Got message #329 from element "queue19" (state-changed): GstMessageStateChanged, old-state=(GstState)ready, new-state=(GstState)paused, pending-state=(GstState)void-pending;
Got message #330 from pad "queue18:src" (stream-status): GstMessageStreamStatus, type=(GstStreamStatusType)create, owner=(GstElement)"\(GstQueue\)\ queue18", object=(GstTask)"\(GstTask\)\ queue18:src";
Got message #331 from pad "queue21:src" (stream-status): GstMessageStreamStatus, type=(GstStreamStatusType)enter, owner=(GstElement)"\(GstQueue\)\ queue21", object=(GstTask)"\(GstTask\)\ queue21:src";
Got message #332 from element "queue18" (state-changed): GstMessageStateChanged, old-state=(GstState)ready, new-state=(GstState)paused, pending-state=(GstState)void-pending;
Got message #333 from pad "queue17:src" (stream-status): GstMessageStreamStatus, type=(GstStreamStatusType)create, owner=(GstElement)"\(GstQueue\)\ queue17", object=(GstTask)"\(GstTask\)\ queue17:src";
Got message #334 from pad "queue20:src" (stream-status): GstMessageStreamStatus, type=(GstStreamStatusType)enter, owner=(GstElement)"\(GstQueue\)\ queue20", object=(GstTask)"\(GstTask\)\ queue20:src";
Got message #335 from element "queue17" (state-changed): GstMessageStateChanged, old-state=(GstState)ready, new-state=(GstState)paused, pending-state=(GstState)void-pending;
Got message #336 from element "out" (state-changed): GstMessageStateChanged, old-state=(GstState)ready, new-state=(GstState)paused, pending-state=(GstState)void-pending;
Got message #337 from pad "queue19:src" (stream-status): GstMessageStreamStatus, type=(GstStreamStatusType)enter, owner=(GstElement)"\(GstQueue\)\ queue19", object=(GstTask)"\(GstTask\)\ queue19:src";
Got message #338 from pad "queue16:src" (stream-status): GstMessageStreamStatus, type=(GstStreamStatusType)create, owner=(GstElement)"\(GstQueue\)\ queue16", object=(GstTask)"\(GstTask\)\ queue16:src";
Got message #339 from pad "queue18:src" (stream-status): GstMessageStreamStatus, type=(GstStreamStatusType)enter, owner=(GstElement)"\(GstQueue\)\ queue18", object=(GstTask)"\(GstTask\)\ queue18:src";
Got message #340 from element "queue16" (state-changed): GstMessageStateChanged, old-state=(GstState)ready, new-state=(GstState)paused, pending-state=(GstState)void-pending;
Got message #341 from pad "queue17:src" (stream-status): GstMessageStreamStatus, type=(GstStreamStatusType)enter, owner=(GstElement)"\(GstQueue\)\ queue17", object=(GstTask)"\(GstTask\)\ queue17:src";
Got message #342 from element "dxpostprocess0" (state-changed): GstMessageStateChanged, old-state=(GstState)ready, new-state=(GstState)paused, pending-state=(GstState)void-pending;
Got message #343 from pad "queue16:src" (stream-status): GstMessageStreamStatus, type=(GstStreamStatusType)enter, owner=(GstElement)"\(GstQueue\)\ queue16", object=(GstTask)"\(GstTask\)\ queue16:src";
Got message #344 from pad "queue15:src" (stream-status): GstMessageStreamStatus, type=(GstStreamStatusType)create, owner=(GstElement)"\(GstQueue\)\ queue15", object=(GstTask)"\(GstTask\)\ queue15:src";
Got message #345 from element "queue15" (state-changed): GstMessageStateChanged, old-state=(GstState)ready, new-state=(GstState)paused, pending-state=(GstState)void-pending;
Got message #346 from pad "queue15:src" (stream-status): GstMessageStreamStatus, type=(GstStreamStatusType)enter, owner=(GstElement)"\(GstQueue\)\ queue15", object=(GstTask)"\(GstTask\)\ queue15:src";
Got message #347 from element "dxinfer0" (state-changed): GstMessageStateChanged, old-state=(GstState)ready, new-state=(GstState)paused, pending-state=(GstState)void-pending;
Got message #348 from pad "queue14:src" (stream-status): GstMessageStreamStatus, type=(GstStreamStatusType)create, owner=(GstElement)"\(GstQueue\)\ queue14", object=(GstTask)"\(GstTask\)\ queue14:src";
Got message #349 from element "queue14" (state-changed): GstMessageStateChanged, old-state=(GstState)ready, new-state=(GstState)paused, pending-state=(GstState)void-pending;
Got message #350 from element "dxpreprocess0" (state-changed): GstMessageStateChanged, old-state=(GstState)ready, new-state=(GstState)paused, pending-state=(GstState)void-pending;
Got message #351 from pad "queue14:src" (stream-status): GstMessageStreamStatus, type=(GstStreamStatusType)enter, owner=(GstElement)"\(GstQueue\)\ queue14", object=(GstTask)"\(GstTask\)\ queue14:src";
Got message #352 from pad "in:src" (stream-status): GstMessageStreamStatus, type=(GstStreamStatusType)create, owner=(GstElement)"\(GstDxInputSelector\)\ in", object=(GstTask)"\(GstTask\)\ in:src";
Got message #353 from pad "in:src" (stream-status): GstMessageStreamStatus, type=(GstStreamStatusType)enter, owner=(GstElement)"\(GstDxInputSelector\)\ in", object=(GstTask)"\(GstTask\)\ in:src";
Got message #354 from element "in" (state-changed): GstMessageStateChanged, old-state=(GstState)ready, new-state=(GstState)paused, pending-state=(GstState)void-pending;
Got message #355 from pad "queue0:src" (stream-status): GstMessageStreamStatus, type=(GstStreamStatusType)create, owner=(GstElement)"\(GstQueue\)\ queue0", object=(GstTask)"\(GstTask\)\ queue0:src";
Got message #356 from element "queue0" (state-changed): GstMessageStateChanged, old-state=(GstState)ready, new-state=(GstState)paused, pending-state=(GstState)void-pending;
Got message #357 from pad "queue1:src" (stream-status): GstMessageStreamStatus, type=(GstStreamStatusType)create, owner=(GstElement)"\(GstQueue\)\ queue1", object=(GstTask)"\(GstTask\)\ queue1:src";
Got message #358 from element "queue1" (state-changed): GstMessageStateChanged, old-state=(GstState)ready, new-state=(GstState)paused, pending-state=(GstState)void-pending;
Got message #359 from pad "queue2:src" (stream-status): GstMessageStreamStatus, type=(GstStreamStatusType)create, owner=(GstElement)"\(GstQueue\)\ queue2", object=(GstTask)"\(GstTask\)\ queue2:src";
Got message #360 from pad "queue0:src" (stream-status): GstMessageStreamStatus, type=(GstStreamStatusType)enter, owner=(GstElement)"\(GstQueue\)\ queue0", object=(GstTask)"\(GstTask\)\ queue0:src";
Got message #361 from element "queue2" (state-changed): GstMessageStateChanged, old-state=(GstState)ready, new-state=(GstState)paused, pending-state=(GstState)void-pending;
Got message #362 from pad "queue3:src" (stream-status): GstMessageStreamStatus, type=(GstStreamStatusType)create, owner=(GstElement)"\(GstQueue\)\ queue3", object=(GstTask)"\(GstTask\)\ queue3:src";
Got message #363 from pad "queue1:src" (stream-status): GstMessageStreamStatus, type=(GstStreamStatusType)enter, owner=(GstElement)"\(GstQueue\)\ queue1", object=(GstTask)"\(GstTask\)\ queue1:src";
Got message #364 from element "queue3" (state-changed): GstMessageStateChanged, old-state=(GstState)ready, new-state=(GstState)paused, pending-state=(GstState)void-pending;
Got message #365 from pad "queue2:src" (stream-status): GstMessageStreamStatus, type=(GstStreamStatusType)enter, owner=(GstElement)"\(GstQueue\)\ queue2", object=(GstTask)"\(GstTask\)\ queue2:src";
Got message #366 from pad "queue4:src" (stream-status): GstMessageStreamStatus, type=(GstStreamStatusType)create, owner=(GstElement)"\(GstQueue\)\ queue4", object=(GstTask)"\(GstTask\)\ queue4:src";
Got message #367 from element "queue4" (state-changed): GstMessageStateChanged, old-state=(GstState)ready, new-state=(GstState)paused, pending-state=(GstState)void-pending;
Got message #368 from pad "queue3:src" (stream-status): GstMessageStreamStatus, type=(GstStreamStatusType)enter, owner=(GstElement)"\(GstQueue\)\ queue3", object=(GstTask)"\(GstTask\)\ queue3:src";
Got message #369 from pad "queue5:src" (stream-status): GstMessageStreamStatus, type=(GstStreamStatusType)create, owner=(GstElement)"\(GstQueue\)\ queue5", object=(GstTask)"\(GstTask\)\ queue5:src";
Got message #370 from element "queue5" (state-changed): GstMessageStateChanged, old-state=(GstState)ready, new-state=(GstState)paused, pending-state=(GstState)void-pending;
Got message #371 from pad "queue6:src" (stream-status): GstMessageStreamStatus, type=(GstStreamStatusType)create, owner=(GstElement)"\(GstQueue\)\ queue6", object=(GstTask)"\(GstTask\)\ queue6:src";
Got message #372 from pad "queue4:src" (stream-status): GstMessageStreamStatus, type=(GstStreamStatusType)enter, owner=(GstElement)"\(GstQueue\)\ queue4", object=(GstTask)"\(GstTask\)\ queue4:src";
Got message #373 from element "queue6" (state-changed): GstMessageStateChanged, old-state=(GstState)ready, new-state=(GstState)paused, pending-state=(GstState)void-pending;
Got message #374 from pad "queue7:src" (stream-status): GstMessageStreamStatus, type=(GstStreamStatusType)create, owner=(GstElement)"\(GstQueue\)\ queue7", object=(GstTask)"\(GstTask\)\ queue7:src";
Got message #375 from pad "queue5:src" (stream-status): GstMessageStreamStatus, type=(GstStreamStatusType)enter, owner=(GstElement)"\(GstQueue\)\ queue5", object=(GstTask)"\(GstTask\)\ queue5:src";
Got message #376 from element "queue7" (state-changed): GstMessageStateChanged, old-state=(GstState)ready, new-state=(GstState)paused, pending-state=(GstState)void-pending;
Got message #377 from pad "queue8:src" (stream-status): GstMessageStreamStatus, type=(GstStreamStatusType)create, owner=(GstElement)"\(GstQueue\)\ queue8", object=(GstTask)"\(GstTask\)\ queue8:src";
Got message #378 from pad "queue6:src" (stream-status): GstMessageStreamStatus, type=(GstStreamStatusType)enter, owner=(GstElement)"\(GstQueue\)\ queue6", object=(GstTask)"\(GstTask\)\ queue6:src";
Got message #379 from element "queue8" (state-changed): GstMessageStateChanged, old-state=(GstState)ready, new-state=(GstState)paused, pending-state=(GstState)void-pending;
Got message #380 from pad "queue9:src" (stream-status): GstMessageStreamStatus, type=(GstStreamStatusType)create, owner=(GstElement)"\(GstQueue\)\ queue9", object=(GstTask)"\(GstTask\)\ queue9:src";
Got message #381 from pad "queue7:src" (stream-status): GstMessageStreamStatus, type=(GstStreamStatusType)enter, owner=(GstElement)"\(GstQueue\)\ queue7", object=(GstTask)"\(GstTask\)\ queue7:src";
Got message #382 from element "queue9" (state-changed): GstMessageStateChanged, old-state=(GstState)ready, new-state=(GstState)paused, pending-state=(GstState)void-pending;
Got message #383 from pad "queue10:src" (stream-status): GstMessageStreamStatus, type=(GstStreamStatusType)create, owner=(GstElement)"\(GstQueue\)\ queue10", object=(GstTask)"\(GstTask\)\ queue10:src";
Got message #384 from pad "queue8:src" (stream-status): GstMessageStreamStatus, type=(GstStreamStatusType)enter, owner=(GstElement)"\(GstQueue\)\ queue8", object=(GstTask)"\(GstTask\)\ queue8:src";
Got message #385 from element "queue10" (state-changed): GstMessageStateChanged, old-state=(GstState)ready, new-state=(GstState)paused, pending-state=(GstState)void-pending;
Got message #386 from pad "queue11:src" (stream-status): GstMessageStreamStatus, type=(GstStreamStatusType)create, owner=(GstElement)"\(GstQueue\)\ queue11", object=(GstTask)"\(GstTask\)\ queue11:src";
Got message #387 from pad "queue9:src" (stream-status): GstMessageStreamStatus, type=(GstStreamStatusType)enter, owner=(GstElement)"\(GstQueue\)\ queue9", object=(GstTask)"\(GstTask\)\ queue9:src";
Got message #388 from element "queue11" (state-changed): GstMessageStateChanged, old-state=(GstState)ready, new-state=(GstState)paused, pending-state=(GstState)void-pending;
Got message #389 from pad "queue12:src" (stream-status): GstMessageStreamStatus, type=(GstStreamStatusType)create, owner=(GstElement)"\(GstQueue\)\ queue12", object=(GstTask)"\(GstTask\)\ queue12:src";
Got message #390 from pad "queue10:src" (stream-status): GstMessageStreamStatus, type=(GstStreamStatusType)enter, owner=(GstElement)"\(GstQueue\)\ queue10", object=(GstTask)"\(GstTask\)\ queue10:src";
Got message #391 from element "queue12" (state-changed): GstMessageStateChanged, old-state=(GstState)ready, new-state=(GstState)paused, pending-state=(GstState)void-pending;
Got message #392 from pad "queue13:src" (stream-status): GstMessageStreamStatus, type=(GstStreamStatusType)create, owner=(GstElement)"\(GstQueue\)\ queue13", object=(GstTask)"\(GstTask\)\ queue13:src";
Got message #393 from pad "queue11:src" (stream-status): GstMessageStreamStatus, type=(GstStreamStatusType)enter, owner=(GstElement)"\(GstQueue\)\ queue11", object=(GstTask)"\(GstTask\)\ queue11:src";
Got message #394 from element "queue13" (state-changed): GstMessageStateChanged, old-state=(GstState)ready, new-state=(GstState)paused, pending-state=(GstState)void-pending;
Got message #395 from pad "queue12:src" (stream-status): GstMessageStreamStatus, type=(GstStreamStatusType)enter, owner=(GstElement)"\(GstQueue\)\ queue12", object=(GstTask)"\(GstTask\)\ queue12:src";
Got message #398 from pad "queue13:src" (stream-status): GstMessageStreamStatus, type=(GstStreamStatusType)enter, owner=(GstElement)"\(GstQueue\)\ queue13", object=(GstTask)"\(GstTask\)\ queue13:src";
Got message #399 from element "typefind" (state-changed): GstMessageStateChanged, old-state=(GstState)ready, new-state=(GstState)paused, pending-state=(GstState)void-pending;
Got message #402 from element "typefind" (state-changed): GstMessageStateChanged, old-state=(GstState)ready, new-state=(GstState)paused, pending-state=(GstState)void-pending;
Got message #405 from element "typefind" (state-changed): GstMessageStateChanged, old-state=(GstState)ready, new-state=(GstState)paused, pending-state=(GstState)void-pending;
Got message #408 from element "typefind" (state-changed): GstMessageStateChanged, old-state=(GstState)ready, new-state=(GstState)paused, pending-state=(GstState)void-pending;
Got message #411 from element "typefind" (state-changed): GstMessageStateChanged, old-state=(GstState)ready, new-state=(GstState)paused, pending-state=(GstState)void-pending;
Got message #414 from element "typefind" (state-changed): GstMessageStateChanged, old-state=(GstState)ready, new-state=(GstState)paused, pending-state=(GstState)void-pending;
Got message #417 from element "typefind" (state-changed): GstMessageStateChanged, old-state=(GstState)ready, new-state=(GstState)paused, pending-state=(GstState)void-pending;
Got message #420 from element "typefind" (state-changed): GstMessageStateChanged, old-state=(GstState)ready, new-state=(GstState)paused, pending-state=(GstState)void-pending;
Got message #423 from element "typefind" (state-changed): GstMessageStateChanged, old-state=(GstState)ready, new-state=(GstState)paused, pending-state=(GstState)void-pending;
Got message #426 from element "typefind" (state-changed): GstMessageStateChanged, old-state=(GstState)ready, new-state=(GstState)paused, pending-state=(GstState)void-pending;
Got message #429 from element "typefind" (state-changed): GstMessageStateChanged, old-state=(GstState)ready, new-state=(GstState)paused, pending-state=(GstState)void-pending;
Got message #432 from element "typefind" (state-changed): GstMessageStateChanged, old-state=(GstState)ready, new-state=(GstState)paused, pending-state=(GstState)void-pending;
Got message #435 from element "typefind" (state-changed): GstMessageStateChanged, old-state=(GstState)ready, new-state=(GstState)paused, pending-state=(GstState)void-pending;
Got message #438 from element "typefind" (state-changed): GstMessageStateChanged, old-state=(GstState)ready, new-state=(GstState)paused, pending-state=(GstState)void-pending;
Got message #440 from element "urisourcebin13" (property-notify): GstMessagePropertyNotify, property-name=(string)source, property-value=(GstElement)"\(GstFileSrc\)\ filesrc0";
/GstPipeline:pipeline0/GstURISourceBin:urisourcebin13: source = "\(GstFileSrc\)\ filesrc0"
Got message #444 from element "typefindelement0" (state-changed): GstMessageStateChanged, old-state=(GstState)null, new-state=(GstState)ready, pending-state=(GstState)paused;
Got message #447 from pad "typefindelement0:sink" (stream-status): GstMessageStreamStatus, type=(GstStreamStatusType)create, owner=(GstElement)"\(GstTypeFindElement\)\ typefindelement0", object=(GstTask)"\(GstTask\)\ typefindelement0:sink";
Got message #448 from element "typefindelement0" (state-changed): GstMessageStateChanged, old-state=(GstState)ready, new-state=(GstState)paused, pending-state=(GstState)void-pending;
Got message #449 from element "filesrc0" (state-changed): GstMessageStateChanged, old-state=(GstState)null, new-state=(GstState)ready, pending-state=(GstState)paused;
Got message #450 from element "filesrc0" (state-changed): GstMessageStateChanged, old-state=(GstState)ready, new-state=(GstState)paused, pending-state=(GstState)void-pending;
Got message #451 from element "urisourcebin13" (state-changed): GstMessageStateChanged, old-state=(GstState)ready, new-state=(GstState)paused, pending-state=(GstState)void-pending;
Got message #452 from pad "typefindelement0:sink" (stream-status): GstMessageStreamStatus, type=(GstStreamStatusType)enter, owner=(GstElement)"\(GstTypeFindElement\)\ typefindelement0", object=(GstTask)"\(GstTask\)\ typefindelement0:sink";
Got message #455 from element "urisourcebin12" (property-notify): GstMessagePropertyNotify, property-name=(string)source, property-value=(GstElement)"\(GstFileSrc\)\ filesrc1";
/GstPipeline:pipeline0/GstURISourceBin:urisourcebin12: source = "\(GstFileSrc\)\ filesrc1"
Got message #459 from element "typefindelement1" (state-changed): GstMessageStateChanged, old-state=(GstState)null, new-state=(GstState)ready, pending-state=(GstState)paused;
Got message #462 from pad "typefindelement1:sink" (stream-status): GstMessageStreamStatus, type=(GstStreamStatusType)create, owner=(GstElement)"\(GstTypeFindElement\)\ typefindelement1", object=(GstTask)"\(GstTask\)\ typefindelement1:sink";
Got message #463 from element "typefindelement1" (state-changed): GstMessageStateChanged, old-state=(GstState)ready, new-state=(GstState)paused, pending-state=(GstState)void-pending;
Got message #464 from element "filesrc1" (state-changed): GstMessageStateChanged, old-state=(GstState)null, new-state=(GstState)ready, pending-state=(GstState)paused;
Got message #465 from element "filesrc1" (state-changed): GstMessageStateChanged, old-state=(GstState)ready, new-state=(GstState)paused, pending-state=(GstState)void-pending;
Got message #466 from element "urisourcebin12" (state-changed): GstMessageStateChanged, old-state=(GstState)ready, new-state=(GstState)paused, pending-state=(GstState)void-pending;
Got message #467 from pad "typefindelement1:sink" (stream-status): GstMessageStreamStatus, type=(GstStreamStatusType)enter, owner=(GstElement)"\(GstTypeFindElement\)\ typefindelement1", object=(GstTask)"\(GstTask\)\ typefindelement1:sink";
Got message #470 from element "urisourcebin11" (property-notify): GstMessagePropertyNotify, property-name=(string)source, property-value=(GstElement)"\(GstFileSrc\)\ filesrc2";
/GstPipeline:pipeline0/GstURISourceBin:urisourcebin11: source = "\(GstFileSrc\)\ filesrc2"
Got message #474 from element "typefindelement2" (state-changed): GstMessageStateChanged, old-state=(GstState)null, new-state=(GstState)ready, pending-state=(GstState)paused;
Got message #477 from pad "typefindelement2:sink" (stream-status): GstMessageStreamStatus, type=(GstStreamStatusType)create, owner=(GstElement)"\(GstTypeFindElement\)\ typefindelement2", object=(GstTask)"\(GstTask\)\ typefindelement2:sink";
Got message #478 from element "typefindelement2" (state-changed): GstMessageStateChanged, old-state=(GstState)ready, new-state=(GstState)paused, pending-state=(GstState)void-pending;
Got message #479 from element "filesrc2" (state-changed): GstMessageStateChanged, old-state=(GstState)null, new-state=(GstState)ready, pending-state=(GstState)paused;
Got message #480 from element "filesrc2" (state-changed): GstMessageStateChanged, old-state=(GstState)ready, new-state=(GstState)paused, pending-state=(GstState)void-pending;
Got message #481 from element "urisourcebin11" (state-changed): GstMessageStateChanged, old-state=(GstState)ready, new-state=(GstState)paused, pending-state=(GstState)void-pending;
Got message #482 from pad "typefindelement2:sink" (stream-status): GstMessageStreamStatus, type=(GstStreamStatusType)enter, owner=(GstElement)"\(GstTypeFindElement\)\ typefindelement2", object=(GstTask)"\(GstTask\)\ typefindelement2:sink";
Got message #485 from element "urisourcebin10" (property-notify): GstMessagePropertyNotify, property-name=(string)source, property-value=(GstElement)"\(GstFileSrc\)\ filesrc3";
/GstPipeline:pipeline0/GstURISourceBin:urisourcebin10: source = "\(GstFileSrc\)\ filesrc3"
Got message #489 from element "typefindelement3" (state-changed): GstMessageStateChanged, old-state=(GstState)null, new-state=(GstState)ready, pending-state=(GstState)paused;
Got message #492 from pad "typefindelement3:sink" (stream-status): GstMessageStreamStatus, type=(GstStreamStatusType)create, owner=(GstElement)"\(GstTypeFindElement\)\ typefindelement3", object=(GstTask)"\(GstTask\)\ typefindelement3:sink";
Got message #493 from element "typefindelement3" (state-changed): GstMessageStateChanged, old-state=(GstState)ready, new-state=(GstState)paused, pending-state=(GstState)void-pending;
Got message #494 from element "filesrc3" (state-changed): GstMessageStateChanged, old-state=(GstState)null, new-state=(GstState)ready, pending-state=(GstState)paused;
Got message #495 from element "filesrc3" (state-changed): GstMessageStateChanged, old-state=(GstState)ready, new-state=(GstState)paused, pending-state=(GstState)void-pending;
Got message #496 from element "urisourcebin10" (state-changed): GstMessageStateChanged, old-state=(GstState)ready, new-state=(GstState)paused, pending-state=(GstState)void-pending;
Got message #497 from pad "typefindelement3:sink" (stream-status): GstMessageStreamStatus, type=(GstStreamStatusType)enter, owner=(GstElement)"\(GstTypeFindElement\)\ typefindelement3", object=(GstTask)"\(GstTask\)\ typefindelement3:sink";
Got message #500 from element "urisourcebin9" (property-notify): GstMessagePropertyNotify, property-name=(string)source, property-value=(GstElement)"\(GstFileSrc\)\ filesrc4";
/GstPipeline:pipeline0/GstURISourceBin:urisourcebin9: source = "\(GstFileSrc\)\ filesrc4"
Got message #504 from element "typefindelement4" (state-changed): GstMessageStateChanged, old-state=(GstState)null, new-state=(GstState)ready, pending-state=(GstState)paused;
Got message #507 from pad "typefindelement4:sink" (stream-status): GstMessageStreamStatus, type=(GstStreamStatusType)create, owner=(GstElement)"\(GstTypeFindElement\)\ typefindelement4", object=(GstTask)"\(GstTask\)\ typefindelement4:sink";
Got message #508 from element "typefindelement4" (state-changed): GstMessageStateChanged, old-state=(GstState)ready, new-state=(GstState)paused, pending-state=(GstState)void-pending;
Got message #509 from element "filesrc4" (state-changed): GstMessageStateChanged, old-state=(GstState)null, new-state=(GstState)ready, pending-state=(GstState)paused;
Got message #510 from element "filesrc4" (state-changed): GstMessageStateChanged, old-state=(GstState)ready, new-state=(GstState)paused, pending-state=(GstState)void-pending;
Got message #511 from element "urisourcebin9" (state-changed): GstMessageStateChanged, old-state=(GstState)ready, new-state=(GstState)paused, pending-state=(GstState)void-pending;
Got message #512 from pad "typefindelement4:sink" (stream-status): GstMessageStreamStatus, type=(GstStreamStatusType)enter, owner=(GstElement)"\(GstTypeFindElement\)\ typefindelement4", object=(GstTask)"\(GstTask\)\ typefindelement4:sink";
Got message #515 from element "urisourcebin8" (property-notify): GstMessagePropertyNotify, property-name=(string)source, property-value=(GstElement)"\(GstFileSrc\)\ filesrc5";
/GstPipeline:pipeline0/GstURISourceBin:urisourcebin8: source = "\(GstFileSrc\)\ filesrc5"
Got message #519 from element "typefindelement5" (state-changed): GstMessageStateChanged, old-state=(GstState)null, new-state=(GstState)ready, pending-state=(GstState)paused;
Got message #522 from pad "typefindelement5:sink" (stream-status): GstMessageStreamStatus, type=(GstStreamStatusType)create, owner=(GstElement)"\(GstTypeFindElement\)\ typefindelement5", object=(GstTask)"\(GstTask\)\ typefindelement5:sink";
Got message #523 from element "typefindelement5" (state-changed): GstMessageStateChanged, old-state=(GstState)ready, new-state=(GstState)paused, pending-state=(GstState)void-pending;
Got message #524 from element "filesrc5" (state-changed): GstMessageStateChanged, old-state=(GstState)null, new-state=(GstState)ready, pending-state=(GstState)paused;
Got message #525 from element "filesrc5" (state-changed): GstMessageStateChanged, old-state=(GstState)ready, new-state=(GstState)paused, pending-state=(GstState)void-pending;
Got message #526 from element "urisourcebin8" (state-changed): GstMessageStateChanged, old-state=(GstState)ready, new-state=(GstState)paused, pending-state=(GstState)void-pending;
Got message #527 from pad "typefindelement5:sink" (stream-status): GstMessageStreamStatus, type=(GstStreamStatusType)enter, owner=(GstElement)"\(GstTypeFindElement\)\ typefindelement5", object=(GstTask)"\(GstTask\)\ typefindelement5:sink";
Got message #530 from element "urisourcebin7" (property-notify): GstMessagePropertyNotify, property-name=(string)source, property-value=(GstElement)"\(GstFileSrc\)\ filesrc6";
/GstPipeline:pipeline0/GstURISourceBin:urisourcebin7: source = "\(GstFileSrc\)\ filesrc6"
Got message #534 from element "typefindelement6" (state-changed): GstMessageStateChanged, old-state=(GstState)null, new-state=(GstState)ready, pending-state=(GstState)paused;
Got message #537 from pad "typefindelement6:sink" (stream-status): GstMessageStreamStatus, type=(GstStreamStatusType)create, owner=(GstElement)"\(GstTypeFindElement\)\ typefindelement6", object=(GstTask)"\(GstTask\)\ typefindelement6:sink";
Got message #538 from element "typefindelement6" (state-changed): GstMessageStateChanged, old-state=(GstState)ready, new-state=(GstState)paused, pending-state=(GstState)void-pending;
Got message #539 from element "filesrc6" (state-changed): GstMessageStateChanged, old-state=(GstState)null, new-state=(GstState)ready, pending-state=(GstState)paused;
Got message #540 from element "filesrc6" (state-changed): GstMessageStateChanged, old-state=(GstState)ready, new-state=(GstState)paused, pending-state=(GstState)void-pending;
Got message #541 from element "urisourcebin7" (state-changed): GstMessageStateChanged, old-state=(GstState)ready, new-state=(GstState)paused, pending-state=(GstState)void-pending;
Got message #542 from pad "typefindelement6:sink" (stream-status): GstMessageStreamStatus, type=(GstStreamStatusType)enter, owner=(GstElement)"\(GstTypeFindElement\)\ typefindelement6", object=(GstTask)"\(GstTask\)\ typefindelement6:sink";
Got message #545 from element "urisourcebin6" (property-notify): GstMessagePropertyNotify, property-name=(string)source, property-value=(GstElement)"\(GstFileSrc\)\ filesrc7";
/GstPipeline:pipeline0/GstURISourceBin:urisourcebin6: source = "\(GstFileSrc\)\ filesrc7"
Got message #549 from element "typefindelement7" (state-changed): GstMessageStateChanged, old-state=(GstState)null, new-state=(GstState)ready, pending-state=(GstState)paused;
Got message #552 from pad "typefindelement7:sink" (stream-status): GstMessageStreamStatus, type=(GstStreamStatusType)create, owner=(GstElement)"\(GstTypeFindElement\)\ typefindelement7", object=(GstTask)"\(GstTask\)\ typefindelement7:sink";
Got message #553 from element "typefindelement7" (state-changed): GstMessageStateChanged, old-state=(GstState)ready, new-state=(GstState)paused, pending-state=(GstState)void-pending;
Got message #554 from element "filesrc7" (state-changed): GstMessageStateChanged, old-state=(GstState)null, new-state=(GstState)ready, pending-state=(GstState)paused;
Got message #555 from element "filesrc7" (state-changed): GstMessageStateChanged, old-state=(GstState)ready, new-state=(GstState)paused, pending-state=(GstState)void-pending;
Got message #556 from element "urisourcebin6" (state-changed): GstMessageStateChanged, old-state=(GstState)ready, new-state=(GstState)paused, pending-state=(GstState)void-pending;
Got message #557 from pad "typefindelement7:sink" (stream-status): GstMessageStreamStatus, type=(GstStreamStatusType)enter, owner=(GstElement)"\(GstTypeFindElement\)\ typefindelement7", object=(GstTask)"\(GstTask\)\ typefindelement7:sink";
Got message #560 from element "urisourcebin5" (property-notify): GstMessagePropertyNotify, property-name=(string)source, property-value=(GstElement)"\(GstFileSrc\)\ filesrc8";
/GstPipeline:pipeline0/GstURISourceBin:urisourcebin5: source = "\(GstFileSrc\)\ filesrc8"
Got message #564 from element "typefindelement8" (state-changed): GstMessageStateChanged, old-state=(GstState)null, new-state=(GstState)ready, pending-state=(GstState)paused;
Got message #567 from pad "typefindelement8:sink" (stream-status): GstMessageStreamStatus, type=(GstStreamStatusType)create, owner=(GstElement)"\(GstTypeFindElement\)\ typefindelement8", object=(GstTask)"\(GstTask\)\ typefindelement8:sink";
Got message #568 from element "typefindelement8" (state-changed): GstMessageStateChanged, old-state=(GstState)ready, new-state=(GstState)paused, pending-state=(GstState)void-pending;
Got message #569 from element "filesrc8" (state-changed): GstMessageStateChanged, old-state=(GstState)null, new-state=(GstState)ready, pending-state=(GstState)paused;
Got message #570 from element "filesrc8" (state-changed): GstMessageStateChanged, old-state=(GstState)ready, new-state=(GstState)paused, pending-state=(GstState)void-pending;
Got message #571 from element "urisourcebin5" (state-changed): GstMessageStateChanged, old-state=(GstState)ready, new-state=(GstState)paused, pending-state=(GstState)void-pending;
Got message #572 from pad "typefindelement8:sink" (stream-status): GstMessageStreamStatus, type=(GstStreamStatusType)enter, owner=(GstElement)"\(GstTypeFindElement\)\ typefindelement8", object=(GstTask)"\(GstTask\)\ typefindelement8:sink";
Got message #575 from element "urisourcebin4" (property-notify): GstMessagePropertyNotify, property-name=(string)source, property-value=(GstElement)"\(GstFileSrc\)\ filesrc9";
/GstPipeline:pipeline0/GstURISourceBin:urisourcebin4: source = "\(GstFileSrc\)\ filesrc9"
Got message #579 from element "typefindelement9" (state-changed): GstMessageStateChanged, old-state=(GstState)null, new-state=(GstState)ready, pending-state=(GstState)paused;
Got message #582 from pad "typefindelement9:sink" (stream-status): GstMessageStreamStatus, type=(GstStreamStatusType)create, owner=(GstElement)"\(GstTypeFindElement\)\ typefindelement9", object=(GstTask)"\(GstTask\)\ typefindelement9:sink";
Got message #583 from element "typefindelement9" (state-changed): GstMessageStateChanged, old-state=(GstState)ready, new-state=(GstState)paused, pending-state=(GstState)void-pending;
Got message #584 from element "filesrc9" (state-changed): GstMessageStateChanged, old-state=(GstState)null, new-state=(GstState)ready, pending-state=(GstState)paused;
Got message #585 from element "filesrc9" (state-changed): GstMessageStateChanged, old-state=(GstState)ready, new-state=(GstState)paused, pending-state=(GstState)void-pending;
Got message #586 from element "urisourcebin4" (state-changed): GstMessageStateChanged, old-state=(GstState)ready, new-state=(GstState)paused, pending-state=(GstState)void-pending;
Got message #587 from pad "typefindelement9:sink" (stream-status): GstMessageStreamStatus, type=(GstStreamStatusType)enter, owner=(GstElement)"\(GstTypeFindElement\)\ typefindelement9", object=(GstTask)"\(GstTask\)\ typefindelement9:sink";
Got message #590 from element "urisourcebin3" (property-notify): GstMessagePropertyNotify, property-name=(string)source, property-value=(GstElement)"\(GstFileSrc\)\ filesrc10";
/GstPipeline:pipeline0/GstURISourceBin:urisourcebin3: source = "\(GstFileSrc\)\ filesrc10"
Got message #594 from element "typefindelement10" (state-changed): GstMessageStateChanged, old-state=(GstState)null, new-state=(GstState)ready, pending-state=(GstState)paused;
Got message #597 from pad "typefindelement10:sink" (stream-status): GstMessageStreamStatus, type=(GstStreamStatusType)create, owner=(GstElement)"\(GstTypeFindElement\)\ typefindelement10", object=(GstTask)"\(GstTask\)\ typefindelement10:sink";
Got message #599 from pad "typefindelement9:src" (property-notify): GstMessagePropertyNotify, property-name=(string)caps, property-value=(GstCaps)"video/quicktime\,\ variant\=\(string\)iso";
/GstPipeline:pipeline0/GstURISourceBin:urisourcebin4/GstTypeFindElement:typefindelement9.GstPad:src: caps = video/quicktime, variant=(string)iso
Got message #600 from element "typefindelement10" (state-changed): GstMessageStateChanged, old-state=(GstState)ready, new-state=(GstState)paused, pending-state=(GstState)void-pending;
Got message #601 from element "filesrc10" (state-changed): GstMessageStateChanged, old-state=(GstState)null, new-state=(GstState)ready, pending-state=(GstState)paused;
Got message #602 from element "filesrc10" (state-changed): GstMessageStateChanged, old-state=(GstState)ready, new-state=(GstState)paused, pending-state=(GstState)void-pending;
Got message #603 from element "urisourcebin3" (state-changed): GstMessageStateChanged, old-state=(GstState)ready, new-state=(GstState)paused, pending-state=(GstState)void-pending;
Got message #604 from pad "typefindelement10:sink" (stream-status): GstMessageStreamStatus, type=(GstStreamStatusType)enter, owner=(GstElement)"\(GstTypeFindElement\)\ typefindelement10", object=(GstTask)"\(GstTask\)\ typefindelement10:sink";
Got message #613 from element "urisourcebin2" (property-notify): GstMessagePropertyNotify, property-name=(string)source, property-value=(GstElement)"\(GstFileSrc\)\ filesrc11";
/GstPipeline:pipeline0/GstURISourceBin:urisourcebin2: source = "\(GstFileSrc\)\ filesrc11"
Got message #614 from pad "urisourcebin4:src_0" (property-notify): GstMessagePropertyNotify, property-name=(string)caps, property-value=(GstCaps)"video/quicktime\,\ variant\=\(string\)iso";
/GstPipeline:pipeline0/GstURISourceBin:urisourcebin4.GstGhostPad:src_0: caps = video/quicktime, variant=(string)iso
Got message #615 from pad "sink:proxypad4" (property-notify): GstMessagePropertyNotify, property-name=(string)caps, property-value=(GstCaps)"video/quicktime\,\ variant\=\(string\)iso";
/GstPipeline:pipeline0/GstDecodeBin:decodebin4.GstGhostPad:sink.GstProxyPad:proxypad4: caps = video/quicktime, variant=(string)iso
Got message #617 from pad "typefind:src" (property-notify): GstMessagePropertyNotify, property-name=(string)caps, property-value=(GstCaps)"video/quicktime\,\ variant\=\(string\)iso";
/GstPipeline:pipeline0/GstDecodeBin:decodebin4/GstTypeFindElement:typefind.GstPad:src: caps = video/quicktime, variant=(string)iso
Got message #624 from element "typefindelement11" (state-changed): GstMessageStateChanged, old-state=(GstState)null, new-state=(GstState)ready, pending-state=(GstState)paused;
Got message #628 from pad "typefindelement11:sink" (stream-status): GstMessageStreamStatus, type=(GstStreamStatusType)create, owner=(GstElement)"\(GstTypeFindElement\)\ typefindelement11", object=(GstTask)"\(GstTask\)\ typefindelement11:sink";
Got message #629 from pad "typefindelement10:src" (property-notify): GstMessagePropertyNotify, property-name=(string)caps, property-value=(GstCaps)"video/quicktime\,\ variant\=\(string\)iso";
/GstPipeline:pipeline0/GstURISourceBin:urisourcebin3/GstTypeFindElement:typefindelement10.GstPad:src: caps = video/quicktime, variant=(string)iso
Got message #630 from element "typefindelement11" (state-changed): GstMessageStateChanged, old-state=(GstState)ready, new-state=(GstState)paused, pending-state=(GstState)void-pending;
Got message #631 from element "filesrc11" (state-changed): GstMessageStateChanged, old-state=(GstState)null, new-state=(GstState)ready, pending-state=(GstState)paused;
Got message #632 from element "filesrc11" (state-changed): GstMessageStateChanged, old-state=(GstState)ready, new-state=(GstState)paused, pending-state=(GstState)void-pending;
Got message #633 from element "urisourcebin2" (state-changed): GstMessageStateChanged, old-state=(GstState)ready, new-state=(GstState)paused, pending-state=(GstState)void-pending;
Got message #640 from pad "typefindelement11:sink" (stream-status): GstMessageStreamStatus, type=(GstStreamStatusType)enter, owner=(GstElement)"\(GstTypeFindElement\)\ typefindelement11", object=(GstTask)"\(GstTask\)\ typefindelement11:sink";
Got message #641 from pad "urisourcebin3:src_0" (property-notify): GstMessagePropertyNotify, property-name=(string)caps, property-value=(GstCaps)"video/quicktime\,\ variant\=\(string\)iso";
/GstPipeline:pipeline0/GstURISourceBin:urisourcebin3.GstGhostPad:src_0: caps = video/quicktime, variant=(string)iso
Got message #642 from pad "sink:proxypad3" (property-notify): GstMessagePropertyNotify, property-name=(string)caps, property-value=(GstCaps)"video/quicktime\,\ variant\=\(string\)iso";
/GstPipeline:pipeline0/GstDecodeBin:decodebin3.GstGhostPad:sink.GstProxyPad:proxypad3: caps = video/quicktime, variant=(string)iso
Got message #645 from pad "typefind:src" (property-notify): GstMessagePropertyNotify, property-name=(string)caps, property-value=(GstCaps)"video/quicktime\,\ variant\=\(string\)iso";
/GstPipeline:pipeline0/GstDecodeBin:decodebin3/GstTypeFindElement:typefind.GstPad:src: caps = video/quicktime, variant=(string)iso
Got message #650 from pad "typefindelement11:src" (property-notify): GstMessagePropertyNotify, property-name=(string)caps, property-value=(GstCaps)"video/quicktime\,\ variant\=\(string\)iso";
/GstPipeline:pipeline0/GstURISourceBin:urisourcebin2/GstTypeFindElement:typefindelement11.GstPad:src: caps = video/quicktime, variant=(string)iso
Got message #657 from pad "urisourcebin2:src_0" (property-notify): GstMessagePropertyNotify, property-name=(string)caps, property-value=(GstCaps)"video/quicktime\,\ variant\=\(string\)iso";
/GstPipeline:pipeline0/GstURISourceBin:urisourcebin2.GstGhostPad:src_0: caps = video/quicktime, variant=(string)iso
Got message #658 from pad "sink:proxypad2" (property-notify): GstMessagePropertyNotify, property-name=(string)caps, property-value=(GstCaps)"video/quicktime\,\ variant\=\(string\)iso";
/GstPipeline:pipeline0/GstDecodeBin:decodebin2.GstGhostPad:sink.GstProxyPad:proxypad2: caps = video/quicktime, variant=(string)iso
Got message #660 from pad "typefind:src" (property-notify): GstMessagePropertyNotify, property-name=(string)caps, property-value=(GstCaps)"video/quicktime\,\ variant\=\(string\)iso";
/GstPipeline:pipeline0/GstDecodeBin:decodebin2/GstTypeFindElement:typefind.GstPad:src: caps = video/quicktime, variant=(string)iso
Got message #665 from element "urisourcebin1" (property-notify): GstMessagePropertyNotify, property-name=(string)source, property-value=(GstElement)"\(GstFileSrc\)\ filesrc12";
/GstPipeline:pipeline0/GstURISourceBin:urisourcebin1: source = "\(GstFileSrc\)\ filesrc12"
Got message #669 from element "typefindelement12" (state-changed): GstMessageStateChanged, old-state=(GstState)null, new-state=(GstState)ready, pending-state=(GstState)paused;
Got message #672 from pad "typefindelement12:sink" (stream-status): GstMessageStreamStatus, type=(GstStreamStatusType)create, owner=(GstElement)"\(GstTypeFindElement\)\ typefindelement12", object=(GstTask)"\(GstTask\)\ typefindelement12:sink";
Got message #673 from element "typefindelement12" (state-changed): GstMessageStateChanged, old-state=(GstState)ready, new-state=(GstState)paused, pending-state=(GstState)void-pending;
Got message #674 from element "filesrc12" (state-changed): GstMessageStateChanged, old-state=(GstState)null, new-state=(GstState)ready, pending-state=(GstState)paused;
Got message #675 from element "filesrc12" (state-changed): GstMessageStateChanged, old-state=(GstState)ready, new-state=(GstState)paused, pending-state=(GstState)void-pending;
Got message #676 from element "urisourcebin1" (state-changed): GstMessageStateChanged, old-state=(GstState)ready, new-state=(GstState)paused, pending-state=(GstState)void-pending;
Got message #677 from pad "typefindelement12:sink" (stream-status): GstMessageStreamStatus, type=(GstStreamStatusType)enter, owner=(GstElement)"\(GstTypeFindElement\)\ typefindelement12", object=(GstTask)"\(GstTask\)\ typefindelement12:sink";
Got message #679 from pad "typefindelement0:src" (property-notify): GstMessagePropertyNotify, property-name=(string)caps, property-value=(GstCaps)"video/quicktime\,\ variant\=\(string\)iso";
/GstPipeline:pipeline0/GstURISourceBin:urisourcebin13/GstTypeFindElement:typefindelement0.GstPad:src: caps = video/quicktime, variant=(string)iso
Got message #686 from pad "typefindelement7:src" (property-notify): GstMessagePropertyNotify, property-name=(string)caps, property-value=(GstCaps)"video/quicktime\,\ variant\=\(string\)iso";
/GstPipeline:pipeline0/GstURISourceBin:urisourcebin6/GstTypeFindElement:typefindelement7.GstPad:src: caps = video/quicktime, variant=(string)iso
Got message #687 from pad "typefindelement3:src" (property-notify): GstMessagePropertyNotify, property-name=(string)caps, property-value=(GstCaps)"video/quicktime\,\ variant\=\(string\)iso";
/GstPipeline:pipeline0/GstURISourceBin:urisourcebin10/GstTypeFindElement:typefindelement3.GstPad:src: caps = video/quicktime, variant=(string)iso
Got message #688 from pad "typefindelement3:src" (property-notify): GstMessagePropertyNotify, property-name=(string)caps, property-value=(GstCaps)"video/quicktime\,\ variant\=\(string\)iso";
/GstPipeline:pipeline0/GstURISourceBin:urisourcebin10/GstTypeFindElement:typefindelement3.GstPad:src: caps = video/quicktime, variant=(string)iso
Got message #689 from pad "typefindelement8:src" (property-notify): GstMessagePropertyNotify, property-name=(string)caps, property-value=(GstCaps)"video/quicktime\,\ variant\=\(string\)iso";
/GstPipeline:pipeline0/GstURISourceBin:urisourcebin5/GstTypeFindElement:typefindelement8.GstPad:src: caps = video/quicktime, variant=(string)iso
Got message #692 from pad "typefindelement1:src" (property-notify): GstMessagePropertyNotify, property-name=(string)caps, property-value=(GstCaps)"video/quicktime\,\ variant\=\(string\)iso";
/GstPipeline:pipeline0/GstURISourceBin:urisourcebin12/GstTypeFindElement:typefindelement1.GstPad:src: caps = video/quicktime, variant=(string)iso
Got message #697 from pad "typefindelement1:src" (property-notify): GstMessagePropertyNotify, property-name=(string)caps, property-value=(GstCaps)"video/quicktime\,\ variant\=\(string\)iso";
/GstPipeline:pipeline0/GstURISourceBin:urisourcebin12/GstTypeFindElement:typefindelement1.GstPad:src: caps = video/quicktime, variant=(string)iso
Got message #715 from pad "typefindelement12:src" (property-notify): GstMessagePropertyNotify, property-name=(string)caps, property-value=(GstCaps)"video/quicktime\,\ variant\=\(string\)iso";
/GstPipeline:pipeline0/GstURISourceBin:urisourcebin1/GstTypeFindElement:typefindelement12.GstPad:src: caps = video/quicktime, variant=(string)iso
Got message #718 from pad "sink:proxypad9" (property-notify): GstMessagePropertyNotify, property-name=(string)caps, property-value=(GstCaps)"video/quicktime\,\ variant\=\(string\)iso";
/GstPipeline:pipeline0/GstDecodeBin:decodebin9.GstGhostPad:sink.GstProxyPad:proxypad9: caps = video/quicktime, variant=(string)iso
Got message #728 from pad "urisourcebin5:src_0" (property-notify): GstMessagePropertyNotify, property-name=(string)caps, property-value=(GstCaps)"video/quicktime\,\ variant\=\(string\)iso";
/GstPipeline:pipeline0/GstURISourceBin:urisourcebin5.GstGhostPad:src_0: caps = video/quicktime, variant=(string)iso
Got message #731 from pad "typefind:src" (property-notify): GstMessagePropertyNotify, property-name=(string)caps, property-value=(GstCaps)"video/quicktime\,\ variant\=\(string\)iso";
/GstPipeline:pipeline0/GstDecodeBin:decodebin9/GstTypeFindElement:typefind.GstPad:src: caps = video/quicktime, variant=(string)iso
Got message #736 from pad "sink:proxypad5" (property-notify): GstMessagePropertyNotify, property-name=(string)caps, property-value=(GstCaps)"video/quicktime\,\ variant\=\(string\)iso";
/GstPipeline:pipeline0/GstDecodeBin:decodebin5.GstGhostPad:sink.GstProxyPad:proxypad5: caps = video/quicktime, variant=(string)iso
Got message #743 from pad "typefind:src" (property-notify): GstMessagePropertyNotify, property-name=(string)caps, property-value=(GstCaps)"video/quicktime\,\ variant\=\(string\)iso";
/GstPipeline:pipeline0/GstDecodeBin:decodebin5/GstTypeFindElement:typefind.GstPad:src: caps = video/quicktime, variant=(string)iso
Got message #748 from pad "urisourcebin8:src_0" (property-notify): GstMessagePropertyNotify, property-name=(string)caps, property-value=(GstCaps)"video/quicktime\,\ variant\=\(string\)iso";
/GstPipeline:pipeline0/GstURISourceBin:urisourcebin8.GstGhostPad:src_0: caps = video/quicktime, variant=(string)iso
Got message #752 from pad "urisourcebin13:src_0" (property-notify): GstMessagePropertyNotify, property-name=(string)caps, property-value=(GstCaps)"video/quicktime\,\ variant\=\(string\)iso";
/GstPipeline:pipeline0/GstURISourceBin:urisourcebin13.GstGhostPad:src_0: caps = video/quicktime, variant=(string)iso
Got message #755 from pad "urisourcebin12:src_0" (property-notify): GstMessagePropertyNotify, property-name=(string)caps, property-value=(GstCaps)"video/quicktime\,\ variant\=\(string\)iso";
/GstPipeline:pipeline0/GstURISourceBin:urisourcebin12.GstGhostPad:src_0: caps = video/quicktime, variant=(string)iso
Got message #757 from pad "urisourcebin12:src_0" (property-notify): GstMessagePropertyNotify, property-name=(string)caps, property-value=(GstCaps)"video/quicktime\,\ variant\=\(string\)iso";
/GstPipeline:pipeline0/GstURISourceBin:urisourcebin12.GstGhostPad:src_0: caps = video/quicktime, variant=(string)iso
Got message #758 from pad "urisourcebin6:src_0" (property-notify): GstMessagePropertyNotify, property-name=(string)caps, property-value=(GstCaps)"video/quicktime\,\ variant\=\(string\)iso";
/GstPipeline:pipeline0/GstURISourceBin:urisourcebin6.GstGhostPad:src_0: caps = video/quicktime, variant=(string)iso
Got message #760 from pad "urisourcebin6:src_0" (property-notify): GstMessagePropertyNotify, property-name=(string)caps, property-value=(GstCaps)"video/quicktime\,\ variant\=\(string\)iso";
/GstPipeline:pipeline0/GstURISourceBin:urisourcebin6.GstGhostPad:src_0: caps = video/quicktime, variant=(string)iso
Got message #766 from pad "typefind:src" (property-notify): GstMessagePropertyNotify, property-name=(string)caps, property-value=(GstCaps)"video/quicktime\,\ variant\=\(string\)iso";
/GstPipeline:pipeline0/GstDecodeBin:decodebin8/GstTypeFindElement:typefind.GstPad:src: caps = video/quicktime, variant=(string)iso
Got message #768 from pad "typefind:src" (property-notify): GstMessagePropertyNotify, property-name=(string)caps, property-value=(GstCaps)"video/quicktime\,\ variant\=\(string\)iso";
/GstPipeline:pipeline0/GstDecodeBin:decodebin8/GstTypeFindElement:typefind.GstPad:src: caps = video/quicktime, variant=(string)iso
Got message #769 from pad "typefind:src" (property-notify): GstMessagePropertyNotify, property-name=(string)caps, property-value=(GstCaps)"video/quicktime\,\ variant\=\(string\)iso";
/GstPipeline:pipeline0/GstDecodeBin:decodebin8/GstTypeFindElement:typefind.GstPad:src: caps = video/quicktime, variant=(string)iso
Got message #770 from pad "typefind:src" (property-notify): GstMessagePropertyNotify, property-name=(string)caps, property-value=(GstCaps)"video/quicktime\,\ variant\=\(string\)iso";
/GstPipeline:pipeline0/GstDecodeBin:decodebin8/GstTypeFindElement:typefind.GstPad:src: caps = video/quicktime, variant=(string)iso
Got message #771 from pad "typefind:src" (property-notify): GstMessagePropertyNotify, property-name=(string)caps, property-value=(GstCaps)"video/quicktime\,\ variant\=\(string\)iso";
/GstPipeline:pipeline0/GstDecodeBin:decodebin8/GstTypeFindElement:typefind.GstPad:src: caps = video/quicktime, variant=(string)iso
Got message #781 from element "urisourcebin0" (property-notify): GstMessagePropertyNotify, property-name=(string)source, property-value=(GstElement)"\(GstFileSrc\)\ filesrc13";
/GstPipeline:pipeline0/GstURISourceBin:urisourcebin0: source = "\(GstFileSrc\)\ filesrc13"
Got message #786 from pad "sink:proxypad10" (property-notify): GstMessagePropertyNotify, property-name=(string)caps, property-value=(GstCaps)"video/quicktime\,\ variant\=\(string\)iso";
/GstPipeline:pipeline0/GstDecodeBin:decodebin10.GstGhostPad:sink.GstProxyPad:proxypad10: caps = video/quicktime, variant=(string)iso
Got message #791 from pad "typefind:src" (property-notify): GstMessagePropertyNotify, property-name=(string)caps, property-value=(GstCaps)"video/quicktime\,\ variant\=\(string\)iso";
/GstPipeline:pipeline0/GstDecodeBin:decodebin10/GstTypeFindElement:typefind.GstPad:src: caps = video/quicktime, variant=(string)iso
Got message #796 from pad "typefindelement2:src" (property-notify): GstMessagePropertyNotify, property-name=(string)caps, property-value=(GstCaps)"video/quicktime\,\ variant\=\(string\)iso";
/GstPipeline:pipeline0/GstURISourceBin:urisourcebin11/GstTypeFindElement:typefindelement2.GstPad:src: caps = video/quicktime, variant=(string)iso
Got message #804 from pad "typefindelement6:src" (property-notify): GstMessagePropertyNotify, property-name=(string)caps, property-value=(GstCaps)"video/quicktime\,\ variant\=\(string\)iso";
/GstPipeline:pipeline0/GstURISourceBin:urisourcebin7/GstTypeFindElement:typefindelement6.GstPad:src: caps = video/quicktime, variant=(string)iso
Got message #805 from pad "urisourcebin11:src_0" (property-notify): GstMessagePropertyNotify, property-name=(string)caps, property-value=(GstCaps)"video/quicktime\,\ variant\=\(string\)iso";
/GstPipeline:pipeline0/GstURISourceBin:urisourcebin11.GstGhostPad:src_0: caps = video/quicktime, variant=(string)iso
Got message #806 from pad "sink:proxypad11" (property-notify): GstMessagePropertyNotify, property-name=(string)caps, property-value=(GstCaps)"video/quicktime\,\ variant\=\(string\)iso";
/GstPipeline:pipeline0/GstDecodeBin:decodebin11.GstGhostPad:sink.GstProxyPad:proxypad11: caps = video/quicktime, variant=(string)iso
Got message #808 from pad "typefind:src" (property-notify): GstMessagePropertyNotify, property-name=(string)caps, property-value=(GstCaps)"video/quicktime\,\ variant\=\(string\)iso";
/GstPipeline:pipeline0/GstDecodeBin:decodebin11/GstTypeFindElement:typefind.GstPad:src: caps = video/quicktime, variant=(string)iso
Got message #815 from element "typefindelement13" (state-changed): GstMessageStateChanged, old-state=(GstState)null, new-state=(GstState)ready, pending-state=(GstState)paused;
Got message #818 from pad "typefindelement13:sink" (stream-status): GstMessageStreamStatus, type=(GstStreamStatusType)create, owner=(GstElement)"\(GstTypeFindElement\)\ typefindelement13", object=(GstTask)"\(GstTask\)\ typefindelement13:sink";
Got message #819 from element "typefindelement13" (state-changed): GstMessageStateChanged, old-state=(GstState)ready, new-state=(GstState)paused, pending-state=(GstState)void-pending;
Got message #820 from element "filesrc13" (state-changed): GstMessageStateChanged, old-state=(GstState)null, new-state=(GstState)ready, pending-state=(GstState)paused;
Got message #821 from element "filesrc13" (state-changed): GstMessageStateChanged, old-state=(GstState)ready, new-state=(GstState)paused, pending-state=(GstState)void-pending;
Got message #822 from element "urisourcebin0" (state-changed): GstMessageStateChanged, old-state=(GstState)ready, new-state=(GstState)paused, pending-state=(GstState)void-pending;
Got message #829 from pad "urisourcebin7:src_0" (property-notify): GstMessagePropertyNotify, property-name=(string)caps, property-value=(GstCaps)"video/quicktime\,\ variant\=\(string\)iso";
/GstPipeline:pipeline0/GstURISourceBin:urisourcebin7.GstGhostPad:src_0: caps = video/quicktime, variant=(string)iso
Got message #830 from pad "typefindelement13:sink" (stream-status): GstMessageStreamStatus, type=(GstStreamStatusType)enter, owner=(GstElement)"\(GstTypeFindElement\)\ typefindelement13", object=(GstTask)"\(GstTask\)\ typefindelement13:sink";
Got message #839 from pad "sink:proxypad7" (property-notify): GstMessagePropertyNotify, property-name=(string)caps, property-value=(GstCaps)"video/quicktime\,\ variant\=\(string\)iso";
/GstPipeline:pipeline0/GstDecodeBin:decodebin7.GstGhostPad:sink.GstProxyPad:proxypad7: caps = video/quicktime, variant=(string)iso
Got message #841 from pad "sink:proxypad7" (property-notify): GstMessagePropertyNotify, property-name=(string)caps, property-value=(GstCaps)"video/quicktime\,\ variant\=\(string\)iso";
/GstPipeline:pipeline0/GstDecodeBin:decodebin7.GstGhostPad:sink.GstProxyPad:proxypad7: caps = video/quicktime, variant=(string)iso
Got message #843 from pad "typefind:src" (property-notify): GstMessagePropertyNotify, property-name=(string)caps, property-value=(GstCaps)"video/quicktime\,\ variant\=\(string\)iso";
/GstPipeline:pipeline0/GstDecodeBin:decodebin0/GstTypeFindElement:typefind.GstPad:src: caps = video/quicktime, variant=(string)iso
Got message #844 from pad "typefind:src" (property-notify): GstMessagePropertyNotify, property-name=(string)caps, property-value=(GstCaps)"video/quicktime\,\ variant\=\(string\)iso";
/GstPipeline:pipeline0/GstDecodeBin:decodebin7/GstTypeFindElement:typefind.GstPad:src: caps = video/quicktime, variant=(string)iso
Got message #917 from element "qtdemux0" (state-changed): GstMessageStateChanged, old-state=(GstState)null, new-state=(GstState)ready, pending-state=(GstState)void-pending;
Got message #919 from element "qtdemux1" (state-changed): GstMessageStateChanged, old-state=(GstState)null, new-state=(GstState)ready, pending-state=(GstState)void-pending;
Got message #929 from element "qtdemux2" (state-changed): GstMessageStateChanged, old-state=(GstState)null, new-state=(GstState)ready, pending-state=(GstState)void-pending;
Got message #930 from pad "typefind:src" (property-notify): GstMessagePropertyNotify, property-name=(string)caps, property-value=(GstCaps)"NULL";
/GstPipeline:pipeline0/GstDecodeBin:decodebin6/GstTypeFindElement:typefind.GstPad:src: caps = NULL
Got message #934 from element "qtdemux3" (state-changed): GstMessageStateChanged, old-state=(GstState)null, new-state=(GstState)ready, pending-state=(GstState)void-pending;
Got message #936 from pad "typefind:src" (property-notify): GstMessagePropertyNotify, property-name=(string)caps, property-value=(GstCaps)"NULL";
/GstPipeline:pipeline0/GstDecodeBin:decodebin6/GstTypeFindElement:typefind.GstPad:src: caps = NULL
Got message #937 from pad "typefind:src" (property-notify): GstMessagePropertyNotify, property-name=(string)caps, property-value=(GstCaps)"NULL";
/GstPipeline:pipeline0/GstDecodeBin:decodebin6/GstTypeFindElement:typefind.GstPad:src: caps = NULL
Got message #938 from pad "typefind:src" (property-notify): GstMessagePropertyNotify, property-name=(string)caps, property-value=(GstCaps)"NULL";
/GstPipeline:pipeline0/GstDecodeBin:decodebin8/GstTypeFindElement:typefind.GstPad:src: caps = NULL
Got message #939 from pad "sink:proxypad6" (property-notify): GstMessagePropertyNotify, property-name=(string)caps, property-value=(GstCaps)"NULL";
/GstPipeline:pipeline0/GstDecodeBin:decodebin6.GstGhostPad:sink.GstProxyPad:proxypad6: caps = NULL
Got message #940 from pad "qtdemux2:sink" (stream-status): GstMessageStreamStatus, type=(GstStreamStatusType)create, owner=(GstElement)"\(GstQTDemux\)\ qtdemux2", object=(GstTask)"\(GstTask\)\ qtdemux2:sink";
Got message #941 from pad "urisourcebin6:src_0" (property-notify): GstMessagePropertyNotify, property-name=(string)caps, property-value=(GstCaps)"NULL";
/GstPipeline:pipeline0/GstURISourceBin:urisourcebin6.GstGhostPad:src_0: caps = NULL
Got message #945 from element "qtdemux4" (state-changed): GstMessageStateChanged, old-state=(GstState)null, new-state=(GstState)ready, pending-state=(GstState)void-pending;
Got message #949 from element "qtdemux6" (state-changed): GstMessageStateChanged, old-state=(GstState)null, new-state=(GstState)ready, pending-state=(GstState)void-pending;
Got message #952 from pad "typefindelement7:src" (property-notify): GstMessagePropertyNotify, property-name=(string)caps, property-value=(GstCaps)"NULL";
/GstPipeline:pipeline0/GstURISourceBin:urisourcebin6/GstTypeFindElement:typefindelement7.GstPad:src: caps = NULL
Got message #954 from element "qtdemux7" (state-changed): GstMessageStateChanged, old-state=(GstState)null, new-state=(GstState)ready, pending-state=(GstState)void-pending;
Got message #955 from element "qtdemux2" (state-changed): GstMessageStateChanged, old-state=(GstState)ready, new-state=(GstState)paused, pending-state=(GstState)void-pending;
Got message #956 from pad "typefindelement7:src" (property-notify): GstMessagePropertyNotify, property-name=(string)caps, property-value=(GstCaps)"NULL";
/GstPipeline:pipeline0/GstURISourceBin:urisourcebin6/GstTypeFindElement:typefindelement7.GstPad:src: caps = NULL
Got message #960 from element "qtdemux8" (state-changed): GstMessageStateChanged, old-state=(GstState)null, new-state=(GstState)ready, pending-state=(GstState)void-pending;
Got message #969 from pad "qtdemux2:sink" (stream-status): GstMessageStreamStatus, type=(GstStreamStatusType)enter, owner=(GstElement)"\(GstQTDemux\)\ qtdemux2", object=(GstTask)"\(GstTask\)\ qtdemux2:sink";
Got message #971 from element "qtdemux5" (state-changed): GstMessageStateChanged, old-state=(GstState)null, new-state=(GstState)ready, pending-state=(GstState)void-pending;
Got message #981 from pad "qtdemux6:sink" (stream-status): GstMessageStreamStatus, type=(GstStreamStatusType)create, owner=(GstElement)"\(GstQTDemux\)\ qtdemux6", object=(GstTask)"\(GstTask\)\ qtdemux6:sink";
Got message #982 from pad "typefindelement2:src" (property-notify): GstMessagePropertyNotify, property-name=(string)caps, property-value=(GstCaps)"NULL";
/GstPipeline:pipeline0/GstURISourceBin:urisourcebin11/GstTypeFindElement:typefindelement2.GstPad:src: caps = NULL
Got message #991 from pad "qtdemux7:sink" (stream-status): GstMessageStreamStatus, type=(GstStreamStatusType)create, owner=(GstElement)"\(GstQTDemux\)\ qtdemux7", object=(GstTask)"\(GstTask\)\ qtdemux7:sink";
Got message #996 from pad "qtdemux1:sink" (stream-status): GstMessageStreamStatus, type=(GstStreamStatusType)create, owner=(GstElement)"\(GstQTDemux\)\ qtdemux1", object=(GstTask)"\(GstTask\)\ qtdemux1:sink";
Got message #997 from pad "qtdemux3:sink" (stream-status): GstMessageStreamStatus, type=(GstStreamStatusType)create, owner=(GstElement)"\(GstQTDemux\)\ qtdemux3", object=(GstTask)"\(GstTask\)\ qtdemux3:sink";
Got message #998 from pad "typefindelement12:src" (property-notify): GstMessagePropertyNotify, property-name=(string)caps, property-value=(GstCaps)"NULL";
/GstPipeline:pipeline0/GstURISourceBin:urisourcebin1/GstTypeFindElement:typefindelement12.GstPad:src: caps = NULL
Got message #1001 from element "qtdemux9" (state-changed): GstMessageStateChanged, old-state=(GstState)null, new-state=(GstState)ready, pending-state=(GstState)void-pending;
Got message #1003 from pad "qtdemux0:sink" (stream-status): GstMessageStreamStatus, type=(GstStreamStatusType)create, owner=(GstElement)"\(GstQTDemux\)\ qtdemux0", object=(GstTask)"\(GstTask\)\ qtdemux0:sink";
Got message #1004 from pad "sink:proxypad3" (property-notify): GstMessagePropertyNotify, property-name=(string)caps, property-value=(GstCaps)"NULL";
/GstPipeline:pipeline0/GstDecodeBin:decodebin3.GstGhostPad:sink.GstProxyPad:proxypad3: caps = NULL
Got message #1005 from pad "qtdemux4:sink" (stream-status): GstMessageStreamStatus, type=(GstStreamStatusType)create, owner=(GstElement)"\(GstQTDemux\)\ qtdemux4", object=(GstTask)"\(GstTask\)\ qtdemux4:sink";
Got message #1006 from pad "typefind:src" (property-notify): GstMessagePropertyNotify, property-name=(string)caps, property-value=(GstCaps)"NULL";
/GstPipeline:pipeline0/GstDecodeBin:decodebin10/GstTypeFindElement:typefind.GstPad:src: caps = NULL
Got message #1007 from pad "typefind:src" (property-notify): GstMessagePropertyNotify, property-name=(string)caps, property-value=(GstCaps)"NULL";
/GstPipeline:pipeline0/GstDecodeBin:decodebin10/GstTypeFindElement:typefind.GstPad:src: caps = NULL
Got message #1012 from pad "typefind:src" (property-notify): GstMessagePropertyNotify, property-name=(string)caps, property-value=(GstCaps)"NULL";
/GstPipeline:pipeline0/GstDecodeBin:decodebin10/GstTypeFindElement:typefind.GstPad:src: caps = NULL
Got message #1013 from element "qtdemux6" (state-changed): GstMessageStateChanged, old-state=(GstState)ready, new-state=(GstState)paused, pending-state=(GstState)void-pending;
Got message #1015 from pad "sink:proxypad13" (property-notify): GstMessagePropertyNotify, property-name=(string)caps, property-value=(GstCaps)"NULL";
/GstPipeline:pipeline0/GstDecodeBin:decodebin13.GstGhostPad:sink.GstProxyPad:proxypad13: caps = NULL
Got message #1016 from pad "qtdemux8:sink" (stream-status): GstMessageStreamStatus, type=(GstStreamStatusType)create, owner=(GstElement)"\(GstQTDemux\)\ qtdemux8", object=(GstTask)"\(GstTask\)\ qtdemux8:sink";
Got message #1019 from pad "typefind:sink" (property-notify): GstMessagePropertyNotify, property-name=(string)caps, property-value=(GstCaps)"video/quicktime\,\ variant\=\(string\)iso";
/GstPipeline:pipeline0/GstDecodeBin:decodebin4/GstTypeFindElement:typefind.GstPad:sink: caps = video/quicktime, variant=(string)iso
Got message #1020 from pad "typefind:sink" (property-notify): GstMessagePropertyNotify, property-name=(string)caps, property-value=(GstCaps)"video/quicktime\,\ variant\=\(string\)iso";
/GstPipeline:pipeline0/GstDecodeBin:decodebin4/GstTypeFindElement:typefind.GstPad:sink: caps = video/quicktime, variant=(string)iso
Got message #1023 from pad "urisourcebin10:src_0" (property-notify): GstMessagePropertyNotify, property-name=(string)caps, property-value=(GstCaps)"NULL";
/GstPipeline:pipeline0/GstURISourceBin:urisourcebin10.GstGhostPad:src_0: caps = NULL
Got message #1025 from pad "typefindelement0:src" (property-notify): GstMessagePropertyNotify, property-name=(string)caps, property-value=(GstCaps)"NULL";
/GstPipeline:pipeline0/GstURISourceBin:urisourcebin13/GstTypeFindElement:typefindelement0.GstPad:src: caps = NULL
Got message #1026 from element "qtdemux10" (state-changed): GstMessageStateChanged, old-state=(GstState)null, new-state=(GstState)ready, pending-state=(GstState)void-pending;
Got message #1027 from pad "typefindelement3:src" (property-notify): GstMessagePropertyNotify, property-name=(string)caps, property-value=(GstCaps)"NULL";
/GstPipeline:pipeline0/GstURISourceBin:urisourcebin10/GstTypeFindElement:typefindelement3.GstPad:src: caps = NULL
Got message #1029 from pad "qtdemux9:sink" (stream-status): GstMessageStreamStatus, type=(GstStreamStatusType)create, owner=(GstElement)"\(GstQTDemux\)\ qtdemux9", object=(GstTask)"\(GstTask\)\ qtdemux9:sink";
Got message #1030 from pad "decodebin4:sink" (property-notify): GstMessagePropertyNotify, property-name=(string)caps, property-value=(GstCaps)"video/quicktime\,\ variant\=\(string\)iso";
/GstPipeline:pipeline0/GstDecodeBin:decodebin4.GstGhostPad:sink: caps = video/quicktime, variant=(string)iso
Got message #1034 from element "qtdemux11" (state-changed): GstMessageStateChanged, old-state=(GstState)null, new-state=(GstState)ready, pending-state=(GstState)void-pending;
Got message #1037 from element "qtdemux12" (state-changed): GstMessageStateChanged, old-state=(GstState)null, new-state=(GstState)ready, pending-state=(GstState)void-pending;
Got message #1038 from pad "src_0:proxypad14" (property-notify): GstMessagePropertyNotify, property-name=(string)caps, property-value=(GstCaps)"video/quicktime\,\ variant\=\(string\)iso";
/GstPipeline:pipeline0/GstURISourceBin:urisourcebin4.GstGhostPad:src_0.GstProxyPad:proxypad14: caps = video/quicktime, variant=(string)iso
Got message #1039 from pad "qtdemux5:sink" (stream-status): GstMessageStreamStatus, type=(GstStreamStatusType)create, owner=(GstElement)"\(GstQTDemux\)\ qtdemux5", object=(GstTask)"\(GstTask\)\ qtdemux5:sink";
Got message #1040 from pad "typefind:src" (property-notify): GstMessagePropertyNotify, property-name=(string)caps, property-value=(GstCaps)"NULL";
/GstPipeline:pipeline0/GstDecodeBin:decodebin0/GstTypeFindElement:typefind.GstPad:src: caps = NULL
Got message #1041 from pad "typefind:src" (property-notify): GstMessagePropertyNotify, property-name=(string)caps, property-value=(GstCaps)"NULL";
/GstPipeline:pipeline0/GstDecodeBin:decodebin0/GstTypeFindElement:typefind.GstPad:src: caps = NULL
Got message #1044 from pad "sink:proxypad9" (property-notify): GstMessagePropertyNotify, property-name=(string)caps, property-value=(GstCaps)"NULL";
/GstPipeline:pipeline0/GstDecodeBin:decodebin9.GstGhostPad:sink.GstProxyPad:proxypad9: caps = NULL
Got message #1046 from pad "sink:proxypad9" (property-notify): GstMessagePropertyNotify, property-name=(string)caps, property-value=(GstCaps)"NULL";
/GstPipeline:pipeline0/GstDecodeBin:decodebin9.GstGhostPad:sink.GstProxyPad:proxypad9: caps = NULL
Got message #1048 from pad "sink:proxypad9" (property-notify): GstMessagePropertyNotify, property-name=(string)caps, property-value=(GstCaps)"NULL";
/GstPipeline:pipeline0/GstDecodeBin:decodebin9.GstGhostPad:sink.GstProxyPad:proxypad9: caps = NULL
Got message #1047 from element "qtdemux13" (state-changed): GstMessageStateChanged, old-state=(GstState)null, new-state=(GstState)ready, pending-state=(GstState)void-pending;
Got message #1049 from pad "sink:proxypad9" (property-notify): GstMessagePropertyNotify, property-name=(string)caps, property-value=(GstCaps)"NULL";
/GstPipeline:pipeline0/GstDecodeBin:decodebin9.GstGhostPad:sink.GstProxyPad:proxypad9: caps = NULL
Got message #1050 from pad "sink:proxypad9" (property-notify): GstMessagePropertyNotify, property-name=(string)caps, property-value=(GstCaps)"NULL";
/GstPipeline:pipeline0/GstDecodeBin:decodebin9.GstGhostPad:sink.GstProxyPad:proxypad9: caps = NULL
Got message #1051 from element "qtdemux8" (state-changed): GstMessageStateChanged, old-state=(GstState)ready, new-state=(GstState)paused, pending-state=(GstState)void-pending;
Got message #1052 from pad "typefindelement13:src" (property-notify): GstMessagePropertyNotify, property-name=(string)caps, property-value=(GstCaps)"NULL";
/GstPipeline:pipeline0/GstURISourceBin:urisourcebin0/GstTypeFindElement:typefindelement13.GstPad:src: caps = NULL
Got message #1053 from pad "qtdemux6:sink" (stream-status): GstMessageStreamStatus, type=(GstStreamStatusType)enter, owner=(GstElement)"\(GstQTDemux\)\ qtdemux6", object=(GstTask)"\(GstTask\)\ qtdemux6:sink";
Got message #1054 from pad "typefindelement13:src" (property-notify): GstMessagePropertyNotify, property-name=(string)caps, property-value=(GstCaps)"NULL";
/GstPipeline:pipeline0/GstURISourceBin:urisourcebin0/GstTypeFindElement:typefindelement13.GstPad:src: caps = NULL
Got message #1056 from pad "qtdemux12:sink" (stream-status): GstMessageStreamStatus, type=(GstStreamStatusType)create, owner=(GstElement)"\(GstQTDemux\)\ qtdemux12", object=(GstTask)"\(GstTask\)\ qtdemux12:sink";
Got message #1057 from pad "typefindelement13:src" (property-notify): GstMessagePropertyNotify, property-name=(string)caps, property-value=(GstCaps)"NULL";
/GstPipeline:pipeline0/GstURISourceBin:urisourcebin0/GstTypeFindElement:typefindelement13.GstPad:src: caps = NULL
Got message #1055 from pad "qtdemux11:sink" (stream-status): GstMessageStreamStatus, type=(GstStreamStatusType)create, owner=(GstElement)"\(GstQTDemux\)\ qtdemux11", object=(GstTask)"\(GstTask\)\ qtdemux11:sink";
Got message #1058 from pad "typefindelement13:src" (property-notify): GstMessagePropertyNotify, property-name=(string)caps, property-value=(GstCaps)"NULL";
/GstPipeline:pipeline0/GstURISourceBin:urisourcebin0/GstTypeFindElement:typefindelement13.GstPad:src: caps = NULL
Got message #1059 from pad "src_0:proxypad16" (property-notify): GstMessagePropertyNotify, property-name=(string)caps, property-value=(GstCaps)"video/quicktime\,\ variant\=\(string\)iso";
/GstPipeline:pipeline0/GstURISourceBin:urisourcebin3.GstGhostPad:src_0.GstProxyPad:proxypad16: caps = video/quicktime, variant=(string)iso
Got message #1060 from pad "qtdemux10:sink" (stream-status): GstMessageStreamStatus, type=(GstStreamStatusType)create, owner=(GstElement)"\(GstQTDemux\)\ qtdemux10", object=(GstTask)"\(GstTask\)\ qtdemux10:sink";
Got message #1061 from pad "urisourcebin12:src_0" (property-notify): GstMessagePropertyNotify, property-name=(string)caps, property-value=(GstCaps)"NULL";
/GstPipeline:pipeline0/GstURISourceBin:urisourcebin12.GstGhostPad:src_0: caps = NULL
Got message #1062 from pad "typefindelement1:src" (property-notify): GstMessagePropertyNotify, property-name=(string)caps, property-value=(GstCaps)"NULL";
/GstPipeline:pipeline0/GstURISourceBin:urisourcebin12/GstTypeFindElement:typefindelement1.GstPad:src: caps = NULL
Got message #1063 from pad "qtdemux13:sink" (stream-status): GstMessageStreamStatus, type=(GstStreamStatusType)create, owner=(GstElement)"\(GstQTDemux\)\ qtdemux13", object=(GstTask)"\(GstTask\)\ qtdemux13:sink";
Got message #1064 from element "qtdemux3" (state-changed): GstMessageStateChanged, old-state=(GstState)ready, new-state=(GstState)paused, pending-state=(GstState)void-pending;
Got message #1065 from pad "typefind:sink" (property-notify): GstMessagePropertyNotify, property-name=(string)caps, property-value=(GstCaps)"video/quicktime\,\ variant\=\(string\)iso";
/GstPipeline:pipeline0/GstDecodeBin:decodebin8/GstTypeFindElement:typefind.GstPad:sink: caps = video/quicktime, variant=(string)iso
Got message #1066 from pad "qtdemux8:sink" (stream-status): GstMessageStreamStatus, type=(GstStreamStatusType)enter, owner=(GstElement)"\(GstQTDemux\)\ qtdemux8", object=(GstTask)"\(GstTask\)\ qtdemux8:sink";
Got message #1067 from pad "decodebin8:sink" (property-notify): GstMessagePropertyNotify, property-name=(string)caps, property-value=(GstCaps)"video/quicktime\,\ variant\=\(string\)iso";
/GstPipeline:pipeline0/GstDecodeBin:decodebin8.GstGhostPad:sink: caps = video/quicktime, variant=(string)iso
Got message #1068 from pad "src_0:proxypad25" (property-notify): GstMessagePropertyNotify, property-name=(string)caps, property-value=(GstCaps)"video/quicktime\,\ variant\=\(string\)iso";
/GstPipeline:pipeline0/GstURISourceBin:urisourcebin8.GstGhostPad:src_0.GstProxyPad:proxypad25: caps = video/quicktime, variant=(string)iso
Got message #1072 from element "qtdemux1" (state-changed): GstMessageStateChanged, old-state=(GstState)ready, new-state=(GstState)paused, pending-state=(GstState)void-pending;
Got message #1073 from pad "qtdemux3:sink" (stream-status): GstMessageStreamStatus, type=(GstStreamStatusType)enter, owner=(GstElement)"\(GstQTDemux\)\ qtdemux3", object=(GstTask)"\(GstTask\)\ qtdemux3:sink";
Got message #1074 from pad "typefind:sink" (property-notify): GstMessagePropertyNotify, property-name=(string)caps, property-value=(GstCaps)"video/quicktime\,\ variant\=\(string\)iso";
/GstPipeline:pipeline0/GstDecodeBin:decodebin11/GstTypeFindElement:typefind.GstPad:sink: caps = video/quicktime, variant=(string)iso
Got message #1075 from pad "decodebin11:sink" (property-notify): GstMessagePropertyNotify, property-name=(string)caps, property-value=(GstCaps)"video/quicktime\,\ variant\=\(string\)iso";
/GstPipeline:pipeline0/GstDecodeBin:decodebin11.GstGhostPad:sink: caps = video/quicktime, variant=(string)iso
Got message #1078 from pad "src_0:proxypad36" (property-notify): GstMessagePropertyNotify, property-name=(string)caps, property-value=(GstCaps)"video/quicktime\,\ variant\=\(string\)iso";
/GstPipeline:pipeline0/GstURISourceBin:urisourcebin11.GstGhostPad:src_0.GstProxyPad:proxypad36: caps = video/quicktime, variant=(string)iso
Got message #1080 from element "qtdemux0" (state-changed): GstMessageStateChanged, old-state=(GstState)ready, new-state=(GstState)paused, pending-state=(GstState)void-pending;
Got message #1084 from pad "qtdemux1:sink" (stream-status): GstMessageStreamStatus, type=(GstStreamStatusType)enter, owner=(GstElement)"\(GstQTDemux\)\ qtdemux1", object=(GstTask)"\(GstTask\)\ qtdemux1:sink";
Got message #1085 from pad "typefind:sink" (property-notify): GstMessagePropertyNotify, property-name=(string)caps, property-value=(GstCaps)"video/quicktime\,\ variant\=\(string\)iso";
/GstPipeline:pipeline0/GstDecodeBin:decodebin6/GstTypeFindElement:typefind.GstPad:sink: caps = video/quicktime, variant=(string)iso
Got message #1086 from pad "decodebin6:sink" (property-notify): GstMessagePropertyNotify, property-name=(string)caps, property-value=(GstCaps)"video/quicktime\,\ variant\=\(string\)iso";
/GstPipeline:pipeline0/GstDecodeBin:decodebin6.GstGhostPad:sink: caps = video/quicktime, variant=(string)iso
Got message #1087 from pad "src_0:proxypad20" (property-notify): GstMessagePropertyNotify, property-name=(string)caps, property-value=(GstCaps)"video/quicktime\,\ variant\=\(string\)iso";
/GstPipeline:pipeline0/GstURISourceBin:urisourcebin6.GstGhostPad:src_0.GstProxyPad:proxypad20: caps = video/quicktime, variant=(string)iso
Got message #1088 from element "qtdemux4" (state-changed): GstMessageStateChanged, old-state=(GstState)ready, new-state=(GstState)paused, pending-state=(GstState)void-pending;
Got message #1092 from pad "qtdemux0:sink" (stream-status): GstMessageStreamStatus, type=(GstStreamStatusType)enter, owner=(GstElement)"\(GstQTDemux\)\ qtdemux0", object=(GstTask)"\(GstTask\)\ qtdemux0:sink";
Got message #1097 from pad "typefind:sink" (property-notify): GstMessagePropertyNotify, property-name=(string)caps, property-value=(GstCaps)"video/quicktime\,\ variant\=\(string\)iso";
/GstPipeline:pipeline0/GstDecodeBin:decodebin1/GstTypeFindElement:typefind.GstPad:sink: caps = video/quicktime, variant=(string)iso
Got message #1098 from pad "decodebin1:sink" (property-notify): GstMessagePropertyNotify, property-name=(string)caps, property-value=(GstCaps)"video/quicktime\,\ variant\=\(string\)iso";
/GstPipeline:pipeline0/GstDecodeBin:decodebin1.GstGhostPad:sink: caps = video/quicktime, variant=(string)iso
Got message #1099 from pad "src_0:proxypad27" (property-notify): GstMessagePropertyNotify, property-name=(string)caps, property-value=(GstCaps)"video/quicktime\,\ variant\=\(string\)iso";
/GstPipeline:pipeline0/GstURISourceBin:urisourcebin1.GstGhostPad:src_0.GstProxyPad:proxypad27: caps = video/quicktime, variant=(string)iso
Got message #1101 from element "qtdemux7" (state-changed): GstMessageStateChanged, old-state=(GstState)ready, new-state=(GstState)paused, pending-state=(GstState)void-pending;
Got message #1103 from pad "qtdemux4:sink" (stream-status): GstMessageStreamStatus, type=(GstStreamStatusType)enter, owner=(GstElement)"\(GstQTDemux\)\ qtdemux4", object=(GstTask)"\(GstTask\)\ qtdemux4:sink";
Got message #1105 from pad "typefind:sink" (property-notify): GstMessagePropertyNotify, property-name=(string)caps, property-value=(GstCaps)"video/quicktime\,\ variant\=\(string\)iso";
/GstPipeline:pipeline0/GstDecodeBin:decodebin2/GstTypeFindElement:typefind.GstPad:sink: caps = video/quicktime, variant=(string)iso
Got message #1106 from pad "decodebin2:sink" (property-notify): GstMessagePropertyNotify, property-name=(string)caps, property-value=(GstCaps)"video/quicktime\,\ variant\=\(string\)iso";
/GstPipeline:pipeline0/GstDecodeBin:decodebin2.GstGhostPad:sink: caps = video/quicktime, variant=(string)iso
Got message #1107 from pad "src_0:proxypad18" (property-notify): GstMessagePropertyNotify, property-name=(string)caps, property-value=(GstCaps)"video/quicktime\,\ variant\=\(string\)iso";
/GstPipeline:pipeline0/GstURISourceBin:urisourcebin2.GstGhostPad:src_0.GstProxyPad:proxypad18: caps = video/quicktime, variant=(string)iso
Got message #1115 from element "qtdemux9" (state-changed): GstMessageStateChanged, old-state=(GstState)ready, new-state=(GstState)paused, pending-state=(GstState)void-pending;
Got message #1116 from pad "typefind:sink" (property-notify): GstMessagePropertyNotify, property-name=(string)caps, property-value=(GstCaps)"video/quicktime\,\ variant\=\(string\)iso";
/GstPipeline:pipeline0/GstDecodeBin:decodebin13/GstTypeFindElement:typefind.GstPad:sink: caps = video/quicktime, variant=(string)iso
Got message #1117 from pad "decodebin13:sink" (property-notify): GstMessagePropertyNotify, property-name=(string)caps, property-value=(GstCaps)"video/quicktime\,\ variant\=\(string\)iso";
/GstPipeline:pipeline0/GstDecodeBin:decodebin13.GstGhostPad:sink: caps = video/quicktime, variant=(string)iso
Got message #1118 from pad "src_0:proxypad21" (property-notify): GstMessagePropertyNotify, property-name=(string)caps, property-value=(GstCaps)"video/quicktime\,\ variant\=\(string\)iso";
/GstPipeline:pipeline0/GstURISourceBin:urisourcebin13.GstGhostPad:src_0.GstProxyPad:proxypad21: caps = video/quicktime, variant=(string)iso
Got message #1121 from pad "multiqueue0:src_0" (stream-status): GstMessageStreamStatus, type=(GstStreamStatusType)create, owner=(GstElement)"\(GstMultiQueue\)\ multiqueue0", object=(GstTask)"\(GstTask\)\ multiqueue0:src_0";
Got message #1124 from element "qtdemux5" (state-changed): GstMessageStateChanged, old-state=(GstState)ready, new-state=(GstState)paused, pending-state=(GstState)void-pending;
Got message #1125 from pad "qtdemux7:sink" (stream-status): GstMessageStreamStatus, type=(GstStreamStatusType)enter, owner=(GstElement)"\(GstQTDemux\)\ qtdemux7", object=(GstTask)"\(GstTask\)\ qtdemux7:sink";
Got message #1126 from pad "qtdemux9:sink" (stream-status): GstMessageStreamStatus, type=(GstStreamStatusType)enter, owner=(GstElement)"\(GstQTDemux\)\ qtdemux9", object=(GstTask)"\(GstTask\)\ qtdemux9:sink";
Got message #1127 from pad "typefind:sink" (property-notify): GstMessagePropertyNotify, property-name=(string)caps, property-value=(GstCaps)"video/quicktime\,\ variant\=\(string\)iso";
/GstPipeline:pipeline0/GstDecodeBin:decodebin10/GstTypeFindElement:typefind.GstPad:sink: caps = video/quicktime, variant=(string)iso
Got message #1132 from pad "decodebin10:sink" (property-notify): GstMessagePropertyNotify, property-name=(string)caps, property-value=(GstCaps)"video/quicktime\,\ variant\=\(string\)iso";
/GstPipeline:pipeline0/GstDecodeBin:decodebin10.GstGhostPad:sink: caps = video/quicktime, variant=(string)iso
Got message #1134 from pad "src_0:proxypad24" (property-notify): GstMessagePropertyNotify, property-name=(string)caps, property-value=(GstCaps)"video/quicktime\,\ variant\=\(string\)iso";
/GstPipeline:pipeline0/GstURISourceBin:urisourcebin10.GstGhostPad:src_0.GstProxyPad:proxypad24: caps = video/quicktime, variant=(string)iso
Got message #1137 from pad "qtdemux5:sink" (stream-status): GstMessageStreamStatus, type=(GstStreamStatusType)enter, owner=(GstElement)"\(GstQTDemux\)\ qtdemux5", object=(GstTask)"\(GstTask\)\ qtdemux5:sink";
Got message #1139 from element "qtdemux12" (state-changed): GstMessageStateChanged, old-state=(GstState)ready, new-state=(GstState)paused, pending-state=(GstState)void-pending;
Got message #1140 from pad "typefind:sink" (property-notify): GstMessagePropertyNotify, property-name=(string)caps, property-value=(GstCaps)"video/quicktime\,\ variant\=\(string\)iso";
/GstPipeline:pipeline0/GstDecodeBin:decodebin9/GstTypeFindElement:typefind.GstPad:sink: caps = video/quicktime, variant=(string)iso
Got message #1145 from pad "decodebin9:sink" (property-notify): GstMessagePropertyNotify, property-name=(string)caps, property-value=(GstCaps)"video/quicktime\,\ variant\=\(string\)iso";
/GstPipeline:pipeline0/GstDecodeBin:decodebin9.GstGhostPad:sink: caps = video/quicktime, variant=(string)iso
Got message #1146 from pad "src_0:proxypad23" (property-notify): GstMessagePropertyNotify, property-name=(string)caps, property-value=(GstCaps)"video/quicktime\,\ variant\=\(string\)iso";
/GstPipeline:pipeline0/GstURISourceBin:urisourcebin9.GstGhostPad:src_0.GstProxyPad:proxypad23: caps = video/quicktime, variant=(string)iso
Got message #1148 from pad "multiqueue4:src_0" (stream-status): GstMessageStreamStatus, type=(GstStreamStatusType)create, owner=(GstElement)"\(GstMultiQueue\)\ multiqueue4", object=(GstTask)"\(GstTask\)\ multiqueue4:src_0";
Got message #1150 from pad "multiqueue3:src_0" (stream-status): GstMessageStreamStatus, type=(GstStreamStatusType)create, owner=(GstElement)"\(GstMultiQueue\)\ multiqueue3", object=(GstTask)"\(GstTask\)\ multiqueue3:src_0";
Got message #1151 from element "qtdemux11" (state-changed): GstMessageStateChanged, old-state=(GstState)ready, new-state=(GstState)paused, pending-state=(GstState)void-pending;
Got message #1154 from pad "typefind:sink" (property-notify): GstMessagePropertyNotify, property-name=(string)caps, property-value=(GstCaps)"video/quicktime\,\ variant\=\(string\)iso";
/GstPipeline:pipeline0/GstDecodeBin:decodebin7/GstTypeFindElement:typefind.GstPad:sink: caps = video/quicktime, variant=(string)iso
Got message #1155 from pad "decodebin7:sink" (property-notify): GstMessagePropertyNotify, property-name=(string)caps, property-value=(GstCaps)"video/quicktime\,\ variant\=\(string\)iso";
/GstPipeline:pipeline0/GstDecodeBin:decodebin7.GstGhostPad:sink: caps = video/quicktime, variant=(string)iso
Got message #1156 from pad "src_0:proxypad38" (property-notify): GstMessagePropertyNotify, property-name=(string)caps, property-value=(GstCaps)"video/quicktime\,\ variant\=\(string\)iso";
/GstPipeline:pipeline0/GstURISourceBin:urisourcebin7.GstGhostPad:src_0.GstProxyPad:proxypad38: caps = video/quicktime, variant=(string)iso
Got message #1165 from element "qtdemux10" (state-changed): GstMessageStateChanged, old-state=(GstState)ready, new-state=(GstState)paused, pending-state=(GstState)void-pending;
Got message #1167 from pad "qtdemux12:sink" (stream-status): GstMessageStreamStatus, type=(GstStreamStatusType)enter, owner=(GstElement)"\(GstQTDemux\)\ qtdemux12", object=(GstTask)"\(GstTask\)\ qtdemux12:sink";
Got message #1172 from pad "typefind:sink" (property-notify): GstMessagePropertyNotify, property-name=(string)caps, property-value=(GstCaps)"video/quicktime\,\ variant\=\(string\)iso";
/GstPipeline:pipeline0/GstDecodeBin:decodebin0/GstTypeFindElement:typefind.GstPad:sink: caps = video/quicktime, variant=(string)iso
Got message #1173 from pad "qtdemux10:sink" (stream-status): GstMessageStreamStatus, type=(GstStreamStatusType)enter, owner=(GstElement)"\(GstQTDemux\)\ qtdemux10", object=(GstTask)"\(GstTask\)\ qtdemux10:sink";
Got message #1174 from pad "decodebin0:sink" (property-notify): GstMessagePropertyNotify, property-name=(string)caps, property-value=(GstCaps)"video/quicktime\,\ variant\=\(string\)iso";
/GstPipeline:pipeline0/GstDecodeBin:decodebin0.GstGhostPad:sink: caps = video/quicktime, variant=(string)iso
Got message #1175 from pad "src_0:proxypad39" (property-notify): GstMessagePropertyNotify, property-name=(string)caps, property-value=(GstCaps)"video/quicktime\,\ variant\=\(string\)iso";
/GstPipeline:pipeline0/GstURISourceBin:urisourcebin0.GstGhostPad:src_0.GstProxyPad:proxypad39: caps = video/quicktime, variant=(string)iso
Got message #1176 from pad "qtdemux11:sink" (stream-status): GstMessageStreamStatus, type=(GstStreamStatusType)enter, owner=(GstElement)"\(GstQTDemux\)\ qtdemux11", object=(GstTask)"\(GstTask\)\ qtdemux11:sink";
Got message #1179 from element "qtdemux13" (state-changed): GstMessageStateChanged, old-state=(GstState)ready, new-state=(GstState)paused, pending-state=(GstState)void-pending;
Got message #1184 from pad "typefind:sink" (property-notify): GstMessagePropertyNotify, property-name=(string)caps, property-value=(GstCaps)"video/quicktime\,\ variant\=\(string\)iso";
/GstPipeline:pipeline0/GstDecodeBin:decodebin12/GstTypeFindElement:typefind.GstPad:sink: caps = video/quicktime, variant=(string)iso
Got message #1187 from pad "decodebin12:sink" (property-notify): GstMessagePropertyNotify, property-name=(string)caps, property-value=(GstCaps)"video/quicktime\,\ variant\=\(string\)iso";
/GstPipeline:pipeline0/GstDecodeBin:decodebin12.GstGhostPad:sink: caps = video/quicktime, variant=(string)iso
Got message #1189 from pad "src_0:proxypad26" (property-notify): GstMessagePropertyNotify, property-name=(string)caps, property-value=(GstCaps)"video/quicktime\,\ variant\=\(string\)iso";
/GstPipeline:pipeline0/GstURISourceBin:urisourcebin12.GstGhostPad:src_0.GstProxyPad:proxypad26: caps = video/quicktime, variant=(string)iso
Got message #1199 from pad "multiqueue0:src_0" (stream-status): GstMessageStreamStatus, type=(GstStreamStatusType)enter, owner=(GstElement)"\(GstMultiQueue\)\ multiqueue0", object=(GstTask)"\(GstTask\)\ multiqueue0:src_0";
Got message #1206 from pad "qtdemux13:sink" (stream-status): GstMessageStreamStatus, type=(GstStreamStatusType)enter, owner=(GstElement)"\(GstQTDemux\)\ qtdemux13", object=(GstTask)"\(GstTask\)\ qtdemux13:sink";
Got message #1208 from pad "multiqueue4:src_0" (property-notify): GstMessagePropertyNotify, property-name=(string)caps, property-value=(GstCaps)"video/x-h264\,\ stream-format\=\(string\)avc\,\ alignment\=\(string\)au\,\ level\=\(string\)4\,\ profile\=\(string\)high\,\ codec_data\=\(buffer\)01640028ffe1001d67640028acd940780227e5c05a808080a000007d20001d4c01e30632c001000568e93b2c8bfdf8f800\,\ width\=\(int\)1920\,\ height\=\(int\)1080\,\ framerate\=\(fraction\)30000/1001\,\ pixel-aspect-ratio\=\(fraction\)1/1\,\ colorimetry\=\(string\)bt709";
/GstPipeline:pipeline0/GstDecodeBin:decodebin11/GstMultiQueue:multiqueue4.GstMultiQueuePad:src_0: caps = video/x-h264, stream-format=(string)avc, alignment=(string)au, level=(string)4, profile=(string)high, codec_data=(buffer)01640028ffe1001d67640028acd940780227e5c05a808080a000007d20001d4c01e30632c001000568e93b2c8bfdf8f800, width=(int)1920, height=(int)1080, framerate=(fraction)30000/1001, pixel-aspect-ratio=(fraction)1/1, colorimetry=(string)bt709
Got message #1220 from pad "multiqueue5:src_0" (stream-status): GstMessageStreamStatus, type=(GstStreamStatusType)create, owner=(GstElement)"\(GstMultiQueue\)\ multiqueue5", object=(GstTask)"\(GstTask\)\ multiqueue5:src_0";
Got message #1223 from pad "multiqueue6:src_0" (stream-status): GstMessageStreamStatus, type=(GstStreamStatusType)create, owner=(GstElement)"\(GstMultiQueue\)\ multiqueue6", object=(GstTask)"\(GstTask\)\ multiqueue6:src_0";
Got message #1224 from pad "multiqueue7:src_0" (stream-status): GstMessageStreamStatus, type=(GstStreamStatusType)create, owner=(GstElement)"\(GstMultiQueue\)\ multiqueue7", object=(GstTask)"\(GstTask\)\ multiqueue7:src_0";
Got message #1225 from pad "multiqueue0:src_0" (property-notify): GstMessagePropertyNotify, property-name=(string)caps, property-value=(GstCaps)"video/x-h264\,\ stream-format\=\(string\)avc\,\ alignment\=\(string\)au\,\ level\=\(string\)4\,\ profile\=\(string\)high\,\ codec_data\=\(buffer\)01640028ffe1001d67640028acd940780227e5c05a808080a000007d20001d4c01e30632c001000568e93b2c8bfdf8f800\,\ width\=\(int\)1920\,\ height\=\(int\)1080\,\ framerate\=\(fraction\)30000/1001\,\ pixel-aspect-ratio\=\(fraction\)1/1\,\ colorimetry\=\(string\)bt709";
/GstPipeline:pipeline0/GstDecodeBin:decodebin5/GstMultiQueue:multiqueue0.GstMultiQueuePad:src_0: caps = video/x-h264, stream-format=(string)avc, alignment=(string)au, level=(string)4, profile=(string)high, codec_data=(buffer)01640028ffe1001d67640028acd940780227e5c05a808080a000007d20001d4c01e30632c001000568e93b2c8bfdf8f800, width=(int)1920, height=(int)1080, framerate=(fraction)30000/1001, pixel-aspect-ratio=(fraction)1/1, colorimetry=(string)bt709
Got message #1245 from pad "multiqueue9:src_0" (stream-status): GstMessageStreamStatus, type=(GstStreamStatusType)create, owner=(GstElement)"\(GstMultiQueue\)\ multiqueue9", object=(GstTask)"\(GstTask\)\ multiqueue9:src_0";
Got message #1269 from pad "multiqueue10:src_0" (stream-status): GstMessageStreamStatus, type=(GstStreamStatusType)create, owner=(GstElement)"\(GstMultiQueue\)\ multiqueue10", object=(GstTask)"\(GstTask\)\ multiqueue10:src_0";
Got message #1275 from pad "multiqueue11:src_0" (stream-status): GstMessageStreamStatus, type=(GstStreamStatusType)create, owner=(GstElement)"\(GstMultiQueue\)\ multiqueue11", object=(GstTask)"\(GstTask\)\ multiqueue11:src_0";
Got message #1280 from pad "multiqueue12:src_0" (stream-status): GstMessageStreamStatus, type=(GstStreamStatusType)create, owner=(GstElement)"\(GstMultiQueue\)\ multiqueue12", object=(GstTask)"\(GstTask\)\ multiqueue12:src_0";
Got message #1281 from pad "multiqueue13:src_0" (stream-status): GstMessageStreamStatus, type=(GstStreamStatusType)create, owner=(GstElement)"\(GstMultiQueue\)\ multiqueue13", object=(GstTask)"\(GstTask\)\ multiqueue13:src_0";
Got message #1286 from pad "multiqueue5:src_0" (property-notify): GstMessagePropertyNotify, property-name=(string)caps, property-value=(GstCaps)"video/x-h264\,\ stream-format\=\(string\)avc\,\ alignment\=\(string\)au\,\ level\=\(string\)4\,\ profile\=\(string\)high\,\ codec_data\=\(buffer\)01640028ffe1001d67640028acd940780227e5c05a808080a000007d20001d4c01e30632c001000568e93b2c8bfdf8f800\,\ width\=\(int\)1920\,\ height\=\(int\)1080\,\ framerate\=\(fraction\)30000/1001\,\ pixel-aspect-ratio\=\(fraction\)1/1\,\ colorimetry\=\(string\)bt709";
/GstPipeline:pipeline0/GstDecodeBin:decodebin1/GstMultiQueue:multiqueue5.GstMultiQueuePad:src_0: caps = video/x-h264, stream-format=(string)avc, alignment=(string)au, level=(string)4, profile=(string)high, codec_data=(buffer)01640028ffe1001d67640028acd940780227e5c05a808080a000007d20001d4c01e30632c001000568e93b2c8bfdf8f800, width=(int)1920, height=(int)1080, framerate=(fraction)30000/1001, pixel-aspect-ratio=(fraction)1/1, colorimetry=(string)bt709
Got message #1299 from pad "multiqueue4:src_0" (stream-status): GstMessageStreamStatus, type=(GstStreamStatusType)enter, owner=(GstElement)"\(GstMultiQueue\)\ multiqueue4", object=(GstTask)"\(GstTask\)\ multiqueue4:src_0";
Got message #1301 from pad "multiqueue6:src_0" (property-notify): GstMessagePropertyNotify, property-name=(string)caps, property-value=(GstCaps)"video/x-h264\,\ stream-format\=\(string\)avc\,\ alignment\=\(string\)au\,\ level\=\(string\)4\,\ profile\=\(string\)high\,\ codec_data\=\(buffer\)01640028ffe1001d67640028acd940780227e5c05a808080a000007d20001d4c01e30632c001000568e93b2c8bfdf8f800\,\ width\=\(int\)1920\,\ height\=\(int\)1080\,\ framerate\=\(fraction\)30000/1001\,\ pixel-aspect-ratio\=\(fraction\)1/1\,\ colorimetry\=\(string\)bt709";
/GstPipeline:pipeline0/GstDecodeBin:decodebin6/GstMultiQueue:multiqueue6.GstMultiQueuePad:src_0: caps = video/x-h264, stream-format=(string)avc, alignment=(string)au, level=(string)4, profile=(string)high, codec_data=(buffer)01640028ffe1001d67640028acd940780227e5c05a808080a000007d20001d4c01e30632c001000568e93b2c8bfdf8f800, width=(int)1920, height=(int)1080, framerate=(fraction)30000/1001, pixel-aspect-ratio=(fraction)1/1, colorimetry=(string)bt709
Got message #1308 from pad "multiqueue5:src_0" (stream-status): GstMessageStreamStatus, type=(GstStreamStatusType)enter, owner=(GstElement)"\(GstMultiQueue\)\ multiqueue5", object=(GstTask)"\(GstTask\)\ multiqueue5:src_0";
Got message #1309 from pad "multiqueue7:src_0" (property-notify): GstMessagePropertyNotify, property-name=(string)caps, property-value=(GstCaps)"video/x-h264\,\ stream-format\=\(string\)avc\,\ alignment\=\(string\)au\,\ level\=\(string\)4\,\ profile\=\(string\)high\,\ codec_data\=\(buffer\)01640028ffe1001d67640028acd940780227e5c05a808080a000007d20001d4c01e30632c001000568e93b2c8bfdf8f800\,\ width\=\(int\)1920\,\ height\=\(int\)1080\,\ framerate\=\(fraction\)30000/1001\,\ pixel-aspect-ratio\=\(fraction\)1/1\,\ colorimetry\=\(string\)bt709";
/GstPipeline:pipeline0/GstDecodeBin:decodebin13/GstMultiQueue:multiqueue7.GstMultiQueuePad:src_0: caps = video/x-h264, stream-format=(string)avc, alignment=(string)au, level=(string)4, profile=(string)high, codec_data=(buffer)01640028ffe1001d67640028acd940780227e5c05a808080a000007d20001d4c01e30632c001000568e93b2c8bfdf8f800, width=(int)1920, height=(int)1080, framerate=(fraction)30000/1001, pixel-aspect-ratio=(fraction)1/1, colorimetry=(string)bt709
Got message #1323 from pad "multiqueue3:src_0" (property-notify): GstMessagePropertyNotify, property-name=(string)caps, property-value=(GstCaps)"video/x-h264\,\ stream-format\=\(string\)avc\,\ alignment\=\(string\)au\,\ level\=\(string\)4\,\ profile\=\(string\)high\,\ codec_data\=\(buffer\)01640028ffe1001d67640028acd940780227e5c05a808080a000007d20001d4c01e30632c001000568e93b2c8bfdf8f800\,\ width\=\(int\)1920\,\ height\=\(int\)1080\,\ framerate\=\(fraction\)30000/1001\,\ pixel-aspect-ratio\=\(fraction\)1/1\,\ colorimetry\=\(string\)bt709";
/GstPipeline:pipeline0/GstDecodeBin:decodebin8/GstMultiQueue:multiqueue3.GstMultiQueuePad:src_0: caps = video/x-h264, stream-format=(string)avc, alignment=(string)au, level=(string)4, profile=(string)high, codec_data=(buffer)01640028ffe1001d67640028acd940780227e5c05a808080a000007d20001d4c01e30632c001000568e93b2c8bfdf8f800, width=(int)1920, height=(int)1080, framerate=(fraction)30000/1001, pixel-aspect-ratio=(fraction)1/1, colorimetry=(string)bt709
Got message #1325 from pad "multiqueue6:src_0" (stream-status): GstMessageStreamStatus, type=(GstStreamStatusType)enter, owner=(GstElement)"\(GstMultiQueue\)\ multiqueue6", object=(GstTask)"\(GstTask\)\ multiqueue6:src_0";
Got message #1327 from pad "multiqueue7:src_0" (stream-status): GstMessageStreamStatus, type=(GstStreamStatusType)enter, owner=(GstElement)"\(GstMultiQueue\)\ multiqueue7", object=(GstTask)"\(GstTask\)\ multiqueue7:src_0";
Got message #1343 from pad "multiqueue3:src_0" (stream-status): GstMessageStreamStatus, type=(GstStreamStatusType)enter, owner=(GstElement)"\(GstMultiQueue\)\ multiqueue3", object=(GstTask)"\(GstTask\)\ multiqueue3:src_0";
Got message #1350 from pad "multiqueue9:src_0" (stream-status): GstMessageStreamStatus, type=(GstStreamStatusType)enter, owner=(GstElement)"\(GstMultiQueue\)\ multiqueue9", object=(GstTask)"\(GstTask\)\ multiqueue9:src_0";
Got message #1351 from pad "multiqueue9:src_0" (property-notify): GstMessagePropertyNotify, property-name=(string)caps, property-value=(GstCaps)"video/x-h264\,\ stream-format\=\(string\)avc\,\ alignment\=\(string\)au\,\ level\=\(string\)4\,\ profile\=\(string\)high\,\ codec_data\=\(buffer\)01640028ffe1001d67640028acd940780227e5c05a808080a000007d20001d4c01e30632c001000568e93b2c8bfdf8f800\,\ width\=\(int\)1920\,\ height\=\(int\)1080\,\ framerate\=\(fraction\)30000/1001\,\ pixel-aspect-ratio\=\(fraction\)1/1\,\ colorimetry\=\(string\)bt709";
/GstPipeline:pipeline0/GstDecodeBin:decodebin10/GstMultiQueue:multiqueue9.GstMultiQueuePad:src_0: caps = video/x-h264, stream-format=(string)avc, alignment=(string)au, level=(string)4, profile=(string)high, codec_data=(buffer)01640028ffe1001d67640028acd940780227e5c05a808080a000007d20001d4c01e30632c001000568e93b2c8bfdf8f800, width=(int)1920, height=(int)1080, framerate=(fraction)30000/1001, pixel-aspect-ratio=(fraction)1/1, colorimetry=(string)bt709
Got message #1362 from pad "multiqueue10:src_0" (property-notify): GstMessagePropertyNotify, property-name=(string)caps, property-value=(GstCaps)"video/x-h264\,\ stream-format\=\(string\)avc\,\ alignment\=\(string\)au\,\ level\=\(string\)4\,\ profile\=\(string\)high\,\ codec_data\=\(buffer\)01640028ffe1001d67640028acd940780227e5c05a808080a000007d20001d4c01e30632c001000568e93b2c8bfdf8f800\,\ width\=\(int\)1920\,\ height\=\(int\)1080\,\ framerate\=\(fraction\)30000/1001\,\ pixel-aspect-ratio\=\(fraction\)1/1\,\ colorimetry\=\(string\)bt709";
/GstPipeline:pipeline0/GstDecodeBin:decodebin7/GstMultiQueue:multiqueue10.GstMultiQueuePad:src_0: caps = video/x-h264, stream-format=(string)avc, alignment=(string)au, level=(string)4, profile=(string)high, codec_data=(buffer)01640028ffe1001d67640028acd940780227e5c05a808080a000007d20001d4c01e30632c001000568e93b2c8bfdf8f800, width=(int)1920, height=(int)1080, framerate=(fraction)30000/1001, pixel-aspect-ratio=(fraction)1/1, colorimetry=(string)bt709
Got message #1374 from element "h264parse0" (state-changed): GstMessageStateChanged, old-state=(GstState)null, new-state=(GstState)ready, pending-state=(GstState)void-pending;
Got message #1383 from pad "multiqueue11:src_0" (property-notify): GstMessagePropertyNotify, property-name=(string)caps, property-value=(GstCaps)"video/x-h264\,\ stream-format\=\(string\)avc\,\ alignment\=\(string\)au\,\ level\=\(string\)4\,\ profile\=\(string\)high\,\ codec_data\=\(buffer\)01640028ffe1001d67640028acd940780227e5c05a808080a000007d20001d4c01e30632c001000568e93b2c8bfdf8f800\,\ width\=\(int\)1920\,\ height\=\(int\)1080\,\ framerate\=\(fraction\)30000/1001\,\ pixel-aspect-ratio\=\(fraction\)1/1\,\ colorimetry\=\(string\)bt709";
/GstPipeline:pipeline0/GstDecodeBin:decodebin9/GstMultiQueue:multiqueue11.GstMultiQueuePad:src_0: caps = video/x-h264, stream-format=(string)avc, alignment=(string)au, level=(string)4, profile=(string)high, codec_data=(buffer)01640028ffe1001d67640028acd940780227e5c05a808080a000007d20001d4c01e30632c001000568e93b2c8bfdf8f800, width=(int)1920, height=(int)1080, framerate=(fraction)30000/1001, pixel-aspect-ratio=(fraction)1/1, colorimetry=(string)bt709
Got message #1393 from element "h264parse3" (state-changed): GstMessageStateChanged, old-state=(GstState)null, new-state=(GstState)ready, pending-state=(GstState)void-pending;
Got message #1404 from element "h264parse1" (state-changed): GstMessageStateChanged, old-state=(GstState)null, new-state=(GstState)ready, pending-state=(GstState)void-pending;
Got message #1406 from element "h264parse2" (state-changed): GstMessageStateChanged, old-state=(GstState)null, new-state=(GstState)ready, pending-state=(GstState)void-pending;
Got message #1417 from element "h264parse4" (state-changed): GstMessageStateChanged, old-state=(GstState)null, new-state=(GstState)ready, pending-state=(GstState)void-pending;
Got message #1424 from element "h264parse5" (state-changed): GstMessageStateChanged, old-state=(GstState)null, new-state=(GstState)ready, pending-state=(GstState)void-pending;
Got message #1428 from pad "multiqueue10:src_0" (stream-status): GstMessageStreamStatus, type=(GstStreamStatusType)enter, owner=(GstElement)"\(GstMultiQueue\)\ multiqueue10", object=(GstTask)"\(GstTask\)\ multiqueue10:src_0";
Got message #1432 from pad "multiqueue11:src_0" (stream-status): GstMessageStreamStatus, type=(GstStreamStatusType)enter, owner=(GstElement)"\(GstMultiQueue\)\ multiqueue11", object=(GstTask)"\(GstTask\)\ multiqueue11:src_0";
Got message #1433 from pad "multiqueue12:src_0" (property-notify): GstMessagePropertyNotify, property-name=(string)caps, property-value=(GstCaps)"video/x-h264\,\ stream-format\=\(string\)avc\,\ alignment\=\(string\)au\,\ level\=\(string\)4\,\ profile\=\(string\)high\,\ codec_data\=\(buffer\)01640028ffe1001d67640028acd940780227e5c05a808080a000007d20001d4c01e30632c001000568e93b2c8bfdf8f800\,\ width\=\(int\)1920\,\ height\=\(int\)1080\,\ framerate\=\(fraction\)30000/1001\,\ pixel-aspect-ratio\=\(fraction\)1/1\,\ colorimetry\=\(string\)bt709";
/GstPipeline:pipeline0/GstDecodeBin:decodebin12/GstMultiQueue:multiqueue12.GstMultiQueuePad:src_0: caps = video/x-h264, stream-format=(string)avc, alignment=(string)au, level=(string)4, profile=(string)high, codec_data=(buffer)01640028ffe1001d67640028acd940780227e5c05a808080a000007d20001d4c01e30632c001000568e93b2c8bfdf8f800, width=(int)1920, height=(int)1080, framerate=(fraction)30000/1001, pixel-aspect-ratio=(fraction)1/1, colorimetry=(string)bt709
Got message #1447 from element "h264parse6" (state-changed): GstMessageStateChanged, old-state=(GstState)null, new-state=(GstState)ready, pending-state=(GstState)void-pending;
Got message #1450 from pad "multiqueue13:src_0" (property-notify): GstMessagePropertyNotify, property-name=(string)caps, property-value=(GstCaps)"video/x-h264\,\ stream-format\=\(string\)avc\,\ alignment\=\(string\)au\,\ level\=\(string\)4\,\ profile\=\(string\)high\,\ codec_data\=\(buffer\)01640028ffe1001d67640028acd940780227e5c05a808080a000007d20001d4c01e30632c001000568e93b2c8bfdf8f800\,\ width\=\(int\)1920\,\ height\=\(int\)1080\,\ framerate\=\(fraction\)30000/1001\,\ pixel-aspect-ratio\=\(fraction\)1/1\,\ colorimetry\=\(string\)bt709";
/GstPipeline:pipeline0/GstDecodeBin:decodebin0/GstMultiQueue:multiqueue13.GstMultiQueuePad:src_0: caps = video/x-h264, stream-format=(string)avc, alignment=(string)au, level=(string)4, profile=(string)high, codec_data=(buffer)01640028ffe1001d67640028acd940780227e5c05a808080a000007d20001d4c01e30632c001000568e93b2c8bfdf8f800, width=(int)1920, height=(int)1080, framerate=(fraction)30000/1001, pixel-aspect-ratio=(fraction)1/1, colorimetry=(string)bt709
Got message #1462 from element "h264parse7" (state-changed): GstMessageStateChanged, old-state=(GstState)null, new-state=(GstState)ready, pending-state=(GstState)void-pending;
Got message #1463 from element "h264parse8" (state-changed): GstMessageStateChanged, old-state=(GstState)null, new-state=(GstState)ready, pending-state=(GstState)void-pending;
Got message #1478 from pad "multiqueue12:src_0" (stream-status): GstMessageStreamStatus, type=(GstStreamStatusType)enter, owner=(GstElement)"\(GstMultiQueue\)\ multiqueue12", object=(GstTask)"\(GstTask\)\ multiqueue12:src_0";
Got message #1480 from pad "multiqueue1:src_0" (stream-status): GstMessageStreamStatus, type=(GstStreamStatusType)create, owner=(GstElement)"\(GstMultiQueue\)\ multiqueue1", object=(GstTask)"\(GstTask\)\ multiqueue1:src_0";
Got message #1484 from element "h264parse9" (state-changed): GstMessageStateChanged, old-state=(GstState)null, new-state=(GstState)ready, pending-state=(GstState)void-pending;
Got message #1494 from pad "multiqueue13:src_0" (stream-status): GstMessageStreamStatus, type=(GstStreamStatusType)enter, owner=(GstElement)"\(GstMultiQueue\)\ multiqueue13", object=(GstTask)"\(GstTask\)\ multiqueue13:src_0";
Got message #1495 from pad "multiqueue1:src_0" (property-notify): GstMessagePropertyNotify, property-name=(string)caps, property-value=(GstCaps)"video/x-h264\,\ stream-format\=\(string\)avc\,\ alignment\=\(string\)au\,\ level\=\(string\)4\,\ profile\=\(string\)high\,\ codec_data\=\(buffer\)01640028ffe1001d67640028acd940780227e5c05a808080a000007d20001d4c01e30632c001000568e93b2c8bfdf8f800\,\ width\=\(int\)1920\,\ height\=\(int\)1080\,\ framerate\=\(fraction\)30000/1001\,\ pixel-aspect-ratio\=\(fraction\)1/1\,\ colorimetry\=\(string\)bt709";
/GstPipeline:pipeline0/GstDecodeBin:decodebin4/GstMultiQueue:multiqueue1.GstMultiQueuePad:src_0: caps = video/x-h264, stream-format=(string)avc, alignment=(string)au, level=(string)4, profile=(string)high, codec_data=(buffer)01640028ffe1001d67640028acd940780227e5c05a808080a000007d20001d4c01e30632c001000568e93b2c8bfdf8f800, width=(int)1920, height=(int)1080, framerate=(fraction)30000/1001, pixel-aspect-ratio=(fraction)1/1, colorimetry=(string)bt709
Got message #1514 from pad "multiqueue1:src_0" (stream-status): GstMessageStreamStatus, type=(GstStreamStatusType)enter, owner=(GstElement)"\(GstMultiQueue\)\ multiqueue1", object=(GstTask)"\(GstTask\)\ multiqueue1:src_0";
Got message #1521 from element "h264parse10" (state-changed): GstMessageStateChanged, old-state=(GstState)null, new-state=(GstState)ready, pending-state=(GstState)void-pending;
Got message #1550 from element "h264parse11" (state-changed): GstMessageStateChanged, old-state=(GstState)null, new-state=(GstState)ready, pending-state=(GstState)void-pending;
Got message #1622 from element "h264parse3" (state-changed): GstMessageStateChanged, old-state=(GstState)ready, new-state=(GstState)paused, pending-state=(GstState)void-pending;
Got message #1625 from element "h264parse9" (state-changed): GstMessageStateChanged, old-state=(GstState)ready, new-state=(GstState)paused, pending-state=(GstState)void-pending;
Got message #1626 from element "h264parse10" (state-changed): GstMessageStateChanged, old-state=(GstState)ready, new-state=(GstState)paused, pending-state=(GstState)void-pending;
Got message #1627 from element "h264parse5" (state-changed): GstMessageStateChanged, old-state=(GstState)ready, new-state=(GstState)paused, pending-state=(GstState)void-pending;
Got message #1633 from element "h264parse2" (state-changed): GstMessageStateChanged, old-state=(GstState)ready, new-state=(GstState)paused, pending-state=(GstState)void-pending;
Got message #1637 from element "h264parse7" (state-changed): GstMessageStateChanged, old-state=(GstState)ready, new-state=(GstState)paused, pending-state=(GstState)void-pending;
Got message #1638 from element "h264parse11" (state-changed): GstMessageStateChanged, old-state=(GstState)ready, new-state=(GstState)paused, pending-state=(GstState)void-pending;
Got message #1641 from element "h264parse4" (state-changed): GstMessageStateChanged, old-state=(GstState)ready, new-state=(GstState)paused, pending-state=(GstState)void-pending;
Got message #1643 from element "h264parse0" (state-changed): GstMessageStateChanged, old-state=(GstState)ready, new-state=(GstState)paused, pending-state=(GstState)void-pending;
Got message #1647 from pad "h264parse2:src" (property-notify): GstMessagePropertyNotify, property-name=(string)caps, property-value=(GstCaps)"video/x-h264\,\ stream-format\=\(string\)avc\,\ alignment\=\(string\)au\,\ level\=\(string\)4\,\ profile\=\(string\)high\,\ codec_data\=\(buffer\)01640028ffe1001d67640028acd940780227e5c05a808080a000007d20001d4c01e30632c001000568e93b2c8b\,\ width\=\(int\)1920\,\ height\=\(int\)1080\,\ framerate\=\(fraction\)30000/1001\,\ pixel-aspect-ratio\=\(fraction\)1/1\,\ colorimetry\=\(string\)bt709\,\ chroma-format\=\(string\)4:2:0\,\ bit-depth-luma\=\(uint\)8\,\ bit-depth-chroma\=\(uint\)8\,\ parsed\=\(boolean\)true";
/GstPipeline:pipeline0/GstDecodeBin:decodebin6/GstH264Parse:h264parse2.GstPad:src: caps = video/x-h264, stream-format=(string)avc, alignment=(string)au, level=(string)4, profile=(string)high, codec_data=(buffer)01640028ffe1001d67640028acd940780227e5c05a808080a000007d20001d4c01e30632c001000568e93b2c8b, width=(int)1920, height=(int)1080, framerate=(fraction)30000/1001, pixel-aspect-ratio=(fraction)1/1, colorimetry=(string)bt709, chroma-format=(string)4:2:0, bit-depth-luma=(uint)8, bit-depth-chroma=(uint)8, parsed=(boolean)true
Got message #1649 from pad "h264parse2:src" (property-notify): GstMessagePropertyNotify, property-name=(string)caps, property-value=(GstCaps)"video/x-h264\,\ stream-format\=\(string\)avc\,\ alignment\=\(string\)au\,\ level\=\(string\)4\,\ profile\=\(string\)high\,\ codec_data\=\(buffer\)01640028ffe1001d67640028acd940780227e5c05a808080a000007d20001d4c01e30632c001000568e93b2c8b\,\ width\=\(int\)1920\,\ height\=\(int\)1080\,\ framerate\=\(fraction\)30000/1001\,\ pixel-aspect-ratio\=\(fraction\)1/1\,\ colorimetry\=\(string\)bt709\,\ chroma-format\=\(string\)4:2:0\,\ bit-depth-luma\=\(uint\)8\,\ bit-depth-chroma\=\(uint\)8\,\ parsed\=\(boolean\)true";
/GstPipeline:pipeline0/GstDecodeBin:decodebin6/GstH264Parse:h264parse2.GstPad:src: caps = video/x-h264, stream-format=(string)avc, alignment=(string)au, level=(string)4, profile=(string)high, codec_data=(buffer)01640028ffe1001d67640028acd940780227e5c05a808080a000007d20001d4c01e30632c001000568e93b2c8b, width=(int)1920, height=(int)1080, framerate=(fraction)30000/1001, pixel-aspect-ratio=(fraction)1/1, colorimetry=(string)bt709, chroma-format=(string)4:2:0, bit-depth-luma=(uint)8, bit-depth-chroma=(uint)8, parsed=(boolean)true
Got message #1661 from element "h264parse1" (state-changed): GstMessageStateChanged, old-state=(GstState)ready, new-state=(GstState)paused, pending-state=(GstState)void-pending;
Got message #1671 from pad "h264parse11:src" (property-notify): GstMessagePropertyNotify, property-name=(string)caps, property-value=(GstCaps)"video/x-h264\,\ stream-format\=\(string\)avc\,\ alignment\=\(string\)au\,\ level\=\(string\)4\,\ profile\=\(string\)high\,\ codec_data\=\(buffer\)01640028ffe1001d67640028acd940780227e5c05a808080a000007d20001d4c01e30632c001000568e93b2c8b\,\ width\=\(int\)1920\,\ height\=\(int\)1080\,\ framerate\=\(fraction\)30000/1001\,\ pixel-aspect-ratio\=\(fraction\)1/1\,\ colorimetry\=\(string\)bt709\,\ chroma-format\=\(string\)4:2:0\,\ bit-depth-luma\=\(uint\)8\,\ bit-depth-chroma\=\(uint\)8\,\ parsed\=\(boolean\)true";
/GstPipeline:pipeline0/GstDecodeBin:decodebin4/GstH264Parse:h264parse11.GstPad:src: caps = video/x-h264, stream-format=(string)avc, alignment=(string)au, level=(string)4, profile=(string)high, codec_data=(buffer)01640028ffe1001d67640028acd940780227e5c05a808080a000007d20001d4c01e30632c001000568e93b2c8b, width=(int)1920, height=(int)1080, framerate=(fraction)30000/1001, pixel-aspect-ratio=(fraction)1/1, colorimetry=(string)bt709, chroma-format=(string)4:2:0, bit-depth-luma=(uint)8, bit-depth-chroma=(uint)8, parsed=(boolean)true
Got message #1691 from pad "h264parse3:src" (property-notify): GstMessagePropertyNotify, property-name=(string)caps, property-value=(GstCaps)"video/x-h264\,\ stream-format\=\(string\)avc\,\ alignment\=\(string\)au\,\ level\=\(string\)4\,\ profile\=\(string\)high\,\ codec_data\=\(buffer\)01640028ffe1001d67640028acd940780227e5c05a808080a000007d20001d4c01e30632c001000568e93b2c8b\,\ width\=\(int\)1920\,\ height\=\(int\)1080\,\ framerate\=\(fraction\)30000/1001\,\ pixel-aspect-ratio\=\(fraction\)1/1\,\ colorimetry\=\(string\)bt709\,\ chroma-format\=\(string\)4:2:0\,\ bit-depth-luma\=\(uint\)8\,\ bit-depth-chroma\=\(uint\)8\,\ parsed\=\(boolean\)true";
/GstPipeline:pipeline0/GstDecodeBin:decodebin13/GstH264Parse:h264parse3.GstPad:src: caps = video/x-h264, stream-format=(string)avc, alignment=(string)au, level=(string)4, profile=(string)high, codec_data=(buffer)01640028ffe1001d67640028acd940780227e5c05a808080a000007d20001d4c01e30632c001000568e93b2c8b, width=(int)1920, height=(int)1080, framerate=(fraction)30000/1001, pixel-aspect-ratio=(fraction)1/1, colorimetry=(string)bt709, chroma-format=(string)4:2:0, bit-depth-luma=(uint)8, bit-depth-chroma=(uint)8, parsed=(boolean)true
Got message #1708 from pad "h264parse0:src" (property-notify): GstMessagePropertyNotify, property-name=(string)caps, property-value=(GstCaps)"video/x-h264\,\ stream-format\=\(string\)avc\,\ alignment\=\(string\)au\,\ level\=\(string\)4\,\ profile\=\(string\)high\,\ codec_data\=\(buffer\)01640028ffe1001d67640028acd940780227e5c05a808080a000007d20001d4c01e30632c001000568e93b2c8b\,\ width\=\(int\)1920\,\ height\=\(int\)1080\,\ framerate\=\(fraction\)30000/1001\,\ pixel-aspect-ratio\=\(fraction\)1/1\,\ colorimetry\=\(string\)bt709\,\ chroma-format\=\(string\)4:2:0\,\ bit-depth-luma\=\(uint\)8\,\ bit-depth-chroma\=\(uint\)8\,\ parsed\=\(boolean\)true";
/GstPipeline:pipeline0/GstDecodeBin:decodebin8/GstH264Parse:h264parse0.GstPad:src: caps = video/x-h264, stream-format=(string)avc, alignment=(string)au, level=(string)4, profile=(string)high, codec_data=(buffer)01640028ffe1001d67640028acd940780227e5c05a808080a000007d20001d4c01e30632c001000568e93b2c8b, width=(int)1920, height=(int)1080, framerate=(fraction)30000/1001, pixel-aspect-ratio=(fraction)1/1, colorimetry=(string)bt709, chroma-format=(string)4:2:0, bit-depth-luma=(uint)8, bit-depth-chroma=(uint)8, parsed=(boolean)true
Got message #1719 from pad "h264parse4:src" (property-notify): GstMessagePropertyNotify, property-name=(string)caps, property-value=(GstCaps)"video/x-h264\,\ stream-format\=\(string\)avc\,\ alignment\=\(string\)au\,\ level\=\(string\)4\,\ profile\=\(string\)high\,\ codec_data\=\(buffer\)01640028ffe1001d67640028acd940780227e5c05a808080a000007d20001d4c01e30632c001000568e93b2c8b\,\ width\=\(int\)1920\,\ height\=\(int\)1080\,\ framerate\=\(fraction\)30000/1001\,\ pixel-aspect-ratio\=\(fraction\)1/1\,\ colorimetry\=\(string\)bt709\,\ chroma-format\=\(string\)4:2:0\,\ bit-depth-luma\=\(uint\)8\,\ bit-depth-chroma\=\(uint\)8\,\ parsed\=\(boolean\)true";
/GstPipeline:pipeline0/GstDecodeBin:decodebin10/GstH264Parse:h264parse4.GstPad:src: caps = video/x-h264, stream-format=(string)avc, alignment=(string)au, level=(string)4, profile=(string)high, codec_data=(buffer)01640028ffe1001d67640028acd940780227e5c05a808080a000007d20001d4c01e30632c001000568e93b2c8b, width=(int)1920, height=(int)1080, framerate=(fraction)30000/1001, pixel-aspect-ratio=(fraction)1/1, colorimetry=(string)bt709, chroma-format=(string)4:2:0, bit-depth-luma=(uint)8, bit-depth-chroma=(uint)8, parsed=(boolean)true
Got message #1725 from pad "h264parse4:src" (property-notify): GstMessagePropertyNotify, property-name=(string)caps, property-value=(GstCaps)"video/x-h264\,\ stream-format\=\(string\)avc\,\ alignment\=\(string\)au\,\ level\=\(string\)4\,\ profile\=\(string\)high\,\ codec_data\=\(buffer\)01640028ffe1001d67640028acd940780227e5c05a808080a000007d20001d4c01e30632c001000568e93b2c8b\,\ width\=\(int\)1920\,\ height\=\(int\)1080\,\ framerate\=\(fraction\)30000/1001\,\ pixel-aspect-ratio\=\(fraction\)1/1\,\ colorimetry\=\(string\)bt709\,\ chroma-format\=\(string\)4:2:0\,\ bit-depth-luma\=\(uint\)8\,\ bit-depth-chroma\=\(uint\)8\,\ parsed\=\(boolean\)true";
/GstPipeline:pipeline0/GstDecodeBin:decodebin10/GstH264Parse:h264parse4.GstPad:src: caps = video/x-h264, stream-format=(string)avc, alignment=(string)au, level=(string)4, profile=(string)high, codec_data=(buffer)01640028ffe1001d67640028acd940780227e5c05a808080a000007d20001d4c01e30632c001000568e93b2c8b, width=(int)1920, height=(int)1080, framerate=(fraction)30000/1001, pixel-aspect-ratio=(fraction)1/1, colorimetry=(string)bt709, chroma-format=(string)4:2:0, bit-depth-luma=(uint)8, bit-depth-chroma=(uint)8, parsed=(boolean)true
Got message #1738 from element "h264parse8" (state-changed): GstMessageStateChanged, old-state=(GstState)ready, new-state=(GstState)paused, pending-state=(GstState)void-pending;
Got message #1740 from pad "h264parse7:src" (property-notify): GstMessagePropertyNotify, property-name=(string)caps, property-value=(GstCaps)"video/x-h264\,\ stream-format\=\(string\)avc\,\ alignment\=\(string\)au\,\ level\=\(string\)4\,\ profile\=\(string\)high\,\ codec_data\=\(buffer\)01640028ffe1001d67640028acd940780227e5c05a808080a000007d20001d4c01e30632c001000568e93b2c8b\,\ width\=\(int\)1920\,\ height\=\(int\)1080\,\ framerate\=\(fraction\)30000/1001\,\ pixel-aspect-ratio\=\(fraction\)1/1\,\ colorimetry\=\(string\)bt709\,\ chroma-format\=\(string\)4:2:0\,\ bit-depth-luma\=\(uint\)8\,\ bit-depth-chroma\=\(uint\)8\,\ parsed\=\(boolean\)true";
/GstPipeline:pipeline0/GstDecodeBin:decodebin9/GstH264Parse:h264parse7.GstPad:src: caps = video/x-h264, stream-format=(string)avc, alignment=(string)au, level=(string)4, profile=(string)high, codec_data=(buffer)01640028ffe1001d67640028acd940780227e5c05a808080a000007d20001d4c01e30632c001000568e93b2c8b, width=(int)1920, height=(int)1080, framerate=(fraction)30000/1001, pixel-aspect-ratio=(fraction)1/1, colorimetry=(string)bt709, chroma-format=(string)4:2:0, bit-depth-luma=(uint)8, bit-depth-chroma=(uint)8, parsed=(boolean)true
Got message #1766 from pad "h264parse9:src" (property-notify): GstMessagePropertyNotify, property-name=(string)caps, property-value=(GstCaps)"video/x-h264\,\ stream-format\=\(string\)avc\,\ alignment\=\(string\)au\,\ level\=\(string\)4\,\ profile\=\(string\)high\,\ codec_data\=\(buffer\)01640028ffe1001d67640028acd940780227e5c05a808080a000007d20001d4c01e30632c001000568e93b2c8b\,\ width\=\(int\)1920\,\ height\=\(int\)1080\,\ framerate\=\(fraction\)30000/1001\,\ pixel-aspect-ratio\=\(fraction\)1/1\,\ colorimetry\=\(string\)bt709\,\ chroma-format\=\(string\)4:2:0\,\ bit-depth-luma\=\(uint\)8\,\ bit-depth-chroma\=\(uint\)8\,\ parsed\=\(boolean\)true";
/GstPipeline:pipeline0/GstDecodeBin:decodebin0/GstH264Parse:h264parse9.GstPad:src: caps = video/x-h264, stream-format=(string)avc, alignment=(string)au, level=(string)4, profile=(string)high, codec_data=(buffer)01640028ffe1001d67640028acd940780227e5c05a808080a000007d20001d4c01e30632c001000568e93b2c8b, width=(int)1920, height=(int)1080, framerate=(fraction)30000/1001, pixel-aspect-ratio=(fraction)1/1, colorimetry=(string)bt709, chroma-format=(string)4:2:0, bit-depth-luma=(uint)8, bit-depth-chroma=(uint)8, parsed=(boolean)true
Got message #1793 from pad "h264parse8:src" (property-notify): GstMessagePropertyNotify, property-name=(string)caps, property-value=(GstCaps)"video/x-h264\,\ stream-format\=\(string\)avc\,\ alignment\=\(string\)au\,\ level\=\(string\)4\,\ profile\=\(string\)high\,\ codec_data\=\(buffer\)01640028ffe1001d67640028acd940780227e5c05a808080a000007d20001d4c01e30632c001000568e93b2c8b\,\ width\=\(int\)1920\,\ height\=\(int\)1080\,\ framerate\=\(fraction\)30000/1001\,\ pixel-aspect-ratio\=\(fraction\)1/1\,\ colorimetry\=\(string\)bt709\,\ chroma-format\=\(string\)4:2:0\,\ bit-depth-luma\=\(uint\)8\,\ bit-depth-chroma\=\(uint\)8\,\ parsed\=\(boolean\)true";
/GstPipeline:pipeline0/GstDecodeBin:decodebin1/GstH264Parse:h264parse8.GstPad:src: caps = video/x-h264, stream-format=(string)avc, alignment=(string)au, level=(string)4, profile=(string)high, codec_data=(buffer)01640028ffe1001d67640028acd940780227e5c05a808080a000007d20001d4c01e30632c001000568e93b2c8b, width=(int)1920, height=(int)1080, framerate=(fraction)30000/1001, pixel-aspect-ratio=(fraction)1/1, colorimetry=(string)bt709, chroma-format=(string)4:2:0, bit-depth-luma=(uint)8, bit-depth-chroma=(uint)8, parsed=(boolean)true
Got message #1806 from pad "multiqueue2:src_0" (stream-status): GstMessageStreamStatus, type=(GstStreamStatusType)create, owner=(GstElement)"\(GstMultiQueue\)\ multiqueue2", object=(GstTask)"\(GstTask\)\ multiqueue2:src_0";
Got message #1870 from element "h264parse6" (state-changed): GstMessageStateChanged, old-state=(GstState)ready, new-state=(GstState)paused, pending-state=(GstState)void-pending;
Got message #1878 from pad "multiqueue8:src_0" (stream-status): GstMessageStreamStatus, type=(GstStreamStatusType)create, owner=(GstElement)"\(GstMultiQueue\)\ multiqueue8", object=(GstTask)"\(GstTask\)\ multiqueue8:src_0";
Got message #1889 from pad "h264parse6:src" (property-notify): GstMessagePropertyNotify, property-name=(string)caps, property-value=(GstCaps)"video/x-h264\,\ stream-format\=\(string\)avc\,\ alignment\=\(string\)au\,\ level\=\(string\)4\,\ profile\=\(string\)high\,\ codec_data\=\(buffer\)01640028ffe1001d67640028acd940780227e5c05a808080a000007d20001d4c01e30632c001000568e93b2c8b\,\ width\=\(int\)1920\,\ height\=\(int\)1080\,\ framerate\=\(fraction\)30000/1001\,\ pixel-aspect-ratio\=\(fraction\)1/1\,\ colorimetry\=\(string\)bt709\,\ chroma-format\=\(string\)4:2:0\,\ bit-depth-luma\=\(uint\)8\,\ bit-depth-chroma\=\(uint\)8\,\ parsed\=\(boolean\)true";
/GstPipeline:pipeline0/GstDecodeBin:decodebin7/GstH264Parse:h264parse6.GstPad:src: caps = video/x-h264, stream-format=(string)avc, alignment=(string)au, level=(string)4, profile=(string)high, codec_data=(buffer)01640028ffe1001d67640028acd940780227e5c05a808080a000007d20001d4c01e30632c001000568e93b2c8b, width=(int)1920, height=(int)1080, framerate=(fraction)30000/1001, pixel-aspect-ratio=(fraction)1/1, colorimetry=(string)bt709, chroma-format=(string)4:2:0, bit-depth-luma=(uint)8, bit-depth-chroma=(uint)8, parsed=(boolean)true
Got message #1920 from pad "multiqueue2:src_0" (property-notify): GstMessagePropertyNotify, property-name=(string)caps, property-value=(GstCaps)"video/x-h264\,\ stream-format\=\(string\)avc\,\ alignment\=\(string\)au\,\ level\=\(string\)4\,\ profile\=\(string\)high\,\ codec_data\=\(buffer\)01640028ffe1001d67640028acd940780227e5c05a808080a000007d20001d4c01e30632c001000568e93b2c8bfdf8f800\,\ width\=\(int\)1920\,\ height\=\(int\)1080\,\ framerate\=\(fraction\)30000/1001\,\ pixel-aspect-ratio\=\(fraction\)1/1\,\ colorimetry\=\(string\)bt709";
/GstPipeline:pipeline0/GstDecodeBin:decodebin3/GstMultiQueue:multiqueue2.GstMultiQueuePad:src_0: caps = video/x-h264, stream-format=(string)avc, alignment=(string)au, level=(string)4, profile=(string)high, codec_data=(buffer)01640028ffe1001d67640028acd940780227e5c05a808080a000007d20001d4c01e30632c001000568e93b2c8bfdf8f800, width=(int)1920, height=(int)1080, framerate=(fraction)30000/1001, pixel-aspect-ratio=(fraction)1/1, colorimetry=(string)bt709
Got message #1934 from pad "multiqueue2:src_0" (stream-status): GstMessageStreamStatus, type=(GstStreamStatusType)enter, owner=(GstElement)"\(GstMultiQueue\)\ multiqueue2", object=(GstTask)"\(GstTask\)\ multiqueue2:src_0";
Got message #1936 from pad "multiqueue8:src_0" (property-notify): GstMessagePropertyNotify, property-name=(string)caps, property-value=(GstCaps)"video/x-h264\,\ stream-format\=\(string\)avc\,\ alignment\=\(string\)au\,\ level\=\(string\)4\,\ profile\=\(string\)high\,\ codec_data\=\(buffer\)01640028ffe1001d67640028acd940780227e5c05a808080a000007d20001d4c01e30632c001000568e93b2c8bfdf8f800\,\ width\=\(int\)1920\,\ height\=\(int\)1080\,\ framerate\=\(fraction\)30000/1001\,\ pixel-aspect-ratio\=\(fraction\)1/1\,\ colorimetry\=\(string\)bt709";
/GstPipeline:pipeline0/GstDecodeBin:decodebin2/GstMultiQueue:multiqueue8.GstMultiQueuePad:src_0: caps = video/x-h264, stream-format=(string)avc, alignment=(string)au, level=(string)4, profile=(string)high, codec_data=(buffer)01640028ffe1001d67640028acd940780227e5c05a808080a000007d20001d4c01e30632c001000568e93b2c8bfdf8f800, width=(int)1920, height=(int)1080, framerate=(fraction)30000/1001, pixel-aspect-ratio=(fraction)1/1, colorimetry=(string)bt709
Got message #1941 from element "h264parse12" (state-changed): GstMessageStateChanged, old-state=(GstState)null, new-state=(GstState)ready, pending-state=(GstState)void-pending;
Got message #1952 from pad "multiqueue8:src_0" (stream-status): GstMessageStreamStatus, type=(GstStreamStatusType)enter, owner=(GstElement)"\(GstMultiQueue\)\ multiqueue8", object=(GstTask)"\(GstTask\)\ multiqueue8:src_0";
Got message #1957 from element "h264parse13" (state-changed): GstMessageStateChanged, old-state=(GstState)null, new-state=(GstState)ready, pending-state=(GstState)void-pending;
Got message #1983 from element "h264parse12" (state-changed): GstMessageStateChanged, old-state=(GstState)ready, new-state=(GstState)paused, pending-state=(GstState)void-pending;
Got message #1985 from pad "h264parse12:src" (property-notify): GstMessagePropertyNotify, property-name=(string)caps, property-value=(GstCaps)"video/x-h264\,\ stream-format\=\(string\)avc\,\ alignment\=\(string\)au\,\ level\=\(string\)4\,\ profile\=\(string\)high\,\ codec_data\=\(buffer\)01640028ffe1001d67640028acd940780227e5c05a808080a000007d20001d4c01e30632c001000568e93b2c8b\,\ width\=\(int\)1920\,\ height\=\(int\)1080\,\ framerate\=\(fraction\)30000/1001\,\ pixel-aspect-ratio\=\(fraction\)1/1\,\ colorimetry\=\(string\)bt709\,\ chroma-format\=\(string\)4:2:0\,\ bit-depth-luma\=\(uint\)8\,\ bit-depth-chroma\=\(uint\)8\,\ parsed\=\(boolean\)true";
/GstPipeline:pipeline0/GstDecodeBin:decodebin3/GstH264Parse:h264parse12.GstPad:src: caps = video/x-h264, stream-format=(string)avc, alignment=(string)au, level=(string)4, profile=(string)high, codec_data=(buffer)01640028ffe1001d67640028acd940780227e5c05a808080a000007d20001d4c01e30632c001000568e93b2c8b, width=(int)1920, height=(int)1080, framerate=(fraction)30000/1001, pixel-aspect-ratio=(fraction)1/1, colorimetry=(string)bt709, chroma-format=(string)4:2:0, bit-depth-luma=(uint)8, bit-depth-chroma=(uint)8, parsed=(boolean)true
Got message #1987 from element "h264parse13" (state-changed): GstMessageStateChanged, old-state=(GstState)ready, new-state=(GstState)paused, pending-state=(GstState)void-pending;
Got message #1997 from pad "h264parse13:src" (property-notify): GstMessagePropertyNotify, property-name=(string)caps, property-value=(GstCaps)"video/x-h264\,\ stream-format\=\(string\)avc\,\ alignment\=\(string\)au\,\ level\=\(string\)4\,\ profile\=\(string\)high\,\ codec_data\=\(buffer\)01640028ffe1001d67640028acd940780227e5c05a808080a000007d20001d4c01e30632c001000568e93b2c8b\,\ width\=\(int\)1920\,\ height\=\(int\)1080\,\ framerate\=\(fraction\)30000/1001\,\ pixel-aspect-ratio\=\(fraction\)1/1\,\ colorimetry\=\(string\)bt709\,\ chroma-format\=\(string\)4:2:0\,\ bit-depth-luma\=\(uint\)8\,\ bit-depth-chroma\=\(uint\)8\,\ parsed\=\(boolean\)true";
/GstPipeline:pipeline0/GstDecodeBin:decodebin2/GstH264Parse:h264parse13.GstPad:src: caps = video/x-h264, stream-format=(string)avc, alignment=(string)au, level=(string)4, profile=(string)high, codec_data=(buffer)01640028ffe1001d67640028acd940780227e5c05a808080a000007d20001d4c01e30632c001000568e93b2c8b, width=(int)1920, height=(int)1080, framerate=(fraction)30000/1001, pixel-aspect-ratio=(fraction)1/1, colorimetry=(string)bt709, chroma-format=(string)4:2:0, bit-depth-luma=(uint)8, bit-depth-chroma=(uint)8, parsed=(boolean)true
Got message #2060 from element "queue31" (state-changed): GstMessageStateChanged, old-state=(GstState)null, new-state=(GstState)ready, pending-state=(GstState)void-pending;
Got message #2064 from element "vaapidecode4" (state-changed): GstMessageStateChanged, old-state=(GstState)null, new-state=(GstState)ready, pending-state=(GstState)void-pending;
Got message #2065 from element "queue35" (state-changed): GstMessageStateChanged, old-state=(GstState)null, new-state=(GstState)ready, pending-state=(GstState)void-pending;
Got message #2066 from element "vaapidecode3" (state-changed): GstMessageStateChanged, old-state=(GstState)null, new-state=(GstState)ready, pending-state=(GstState)void-pending;
Got message #2068 from element "queue36" (state-changed): GstMessageStateChanged, old-state=(GstState)null, new-state=(GstState)ready, pending-state=(GstState)void-pending;
Got message #2069 from element "vaapidecode9" (state-changed): GstMessageStateChanged, old-state=(GstState)null, new-state=(GstState)ready, pending-state=(GstState)void-pending;
Got message #2070 from element "queue31" (property-notify): GstMessagePropertyNotify, property-name=(string)max-size-time, property-value=(guint64)0;
/GstPipeline:pipeline0/GstDecodeBin:decodebin9/GstVaapiDecodeBin:vaapidecodebin0/GstQueue:queue31: max-size-time = 0
Got message #2072 from element "queue31" (property-notify): GstMessagePropertyNotify, property-name=(string)max-size-buffers, property-value=(uint)1;
/GstPipeline:pipeline0/GstDecodeBin:decodebin9/GstVaapiDecodeBin:vaapidecodebin0/GstQueue:queue31: max-size-buffers = 1
Got message #2073 from element "queue31" (property-notify): GstMessagePropertyNotify, property-name=(string)max-size-bytes, property-value=(uint)0;
/GstPipeline:pipeline0/GstDecodeBin:decodebin9/GstVaapiDecodeBin:vaapidecodebin0/GstQueue:queue31: max-size-bytes = 0
Got message #2078 from element "queue35" (property-notify): GstMessagePropertyNotify, property-name=(string)max-size-time, property-value=(guint64)0;
/GstPipeline:pipeline0/GstDecodeBin:decodebin6/GstVaapiDecodeBin:vaapidecodebin1/GstQueue:queue35: max-size-time = 0
Got message #2080 from element "queue36" (property-notify): GstMessagePropertyNotify, property-name=(string)max-size-time, property-value=(guint64)0;
/GstPipeline:pipeline0/GstDecodeBin:decodebin7/GstVaapiDecodeBin:vaapidecodebin2/GstQueue:queue36: max-size-time = 0
Got message #2081 from element "queue36" (property-notify): GstMessagePropertyNotify, property-name=(string)max-size-buffers, property-value=(uint)1;
/GstPipeline:pipeline0/GstDecodeBin:decodebin7/GstVaapiDecodeBin:vaapidecodebin2/GstQueue:queue36: max-size-buffers = 1
Got message #2082 from element "queue36" (property-notify): GstMessagePropertyNotify, property-name=(string)max-size-bytes, property-value=(uint)0;
/GstPipeline:pipeline0/GstDecodeBin:decodebin7/GstVaapiDecodeBin:vaapidecodebin2/GstQueue:queue36: max-size-bytes = 0
Got message #2093 from element "queue35" (property-notify): GstMessagePropertyNotify, property-name=(string)max-size-buffers, property-value=(uint)1;
/GstPipeline:pipeline0/GstDecodeBin:decodebin6/GstVaapiDecodeBin:vaapidecodebin1/GstQueue:queue35: max-size-buffers = 1
Got message #2097 from element "queue35" (property-notify): GstMessagePropertyNotify, property-name=(string)max-size-bytes, property-value=(uint)0;
/GstPipeline:pipeline0/GstDecodeBin:decodebin6/GstVaapiDecodeBin:vaapidecodebin1/GstQueue:queue35: max-size-bytes = 0
Got message #2102 from element "queue33" (state-changed): GstMessageStateChanged, old-state=(GstState)null, new-state=(GstState)ready, pending-state=(GstState)void-pending;
Got message #2106 from element "vaapidecode1" (state-changed): GstMessageStateChanged, old-state=(GstState)null, new-state=(GstState)ready, pending-state=(GstState)void-pending;
Got message #2122 from element "queue33" (property-notify): GstMessagePropertyNotify, property-name=(string)max-size-time, property-value=(guint64)0;
/GstPipeline:pipeline0/GstDecodeBin:decodebin4/GstVaapiDecodeBin:vaapidecodebin3/GstQueue:queue33: max-size-time = 0
Got message #2129 from element "queue33" (property-notify): GstMessagePropertyNotify, property-name=(string)max-size-buffers, property-value=(uint)1;
/GstPipeline:pipeline0/GstDecodeBin:decodebin4/GstVaapiDecodeBin:vaapidecodebin3/GstQueue:queue33: max-size-buffers = 1
Got message #2131 from element "queue33" (property-notify): GstMessagePropertyNotify, property-name=(string)max-size-bytes, property-value=(uint)0;
/GstPipeline:pipeline0/GstDecodeBin:decodebin4/GstVaapiDecodeBin:vaapidecodebin3/GstQueue:queue33: max-size-bytes = 0
Got message #2137 from element "queue32" (state-changed): GstMessageStateChanged, old-state=(GstState)null, new-state=(GstState)ready, pending-state=(GstState)void-pending;
Got message #2157 from element "queue34" (state-changed): GstMessageStateChanged, old-state=(GstState)null, new-state=(GstState)ready, pending-state=(GstState)void-pending;
Got message #2158 from element "vaapidecode6" (state-changed): GstMessageStateChanged, old-state=(GstState)null, new-state=(GstState)ready, pending-state=(GstState)void-pending;
Got message #2153 from element "vaapidecode0" (state-changed): GstMessageStateChanged, old-state=(GstState)null, new-state=(GstState)ready, pending-state=(GstState)void-pending;
Got message #2163 from element "queue32" (property-notify): GstMessagePropertyNotify, property-name=(string)max-size-time, property-value=(guint64)0;
/GstPipeline:pipeline0/GstDecodeBin:decodebin5/GstVaapiDecodeBin:vaapidecodebin4/GstQueue:queue32: max-size-time = 0
Got message #2166 from element "queue38" (state-changed): GstMessageStateChanged, old-state=(GstState)null, new-state=(GstState)ready, pending-state=(GstState)void-pending;
Got message #2168 from element "queue34" (property-notify): GstMessagePropertyNotify, property-name=(string)max-size-time, property-value=(guint64)0;
/GstPipeline:pipeline0/GstDecodeBin:decodebin10/GstVaapiDecodeBin:vaapidecodebin5/GstQueue:queue34: max-size-time = 0
Got message #2174 from element "queue34" (property-notify): GstMessagePropertyNotify, property-name=(string)max-size-buffers, property-value=(uint)1;
/GstPipeline:pipeline0/GstDecodeBin:decodebin10/GstVaapiDecodeBin:vaapidecodebin5/GstQueue:queue34: max-size-buffers = 1
Got message #2173 from element "vaapidecode5" (state-changed): GstMessageStateChanged, old-state=(GstState)null, new-state=(GstState)ready, pending-state=(GstState)void-pending;
Got message #2182 from element "queue38" (property-notify): GstMessagePropertyNotify, property-name=(string)max-size-time, property-value=(guint64)0;
/GstPipeline:pipeline0/GstDecodeBin:decodebin12/GstVaapiDecodeBin:vaapidecodebin6/GstQueue:queue38: max-size-time = 0
Got message #2184 from element "queue39" (state-changed): GstMessageStateChanged, old-state=(GstState)null, new-state=(GstState)ready, pending-state=(GstState)void-pending;
Got message #2185 from element "queue38" (property-notify): GstMessagePropertyNotify, property-name=(string)max-size-buffers, property-value=(uint)1;
/GstPipeline:pipeline0/GstDecodeBin:decodebin12/GstVaapiDecodeBin:vaapidecodebin6/GstQueue:queue38: max-size-buffers = 1
Got message #2183 from element "queue43" (state-changed): GstMessageStateChanged, old-state=(GstState)null, new-state=(GstState)ready, pending-state=(GstState)void-pending;
Got message #2187 from element "vaapidecode8" (state-changed): GstMessageStateChanged, old-state=(GstState)null, new-state=(GstState)ready, pending-state=(GstState)void-pending;
Got message #2188 from element "vaapidecode7" (state-changed): GstMessageStateChanged, old-state=(GstState)null, new-state=(GstState)ready, pending-state=(GstState)void-pending;
Got message #2191 from element "queue38" (property-notify): GstMessagePropertyNotify, property-name=(string)max-size-bytes, property-value=(uint)0;
/GstPipeline:pipeline0/GstDecodeBin:decodebin12/GstVaapiDecodeBin:vaapidecodebin6/GstQueue:queue38: max-size-bytes = 0
Got message #2192 from element "queue41" (state-changed): GstMessageStateChanged, old-state=(GstState)null, new-state=(GstState)ready, pending-state=(GstState)void-pending;
Got message #2193 from element "vaapidecode12" (state-changed): GstMessageStateChanged, old-state=(GstState)null, new-state=(GstState)ready, pending-state=(GstState)void-pending;
Got message #2197 from element "queue43" (property-notify): GstMessagePropertyNotify, property-name=(string)max-size-time, property-value=(guint64)0;
/GstPipeline:pipeline0/GstDecodeBin:decodebin8/GstVaapiDecodeBin:vaapidecodebin9/GstQueue:queue43: max-size-time = 0
Got message #2199 from element "queue34" (property-notify): GstMessagePropertyNotify, property-name=(string)max-size-bytes, property-value=(uint)0;
/GstPipeline:pipeline0/GstDecodeBin:decodebin10/GstVaapiDecodeBin:vaapidecodebin5/GstQueue:queue34: max-size-bytes = 0
Got message #2198 from element "queue32" (property-notify): GstMessagePropertyNotify, property-name=(string)max-size-buffers, property-value=(uint)1;
/GstPipeline:pipeline0/GstDecodeBin:decodebin5/GstVaapiDecodeBin:vaapidecodebin4/GstQueue:queue32: max-size-buffers = 1
Got message #2201 from element "queue34" (property-notify): GstMessagePropertyNotify, property-name=(string)max-size-bytes, property-value=(uint)0;
/GstPipeline:pipeline0/GstDecodeBin:decodebin10/GstVaapiDecodeBin:vaapidecodebin5/GstQueue:queue34: max-size-bytes = 0
Got message #2200 from element "queue37" (state-changed): GstMessageStateChanged, old-state=(GstState)null, new-state=(GstState)ready, pending-state=(GstState)void-pending;
Got message #2204 from element "vaapidecode10" (state-changed): GstMessageStateChanged, old-state=(GstState)null, new-state=(GstState)ready, pending-state=(GstState)void-pending;
Got message #2206 from element "queue41" (property-notify): GstMessagePropertyNotify, property-name=(string)max-size-time, property-value=(guint64)0;
/GstPipeline:pipeline0/GstDecodeBin:decodebin0/GstVaapiDecodeBin:vaapidecodebin10/GstQueue:queue41: max-size-time = 0
Got message #2207 from element "queue41" (property-notify): GstMessagePropertyNotify, property-name=(string)max-size-time, property-value=(guint64)0;
/GstPipeline:pipeline0/GstDecodeBin:decodebin0/GstVaapiDecodeBin:vaapidecodebin10/GstQueue:queue41: max-size-time = 0
Got message #2208 from element "queue32" (property-notify): GstMessagePropertyNotify, property-name=(string)max-size-buffers, property-value=(uint)1;
/GstPipeline:pipeline0/GstDecodeBin:decodebin5/GstVaapiDecodeBin:vaapidecodebin4/GstQueue:queue32: max-size-buffers = 1
Got message #2209 from element "queue42" (state-changed): GstMessageStateChanged, old-state=(GstState)null, new-state=(GstState)ready, pending-state=(GstState)void-pending;
Got message #2210 from element "queue39" (property-notify): GstMessagePropertyNotify, property-name=(string)max-size-bytes, property-value=(uint)0;
/GstPipeline:pipeline0/GstDecodeBin:decodebin13/GstVaapiDecodeBin:vaapidecodebin8/GstQueue:queue39: max-size-bytes = 0
Got message #2213 from element "vaapidecode11" (state-changed): GstMessageStateChanged, old-state=(GstState)null, new-state=(GstState)ready, pending-state=(GstState)void-pending;
Got message #2214 from element "queue37" (property-notify): GstMessagePropertyNotify, property-name=(string)max-size-time, property-value=(guint64)0;
/GstPipeline:pipeline0/GstDecodeBin:decodebin2/GstVaapiDecodeBin:vaapidecodebin7/GstQueue:queue37: max-size-time = 0
Got message #2215 from element "queue32" (property-notify): GstMessagePropertyNotify, property-name=(string)max-size-bytes, property-value=(uint)0;
/GstPipeline:pipeline0/GstDecodeBin:decodebin5/GstVaapiDecodeBin:vaapidecodebin4/GstQueue:queue32: max-size-bytes = 0
Got message #2217 from element "queue41" (property-notify): GstMessagePropertyNotify, property-name=(string)max-size-buffers, property-value=(uint)1;
/GstPipeline:pipeline0/GstDecodeBin:decodebin0/GstVaapiDecodeBin:vaapidecodebin10/GstQueue:queue41: max-size-buffers = 1
Got message #2218 from element "queue44" (state-changed): GstMessageStateChanged, old-state=(GstState)null, new-state=(GstState)ready, pending-state=(GstState)void-pending;
Got message #2221 from element "vaapidecode13" (state-changed): GstMessageStateChanged, old-state=(GstState)null, new-state=(GstState)ready, pending-state=(GstState)void-pending;
Got message #2222 from element "queue37" (property-notify): GstMessagePropertyNotify, property-name=(string)max-size-buffers, property-value=(uint)1;
/GstPipeline:pipeline0/GstDecodeBin:decodebin2/GstVaapiDecodeBin:vaapidecodebin7/GstQueue:queue37: max-size-buffers = 1
Got message #2224 from element "queue41" (property-notify): GstMessagePropertyNotify, property-name=(string)max-size-bytes, property-value=(uint)0;
/GstPipeline:pipeline0/GstDecodeBin:decodebin0/GstVaapiDecodeBin:vaapidecodebin10/GstQueue:queue41: max-size-bytes = 0
Got message #2225 from element "queue42" (property-notify): GstMessagePropertyNotify, property-name=(string)max-size-time, property-value=(guint64)0;
/GstPipeline:pipeline0/GstDecodeBin:decodebin3/GstVaapiDecodeBin:vaapidecodebin11/GstQueue:queue42: max-size-time = 0
Got message #2226 from element "queue41" (property-notify): GstMessagePropertyNotify, property-name=(string)max-size-bytes, property-value=(uint)0;
/GstPipeline:pipeline0/GstDecodeBin:decodebin0/GstVaapiDecodeBin:vaapidecodebin10/GstQueue:queue41: max-size-bytes = 0
Got message #2227 from element "queue42" (property-notify): GstMessagePropertyNotify, property-name=(string)max-size-buffers, property-value=(uint)1;
/GstPipeline:pipeline0/GstDecodeBin:decodebin3/GstVaapiDecodeBin:vaapidecodebin11/GstQueue:queue42: max-size-buffers = 1
Got message #2228 from element "queue42" (property-notify): GstMessagePropertyNotify, property-name=(string)max-size-bytes, property-value=(uint)0;
/GstPipeline:pipeline0/GstDecodeBin:decodebin3/GstVaapiDecodeBin:vaapidecodebin11/GstQueue:queue42: max-size-bytes = 0
Got message #2229 from element "queue44" (property-notify): GstMessagePropertyNotify, property-name=(string)max-size-time, property-value=(guint64)0;
/GstPipeline:pipeline0/GstDecodeBin:decodebin1/GstVaapiDecodeBin:vaapidecodebin12/GstQueue:queue44: max-size-time = 0
Got message #2232 from element "queue44" (property-notify): GstMessagePropertyNotify, property-name=(string)max-size-buffers, property-value=(uint)1;
/GstPipeline:pipeline0/GstDecodeBin:decodebin1/GstVaapiDecodeBin:vaapidecodebin12/GstQueue:queue44: max-size-buffers = 1
Got message #2236 from element "queue44" (property-notify): GstMessagePropertyNotify, property-name=(string)max-size-bytes, property-value=(uint)0;
/GstPipeline:pipeline0/GstDecodeBin:decodebin1/GstVaapiDecodeBin:vaapidecodebin12/GstQueue:queue44: max-size-bytes = 0
Got message #2242 from element "queue40" (state-changed): GstMessageStateChanged, old-state=(GstState)null, new-state=(GstState)ready, pending-state=(GstState)void-pending;
Got message #2243 from element "vaapidecode2" (state-changed): GstMessageStateChanged, old-state=(GstState)null, new-state=(GstState)ready, pending-state=(GstState)void-pending;
Got message #2244 from element "queue40" (property-notify): GstMessagePropertyNotify, property-name=(string)max-size-time, property-value=(guint64)0;
/GstPipeline:pipeline0/GstDecodeBin:decodebin11/GstVaapiDecodeBin:vaapidecodebin13/GstQueue:queue40: max-size-time = 0
Got message #2245 from element "queue40" (property-notify): GstMessagePropertyNotify, property-name=(string)max-size-buffers, property-value=(uint)1;
/GstPipeline:pipeline0/GstDecodeBin:decodebin11/GstVaapiDecodeBin:vaapidecodebin13/GstQueue:queue40: max-size-buffers = 1
Got message #2246 from element "queue40" (property-notify): GstMessagePropertyNotify, property-name=(string)max-size-bytes, property-value=(uint)0;
/GstPipeline:pipeline0/GstDecodeBin:decodebin11/GstVaapiDecodeBin:vaapidecodebin13/GstQueue:queue40: max-size-bytes = 0
Got message #2258 from element "capsfilter15" (state-changed): GstMessageStateChanged, old-state=(GstState)null, new-state=(GstState)ready, pending-state=(GstState)void-pending;
Got message #2262 from element "vaapipostproc2" (state-changed): GstMessageStateChanged, old-state=(GstState)null, new-state=(GstState)ready, pending-state=(GstState)void-pending;
Got message #2263 from element "capsfilter27" (state-changed): GstMessageStateChanged, old-state=(GstState)null, new-state=(GstState)ready, pending-state=(GstState)void-pending;
Got message #2264 from element "capsfilter14" (state-changed): GstMessageStateChanged, old-state=(GstState)null, new-state=(GstState)ready, pending-state=(GstState)void-pending;
Got message #2269 from element "vaapipostproc0" (state-changed): GstMessageStateChanged, old-state=(GstState)null, new-state=(GstState)ready, pending-state=(GstState)void-pending;
Got message #2271 from element "vaapipostproc1" (state-changed): GstMessageStateChanged, old-state=(GstState)null, new-state=(GstState)ready, pending-state=(GstState)void-pending;
Got message #2270 from element "capsfilter16" (state-changed): GstMessageStateChanged, old-state=(GstState)null, new-state=(GstState)ready, pending-state=(GstState)void-pending;
Got message #2274 from element "vaapipostproc3" (state-changed): GstMessageStateChanged, old-state=(GstState)null, new-state=(GstState)ready, pending-state=(GstState)void-pending;
Got message #2284 from element "capsfilter17" (state-changed): GstMessageStateChanged, old-state=(GstState)null, new-state=(GstState)ready, pending-state=(GstState)void-pending;
Got message #2288 from element "vaapipostproc5" (state-changed): GstMessageStateChanged, old-state=(GstState)null, new-state=(GstState)ready, pending-state=(GstState)void-pending;
Got message #2289 from element "capsfilter18" (state-changed): GstMessageStateChanged, old-state=(GstState)null, new-state=(GstState)ready, pending-state=(GstState)void-pending;
Got message #2293 from element "vaapipostproc4" (state-changed): GstMessageStateChanged, old-state=(GstState)null, new-state=(GstState)ready, pending-state=(GstState)void-pending;
Got message #2299 from element "capsfilter19" (state-changed): GstMessageStateChanged, old-state=(GstState)null, new-state=(GstState)ready, pending-state=(GstState)void-pending;
Got message #2300 from element "vaapipostproc6" (state-changed): GstMessageStateChanged, old-state=(GstState)null, new-state=(GstState)ready, pending-state=(GstState)void-pending;
Got message #2309 from element "vaapidecodebin2" (state-changed): GstMessageStateChanged, old-state=(GstState)null, new-state=(GstState)ready, pending-state=(GstState)void-pending;
Got message #2322 from element "vaapidecodebin0" (state-changed): GstMessageStateChanged, old-state=(GstState)null, new-state=(GstState)ready, pending-state=(GstState)void-pending;
Got message #2323 from element "vaapidecodebin1" (state-changed): GstMessageStateChanged, old-state=(GstState)null, new-state=(GstState)ready, pending-state=(GstState)void-pending;
Got message #2329 from element "vaapidecodebin3" (state-changed): GstMessageStateChanged, old-state=(GstState)null, new-state=(GstState)ready, pending-state=(GstState)void-pending;
Got message #2335 from element "vaapidecodebin13" (state-changed): GstMessageStateChanged, old-state=(GstState)null, new-state=(GstState)ready, pending-state=(GstState)void-pending;
Got message #2339 from element "vaapidecodebin6" (state-changed): GstMessageStateChanged, old-state=(GstState)null, new-state=(GstState)ready, pending-state=(GstState)void-pending;
Got message #2345 from element "vaapidecodebin9" (state-changed): GstMessageStateChanged, old-state=(GstState)null, new-state=(GstState)ready, pending-state=(GstState)void-pending;
Got message #2365 from element "vaapipostproc0" (need-context): GstMessageNeedContext, context-type=(string)gst.vaapi.Display;
Got message #2366 from element "vaapipostproc5" (need-context): GstMessageNeedContext, context-type=(string)gst.vaapi.Display;
Got message #2367 from element "vaapipostproc2" (need-context): GstMessageNeedContext, context-type=(string)gst.vaapi.Display;
Got message #2364 from element "vaapipostproc3" (need-context): GstMessageNeedContext, context-type=(string)gst.vaapi.Display;
Got message #2371 from element "vaapipostproc4" (need-context): GstMessageNeedContext, context-type=(string)gst.vaapi.Display;
Got message #2372 from element "vaapipostproc1" (need-context): GstMessageNeedContext, context-type=(string)gst.vaapi.Display;
Got message #2373 from element "vaapipostproc6" (need-context): GstMessageNeedContext, context-type=(string)gst.vaapi.Display;
Got message #2378 from element "vaapipostproc1" (need-context): GstMessageNeedContext, context-type=(string)gst.gl.GLDisplay;
Got message #2375 from element "vaapipostproc2" (need-context): GstMessageNeedContext, context-type=(string)gst.gl.GLDisplay;
Got message #2377 from element "vaapipostproc6" (need-context): GstMessageNeedContext, context-type=(string)gst.gl.GLDisplay;
Got message #2374 from element "vaapipostproc4" (need-context): GstMessageNeedContext, context-type=(string)gst.gl.GLDisplay;
Got message #2379 from element "vaapipostproc3" (need-context): GstMessageNeedContext, context-type=(string)gst.gl.GLDisplay;
Got message #2380 from element "vaapipostproc0" (need-context): GstMessageNeedContext, context-type=(string)gst.gl.GLDisplay;
Got message #2376 from element "vaapipostproc5" (need-context): GstMessageNeedContext, context-type=(string)gst.gl.GLDisplay;
Got message #2381 from element "vaapipostproc1" (need-context): GstMessageNeedContext, context-type=(string)gst.x11.display.handle;
Got message #2382 from element "vaapipostproc2" (need-context): GstMessageNeedContext, context-type=(string)gst.x11.display.handle;
Got message #2383 from element "vaapipostproc4" (need-context): GstMessageNeedContext, context-type=(string)gst.x11.display.handle;
Got message #2384 from element "vaapipostproc6" (need-context): GstMessageNeedContext, context-type=(string)gst.x11.display.handle;
Got message #2385 from element "vaapipostproc2" (need-context): GstMessageNeedContext, context-type=(string)GstWaylandDisplayHandleContextType;
Got message #2386 from element "vaapipostproc3" (need-context): GstMessageNeedContext, context-type=(string)gst.x11.display.handle;
Got message #2387 from element "vaapipostproc0" (need-context): GstMessageNeedContext, context-type=(string)gst.x11.display.handle;
Got message #2388 from element "vaapipostproc1" (need-context): GstMessageNeedContext, context-type=(string)GstWaylandDisplayHandleContextType;
Got message #2389 from element "vaapipostproc5" (need-context): GstMessageNeedContext, context-type=(string)gst.x11.display.handle;
Got message #2390 from element "vaapipostproc6" (need-context): GstMessageNeedContext, context-type=(string)GstWaylandDisplayHandleContextType;
Got message #2391 from element "vaapipostproc4" (need-context): GstMessageNeedContext, context-type=(string)GstWaylandDisplayHandleContextType;
Got message #2392 from element "vaapipostproc0" (need-context): GstMessageNeedContext, context-type=(string)GstWaylandDisplayHandleContextType;
Got message #2393 from element "vaapipostproc3" (need-context): GstMessageNeedContext, context-type=(string)GstWaylandDisplayHandleContextType;
Got message #2394 from element "vaapipostproc5" (need-context): GstMessageNeedContext, context-type=(string)GstWaylandDisplayHandleContextType;
Got message #2403 from element "capsfilter22" (state-changed): GstMessageStateChanged, old-state=(GstState)null, new-state=(GstState)ready, pending-state=(GstState)void-pending;
Got message #2404 from element "vaapipostproc7" (state-changed): GstMessageStateChanged, old-state=(GstState)null, new-state=(GstState)ready, pending-state=(GstState)void-pending;
Got message #2413 from element "capsfilter24" (state-changed): GstMessageStateChanged, old-state=(GstState)null, new-state=(GstState)ready, pending-state=(GstState)void-pending;
Got message #2412 from element "capsfilter23" (state-changed): GstMessageStateChanged, old-state=(GstState)null, new-state=(GstState)ready, pending-state=(GstState)void-pending;
Got message #2414 from element "vaapipostproc8" (state-changed): GstMessageStateChanged, old-state=(GstState)null, new-state=(GstState)ready, pending-state=(GstState)void-pending;
Got message #2415 from element "vaapipostproc9" (state-changed): GstMessageStateChanged, old-state=(GstState)null, new-state=(GstState)ready, pending-state=(GstState)void-pending;
Got message #2424 from element "capsfilter25" (state-changed): GstMessageStateChanged, old-state=(GstState)null, new-state=(GstState)ready, pending-state=(GstState)void-pending;
Got message #2426 from element "vaapipostproc11" (state-changed): GstMessageStateChanged, old-state=(GstState)null, new-state=(GstState)ready, pending-state=(GstState)void-pending;
Got message #2431 from element "capsfilter21" (state-changed): GstMessageStateChanged, old-state=(GstState)null, new-state=(GstState)ready, pending-state=(GstState)void-pending;
Got message #2432 from element "vaapipostproc10" (state-changed): GstMessageStateChanged, old-state=(GstState)null, new-state=(GstState)ready, pending-state=(GstState)void-pending;
Got message #2437 from element "capsfilter26" (state-changed): GstMessageStateChanged, old-state=(GstState)null, new-state=(GstState)ready, pending-state=(GstState)void-pending;
Got message #2439 from element "vaapipostproc12" (state-changed): GstMessageStateChanged, old-state=(GstState)null, new-state=(GstState)ready, pending-state=(GstState)void-pending;
Got message #2448 from element "vaapidecodebin10" (state-changed): GstMessageStateChanged, old-state=(GstState)null, new-state=(GstState)ready, pending-state=(GstState)void-pending;
Got message #2471 from element "vaapidecodebin7" (state-changed): GstMessageStateChanged, old-state=(GstState)null, new-state=(GstState)ready, pending-state=(GstState)void-pending;
Got message #2472 from element "vaapidecodebin12" (state-changed): GstMessageStateChanged, old-state=(GstState)null, new-state=(GstState)ready, pending-state=(GstState)void-pending;
Got message #2475 from element "vaapidecodebin11" (state-changed): GstMessageStateChanged, old-state=(GstState)null, new-state=(GstState)ready, pending-state=(GstState)void-pending;
Got message #2477 from element "vaapidecodebin5" (state-changed): GstMessageStateChanged, old-state=(GstState)null, new-state=(GstState)ready, pending-state=(GstState)void-pending;
Got message #2478 from element "vaapidecodebin8" (state-changed): GstMessageStateChanged, old-state=(GstState)null, new-state=(GstState)ready, pending-state=(GstState)void-pending;
Got message #2485 from element "vaapipostproc9" (need-context): GstMessageNeedContext, context-type=(string)gst.vaapi.Display;
Got message #2486 from element "vaapipostproc12" (need-context): GstMessageNeedContext, context-type=(string)gst.vaapi.Display;
Got message #2487 from element "vaapipostproc9" (need-context): GstMessageNeedContext, context-type=(string)gst.gl.GLDisplay;
Got message #2488 from element "vaapipostproc12" (need-context): GstMessageNeedContext, context-type=(string)gst.gl.GLDisplay;
Got message #2489 from element "vaapipostproc9" (need-context): GstMessageNeedContext, context-type=(string)gst.x11.display.handle;
Got message #2490 from element "vaapipostproc12" (need-context): GstMessageNeedContext, context-type=(string)gst.x11.display.handle;
Got message #2491 from element "vaapipostproc9" (need-context): GstMessageNeedContext, context-type=(string)GstWaylandDisplayHandleContextType;
Got message #2492 from element "vaapipostproc12" (need-context): GstMessageNeedContext, context-type=(string)GstWaylandDisplayHandleContextType;
Got message #2499 from element "vaapipostproc7" (need-context): GstMessageNeedContext, context-type=(string)gst.vaapi.Display;
Got message #2500 from element "vaapipostproc7" (need-context): GstMessageNeedContext, context-type=(string)gst.gl.GLDisplay;
Got message #2501 from element "vaapipostproc11" (need-context): GstMessageNeedContext, context-type=(string)gst.vaapi.Display;
Got message #2502 from element "vaapipostproc11" (need-context): GstMessageNeedContext, context-type=(string)gst.gl.GLDisplay;
Got message #2503 from element "vaapipostproc11" (need-context): GstMessageNeedContext, context-type=(string)gst.x11.display.handle;
Got message #2504 from element "vaapipostproc11" (need-context): GstMessageNeedContext, context-type=(string)GstWaylandDisplayHandleContextType;
Got message #2505 from element "vaapipostproc7" (need-context): GstMessageNeedContext, context-type=(string)gst.x11.display.handle;
Got message #2506 from element "vaapipostproc7" (need-context): GstMessageNeedContext, context-type=(string)GstWaylandDisplayHandleContextType;
Got message #2513 from element "vaapipostproc8" (need-context): GstMessageNeedContext, context-type=(string)gst.vaapi.Display;
Got message #2514 from element "vaapipostproc10" (need-context): GstMessageNeedContext, context-type=(string)gst.vaapi.Display;
Got message #2515 from element "vaapipostproc8" (need-context): GstMessageNeedContext, context-type=(string)gst.gl.GLDisplay;
Got message #2516 from element "vaapipostproc10" (need-context): GstMessageNeedContext, context-type=(string)gst.gl.GLDisplay;
Got message #2517 from element "vaapipostproc10" (need-context): GstMessageNeedContext, context-type=(string)gst.x11.display.handle;
Got message #2518 from element "vaapipostproc8" (need-context): GstMessageNeedContext, context-type=(string)gst.x11.display.handle;
Got message #2519 from element "vaapipostproc10" (need-context): GstMessageNeedContext, context-type=(string)GstWaylandDisplayHandleContextType;
Got message #2520 from element "vaapipostproc8" (need-context): GstMessageNeedContext, context-type=(string)GstWaylandDisplayHandleContextType;
Got message #2524 from element "capsfilter20" (state-changed): GstMessageStateChanged, old-state=(GstState)null, new-state=(GstState)ready, pending-state=(GstState)void-pending;
Got message #2525 from element "vaapipostproc13" (state-changed): GstMessageStateChanged, old-state=(GstState)null, new-state=(GstState)ready, pending-state=(GstState)void-pending;
Got message #2534 from element "vaapidecodebin4" (state-changed): GstMessageStateChanged, old-state=(GstState)null, new-state=(GstState)ready, pending-state=(GstState)void-pending;
Got message #2535 from element "vaapipostproc4" (have-context): GstMessageHaveContext, context=(GstContext)NULL;
Got context from element 'vaapipostproc4': gst.gl.GLDisplay=context, gst.gl.GLDisplay=(GstGLDisplay)"\(GstGLDisplayX11\)\ gldisplayx11-1";
Got message #2536 from element "vaapipostproc4" (need-context): GstMessageNeedContext, context-type=(string)gst.gl.app_context;
Got message #2540 from element "vaapipostproc13" (need-context): GstMessageNeedContext, context-type=(string)gst.vaapi.Display;
Got message #2542 from element "vaapipostproc13" (need-context): GstMessageNeedContext, context-type=(string)gst.gl.app_context;
Got message #2543 from element "vaapipostproc0" (have-context): GstMessageHaveContext, context=(GstContext)NULL;
Got context from element 'vaapipostproc0': gst.gl.GLDisplay=context, gst.gl.GLDisplay=(GstGLDisplay)"\(GstGLDisplayX11\)\ gldisplayx11-0";
Got message #2544 from element "vaapipostproc0" (need-context): GstMessageNeedContext, context-type=(string)gst.gl.app_context;
Got message #2545 from element "vaapipostproc6" (have-context): GstMessageHaveContext, context=(GstContext)NULL;
Got context from element 'vaapipostproc6': gst.gl.GLDisplay=context, gst.gl.GLDisplay=(GstGLDisplay)"\(GstGLDisplayX11\)\ gldisplayx11-4";
Got message #2547 from element "vaapipostproc6" (need-context): GstMessageNeedContext, context-type=(string)gst.gl.app_context;
Got message #2546 from element "vaapipostproc3" (have-context): GstMessageHaveContext, context=(GstContext)NULL;
Got context from element 'vaapipostproc3': gst.gl.GLDisplay=context, gst.gl.GLDisplay=(GstGLDisplay)"\(GstGLDisplayX11\)\ gldisplayx11-3";
Got message #2548 from element "vaapipostproc3" (need-context): GstMessageNeedContext, context-type=(string)gst.gl.app_context;
Got message #2549 from element "vaapipostproc10" (have-context): GstMessageHaveContext, context=(GstContext)NULL;
Got context from element 'vaapipostproc10': gst.gl.GLDisplay=context, gst.gl.GLDisplay=(GstGLDisplay)"\(GstGLDisplayX11\)\ gldisplayx11-9";
Got message #2550 from element "vaapipostproc9" (have-context): GstMessageHaveContext, context=(GstContext)NULL;
Got context from element 'vaapipostproc9': gst.gl.GLDisplay=context, gst.gl.GLDisplay=(GstGLDisplay)"\(GstGLDisplayX11\)\ gldisplayx11-7";
Got message #2551 from element "vaapipostproc11" (have-context): GstMessageHaveContext, context=(GstContext)NULL;
Got context from element 'vaapipostproc11': gst.gl.GLDisplay=context, gst.gl.GLDisplay=(GstGLDisplay)"\(GstGLDisplayX11\)\ gldisplayx11-8";
Got message #2552 from element "vaapipostproc5" (have-context): GstMessageHaveContext, context=(GstContext)NULL;
Got context from element 'vaapipostproc5': gst.gl.GLDisplay=context, gst.gl.GLDisplay=(GstGLDisplay)"\(GstGLDisplayX11\)\ gldisplayx11-6";
Got message #2553 from element "vaapipostproc9" (need-context): GstMessageNeedContext, context-type=(string)gst.gl.app_context;
Got message #2554 from element "vaapipostproc1" (have-context): GstMessageHaveContext, context=(GstContext)NULL;
Got context from element 'vaapipostproc1': gst.gl.GLDisplay=context, gst.gl.GLDisplay=(GstGLDisplay)"\(GstGLDisplayX11\)\ gldisplayx11-5";
Got message #2555 from element "vaapipostproc5" (need-context): GstMessageNeedContext, context-type=(string)gst.gl.app_context;
Got message #2556 from element "vaapipostproc11" (need-context): GstMessageNeedContext, context-type=(string)gst.gl.app_context;
Got message #2557 from element "vaapipostproc10" (need-context): GstMessageNeedContext, context-type=(string)gst.gl.app_context;
Got message #2558 from element "vaapipostproc1" (need-context): GstMessageNeedContext, context-type=(string)gst.gl.app_context;
Got message #2559 from element "vaapipostproc8" (have-context): GstMessageHaveContext, context=(GstContext)NULL;
Got context from element 'vaapipostproc8': gst.gl.GLDisplay=context, gst.gl.GLDisplay=(GstGLDisplay)"\(GstGLDisplayX11\)\ gldisplayx11-12";
Got message #2560 from element "vaapipostproc8" (need-context): GstMessageNeedContext, context-type=(string)gst.gl.app_context;
Got message #2561 from element "vaapipostproc12" (have-context): GstMessageHaveContext, context=(GstContext)NULL;
Got context from element 'vaapipostproc12': gst.gl.GLDisplay=context, gst.gl.GLDisplay=(GstGLDisplay)"\(GstGLDisplayX11\)\ gldisplayx11-10";
Got message #2562 from element "vaapipostproc12" (need-context): GstMessageNeedContext, context-type=(string)gst.gl.app_context;
Got message #2563 from element "vaapipostproc7" (have-context): GstMessageHaveContext, context=(GstContext)NULL;
Got context from element 'vaapipostproc7': gst.gl.GLDisplay=context, gst.gl.GLDisplay=(GstGLDisplay)"\(GstGLDisplayX11\)\ gldisplayx11-11";
Got message #2564 from element "vaapipostproc7" (need-context): GstMessageNeedContext, context-type=(string)gst.gl.app_context;
Got message #2565 from element "vaapipostproc2" (have-context): GstMessageHaveContext, context=(GstContext)NULL;
Got context from element 'vaapipostproc2': gst.gl.GLDisplay=context, gst.gl.GLDisplay=(GstGLDisplay)"\(GstGLDisplayX11\)\ gldisplayx11-2";
Got message #2566 from element "vaapipostproc2" (need-context): GstMessageNeedContext, context-type=(string)gst.gl.app_context;
Got message #2567 from element "vaapipostproc0" (have-context): GstMessageHaveContext, context=(GstContext)NULL;
Got context from element 'vaapipostproc0': gst.vaapi.Display=context, gst.vaapi.Display=(GstVaapiDisplay)"\(GstVaapiDisplayGLX\)\ vaapidisplayglx0", gst.vaapi.Display.GObject=(GstObject)"\(GstVaapiDisplayGLX\)\ vaapidisplayglx0";
Got message #2568 from element "vaapipostproc0" (state-changed): GstMessageStateChanged, old-state=(GstState)ready, new-state=(GstState)paused, pending-state=(GstState)void-pending;
Got message #2569 from element "capsfilter14" (state-changed): GstMessageStateChanged, old-state=(GstState)ready, new-state=(GstState)paused, pending-state=(GstState)void-pending;
Got message #2570 from pad "queue31:src" (stream-status): GstMessageStreamStatus, type=(GstStreamStatusType)create, owner=(GstElement)"\(GstQueue\)\ queue31", object=(GstTask)"\(GstTask\)\ queue31:src";
Got message #2571 from element "queue31" (state-changed): GstMessageStateChanged, old-state=(GstState)ready, new-state=(GstState)paused, pending-state=(GstState)void-pending;
Got message #2572 from pad "queue31:src" (stream-status): GstMessageStreamStatus, type=(GstStreamStatusType)enter, owner=(GstElement)"\(GstQueue\)\ queue31", object=(GstTask)"\(GstTask\)\ queue31:src";
Got message #2573 from element "vaapidecode4" (state-changed): GstMessageStateChanged, old-state=(GstState)ready, new-state=(GstState)paused, pending-state=(GstState)void-pending;
Got message #2574 from element "vaapidecodebin0" (state-changed): GstMessageStateChanged, old-state=(GstState)ready, new-state=(GstState)paused, pending-state=(GstState)void-pending;
Got message #2575 from pad "sink:proxypad56" (property-notify): GstMessagePropertyNotify, property-name=(string)caps, property-value=(GstCaps)"video/x-h264\,\ stream-format\=\(string\)avc\,\ alignment\=\(string\)au\,\ level\=\(string\)4\,\ profile\=\(string\)high\,\ codec_data\=\(buffer\)01640028ffe1001d67640028acd940780227e5c05a808080a000007d20001d4c01e30632c001000568e93b2c8b\,\ width\=\(int\)1920\,\ height\=\(int\)1080\,\ framerate\=\(fraction\)30000/1001\,\ pixel-aspect-ratio\=\(fraction\)1/1\,\ colorimetry\=\(string\)bt709\,\ chroma-format\=\(string\)4:2:0\,\ bit-depth-luma\=\(uint\)8\,\ bit-depth-chroma\=\(uint\)8\,\ parsed\=\(boolean\)true";
/GstPipeline:pipeline0/GstDecodeBin:decodebin9/GstVaapiDecodeBin:vaapidecodebin0.GstGhostPad:sink.GstProxyPad:proxypad56: caps = video/x-h264, stream-format=(string)avc, alignment=(string)au, level=(string)4, profile=(string)high, codec_data=(buffer)01640028ffe1001d67640028acd940780227e5c05a808080a000007d20001d4c01e30632c001000568e93b2c8b, width=(int)1920, height=(int)1080, framerate=(fraction)30000/1001, pixel-aspect-ratio=(fraction)1/1, colorimetry=(string)bt709, chroma-format=(string)4:2:0, bit-depth-luma=(uint)8, bit-depth-chroma=(uint)8, parsed=(boolean)true
Got message #2576 from pad "vaapidecode4:sink" (property-notify): GstMessagePropertyNotify, property-name=(string)caps, property-value=(GstCaps)"video/x-h264\,\ stream-format\=\(string\)avc\,\ alignment\=\(string\)au\,\ level\=\(string\)4\,\ profile\=\(string\)high\,\ codec_data\=\(buffer\)01640028ffe1001d67640028acd940780227e5c05a808080a000007d20001d4c01e30632c001000568e93b2c8b\,\ width\=\(int\)1920\,\ height\=\(int\)1080\,\ framerate\=\(fraction\)30000/1001\,\ pixel-aspect-ratio\=\(fraction\)1/1\,\ colorimetry\=\(string\)bt709\,\ chroma-format\=\(string\)4:2:0\,\ bit-depth-luma\=\(uint\)8\,\ bit-depth-chroma\=\(uint\)8\,\ parsed\=\(boolean\)true";
/GstPipeline:pipeline0/GstDecodeBin:decodebin9/GstVaapiDecodeBin:vaapidecodebin0/GstVaapiDecode:vaapidecode4.GstPad:sink: caps = video/x-h264, stream-format=(string)avc, alignment=(string)au, level=(string)4, profile=(string)high, codec_data=(buffer)01640028ffe1001d67640028acd940780227e5c05a808080a000007d20001d4c01e30632c001000568e93b2c8b, width=(int)1920, height=(int)1080, framerate=(fraction)30000/1001, pixel-aspect-ratio=(fraction)1/1, colorimetry=(string)bt709, chroma-format=(string)4:2:0, bit-depth-luma=(uint)8, bit-depth-chroma=(uint)8, parsed=(boolean)true
Got message #2577 from pad "vaapidecodebin0:sink" (property-notify): GstMessagePropertyNotify, property-name=(string)caps, property-value=(GstCaps)"video/x-h264\,\ stream-format\=\(string\)avc\,\ alignment\=\(string\)au\,\ level\=\(string\)4\,\ profile\=\(string\)high\,\ codec_data\=\(buffer\)01640028ffe1001d67640028acd940780227e5c05a808080a000007d20001d4c01e30632c001000568e93b2c8b\,\ width\=\(int\)1920\,\ height\=\(int\)1080\,\ framerate\=\(fraction\)30000/1001\,\ pixel-aspect-ratio\=\(fraction\)1/1\,\ colorimetry\=\(string\)bt709\,\ chroma-format\=\(string\)4:2:0\,\ bit-depth-luma\=\(uint\)8\,\ bit-depth-chroma\=\(uint\)8\,\ parsed\=\(boolean\)true";
/GstPipeline:pipeline0/GstDecodeBin:decodebin9/GstVaapiDecodeBin:vaapidecodebin0.GstGhostPad:sink: caps = video/x-h264, stream-format=(string)avc, alignment=(string)au, level=(string)4, profile=(string)high, codec_data=(buffer)01640028ffe1001d67640028acd940780227e5c05a808080a000007d20001d4c01e30632c001000568e93b2c8b, width=(int)1920, height=(int)1080, framerate=(fraction)30000/1001, pixel-aspect-ratio=(fraction)1/1, colorimetry=(string)bt709, chroma-format=(string)4:2:0, bit-depth-luma=(uint)8, bit-depth-chroma=(uint)8, parsed=(boolean)true
Got message #2578 from pad "capsfilter6:src" (property-notify): GstMessagePropertyNotify, property-name=(string)caps, property-value=(GstCaps)"video/x-h264\,\ stream-format\=\(string\)avc\,\ alignment\=\(string\)au\,\ level\=\(string\)4\,\ profile\=\(string\)high\,\ codec_data\=\(buffer\)01640028ffe1001d67640028acd940780227e5c05a808080a000007d20001d4c01e30632c001000568e93b2c8b\,\ width\=\(int\)1920\,\ height\=\(int\)1080\,\ framerate\=\(fraction\)30000/1001\,\ pixel-aspect-ratio\=\(fraction\)1/1\,\ colorimetry\=\(string\)bt709\,\ chroma-format\=\(string\)4:2:0\,\ bit-depth-luma\=\(uint\)8\,\ bit-depth-chroma\=\(uint\)8\,\ parsed\=\(boolean\)true";
/GstPipeline:pipeline0/GstDecodeBin:decodebin9/GstCapsFilter:capsfilter6.GstPad:src: caps = video/x-h264, stream-format=(string)avc, alignment=(string)au, level=(string)4, profile=(string)high, codec_data=(buffer)01640028ffe1001d67640028acd940780227e5c05a808080a000007d20001d4c01e30632c001000568e93b2c8b, width=(int)1920, height=(int)1080, framerate=(fraction)30000/1001, pixel-aspect-ratio=(fraction)1/1, colorimetry=(string)bt709, chroma-format=(string)4:2:0, bit-depth-luma=(uint)8, bit-depth-chroma=(uint)8, parsed=(boolean)true
Got message #2579 from pad "capsfilter6:sink" (property-notify): GstMessagePropertyNotify, property-name=(string)caps, property-value=(GstCaps)"video/x-h264\,\ stream-format\=\(string\)avc\,\ alignment\=\(string\)au\,\ level\=\(string\)4\,\ profile\=\(string\)high\,\ codec_data\=\(buffer\)01640028ffe1001d67640028acd940780227e5c05a808080a000007d20001d4c01e30632c001000568e93b2c8b\,\ width\=\(int\)1920\,\ height\=\(int\)1080\,\ framerate\=\(fraction\)30000/1001\,\ pixel-aspect-ratio\=\(fraction\)1/1\,\ colorimetry\=\(string\)bt709\,\ chroma-format\=\(string\)4:2:0\,\ bit-depth-luma\=\(uint\)8\,\ bit-depth-chroma\=\(uint\)8\,\ parsed\=\(boolean\)true";
/GstPipeline:pipeline0/GstDecodeBin:decodebin9/GstCapsFilter:capsfilter6.GstPad:sink: caps = video/x-h264, stream-format=(string)avc, alignment=(string)au, level=(string)4, profile=(string)high, codec_data=(buffer)01640028ffe1001d67640028acd940780227e5c05a808080a000007d20001d4c01e30632c001000568e93b2c8b, width=(int)1920, height=(int)1080, framerate=(fraction)30000/1001, pixel-aspect-ratio=(fraction)1/1, colorimetry=(string)bt709, chroma-format=(string)4:2:0, bit-depth-luma=(uint)8, bit-depth-chroma=(uint)8, parsed=(boolean)true
Got message #2580 from pad "h264parse7:sink" (property-notify): GstMessagePropertyNotify, property-name=(string)caps, property-value=(GstCaps)"video/x-h264\,\ stream-format\=\(string\)avc\,\ alignment\=\(string\)au\,\ level\=\(string\)4\,\ profile\=\(string\)high\,\ codec_data\=\(buffer\)01640028ffe1001d67640028acd940780227e5c05a808080a000007d20001d4c01e30632c001000568e93b2c8bfdf8f800\,\ width\=\(int\)1920\,\ height\=\(int\)1080\,\ framerate\=\(fraction\)30000/1001\,\ pixel-aspect-ratio\=\(fraction\)1/1\,\ colorimetry\=\(string\)bt709";
/GstPipeline:pipeline0/GstDecodeBin:decodebin9/GstH264Parse:h264parse7.GstPad:sink: caps = video/x-h264, stream-format=(string)avc, alignment=(string)au, level=(string)4, profile=(string)high, codec_data=(buffer)01640028ffe1001d67640028acd940780227e5c05a808080a000007d20001d4c01e30632c001000568e93b2c8bfdf8f800, width=(int)1920, height=(int)1080, framerate=(fraction)30000/1001, pixel-aspect-ratio=(fraction)1/1, colorimetry=(string)bt709
Got message #2581 from element "multiqueue11" (property-notify): GstMessagePropertyNotify, property-name=(string)max-size-buffers, property-value=(uint)5;
/GstPipeline:pipeline0/GstDecodeBin:decodebin9/GstMultiQueue:multiqueue11: max-size-buffers = 5
Got message #2582 from element "multiqueue11" (property-notify): GstMessagePropertyNotify, property-name=(string)max-size-time, property-value=(guint64)0;
/GstPipeline:pipeline0/GstDecodeBin:decodebin9/GstMultiQueue:multiqueue11: max-size-time = 0
Got message #2583 from element "multiqueue11" (property-notify): GstMessagePropertyNotify, property-name=(string)max-size-bytes, property-value=(uint)8388608;
/GstPipeline:pipeline0/GstDecodeBin:decodebin9/GstMultiQueue:multiqueue11: max-size-bytes = 8388608
Got message #2585 from pad "multiqueue11:sink_0" (property-notify): GstMessagePropertyNotify, property-name=(string)caps, property-value=(GstCaps)"video/x-h264\,\ stream-format\=\(string\)avc\,\ alignment\=\(string\)au\,\ level\=\(string\)4\,\ profile\=\(string\)high\,\ codec_data\=\(buffer\)01640028ffe1001d67640028acd940780227e5c05a808080a000007d20001d4c01e30632c001000568e93b2c8bfdf8f800\,\ width\=\(int\)1920\,\ height\=\(int\)1080\,\ framerate\=\(fraction\)30000/1001\,\ pixel-aspect-ratio\=\(fraction\)1/1\,\ colorimetry\=\(string\)bt709";
/GstPipeline:pipeline0/GstDecodeBin:decodebin9/GstMultiQueue:multiqueue11.GstMultiQueuePad:sink_0: caps = video/x-h264, stream-format=(string)avc, alignment=(string)au, level=(string)4, profile=(string)high, codec_data=(buffer)01640028ffe1001d67640028acd940780227e5c05a808080a000007d20001d4c01e30632c001000568e93b2c8bfdf8f800, width=(int)1920, height=(int)1080, framerate=(fraction)30000/1001, pixel-aspect-ratio=(fraction)1/1, colorimetry=(string)bt709
Got message #2588 from element "multiqueue11" (property-notify): GstMessagePropertyNotify, property-name=(string)max-size-buffers, property-value=(uint)5;
/GstPipeline:pipeline0/GstDecodeBin:decodebin9/GstMultiQueue:multiqueue11: max-size-buffers = 5
Got message #2589 from element "multiqueue11" (property-notify): GstMessagePropertyNotify, property-name=(string)max-size-time, property-value=(guint64)0;
/GstPipeline:pipeline0/GstDecodeBin:decodebin9/GstMultiQueue:multiqueue11: max-size-time = 0
Got message #2590 from element "multiqueue11" (property-notify): GstMessagePropertyNotify, property-name=(string)max-size-bytes, property-value=(uint)8388608;
/GstPipeline:pipeline0/GstDecodeBin:decodebin9/GstMultiQueue:multiqueue11: max-size-bytes = 8388608
Got message #2592 from pad "h264parse7:src" (property-notify): GstMessagePropertyNotify, property-name=(string)caps, property-value=(GstCaps)"video/x-h264\,\ stream-format\=\(string\)avc\,\ alignment\=\(string\)au\,\ level\=\(string\)4\,\ profile\=\(string\)high\,\ codec_data\=\(buffer\)01640028ffe1001d67640028acd940780227e5c05a808080a000007d20001d4c01e30632c001000568e93b2c8b\,\ width\=\(int\)1920\,\ height\=\(int\)1080\,\ framerate\=\(fraction\)30000/1001\,\ pixel-aspect-ratio\=\(fraction\)1/1\,\ colorimetry\=\(string\)bt709\,\ chroma-format\=\(string\)4:2:0\,\ bit-depth-luma\=\(uint\)8\,\ bit-depth-chroma\=\(uint\)8\,\ parsed\=\(boolean\)true";
/GstPipeline:pipeline0/GstDecodeBin:decodebin9/GstH264Parse:h264parse7.GstPad:src: caps = video/x-h264, stream-format=(string)avc, alignment=(string)au, level=(string)4, profile=(string)high, codec_data=(buffer)01640028ffe1001d67640028acd940780227e5c05a808080a000007d20001d4c01e30632c001000568e93b2c8b, width=(int)1920, height=(int)1080, framerate=(fraction)30000/1001, pixel-aspect-ratio=(fraction)1/1, colorimetry=(string)bt709, chroma-format=(string)4:2:0, bit-depth-luma=(uint)8, bit-depth-chroma=(uint)8, parsed=(boolean)true
Got message #2593 from pad "capsfilter6:sink" (property-notify): GstMessagePropertyNotify, property-name=(string)caps, property-value=(GstCaps)"video/x-h264\,\ stream-format\=\(string\)avc\,\ alignment\=\(string\)au\,\ level\=\(string\)4\,\ profile\=\(string\)high\,\ codec_data\=\(buffer\)01640028ffe1001d67640028acd940780227e5c05a808080a000007d20001d4c01e30632c001000568e93b2c8b\,\ width\=\(int\)1920\,\ height\=\(int\)1080\,\ framerate\=\(fraction\)30000/1001\,\ pixel-aspect-ratio\=\(fraction\)1/1\,\ colorimetry\=\(string\)bt709\,\ chroma-format\=\(string\)4:2:0\,\ bit-depth-luma\=\(uint\)8\,\ bit-depth-chroma\=\(uint\)8\,\ parsed\=\(boolean\)true";
/GstPipeline:pipeline0/GstDecodeBin:decodebin9/GstCapsFilter:capsfilter6.GstPad:sink: caps = video/x-h264, stream-format=(string)avc, alignment=(string)au, level=(string)4, profile=(string)high, codec_data=(buffer)01640028ffe1001d67640028acd940780227e5c05a808080a000007d20001d4c01e30632c001000568e93b2c8b, width=(int)1920, height=(int)1080, framerate=(fraction)30000/1001, pixel-aspect-ratio=(fraction)1/1, colorimetry=(string)bt709, chroma-format=(string)4:2:0, bit-depth-luma=(uint)8, bit-depth-chroma=(uint)8, parsed=(boolean)true
Got message #2596 from pad "h264parse7:src" (property-notify): GstMessagePropertyNotify, property-name=(string)caps, property-value=(GstCaps)"video/x-h264\,\ stream-format\=\(string\)avc\,\ alignment\=\(string\)au\,\ level\=\(string\)4\,\ profile\=\(string\)high\,\ codec_data\=\(buffer\)01640028ffe1001d67640028acd940780227e5c05a808080a000007d20001d4c01e30632c001000568e93b2c8b\,\ width\=\(int\)1920\,\ height\=\(int\)1080\,\ framerate\=\(fraction\)30000/1001\,\ pixel-aspect-ratio\=\(fraction\)1/1\,\ colorimetry\=\(string\)bt709\,\ chroma-format\=\(string\)4:2:0\,\ bit-depth-luma\=\(uint\)8\,\ bit-depth-chroma\=\(uint\)8\,\ parsed\=\(boolean\)true";
/GstPipeline:pipeline0/GstDecodeBin:decodebin9/GstH264Parse:h264parse7.GstPad:src: caps = video/x-h264, stream-format=(string)avc, alignment=(string)au, level=(string)4, profile=(string)high, codec_data=(buffer)01640028ffe1001d67640028acd940780227e5c05a808080a000007d20001d4c01e30632c001000568e93b2c8b, width=(int)1920, height=(int)1080, framerate=(fraction)30000/1001, pixel-aspect-ratio=(fraction)1/1, colorimetry=(string)bt709, chroma-format=(string)4:2:0, bit-depth-luma=(uint)8, bit-depth-chroma=(uint)8, parsed=(boolean)true
Got message #2597 from pad "capsfilter6:sink" (property-notify): GstMessagePropertyNotify, property-name=(string)caps, property-value=(GstCaps)"video/x-h264\,\ stream-format\=\(string\)avc\,\ alignment\=\(string\)au\,\ level\=\(string\)4\,\ profile\=\(string\)high\,\ codec_data\=\(buffer\)01640028ffe1001d67640028acd940780227e5c05a808080a000007d20001d4c01e30632c001000568e93b2c8b\,\ width\=\(int\)1920\,\ height\=\(int\)1080\,\ framerate\=\(fraction\)30000/1001\,\ pixel-aspect-ratio\=\(fraction\)1/1\,\ colorimetry\=\(string\)bt709\,\ chroma-format\=\(string\)4:2:0\,\ bit-depth-luma\=\(uint\)8\,\ bit-depth-chroma\=\(uint\)8\,\ parsed\=\(boolean\)true";
/GstPipeline:pipeline0/GstDecodeBin:decodebin9/GstCapsFilter:capsfilter6.GstPad:sink: caps = video/x-h264, stream-format=(string)avc, alignment=(string)au, level=(string)4, profile=(string)high, codec_data=(buffer)01640028ffe1001d67640028acd940780227e5c05a808080a000007d20001d4c01e30632c001000568e93b2c8b, width=(int)1920, height=(int)1080, framerate=(fraction)30000/1001, pixel-aspect-ratio=(fraction)1/1, colorimetry=(string)bt709, chroma-format=(string)4:2:0, bit-depth-luma=(uint)8, bit-depth-chroma=(uint)8, parsed=(boolean)true
Got message #2598 from element "h264parse7" (duration-changed): GstMessageDurationChanged;
Got message #2602 from element "multiqueue11" (property-notify): GstMessagePropertyNotify, property-name=(string)max-size-buffers, property-value=(uint)5;
/GstPipeline:pipeline0/GstDecodeBin:decodebin9/GstMultiQueue:multiqueue11: max-size-buffers = 5
Got message #2603 from element "multiqueue11" (property-notify): GstMessagePropertyNotify, property-name=(string)max-size-time, property-value=(guint64)0;
/GstPipeline:pipeline0/GstDecodeBin:decodebin9/GstMultiQueue:multiqueue11: max-size-time = 0
Got message #2604 from element "multiqueue11" (property-notify): GstMessagePropertyNotify, property-name=(string)max-size-bytes, property-value=(uint)8388608;
/GstPipeline:pipeline0/GstDecodeBin:decodebin9/GstMultiQueue:multiqueue11: max-size-bytes = 8388608
Got message #2605 from element "vaapipostproc8" (have-context): GstMessageHaveContext, context=(GstContext)NULL;
Got context from element 'vaapipostproc8': gst.vaapi.Display=context, gst.vaapi.Display=(GstVaapiDisplay)"\(GstVaapiDisplayGLX\)\ vaapidisplayglx1", gst.vaapi.Display.GObject=(GstObject)"\(GstVaapiDisplayGLX\)\ vaapidisplayglx1";
Got message #2606 from element "vaapipostproc8" (state-changed): GstMessageStateChanged, old-state=(GstState)ready, new-state=(GstState)paused, pending-state=(GstState)void-pending;
Got message #2607 from element "capsfilter24" (state-changed): GstMessageStateChanged, old-state=(GstState)ready, new-state=(GstState)paused, pending-state=(GstState)void-pending;
Got message #2608 from pad "queue39:src" (stream-status): GstMessageStreamStatus, type=(GstStreamStatusType)create, owner=(GstElement)"\(GstQueue\)\ queue39", object=(GstTask)"\(GstTask\)\ queue39:src";
Got message #2609 from element "queue39" (state-changed): GstMessageStateChanged, old-state=(GstState)ready, new-state=(GstState)paused, pending-state=(GstState)void-pending;
Got message #2610 from element "vaapidecode8" (state-changed): GstMessageStateChanged, old-state=(GstState)ready, new-state=(GstState)paused, pending-state=(GstState)void-pending;
Got message #2611 from element "vaapidecodebin8" (state-changed): GstMessageStateChanged, old-state=(GstState)ready, new-state=(GstState)paused, pending-state=(GstState)void-pending;
Got message #2612 from pad "queue39:src" (stream-status): GstMessageStreamStatus, type=(GstStreamStatusType)enter, owner=(GstElement)"\(GstQueue\)\ queue39", object=(GstTask)"\(GstTask\)\ queue39:src";
Got message #2613 from element "multiqueue11" (property-notify): GstMessagePropertyNotify, property-name=(string)max-size-buffers, property-value=(uint)5;
/GstPipeline:pipeline0/GstDecodeBin:decodebin9/GstMultiQueue:multiqueue11: max-size-buffers = 5
Got message #2614 from element "multiqueue11" (property-notify): GstMessagePropertyNotify, property-name=(string)max-size-time, property-value=(guint64)0;
/GstPipeline:pipeline0/GstDecodeBin:decodebin9/GstMultiQueue:multiqueue11: max-size-time = 0
Got message #2615 from element "multiqueue11" (property-notify): GstMessagePropertyNotify, property-name=(string)max-size-bytes, property-value=(uint)8388608;
/GstPipeline:pipeline0/GstDecodeBin:decodebin9/GstMultiQueue:multiqueue11: max-size-bytes = 8388608
Got message #2616 from element "multiqueue11" (property-notify): GstMessagePropertyNotify, property-name=(string)max-size-buffers, property-value=(uint)5;
/GstPipeline:pipeline0/GstDecodeBin:decodebin9/GstMultiQueue:multiqueue11: max-size-buffers = 5
Got message #2617 from element "multiqueue11" (property-notify): GstMessagePropertyNotify, property-name=(string)max-size-time, property-value=(guint64)0;
/GstPipeline:pipeline0/GstDecodeBin:decodebin9/GstMultiQueue:multiqueue11: max-size-time = 0
Got message #2618 from element "multiqueue11" (property-notify): GstMessagePropertyNotify, property-name=(string)max-size-bytes, property-value=(uint)8388608;
/GstPipeline:pipeline0/GstDecodeBin:decodebin9/GstMultiQueue:multiqueue11: max-size-bytes = 8388608
Got message #2619 from element "vaapipostproc12" (have-context): GstMessageHaveContext, context=(GstContext)NULL;
Got context from element 'vaapipostproc12': gst.vaapi.Display=context, gst.vaapi.Display=(GstVaapiDisplay)"\(GstVaapiDisplayGLX\)\ vaapidisplayglx3", gst.vaapi.Display.GObject=(GstObject)"\(GstVaapiDisplayGLX\)\ vaapidisplayglx3";
Got message #2620 from element "vaapipostproc12" (state-changed): GstMessageStateChanged, old-state=(GstState)ready, new-state=(GstState)paused, pending-state=(GstState)void-pending;
Got message #2621 from element "capsfilter26" (state-changed): GstMessageStateChanged, old-state=(GstState)ready, new-state=(GstState)paused, pending-state=(GstState)void-pending;
Got message #2622 from pad "queue44:src" (stream-status): GstMessageStreamStatus, type=(GstStreamStatusType)create, owner=(GstElement)"\(GstQueue\)\ queue44", object=(GstTask)"\(GstTask\)\ task76";
Got message #2623 from element "queue44" (state-changed): GstMessageStateChanged, old-state=(GstState)ready, new-state=(GstState)paused, pending-state=(GstState)void-pending;
Got message #2624 from pad "queue44:src" (stream-status): GstMessageStreamStatus, type=(GstStreamStatusType)enter, owner=(GstElement)"\(GstQueue\)\ queue44", object=(GstTask)"\(GstTask\)\ queue44:src";
Got message #2625 from element "vaapidecode13" (state-changed): GstMessageStateChanged, old-state=(GstState)ready, new-state=(GstState)paused, pending-state=(GstState)void-pending;
Got message #2626 from element "vaapidecodebin12" (state-changed): GstMessageStateChanged, old-state=(GstState)ready, new-state=(GstState)paused, pending-state=(GstState)void-pending;
Got message #2627 from element "multiqueue11" (property-notify): GstMessagePropertyNotify, property-name=(string)max-size-buffers, property-value=(uint)5;
/GstPipeline:pipeline0/GstDecodeBin:decodebin9/GstMultiQueue:multiqueue11: max-size-buffers = 5
Got message #2628 from element "multiqueue11" (property-notify): GstMessagePropertyNotify, property-name=(string)max-size-time, property-value=(guint64)0;
/GstPipeline:pipeline0/GstDecodeBin:decodebin9/GstMultiQueue:multiqueue11: max-size-time = 0
Got message #2629 from element "multiqueue11" (property-notify): GstMessagePropertyNotify, property-name=(string)max-size-bytes, property-value=(uint)8388608;
/GstPipeline:pipeline0/GstDecodeBin:decodebin9/GstMultiQueue:multiqueue11: max-size-bytes = 8388608
Got message #2630 from element "vaapipostproc5" (have-context): GstMessageHaveContext, context=(GstContext)NULL;
Got context from element 'vaapipostproc5': gst.vaapi.Display=context, gst.vaapi.Display=(GstVaapiDisplay)"\(GstVaapiDisplayGLX\)\ vaapidisplayglx2", gst.vaapi.Display.GObject=(GstObject)"\(GstVaapiDisplayGLX\)\ vaapidisplayglx2";
Got message #2631 from element "vaapipostproc5" (state-changed): GstMessageStateChanged, old-state=(GstState)ready, new-state=(GstState)paused, pending-state=(GstState)void-pending;
Got message #2632 from element "capsfilter17" (state-changed): GstMessageStateChanged, old-state=(GstState)ready, new-state=(GstState)paused, pending-state=(GstState)void-pending;
Got message #2633 from pad "queue33:src" (stream-status): GstMessageStreamStatus, type=(GstStreamStatusType)create, owner=(GstElement)"\(GstQueue\)\ queue33", object=(GstTask)"\(GstTask\)\ queue33:src";
Got message #2634 from element "queue33" (state-changed): GstMessageStateChanged, old-state=(GstState)ready, new-state=(GstState)paused, pending-state=(GstState)void-pending;
Got message #2635 from pad "queue33:src" (stream-status): GstMessageStreamStatus, type=(GstStreamStatusType)enter, owner=(GstElement)"\(GstQueue\)\ queue33", object=(GstTask)"\(GstTask\)\ queue33:src";
Got message #2636 from element "vaapidecode1" (state-changed): GstMessageStateChanged, old-state=(GstState)ready, new-state=(GstState)paused, pending-state=(GstState)void-pending;
Got message #2637 from element "vaapidecodebin3" (state-changed): GstMessageStateChanged, old-state=(GstState)ready, new-state=(GstState)paused, pending-state=(GstState)void-pending;
Got message #2638 from element "vaapipostproc6" (have-context): GstMessageHaveContext, context=(GstContext)NULL;
Got context from element 'vaapipostproc6': gst.vaapi.Display=context, gst.vaapi.Display=(GstVaapiDisplay)"\(GstVaapiDisplayGLX\)\ vaapidisplayglx5", gst.vaapi.Display.GObject=(GstObject)"\(GstVaapiDisplayGLX\)\ vaapidisplayglx5";
Got message #2639 from pad "sink:proxypad68" (property-notify): GstMessagePropertyNotify, property-name=(string)caps, property-value=(GstCaps)"video/x-h264\,\ stream-format\=\(string\)avc\,\ alignment\=\(string\)au\,\ level\=\(string\)4\,\ profile\=\(string\)high\,\ codec_data\=\(buffer\)01640028ffe1001d67640028acd940780227e5c05a808080a000007d20001d4c01e30632c001000568e93b2c8b\,\ width\=\(int\)1920\,\ height\=\(int\)1080\,\ framerate\=\(fraction\)30000/1001\,\ pixel-aspect-ratio\=\(fraction\)1/1\,\ colorimetry\=\(string\)bt709\,\ chroma-format\=\(string\)4:2:0\,\ bit-depth-luma\=\(uint\)8\,\ bit-depth-chroma\=\(uint\)8\,\ parsed\=\(boolean\)true";
/GstPipeline:pipeline0/GstDecodeBin:decodebin13/GstVaapiDecodeBin:vaapidecodebin8.GstGhostPad:sink.GstProxyPad:proxypad68: caps = video/x-h264, stream-format=(string)avc, alignment=(string)au, level=(string)4, profile=(string)high, codec_data=(buffer)01640028ffe1001d67640028acd940780227e5c05a808080a000007d20001d4c01e30632c001000568e93b2c8b, width=(int)1920, height=(int)1080, framerate=(fraction)30000/1001, pixel-aspect-ratio=(fraction)1/1, colorimetry=(string)bt709, chroma-format=(string)4:2:0, bit-depth-luma=(uint)8, bit-depth-chroma=(uint)8, parsed=(boolean)true
Got message #2640 from element "vaapipostproc6" (state-changed): GstMessageStateChanged, old-state=(GstState)ready, new-state=(GstState)paused, pending-state=(GstState)void-pending;
Got message #2641 from element "capsfilter19" (state-changed): GstMessageStateChanged, old-state=(GstState)ready, new-state=(GstState)paused, pending-state=(GstState)void-pending;
Got message #2642 from pad "queue43:src" (stream-status): GstMessageStreamStatus, type=(GstStreamStatusType)create, owner=(GstElement)"\(GstQueue\)\ queue43", object=(GstTask)"\(GstTask\)\ queue43:src";
Got message #2643 from element "queue43" (state-changed): GstMessageStateChanged, old-state=(GstState)ready, new-state=(GstState)paused, pending-state=(GstState)void-pending;
Got message #2644 from pad "queue43:src" (stream-status): GstMessageStreamStatus, type=(GstStreamStatusType)enter, owner=(GstElement)"\(GstQueue\)\ queue43", object=(GstTask)"\(GstTask\)\ queue43:src";
Got message #2645 from element "vaapidecode7" (state-changed): GstMessageStateChanged, old-state=(GstState)ready, new-state=(GstState)paused, pending-state=(GstState)void-pending;
Got message #2646 from element "vaapidecodebin9" (state-changed): GstMessageStateChanged, old-state=(GstState)ready, new-state=(GstState)paused, pending-state=(GstState)void-pending;
Got message #2647 from pad "vaapidecode8:sink" (property-notify): GstMessagePropertyNotify, property-name=(string)caps, property-value=(GstCaps)"video/x-h264\,\ stream-format\=\(string\)avc\,\ alignment\=\(string\)au\,\ level\=\(string\)4\,\ profile\=\(string\)high\,\ codec_data\=\(buffer\)01640028ffe1001d67640028acd940780227e5c05a808080a000007d20001d4c01e30632c001000568e93b2c8b\,\ width\=\(int\)1920\,\ height\=\(int\)1080\,\ framerate\=\(fraction\)30000/1001\,\ pixel-aspect-ratio\=\(fraction\)1/1\,\ colorimetry\=\(string\)bt709\,\ chroma-format\=\(string\)4:2:0\,\ bit-depth-luma\=\(uint\)8\,\ bit-depth-chroma\=\(uint\)8\,\ parsed\=\(boolean\)true";
/GstPipeline:pipeline0/GstDecodeBin:decodebin13/GstVaapiDecodeBin:vaapidecodebin8/GstVaapiDecode:vaapidecode8.GstPad:sink: caps = video/x-h264, stream-format=(string)avc, alignment=(string)au, level=(string)4, profile=(string)high, codec_data=(buffer)01640028ffe1001d67640028acd940780227e5c05a808080a000007d20001d4c01e30632c001000568e93b2c8b, width=(int)1920, height=(int)1080, framerate=(fraction)30000/1001, pixel-aspect-ratio=(fraction)1/1, colorimetry=(string)bt709, chroma-format=(string)4:2:0, bit-depth-luma=(uint)8, bit-depth-chroma=(uint)8, parsed=(boolean)true
Got message #2648 from pad "vaapidecodebin8:sink" (property-notify): GstMessagePropertyNotify, property-name=(string)caps, property-value=(GstCaps)"video/x-h264\,\ stream-format\=\(string\)avc\,\ alignment\=\(string\)au\,\ level\=\(string\)4\,\ profile\=\(string\)high\,\ codec_data\=\(buffer\)01640028ffe1001d67640028acd940780227e5c05a808080a000007d20001d4c01e30632c001000568e93b2c8b\,\ width\=\(int\)1920\,\ height\=\(int\)1080\,\ framerate\=\(fraction\)30000/1001\,\ pixel-aspect-ratio\=\(fraction\)1/1\,\ colorimetry\=\(string\)bt709\,\ chroma-format\=\(string\)4:2:0\,\ bit-depth-luma\=\(uint\)8\,\ bit-depth-chroma\=\(uint\)8\,\ parsed\=\(boolean\)true";
/GstPipeline:pipeline0/GstDecodeBin:decodebin13/GstVaapiDecodeBin:vaapidecodebin8.GstGhostPad:sink: caps = video/x-h264, stream-format=(string)avc, alignment=(string)au, level=(string)4, profile=(string)high, codec_data=(buffer)01640028ffe1001d67640028acd940780227e5c05a808080a000007d20001d4c01e30632c001000568e93b2c8b, width=(int)1920, height=(int)1080, framerate=(fraction)30000/1001, pixel-aspect-ratio=(fraction)1/1, colorimetry=(string)bt709, chroma-format=(string)4:2:0, bit-depth-luma=(uint)8, bit-depth-chroma=(uint)8, parsed=(boolean)true
Got message #2649 from pad "capsfilter1:src" (property-notify): GstMessagePropertyNotify, property-name=(string)caps, property-value=(GstCaps)"video/x-h264\,\ stream-format\=\(string\)avc\,\ alignment\=\(string\)au\,\ level\=\(string\)4\,\ profile\=\(string\)high\,\ codec_data\=\(buffer\)01640028ffe1001d67640028acd940780227e5c05a808080a000007d20001d4c01e30632c001000568e93b2c8b\,\ width\=\(int\)1920\,\ height\=\(int\)1080\,\ framerate\=\(fraction\)30000/1001\,\ pixel-aspect-ratio\=\(fraction\)1/1\,\ colorimetry\=\(string\)bt709\,\ chroma-format\=\(string\)4:2:0\,\ bit-depth-luma\=\(uint\)8\,\ bit-depth-chroma\=\(uint\)8\,\ parsed\=\(boolean\)true";
/GstPipeline:pipeline0/GstDecodeBin:decodebin13/GstCapsFilter:capsfilter1.GstPad:src: caps = video/x-h264, stream-format=(string)avc, alignment=(string)au, level=(string)4, profile=(string)high, codec_data=(buffer)01640028ffe1001d67640028acd940780227e5c05a808080a000007d20001d4c01e30632c001000568e93b2c8b, width=(int)1920, height=(int)1080, framerate=(fraction)30000/1001, pixel-aspect-ratio=(fraction)1/1, colorimetry=(string)bt709, chroma-format=(string)4:2:0, bit-depth-luma=(uint)8, bit-depth-chroma=(uint)8, parsed=(boolean)true
Got message #2650 from pad "capsfilter1:sink" (property-notify): GstMessagePropertyNotify, property-name=(string)caps, property-value=(GstCaps)"video/x-h264\,\ stream-format\=\(string\)avc\,\ alignment\=\(string\)au\,\ level\=\(string\)4\,\ profile\=\(string\)high\,\ codec_data\=\(buffer\)01640028ffe1001d67640028acd940780227e5c05a808080a000007d20001d4c01e30632c001000568e93b2c8b\,\ width\=\(int\)1920\,\ height\=\(int\)1080\,\ framerate\=\(fraction\)30000/1001\,\ pixel-aspect-ratio\=\(fraction\)1/1\,\ colorimetry\=\(string\)bt709\,\ chroma-format\=\(string\)4:2:0\,\ bit-depth-luma\=\(uint\)8\,\ bit-depth-chroma\=\(uint\)8\,\ parsed\=\(boolean\)true";
/GstPipeline:pipeline0/GstDecodeBin:decodebin13/GstCapsFilter:capsfilter1.GstPad:sink: caps = video/x-h264, stream-format=(string)avc, alignment=(string)au, level=(string)4, profile=(string)high, codec_data=(buffer)01640028ffe1001d67640028acd940780227e5c05a808080a000007d20001d4c01e30632c001000568e93b2c8b, width=(int)1920, height=(int)1080, framerate=(fraction)30000/1001, pixel-aspect-ratio=(fraction)1/1, colorimetry=(string)bt709, chroma-format=(string)4:2:0, bit-depth-luma=(uint)8, bit-depth-chroma=(uint)8, parsed=(boolean)true
Got message #2651 from pad "h264parse3:sink" (property-notify): GstMessagePropertyNotify, property-name=(string)caps, property-value=(GstCaps)"video/x-h264\,\ stream-format\=\(string\)avc\,\ alignment\=\(string\)au\,\ level\=\(string\)4\,\ profile\=\(string\)high\,\ codec_data\=\(buffer\)01640028ffe1001d67640028acd940780227e5c05a808080a000007d20001d4c01e30632c001000568e93b2c8bfdf8f800\,\ width\=\(int\)1920\,\ height\=\(int\)1080\,\ framerate\=\(fraction\)30000/1001\,\ pixel-aspect-ratio\=\(fraction\)1/1\,\ colorimetry\=\(string\)bt709";
/GstPipeline:pipeline0/GstDecodeBin:decodebin13/GstH264Parse:h264parse3.GstPad:sink: caps = video/x-h264, stream-format=(string)avc, alignment=(string)au, level=(string)4, profile=(string)high, codec_data=(buffer)01640028ffe1001d67640028acd940780227e5c05a808080a000007d20001d4c01e30632c001000568e93b2c8bfdf8f800, width=(int)1920, height=(int)1080, framerate=(fraction)30000/1001, pixel-aspect-ratio=(fraction)1/1, colorimetry=(string)bt709
Got message #2652 from element "multiqueue7" (property-notify): GstMessagePropertyNotify, property-name=(string)max-size-buffers, property-value=(uint)5;
/GstPipeline:pipeline0/GstDecodeBin:decodebin13/GstMultiQueue:multiqueue7: max-size-buffers = 5
Got message #2653 from element "multiqueue7" (property-notify): GstMessagePropertyNotify, property-name=(string)max-size-time, property-value=(guint64)0;
/GstPipeline:pipeline0/GstDecodeBin:decodebin13/GstMultiQueue:multiqueue7: max-size-time = 0
Got message #2654 from element "multiqueue7" (property-notify): GstMessagePropertyNotify, property-name=(string)max-size-bytes, property-value=(uint)8388608;
/GstPipeline:pipeline0/GstDecodeBin:decodebin13/GstMultiQueue:multiqueue7: max-size-bytes = 8388608
Got message #2656 from pad "multiqueue7:sink_0" (property-notify): GstMessagePropertyNotify, property-name=(string)caps, property-value=(GstCaps)"video/x-h264\,\ stream-format\=\(string\)avc\,\ alignment\=\(string\)au\,\ level\=\(string\)4\,\ profile\=\(string\)high\,\ codec_data\=\(buffer\)01640028ffe1001d67640028acd940780227e5c05a808080a000007d20001d4c01e30632c001000568e93b2c8bfdf8f800\,\ width\=\(int\)1920\,\ height\=\(int\)1080\,\ framerate\=\(fraction\)30000/1001\,\ pixel-aspect-ratio\=\(fraction\)1/1\,\ colorimetry\=\(string\)bt709";
/GstPipeline:pipeline0/GstDecodeBin:decodebin13/GstMultiQueue:multiqueue7.GstMultiQueuePad:sink_0: caps = video/x-h264, stream-format=(string)avc, alignment=(string)au, level=(string)4, profile=(string)high, codec_data=(buffer)01640028ffe1001d67640028acd940780227e5c05a808080a000007d20001d4c01e30632c001000568e93b2c8bfdf8f800, width=(int)1920, height=(int)1080, framerate=(fraction)30000/1001, pixel-aspect-ratio=(fraction)1/1, colorimetry=(string)bt709
Got message #2659 from element "multiqueue7" (property-notify): GstMessagePropertyNotify, property-name=(string)max-size-buffers, property-value=(uint)5;
/GstPipeline:pipeline0/GstDecodeBin:decodebin13/GstMultiQueue:multiqueue7: max-size-buffers = 5
Got message #2660 from element "multiqueue7" (property-notify): GstMessagePropertyNotify, property-name=(string)max-size-time, property-value=(guint64)0;
/GstPipeline:pipeline0/GstDecodeBin:decodebin13/GstMultiQueue:multiqueue7: max-size-time = 0
Got message #2661 from element "multiqueue7" (property-notify): GstMessagePropertyNotify, property-name=(string)max-size-bytes, property-value=(uint)8388608;
/GstPipeline:pipeline0/GstDecodeBin:decodebin13/GstMultiQueue:multiqueue7: max-size-bytes = 8388608
Got message #2663 from pad "h264parse3:src" (property-notify): GstMessagePropertyNotify, property-name=(string)caps, property-value=(GstCaps)"video/x-h264\,\ stream-format\=\(string\)avc\,\ alignment\=\(string\)au\,\ level\=\(string\)4\,\ profile\=\(string\)high\,\ codec_data\=\(buffer\)01640028ffe1001d67640028acd940780227e5c05a808080a000007d20001d4c01e30632c001000568e93b2c8b\,\ width\=\(int\)1920\,\ height\=\(int\)1080\,\ framerate\=\(fraction\)30000/1001\,\ pixel-aspect-ratio\=\(fraction\)1/1\,\ colorimetry\=\(string\)bt709\,\ chroma-format\=\(string\)4:2:0\,\ bit-depth-luma\=\(uint\)8\,\ bit-depth-chroma\=\(uint\)8\,\ parsed\=\(boolean\)true";
/GstPipeline:pipeline0/GstDecodeBin:decodebin13/GstH264Parse:h264parse3.GstPad:src: caps = video/x-h264, stream-format=(string)avc, alignment=(string)au, level=(string)4, profile=(string)high, codec_data=(buffer)01640028ffe1001d67640028acd940780227e5c05a808080a000007d20001d4c01e30632c001000568e93b2c8b, width=(int)1920, height=(int)1080, framerate=(fraction)30000/1001, pixel-aspect-ratio=(fraction)1/1, colorimetry=(string)bt709, chroma-format=(string)4:2:0, bit-depth-luma=(uint)8, bit-depth-chroma=(uint)8, parsed=(boolean)true
Got message #2664 from pad "capsfilter1:sink" (property-notify): GstMessagePropertyNotify, property-name=(string)caps, property-value=(GstCaps)"video/x-h264\,\ stream-format\=\(string\)avc\,\ alignment\=\(string\)au\,\ level\=\(string\)4\,\ profile\=\(string\)high\,\ codec_data\=\(buffer\)01640028ffe1001d67640028acd940780227e5c05a808080a000007d20001d4c01e30632c001000568e93b2c8b\,\ width\=\(int\)1920\,\ height\=\(int\)1080\,\ framerate\=\(fraction\)30000/1001\,\ pixel-aspect-ratio\=\(fraction\)1/1\,\ colorimetry\=\(string\)bt709\,\ chroma-format\=\(string\)4:2:0\,\ bit-depth-luma\=\(uint\)8\,\ bit-depth-chroma\=\(uint\)8\,\ parsed\=\(boolean\)true";
/GstPipeline:pipeline0/GstDecodeBin:decodebin13/GstCapsFilter:capsfilter1.GstPad:sink: caps = video/x-h264, stream-format=(string)avc, alignment=(string)au, level=(string)4, profile=(string)high, codec_data=(buffer)01640028ffe1001d67640028acd940780227e5c05a808080a000007d20001d4c01e30632c001000568e93b2c8b, width=(int)1920, height=(int)1080, framerate=(fraction)30000/1001, pixel-aspect-ratio=(fraction)1/1, colorimetry=(string)bt709, chroma-format=(string)4:2:0, bit-depth-luma=(uint)8, bit-depth-chroma=(uint)8, parsed=(boolean)true
Got message #2666 from element "multiqueue7" (property-notify): GstMessagePropertyNotify, property-name=(string)max-size-buffers, property-value=(uint)5;
/GstPipeline:pipeline0/GstDecodeBin:decodebin13/GstMultiQueue:multiqueue7: max-size-buffers = 5
Got message #2667 from element "multiqueue7" (property-notify): GstMessagePropertyNotify, property-name=(string)max-size-time, property-value=(guint64)0;
/GstPipeline:pipeline0/GstDecodeBin:decodebin13/GstMultiQueue:multiqueue7: max-size-time = 0
Got message #2668 from element "multiqueue7" (property-notify): GstMessagePropertyNotify, property-name=(string)max-size-bytes, property-value=(uint)8388608;
/GstPipeline:pipeline0/GstDecodeBin:decodebin13/GstMultiQueue:multiqueue7: max-size-bytes = 8388608
Got message #2669 from element "vaapidecode4" (latency): no message details
Redistribute latency...
Got message #2671 from pad "vaapidecode4:src" (property-notify): GstMessagePropertyNotify, property-name=(string)caps, property-value=(GstCaps)"video/x-raw\(memory:VASurface\)\,\ format\=\(string\)NV12\,\ width\=\(int\)1920\,\ height\=\(int\)1080\,\ interlace-mode\=\(string\)progressive\,\ multiview-mode\=\(string\)mono\,\ multiview-flags\=\(GstVideoMultiviewFlagsSet\)0:ffffffff:/right-view-first/left-flipped/left-flopped/right-flipped/right-flopped/half-aspect/mixed-mono\,\ pixel-aspect-ratio\=\(fraction\)1/1\,\ colorimetry\=\(string\)bt709\,\ views\=\(int\)2\,\ framerate\=\(fraction\)30000/1001";
/GstPipeline:pipeline0/GstDecodeBin:decodebin9/GstVaapiDecodeBin:vaapidecodebin0/GstVaapiDecode:vaapidecode4.GstPad:src: caps = video/x-raw(memory:VASurface), format=(string)NV12, width=(int)1920, height=(int)1080, interlace-mode=(string)progressive, multiview-mode=(string)mono, multiview-flags=(GstVideoMultiviewFlagsSet)0:ffffffff:/right-view-first/left-flipped/left-flopped/right-flipped/right-flopped/half-aspect/mixed-mono, pixel-aspect-ratio=(fraction)1/1, colorimetry=(string)bt709, views=(int)2, framerate=(fraction)30000/1001
Got message #2673 from pad "h264parse3:src" (property-notify): GstMessagePropertyNotify, property-name=(string)caps, property-value=(GstCaps)"video/x-h264\,\ stream-format\=\(string\)avc\,\ alignment\=\(string\)au\,\ level\=\(string\)4\,\ profile\=\(string\)high\,\ codec_data\=\(buffer\)01640028ffe1001d67640028acd940780227e5c05a808080a000007d20001d4c01e30632c001000568e93b2c8b\,\ width\=\(int\)1920\,\ height\=\(int\)1080\,\ framerate\=\(fraction\)30000/1001\,\ pixel-aspect-ratio\=\(fraction\)1/1\,\ colorimetry\=\(string\)bt709\,\ chroma-format\=\(string\)4:2:0\,\ bit-depth-luma\=\(uint\)8\,\ bit-depth-chroma\=\(uint\)8\,\ parsed\=\(boolean\)true";
/GstPipeline:pipeline0/GstDecodeBin:decodebin13/GstH264Parse:h264parse3.GstPad:src: caps = video/x-h264, stream-format=(string)avc, alignment=(string)au, level=(string)4, profile=(string)high, codec_data=(buffer)01640028ffe1001d67640028acd940780227e5c05a808080a000007d20001d4c01e30632c001000568e93b2c8b, width=(int)1920, height=(int)1080, framerate=(fraction)30000/1001, pixel-aspect-ratio=(fraction)1/1, colorimetry=(string)bt709, chroma-format=(string)4:2:0, bit-depth-luma=(uint)8, bit-depth-chroma=(uint)8, parsed=(boolean)true
Got message #2674 from pad "queue31:src" (property-notify): GstMessagePropertyNotify, property-name=(string)caps, property-value=(GstCaps)"video/x-raw\(memory:VASurface\)\,\ format\=\(string\)NV12\,\ width\=\(int\)1920\,\ height\=\(int\)1080\,\ interlace-mode\=\(string\)progressive\,\ multiview-mode\=\(string\)mono\,\ multiview-flags\=\(GstVideoMultiviewFlagsSet\)0:ffffffff:/right-view-first/left-flipped/left-flopped/right-flipped/right-flopped/half-aspect/mixed-mono\,\ pixel-aspect-ratio\=\(fraction\)1/1\,\ colorimetry\=\(string\)bt709\,\ views\=\(int\)2\,\ framerate\=\(fraction\)30000/1001";
/GstPipeline:pipeline0/GstDecodeBin:decodebin9/GstVaapiDecodeBin:vaapidecodebin0/GstQueue:queue31.GstPad:src: caps = video/x-raw(memory:VASurface), format=(string)NV12, width=(int)1920, height=(int)1080, interlace-mode=(string)progressive, multiview-mode=(string)mono, multiview-flags=(GstVideoMultiviewFlagsSet)0:ffffffff:/right-view-first/left-flipped/left-flopped/right-flipped/right-flopped/half-aspect/mixed-mono, pixel-aspect-ratio=(fraction)1/1, colorimetry=(string)bt709, views=(int)2, framerate=(fraction)30000/1001
Got message #2676 from pad "capsfilter14:src" (property-notify): GstMessagePropertyNotify, property-name=(string)caps, property-value=(GstCaps)"video/x-raw\(memory:VASurface\)\,\ format\=\(string\)NV12\,\ width\=\(int\)1920\,\ height\=\(int\)1080\,\ interlace-mode\=\(string\)progressive\,\ multiview-mode\=\(string\)mono\,\ multiview-flags\=\(GstVideoMultiviewFlagsSet\)0:ffffffff:/right-view-first/left-flipped/left-flopped/right-flipped/right-flopped/half-aspect/mixed-mono\,\ pixel-aspect-ratio\=\(fraction\)1/1\,\ colorimetry\=\(string\)bt709\,\ views\=\(int\)2\,\ framerate\=\(fraction\)30000/1001";
/GstPipeline:pipeline0/GstDecodeBin:decodebin9/GstVaapiDecodeBin:vaapidecodebin0/GstCapsFilter:capsfilter14.GstPad:src: caps = video/x-raw(memory:VASurface), format=(string)NV12, width=(int)1920, height=(int)1080, interlace-mode=(string)progressive, multiview-mode=(string)mono, multiview-flags=(GstVideoMultiviewFlagsSet)0:ffffffff:/right-view-first/left-flipped/left-flopped/right-flipped/right-flopped/half-aspect/mixed-mono, pixel-aspect-ratio=(fraction)1/1, colorimetry=(string)bt709, views=(int)2, framerate=(fraction)30000/1001
Got message #2677 from pad "capsfilter1:sink" (property-notify): GstMessagePropertyNotify, property-name=(string)caps, property-value=(GstCaps)"video/x-h264\,\ stream-format\=\(string\)avc\,\ alignment\=\(string\)au\,\ level\=\(string\)4\,\ profile\=\(string\)high\,\ codec_data\=\(buffer\)01640028ffe1001d67640028acd940780227e5c05a808080a000007d20001d4c01e30632c001000568e93b2c8b\,\ width\=\(int\)1920\,\ height\=\(int\)1080\,\ framerate\=\(fraction\)30000/1001\,\ pixel-aspect-ratio\=\(fraction\)1/1\,\ colorimetry\=\(string\)bt709\,\ chroma-format\=\(string\)4:2:0\,\ bit-depth-luma\=\(uint\)8\,\ bit-depth-chroma\=\(uint\)8\,\ parsed\=\(boolean\)true";
/GstPipeline:pipeline0/GstDecodeBin:decodebin13/GstCapsFilter:capsfilter1.GstPad:sink: caps = video/x-h264, stream-format=(string)avc, alignment=(string)au, level=(string)4, profile=(string)high, codec_data=(buffer)01640028ffe1001d67640028acd940780227e5c05a808080a000007d20001d4c01e30632c001000568e93b2c8b, width=(int)1920, height=(int)1080, framerate=(fraction)30000/1001, pixel-aspect-ratio=(fraction)1/1, colorimetry=(string)bt709, chroma-format=(string)4:2:0, bit-depth-luma=(uint)8, bit-depth-chroma=(uint)8, parsed=(boolean)true
Got message #2678 from element "h264parse3" (duration-changed): GstMessageDurationChanged;
Got message #2679 from pad "queue31:sink" (property-notify): GstMessagePropertyNotify, property-name=(string)caps, property-value=(GstCaps)"video/x-raw\(memory:VASurface\)\,\ format\=\(string\)NV12\,\ width\=\(int\)1920\,\ height\=\(int\)1080\,\ interlace-mode\=\(string\)progressive\,\ multiview-mode\=\(string\)mono\,\ multiview-flags\=\(GstVideoMultiviewFlagsSet\)0:ffffffff:/right-view-first/left-flipped/left-flopped/right-flipped/right-flopped/half-aspect/mixed-mono\,\ pixel-aspect-ratio\=\(fraction\)1/1\,\ colorimetry\=\(string\)bt709\,\ views\=\(int\)2\,\ framerate\=\(fraction\)30000/1001";
/GstPipeline:pipeline0/GstDecodeBin:decodebin9/GstVaapiDecodeBin:vaapidecodebin0/GstQueue:queue31.GstPad:sink: caps = video/x-raw(memory:VASurface), format=(string)NV12, width=(int)1920, height=(int)1080, interlace-mode=(string)progressive, multiview-mode=(string)mono, multiview-flags=(GstVideoMultiviewFlagsSet)0:ffffffff:/right-view-first/left-flipped/left-flopped/right-flipped/right-flopped/half-aspect/mixed-mono, pixel-aspect-ratio=(fraction)1/1, colorimetry=(string)bt709, views=(int)2, framerate=(fraction)30000/1001
Got message #2684 from element "vaapipostproc1" (have-context): GstMessageHaveContext, context=(GstContext)NULL;
Got context from element 'vaapipostproc1': gst.vaapi.Display=context, gst.vaapi.Display=(GstVaapiDisplay)"\(GstVaapiDisplayGLX\)\ vaapidisplayglx4", gst.vaapi.Display.GObject=(GstObject)"\(GstVaapiDisplayGLX\)\ vaapidisplayglx4";
Got message #2685 from element "vaapipostproc1" (state-changed): GstMessageStateChanged, old-state=(GstState)ready, new-state=(GstState)paused, pending-state=(GstState)void-pending;
Got message #2686 from element "capsfilter27" (state-changed): GstMessageStateChanged, old-state=(GstState)ready, new-state=(GstState)paused, pending-state=(GstState)void-pending;
Got message #2687 from pad "queue40:src" (stream-status): GstMessageStreamStatus, type=(GstStreamStatusType)create, owner=(GstElement)"\(GstQueue\)\ queue40", object=(GstTask)"\(GstTask\)\ task79";
Got message #2688 from element "queue40" (state-changed): GstMessageStateChanged, old-state=(GstState)ready, new-state=(GstState)paused, pending-state=(GstState)void-pending;
Got message #2689 from pad "queue40:src" (stream-status): GstMessageStreamStatus, type=(GstStreamStatusType)enter, owner=(GstElement)"\(GstQueue\)\ queue40", object=(GstTask)"\(GstTask\)\ queue40:src";
Got message #2690 from element "vaapidecode2" (state-changed): GstMessageStateChanged, old-state=(GstState)ready, new-state=(GstState)paused, pending-state=(GstState)void-pending;
Got message #2691 from element "vaapidecodebin13" (state-changed): GstMessageStateChanged, old-state=(GstState)ready, new-state=(GstState)paused, pending-state=(GstState)void-pending;
Got message #2693 from pad "vaapipostproc0:src" (property-notify): GstMessagePropertyNotify, property-name=(string)caps, property-value=(GstCaps)"video/x-raw\,\ format\=\(string\)NV12\,\ width\=\(int\)1920\,\ height\=\(int\)1080\,\ framerate\=\(fraction\)30000/1001\,\ interlace-mode\=\(string\)progressive\,\ pixel-aspect-ratio\=\(fraction\)1/1\,\ multiview-mode\=\(string\)mono\,\ multiview-flags\=\(GstVideoMultiviewFlagsSet\)0:ffffffff:/right-view-first/left-flipped/left-flopped/right-flipped/right-flopped/half-aspect/mixed-mono\,\ views\=\(int\)2\,\ chroma-site\=\(string\)mpeg2\,\ colorimetry\=\(string\)bt709";
/GstPipeline:pipeline0/GstDecodeBin:decodebin9/GstVaapiDecodeBin:vaapidecodebin0/GstVaapiPostproc:vaapipostproc0.GstPad:src: caps = video/x-raw, format=(string)NV12, width=(int)1920, height=(int)1080, framerate=(fraction)30000/1001, interlace-mode=(string)progressive, pixel-aspect-ratio=(fraction)1/1, multiview-mode=(string)mono, multiview-flags=(GstVideoMultiviewFlagsSet)0:ffffffff:/right-view-first/left-flipped/left-flopped/right-flipped/right-flopped/half-aspect/mixed-mono, views=(int)2, chroma-site=(string)mpeg2, colorimetry=(string)bt709
Got message #2694 from pad "vaapidecodebin0:src" (property-notify): GstMessagePropertyNotify, property-name=(string)caps, property-value=(GstCaps)"video/x-raw\,\ format\=\(string\)NV12\,\ width\=\(int\)1920\,\ height\=\(int\)1080\,\ framerate\=\(fraction\)30000/1001\,\ interlace-mode\=\(string\)progressive\,\ pixel-aspect-ratio\=\(fraction\)1/1\,\ multiview-mode\=\(string\)mono\,\ multiview-flags\=\(GstVideoMultiviewFlagsSet\)0:ffffffff:/right-view-first/left-flipped/left-flopped/right-flipped/right-flopped/half-aspect/mixed-mono\,\ views\=\(int\)2\,\ chroma-site\=\(string\)mpeg2\,\ colorimetry\=\(string\)bt709";
/GstPipeline:pipeline0/GstDecodeBin:decodebin9/GstVaapiDecodeBin:vaapidecodebin0.GstGhostPad:src: caps = video/x-raw, format=(string)NV12, width=(int)1920, height=(int)1080, framerate=(fraction)30000/1001, interlace-mode=(string)progressive, pixel-aspect-ratio=(fraction)1/1, multiview-mode=(string)mono, multiview-flags=(GstVideoMultiviewFlagsSet)0:ffffffff:/right-view-first/left-flipped/left-flopped/right-flipped/right-flopped/half-aspect/mixed-mono, views=(int)2, chroma-site=(string)mpeg2, colorimetry=(string)bt709
Got message #2700 from element "decodebin9" (state-changed): GstMessageStateChanged, old-state=(GstState)ready, new-state=(GstState)paused, pending-state=(GstState)void-pending;
Got message #2701 from pad "queue9:sink" (property-notify): GstMessagePropertyNotify, property-name=(string)caps, property-value=(GstCaps)"video/x-raw\,\ format\=\(string\)NV12\,\ width\=\(int\)1920\,\ height\=\(int\)1080\,\ framerate\=\(fraction\)30000/1001\,\ interlace-mode\=\(string\)progressive\,\ pixel-aspect-ratio\=\(fraction\)1/1\,\ multiview-mode\=\(string\)mono\,\ multiview-flags\=\(GstVideoMultiviewFlagsSet\)0:ffffffff:/right-view-first/left-flipped/left-flopped/right-flipped/right-flopped/half-aspect/mixed-mono\,\ views\=\(int\)2\,\ chroma-site\=\(string\)mpeg2\,\ colorimetry\=\(string\)bt709";
/GstPipeline:pipeline0/GstQueue:queue9.GstPad:sink: caps = video/x-raw, format=(string)NV12, width=(int)1920, height=(int)1080, framerate=(fraction)30000/1001, interlace-mode=(string)progressive, pixel-aspect-ratio=(fraction)1/1, multiview-mode=(string)mono, multiview-flags=(GstVideoMultiviewFlagsSet)0:ffffffff:/right-view-first/left-flipped/left-flopped/right-flipped/right-flopped/half-aspect/mixed-mono, views=(int)2, chroma-site=(string)mpeg2, colorimetry=(string)bt709
Got message #2702 from pad "src_0:proxypad53" (property-notify): GstMessagePropertyNotify, property-name=(string)caps, property-value=(GstCaps)"video/x-raw\,\ format\=\(string\)NV12\,\ width\=\(int\)1920\,\ height\=\(int\)1080\,\ framerate\=\(fraction\)30000/1001\,\ interlace-mode\=\(string\)progressive\,\ pixel-aspect-ratio\=\(fraction\)1/1\,\ multiview-mode\=\(string\)mono\,\ multiview-flags\=\(GstVideoMultiviewFlagsSet\)0:ffffffff:/right-view-first/left-flipped/left-flopped/right-flipped/right-flopped/half-aspect/mixed-mono\,\ views\=\(int\)2\,\ chroma-site\=\(string\)mpeg2\,\ colorimetry\=\(string\)bt709";
/GstPipeline:pipeline0/GstDecodeBin:decodebin9.GstDecodePad:src_0.GstProxyPad:proxypad53: caps = video/x-raw, format=(string)NV12, width=(int)1920, height=(int)1080, framerate=(fraction)30000/1001, interlace-mode=(string)progressive, pixel-aspect-ratio=(fraction)1/1, multiview-mode=(string)mono, multiview-flags=(GstVideoMultiviewFlagsSet)0:ffffffff:/right-view-first/left-flipped/left-flopped/right-flipped/right-flopped/half-aspect/mixed-mono, views=(int)2, chroma-site=(string)mpeg2, colorimetry=(string)bt709
Got message #2703 from pad "src_0:proxypad53" (property-notify): GstMessagePropertyNotify, property-name=(string)caps, property-value=(GstCaps)"video/x-raw\,\ format\=\(string\)NV12\,\ width\=\(int\)1920\,\ height\=\(int\)1080\,\ framerate\=\(fraction\)30000/1001\,\ interlace-mode\=\(string\)progressive\,\ pixel-aspect-ratio\=\(fraction\)1/1\,\ multiview-mode\=\(string\)mono\,\ multiview-flags\=\(GstVideoMultiviewFlagsSet\)0:ffffffff:/right-view-first/left-flipped/left-flopped/right-flipped/right-flopped/half-aspect/mixed-mono\,\ views\=\(int\)2\,\ chroma-site\=\(string\)mpeg2\,\ colorimetry\=\(string\)bt709";
/GstPipeline:pipeline0/GstDecodeBin:decodebin9.GstDecodePad:src_0.GstProxyPad:proxypad53: caps = video/x-raw, format=(string)NV12, width=(int)1920, height=(int)1080, framerate=(fraction)30000/1001, interlace-mode=(string)progressive, pixel-aspect-ratio=(fraction)1/1, multiview-mode=(string)mono, multiview-flags=(GstVideoMultiviewFlagsSet)0:ffffffff:/right-view-first/left-flipped/left-flopped/right-flipped/right-flopped/half-aspect/mixed-mono, views=(int)2, chroma-site=(string)mpeg2, colorimetry=(string)bt709
Got message #2704 from pad "src:proxypad57" (property-notify): GstMessagePropertyNotify, property-name=(string)caps, property-value=(GstCaps)"video/x-raw\,\ format\=\(string\)NV12\,\ width\=\(int\)1920\,\ height\=\(int\)1080\,\ framerate\=\(fraction\)30000/1001\,\ interlace-mode\=\(string\)progressive\,\ pixel-aspect-ratio\=\(fraction\)1/1\,\ multiview-mode\=\(string\)mono\,\ multiview-flags\=\(GstVideoMultiviewFlagsSet\)0:ffffffff:/right-view-first/left-flipped/left-flopped/right-flipped/right-flopped/half-aspect/mixed-mono\,\ views\=\(int\)2\,\ chroma-site\=\(string\)mpeg2\,\ colorimetry\=\(string\)bt709";
/GstPipeline:pipeline0/GstDecodeBin:decodebin9/GstVaapiDecodeBin:vaapidecodebin0.GstGhostPad:src.GstProxyPad:proxypad57: caps = video/x-raw, format=(string)NV12, width=(int)1920, height=(int)1080, framerate=(fraction)30000/1001, interlace-mode=(string)progressive, pixel-aspect-ratio=(fraction)1/1, multiview-mode=(string)mono, multiview-flags=(GstVideoMultiviewFlagsSet)0:ffffffff:/right-view-first/left-flipped/left-flopped/right-flipped/right-flopped/half-aspect/mixed-mono, views=(int)2, chroma-site=(string)mpeg2, colorimetry=(string)bt709
Got message #2706 from pad "vaapipostproc0:src" (property-notify): GstMessagePropertyNotify, property-name=(string)caps, property-value=(GstCaps)"video/x-raw\,\ format\=\(string\)NV12\,\ width\=\(int\)1920\,\ height\=\(int\)1080\,\ framerate\=\(fraction\)30000/1001\,\ interlace-mode\=\(string\)progressive\,\ pixel-aspect-ratio\=\(fraction\)1/1\,\ multiview-mode\=\(string\)mono\,\ multiview-flags\=\(GstVideoMultiviewFlagsSet\)0:ffffffff:/right-view-first/left-flipped/left-flopped/right-flipped/right-flopped/half-aspect/mixed-mono\,\ views\=\(int\)2\,\ chroma-site\=\(string\)mpeg2\,\ colorimetry\=\(string\)bt709";
/GstPipeline:pipeline0/GstDecodeBin:decodebin9/GstVaapiDecodeBin:vaapidecodebin0/GstVaapiPostproc:vaapipostproc0.GstPad:src: caps = video/x-raw, format=(string)NV12, width=(int)1920, height=(int)1080, framerate=(fraction)30000/1001, interlace-mode=(string)progressive, pixel-aspect-ratio=(fraction)1/1, multiview-mode=(string)mono, multiview-flags=(GstVideoMultiviewFlagsSet)0:ffffffff:/right-view-first/left-flipped/left-flopped/right-flipped/right-flopped/half-aspect/mixed-mono, views=(int)2, chroma-site=(string)mpeg2, colorimetry=(string)bt709
Got message #2707 from pad "vaapidecodebin0:src" (property-notify): GstMessagePropertyNotify, property-name=(string)caps, property-value=(GstCaps)"video/x-raw\,\ format\=\(string\)NV12\,\ width\=\(int\)1920\,\ height\=\(int\)1080\,\ framerate\=\(fraction\)30000/1001\,\ interlace-mode\=\(string\)progressive\,\ pixel-aspect-ratio\=\(fraction\)1/1\,\ multiview-mode\=\(string\)mono\,\ multiview-flags\=\(GstVideoMultiviewFlagsSet\)0:ffffffff:/right-view-first/left-flipped/left-flopped/right-flipped/right-flopped/half-aspect/mixed-mono\,\ views\=\(int\)2\,\ chroma-site\=\(string\)mpeg2\,\ colorimetry\=\(string\)bt709";
/GstPipeline:pipeline0/GstDecodeBin:decodebin9/GstVaapiDecodeBin:vaapidecodebin0.GstGhostPad:src: caps = video/x-raw, format=(string)NV12, width=(int)1920, height=(int)1080, framerate=(fraction)30000/1001, interlace-mode=(string)progressive, pixel-aspect-ratio=(fraction)1/1, multiview-mode=(string)mono, multiview-flags=(GstVideoMultiviewFlagsSet)0:ffffffff:/right-view-first/left-flipped/left-flopped/right-flipped/right-flopped/half-aspect/mixed-mono, views=(int)2, chroma-site=(string)mpeg2, colorimetry=(string)bt709
Got message #2708 from pad "vaapidecodebin0:src" (property-notify): GstMessagePropertyNotify, property-name=(string)caps, property-value=(GstCaps)"video/x-raw\,\ format\=\(string\)NV12\,\ width\=\(int\)1920\,\ height\=\(int\)1080\,\ framerate\=\(fraction\)30000/1001\,\ interlace-mode\=\(string\)progressive\,\ pixel-aspect-ratio\=\(fraction\)1/1\,\ multiview-mode\=\(string\)mono\,\ multiview-flags\=\(GstVideoMultiviewFlagsSet\)0:ffffffff:/right-view-first/left-flipped/left-flopped/right-flipped/right-flopped/half-aspect/mixed-mono\,\ views\=\(int\)2\,\ chroma-site\=\(string\)mpeg2\,\ colorimetry\=\(string\)bt709";
/GstPipeline:pipeline0/GstDecodeBin:decodebin9/GstVaapiDecodeBin:vaapidecodebin0.GstGhostPad:src: caps = video/x-raw, format=(string)NV12, width=(int)1920, height=(int)1080, framerate=(fraction)30000/1001, interlace-mode=(string)progressive, pixel-aspect-ratio=(fraction)1/1, multiview-mode=(string)mono, multiview-flags=(GstVideoMultiviewFlagsSet)0:ffffffff:/right-view-first/left-flipped/left-flopped/right-flipped/right-flopped/half-aspect/mixed-mono, views=(int)2, chroma-site=(string)mpeg2, colorimetry=(string)bt709
Got message #2709 from pad "decodebin9:src_0" (property-notify): GstMessagePropertyNotify, property-name=(string)caps, property-value=(GstCaps)"video/x-raw\,\ format\=\(string\)NV12\,\ width\=\(int\)1920\,\ height\=\(int\)1080\,\ framerate\=\(fraction\)30000/1001\,\ interlace-mode\=\(string\)progressive\,\ pixel-aspect-ratio\=\(fraction\)1/1\,\ multiview-mode\=\(string\)mono\,\ multiview-flags\=\(GstVideoMultiviewFlagsSet\)0:ffffffff:/right-view-first/left-flipped/left-flopped/right-flipped/right-flopped/half-aspect/mixed-mono\,\ views\=\(int\)2\,\ chroma-site\=\(string\)mpeg2\,\ colorimetry\=\(string\)bt709";
/GstPipeline:pipeline0/GstDecodeBin:decodebin9.GstDecodePad:src_0: caps = video/x-raw, format=(string)NV12, width=(int)1920, height=(int)1080, framerate=(fraction)30000/1001, interlace-mode=(string)progressive, pixel-aspect-ratio=(fraction)1/1, multiview-mode=(string)mono, multiview-flags=(GstVideoMultiviewFlagsSet)0:ffffffff:/right-view-first/left-flipped/left-flopped/right-flipped/right-flopped/half-aspect/mixed-mono, views=(int)2, chroma-site=(string)mpeg2, colorimetry=(string)bt709
Got message #2710 from pad "queue9:sink" (property-notify): GstMessagePropertyNotify, property-name=(string)caps, property-value=(GstCaps)"video/x-raw\,\ format\=\(string\)NV12\,\ width\=\(int\)1920\,\ height\=\(int\)1080\,\ framerate\=\(fraction\)30000/1001\,\ interlace-mode\=\(string\)progressive\,\ pixel-aspect-ratio\=\(fraction\)1/1\,\ multiview-mode\=\(string\)mono\,\ multiview-flags\=\(GstVideoMultiviewFlagsSet\)0:ffffffff:/right-view-first/left-flipped/left-flopped/right-flipped/right-flopped/half-aspect/mixed-mono\,\ views\=\(int\)2\,\ chroma-site\=\(string\)mpeg2\,\ colorimetry\=\(string\)bt709";
/GstPipeline:pipeline0/GstQueue:queue9.GstPad:sink: caps = video/x-raw, format=(string)NV12, width=(int)1920, height=(int)1080, framerate=(fraction)30000/1001, interlace-mode=(string)progressive, pixel-aspect-ratio=(fraction)1/1, multiview-mode=(string)mono, multiview-flags=(GstVideoMultiviewFlagsSet)0:ffffffff:/right-view-first/left-flipped/left-flopped/right-flipped/right-flopped/half-aspect/mixed-mono, views=(int)2, chroma-site=(string)mpeg2, colorimetry=(string)bt709
Got message #2712 from pad "queue9:src" (property-notify): GstMessagePropertyNotify, property-name=(string)caps, property-value=(GstCaps)"video/x-raw\,\ format\=\(string\)NV12\,\ width\=\(int\)1920\,\ height\=\(int\)1080\,\ framerate\=\(fraction\)30000/1001\,\ interlace-mode\=\(string\)progressive\,\ pixel-aspect-ratio\=\(fraction\)1/1\,\ multiview-mode\=\(string\)mono\,\ multiview-flags\=\(GstVideoMultiviewFlagsSet\)0:ffffffff:/right-view-first/left-flipped/left-flopped/right-flipped/right-flopped/half-aspect/mixed-mono\,\ views\=\(int\)2\,\ chroma-site\=\(string\)mpeg2\,\ colorimetry\=\(string\)bt709";
/GstPipeline:pipeline0/GstQueue:queue9.GstPad:src: caps = video/x-raw, format=(string)NV12, width=(int)1920, height=(int)1080, framerate=(fraction)30000/1001, interlace-mode=(string)progressive, pixel-aspect-ratio=(fraction)1/1, multiview-mode=(string)mono, multiview-flags=(GstVideoMultiviewFlagsSet)0:ffffffff:/right-view-first/left-flipped/left-flopped/right-flipped/right-flopped/half-aspect/mixed-mono, views=(int)2, chroma-site=(string)mpeg2, colorimetry=(string)bt709
Got message #2713 from pad "queue9:src" (property-notify): GstMessagePropertyNotify, property-name=(string)caps, property-value=(GstCaps)"video/x-raw\,\ format\=\(string\)NV12\,\ width\=\(int\)1920\,\ height\=\(int\)1080\,\ framerate\=\(fraction\)30000/1001\,\ interlace-mode\=\(string\)progressive\,\ pixel-aspect-ratio\=\(fraction\)1/1\,\ multiview-mode\=\(string\)mono\,\ multiview-flags\=\(GstVideoMultiviewFlagsSet\)0:ffffffff:/right-view-first/left-flipped/left-flopped/right-flipped/right-flopped/half-aspect/mixed-mono\,\ views\=\(int\)2\,\ chroma-site\=\(string\)mpeg2\,\ colorimetry\=\(string\)bt709";
/GstPipeline:pipeline0/GstQueue:queue9.GstPad:src: caps = video/x-raw, format=(string)NV12, width=(int)1920, height=(int)1080, framerate=(fraction)30000/1001, interlace-mode=(string)progressive, pixel-aspect-ratio=(fraction)1/1, multiview-mode=(string)mono, multiview-flags=(GstVideoMultiviewFlagsSet)0:ffffffff:/right-view-first/left-flipped/left-flopped/right-flipped/right-flopped/half-aspect/mixed-mono, views=(int)2, chroma-site=(string)mpeg2, colorimetry=(string)bt709
Got message #2714 from pad "queue9:src" (property-notify): GstMessagePropertyNotify, property-name=(string)caps, property-value=(GstCaps)"video/x-raw\,\ format\=\(string\)NV12\,\ width\=\(int\)1920\,\ height\=\(int\)1080\,\ framerate\=\(fraction\)30000/1001\,\ interlace-mode\=\(string\)progressive\,\ pixel-aspect-ratio\=\(fraction\)1/1\,\ multiview-mode\=\(string\)mono\,\ multiview-flags\=\(GstVideoMultiviewFlagsSet\)0:ffffffff:/right-view-first/left-flipped/left-flopped/right-flipped/right-flopped/half-aspect/mixed-mono\,\ views\=\(int\)2\,\ chroma-site\=\(string\)mpeg2\,\ colorimetry\=\(string\)bt709";
/GstPipeline:pipeline0/GstQueue:queue9.GstPad:src: caps = video/x-raw, format=(string)NV12, width=(int)1920, height=(int)1080, framerate=(fraction)30000/1001, interlace-mode=(string)progressive, pixel-aspect-ratio=(fraction)1/1, multiview-mode=(string)mono, multiview-flags=(GstVideoMultiviewFlagsSet)0:ffffffff:/right-view-first/left-flipped/left-flopped/right-flipped/right-flopped/half-aspect/mixed-mono, views=(int)2, chroma-site=(string)mpeg2, colorimetry=(string)bt709
Got message #2716 from pad "in:sink_9" (property-notify): GstMessagePropertyNotify, property-name=(string)caps, property-value=(GstCaps)"video/x-raw\,\ format\=\(string\)NV12\,\ width\=\(int\)1920\,\ height\=\(int\)1080\,\ framerate\=\(fraction\)30000/1001\,\ interlace-mode\=\(string\)progressive\,\ pixel-aspect-ratio\=\(fraction\)1/1\,\ multiview-mode\=\(string\)mono\,\ multiview-flags\=\(GstVideoMultiviewFlagsSet\)0:ffffffff:/right-view-first/left-flipped/left-flopped/right-flipped/right-flopped/half-aspect/mixed-mono\,\ views\=\(int\)2\,\ chroma-site\=\(string\)mpeg2\,\ colorimetry\=\(string\)bt709";
/GstPipeline:pipeline0/GstDxInputSelector:in.GstAggregatorPad:sink_9: caps = video/x-raw, format=(string)NV12, width=(int)1920, height=(int)1080, framerate=(fraction)30000/1001, interlace-mode=(string)progressive, pixel-aspect-ratio=(fraction)1/1, multiview-mode=(string)mono, multiview-flags=(GstVideoMultiviewFlagsSet)0:ffffffff:/right-view-first/left-flipped/left-flopped/right-flipped/right-flopped/half-aspect/mixed-mono, views=(int)2, chroma-site=(string)mpeg2, colorimetry=(string)bt709
Got message #2718 from pad "out:src_9" (property-notify): GstMessagePropertyNotify, property-name=(string)caps, property-value=(GstCaps)"video/x-raw\,\ format\=\(string\)NV12\,\ width\=\(int\)1920\,\ height\=\(int\)1080\,\ framerate\=\(fraction\)30000/1001\,\ interlace-mode\=\(string\)progressive\,\ pixel-aspect-ratio\=\(fraction\)1/1\,\ multiview-mode\=\(string\)mono\,\ multiview-flags\=\(GstVideoMultiviewFlagsSet\)0:ffffffff:/right-view-first/left-flipped/left-flopped/right-flipped/right-flopped/half-aspect/mixed-mono\,\ views\=\(int\)2\,\ chroma-site\=\(string\)mpeg2\,\ colorimetry\=\(string\)bt709";
/GstPipeline:pipeline0/GstDxOutputSelector:out.GstPad:src_9: caps = video/x-raw, format=(string)NV12, width=(int)1920, height=(int)1080, framerate=(fraction)30000/1001, interlace-mode=(string)progressive, pixel-aspect-ratio=(fraction)1/1, multiview-mode=(string)mono, multiview-flags=(GstVideoMultiviewFlagsSet)0:ffffffff:/right-view-first/left-flipped/left-flopped/right-flipped/right-flopped/half-aspect/mixed-mono, views=(int)2, chroma-site=(string)mpeg2, colorimetry=(string)bt709
Got message #2720 from pad "queue26:sink" (property-notify): GstMessagePropertyNotify, property-name=(string)caps, property-value=(GstCaps)"video/x-raw\,\ format\=\(string\)NV12\,\ width\=\(int\)1920\,\ height\=\(int\)1080\,\ framerate\=\(fraction\)30000/1001\,\ interlace-mode\=\(string\)progressive\,\ pixel-aspect-ratio\=\(fraction\)1/1\,\ multiview-mode\=\(string\)mono\,\ multiview-flags\=\(GstVideoMultiviewFlagsSet\)0:ffffffff:/right-view-first/left-flipped/left-flopped/right-flipped/right-flopped/half-aspect/mixed-mono\,\ views\=\(int\)2\,\ chroma-site\=\(string\)mpeg2\,\ colorimetry\=\(string\)bt709";
/GstPipeline:pipeline0/GstQueue:queue26.GstPad:sink: caps = video/x-raw, format=(string)NV12, width=(int)1920, height=(int)1080, framerate=(fraction)30000/1001, interlace-mode=(string)progressive, pixel-aspect-ratio=(fraction)1/1, multiview-mode=(string)mono, multiview-flags=(GstVideoMultiviewFlagsSet)0:ffffffff:/right-view-first/left-flipped/left-flopped/right-flipped/right-flopped/half-aspect/mixed-mono, views=(int)2, chroma-site=(string)mpeg2, colorimetry=(string)bt709
Got message #2721 from pad "queue26:src" (property-notify): GstMessagePropertyNotify, property-name=(string)caps, property-value=(GstCaps)"video/x-raw\,\ format\=\(string\)NV12\,\ width\=\(int\)1920\,\ height\=\(int\)1080\,\ framerate\=\(fraction\)30000/1001\,\ interlace-mode\=\(string\)progressive\,\ pixel-aspect-ratio\=\(fraction\)1/1\,\ multiview-mode\=\(string\)mono\,\ multiview-flags\=\(GstVideoMultiviewFlagsSet\)0:ffffffff:/right-view-first/left-flipped/left-flopped/right-flipped/right-flopped/half-aspect/mixed-mono\,\ views\=\(int\)2\,\ chroma-site\=\(string\)mpeg2\,\ colorimetry\=\(string\)bt709";
/GstPipeline:pipeline0/GstQueue:queue26.GstPad:src: caps = video/x-raw, format=(string)NV12, width=(int)1920, height=(int)1080, framerate=(fraction)30000/1001, interlace-mode=(string)progressive, pixel-aspect-ratio=(fraction)1/1, multiview-mode=(string)mono, multiview-flags=(GstVideoMultiviewFlagsSet)0:ffffffff:/right-view-first/left-flipped/left-flopped/right-flipped/right-flopped/half-aspect/mixed-mono, views=(int)2, chroma-site=(string)mpeg2, colorimetry=(string)bt709
Got message #2722 from pad "queue26:src" (property-notify): GstMessagePropertyNotify, property-name=(string)caps, property-value=(GstCaps)"video/x-raw\,\ format\=\(string\)NV12\,\ width\=\(int\)1920\,\ height\=\(int\)1080\,\ framerate\=\(fraction\)30000/1001\,\ interlace-mode\=\(string\)progressive\,\ pixel-aspect-ratio\=\(fraction\)1/1\,\ multiview-mode\=\(string\)mono\,\ multiview-flags\=\(GstVideoMultiviewFlagsSet\)0:ffffffff:/right-view-first/left-flipped/left-flopped/right-flipped/right-flopped/half-aspect/mixed-mono\,\ views\=\(int\)2\,\ chroma-site\=\(string\)mpeg2\,\ colorimetry\=\(string\)bt709";
/GstPipeline:pipeline0/GstQueue:queue26.GstPad:src: caps = video/x-raw, format=(string)NV12, width=(int)1920, height=(int)1080, framerate=(fraction)30000/1001, interlace-mode=(string)progressive, pixel-aspect-ratio=(fraction)1/1, multiview-mode=(string)mono, multiview-flags=(GstVideoMultiviewFlagsSet)0:ffffffff:/right-view-first/left-flipped/left-flopped/right-flipped/right-flopped/half-aspect/mixed-mono, views=(int)2, chroma-site=(string)mpeg2, colorimetry=(string)bt709
Got message #2723 from pad "fakesink9:sink" (property-notify): GstMessagePropertyNotify, property-name=(string)caps, property-value=(GstCaps)"video/x-raw\,\ format\=\(string\)NV12\,\ width\=\(int\)1920\,\ height\=\(int\)1080\,\ framerate\=\(fraction\)30000/1001\,\ interlace-mode\=\(string\)progressive\,\ pixel-aspect-ratio\=\(fraction\)1/1\,\ multiview-mode\=\(string\)mono\,\ multiview-flags\=\(GstVideoMultiviewFlagsSet\)0:ffffffff:/right-view-first/left-flipped/left-flopped/right-flipped/right-flopped/half-aspect/mixed-mono\,\ views\=\(int\)2\,\ chroma-site\=\(string\)mpeg2\,\ colorimetry\=\(string\)bt709";
/GstPipeline:pipeline0/GstFakeSink:fakesink9.GstPad:sink: caps = video/x-raw, format=(string)NV12, width=(int)1920, height=(int)1080, framerate=(fraction)30000/1001, interlace-mode=(string)progressive, pixel-aspect-ratio=(fraction)1/1, multiview-mode=(string)mono, multiview-flags=(GstVideoMultiviewFlagsSet)0:ffffffff:/right-view-first/left-flipped/left-flopped/right-flipped/right-flopped/half-aspect/mixed-mono, views=(int)2, chroma-site=(string)mpeg2, colorimetry=(string)bt709
Got message #2724 from pad "queue26:src" (property-notify): GstMessagePropertyNotify, property-name=(string)caps, property-value=(GstCaps)"video/x-raw\,\ format\=\(string\)NV12\,\ width\=\(int\)1920\,\ height\=\(int\)1080\,\ framerate\=\(fraction\)30000/1001\,\ interlace-mode\=\(string\)progressive\,\ pixel-aspect-ratio\=\(fraction\)1/1\,\ multiview-mode\=\(string\)mono\,\ multiview-flags\=\(GstVideoMultiviewFlagsSet\)0:ffffffff:/right-view-first/left-flipped/left-flopped/right-flipped/right-flopped/half-aspect/mixed-mono\,\ views\=\(int\)2\,\ chroma-site\=\(string\)mpeg2\,\ colorimetry\=\(string\)bt709";
/GstPipeline:pipeline0/GstQueue:queue26.GstPad:src: caps = video/x-raw, format=(string)NV12, width=(int)1920, height=(int)1080, framerate=(fraction)30000/1001, interlace-mode=(string)progressive, pixel-aspect-ratio=(fraction)1/1, multiview-mode=(string)mono, multiview-flags=(GstVideoMultiviewFlagsSet)0:ffffffff:/right-view-first/left-flipped/left-flopped/right-flipped/right-flopped/half-aspect/mixed-mono, views=(int)2, chroma-site=(string)mpeg2, colorimetry=(string)bt709
Got message #2725 from pad "fakesink9:sink" (property-notify): GstMessagePropertyNotify, property-name=(string)caps, property-value=(GstCaps)"video/x-raw\,\ format\=\(string\)NV12\,\ width\=\(int\)1920\,\ height\=\(int\)1080\,\ framerate\=\(fraction\)30000/1001\,\ interlace-mode\=\(string\)progressive\,\ pixel-aspect-ratio\=\(fraction\)1/1\,\ multiview-mode\=\(string\)mono\,\ multiview-flags\=\(GstVideoMultiviewFlagsSet\)0:ffffffff:/right-view-first/left-flipped/left-flopped/right-flipped/right-flopped/half-aspect/mixed-mono\,\ views\=\(int\)2\,\ chroma-site\=\(string\)mpeg2\,\ colorimetry\=\(string\)bt709";
/GstPipeline:pipeline0/GstFakeSink:fakesink9.GstPad:sink: caps = video/x-raw, format=(string)NV12, width=(int)1920, height=(int)1080, framerate=(fraction)30000/1001, interlace-mode=(string)progressive, pixel-aspect-ratio=(fraction)1/1, multiview-mode=(string)mono, multiview-flags=(GstVideoMultiviewFlagsSet)0:ffffffff:/right-view-first/left-flipped/left-flopped/right-flipped/right-flopped/half-aspect/mixed-mono, views=(int)2, chroma-site=(string)mpeg2, colorimetry=(string)bt709
Got message #2726 from pad "vaapipostproc0:sink" (property-notify): GstMessagePropertyNotify, property-name=(string)caps, property-value=(GstCaps)"video/x-raw\(memory:VASurface\)\,\ format\=\(string\)NV12\,\ width\=\(int\)1920\,\ height\=\(int\)1080\,\ interlace-mode\=\(string\)progressive\,\ multiview-mode\=\(string\)mono\,\ multiview-flags\=\(GstVideoMultiviewFlagsSet\)0:ffffffff:/right-view-first/left-flipped/left-flopped/right-flipped/right-flopped/half-aspect/mixed-mono\,\ pixel-aspect-ratio\=\(fraction\)1/1\,\ colorimetry\=\(string\)bt709\,\ views\=\(int\)2\,\ framerate\=\(fraction\)30000/1001";
/GstPipeline:pipeline0/GstDecodeBin:decodebin9/GstVaapiDecodeBin:vaapidecodebin0/GstVaapiPostproc:vaapipostproc0.GstPad:sink: caps = video/x-raw(memory:VASurface), format=(string)NV12, width=(int)1920, height=(int)1080, interlace-mode=(string)progressive, multiview-mode=(string)mono, multiview-flags=(GstVideoMultiviewFlagsSet)0:ffffffff:/right-view-first/left-flipped/left-flopped/right-flipped/right-flopped/half-aspect/mixed-mono, pixel-aspect-ratio=(fraction)1/1, colorimetry=(string)bt709, views=(int)2, framerate=(fraction)30000/1001
Got message #2727 from pad "capsfilter14:sink" (property-notify): GstMessagePropertyNotify, property-name=(string)caps, property-value=(GstCaps)"video/x-raw\(memory:VASurface\)\,\ format\=\(string\)NV12\,\ width\=\(int\)1920\,\ height\=\(int\)1080\,\ interlace-mode\=\(string\)progressive\,\ multiview-mode\=\(string\)mono\,\ multiview-flags\=\(GstVideoMultiviewFlagsSet\)0:ffffffff:/right-view-first/left-flipped/left-flopped/right-flipped/right-flopped/half-aspect/mixed-mono\,\ pixel-aspect-ratio\=\(fraction\)1/1\,\ colorimetry\=\(string\)bt709\,\ views\=\(int\)2\,\ framerate\=\(fraction\)30000/1001";
/GstPipeline:pipeline0/GstDecodeBin:decodebin9/GstVaapiDecodeBin:vaapidecodebin0/GstCapsFilter:capsfilter14.GstPad:sink: caps = video/x-raw(memory:VASurface), format=(string)NV12, width=(int)1920, height=(int)1080, interlace-mode=(string)progressive, multiview-mode=(string)mono, multiview-flags=(GstVideoMultiviewFlagsSet)0:ffffffff:/right-view-first/left-flipped/left-flopped/right-flipped/right-flopped/half-aspect/mixed-mono, pixel-aspect-ratio=(fraction)1/1, colorimetry=(string)bt709, views=(int)2, framerate=(fraction)30000/1001
Got message #2732 from element "fakesink9" (tag): GstMessageTag, taglist=(taglist)"taglist\,\ video-codec\=\(string\)\"H.264\\\ /\\\ AVC\"\,\ maximum-bitrate\=\(uint\)4472819\,\ bitrate\=\(uint\)4472819\;";
Got message #2733 from element "fakesink9" (tag): GstMessageTag, taglist=(taglist)"taglist\,\ encoder\=\(string\)Lavf60.16.100\,\ container-format\=\(string\)\"ISO\\\ MP4/M4A\"\;";
Got message #2734 from element "fakesink9" (tag): GstMessageTag, taglist=(taglist)"taglist\,\ video-codec\=\(string\)\"H.264\\\ \\\(High\\\ Profile\\\)\"\,\ maximum-bitrate\=\(uint\)4472819\,\ bitrate\=\(uint\)4472819\;";
Got message #2735 from element "vaapipostproc2" (have-context): GstMessageHaveContext, context=(GstContext)NULL;
Got context from element 'vaapipostproc2': gst.vaapi.Display=context, gst.vaapi.Display=(GstVaapiDisplay)"\(GstVaapiDisplayGLX\)\ vaapidisplayglx6", gst.vaapi.Display.GObject=(GstObject)"\(GstVaapiDisplayGLX\)\ vaapidisplayglx6";
Got message #2736 from element "vaapipostproc2" (state-changed): GstMessageStateChanged, old-state=(GstState)ready, new-state=(GstState)paused, pending-state=(GstState)void-pending;
Got message #2737 from element "capsfilter15" (state-changed): GstMessageStateChanged, old-state=(GstState)ready, new-state=(GstState)paused, pending-state=(GstState)void-pending;
Got message #2738 from pad "queue36:src" (stream-status): GstMessageStreamStatus, type=(GstStreamStatusType)create, owner=(GstElement)"\(GstQueue\)\ queue36", object=(GstTask)"\(GstTask\)\ task80";
Got message #2739 from element "queue36" (state-changed): GstMessageStateChanged, old-state=(GstState)ready, new-state=(GstState)paused, pending-state=(GstState)void-pending;
Got message #2740 from pad "queue36:src" (stream-status): GstMessageStreamStatus, type=(GstStreamStatusType)enter, owner=(GstElement)"\(GstQueue\)\ queue36", object=(GstTask)"\(GstTask\)\ queue36:src";
Got message #2741 from element "vaapidecode9" (state-changed): GstMessageStateChanged, old-state=(GstState)ready, new-state=(GstState)paused, pending-state=(GstState)void-pending;
Got message #2742 from element "vaapidecodebin2" (state-changed): GstMessageStateChanged, old-state=(GstState)ready, new-state=(GstState)paused, pending-state=(GstState)void-pending;
Got message #2743 from pad "sink:proxypad80" (property-notify): 
[xcb] Unknown sequence number while processing reply
[xcb] Most likely this is a multi-threaded client and XInitThreads has not been called
[xcb] Aborting, sorry about that.
gst-launch-1.0: ../../src/xcb_io.c:730: _XReply: Assertion `!xcb_xlib_threads_sequence_lost' failed.
Command exited with non-zero status 1
__CPU_PERCENT__=417%
__MAX_RSS_KB__=234880

__EXIT_CODE__=1