Script started on 2026-07-08 04:35:33+09:00 [COMMAND="stty rows 50 cols 200 2>/dev/null; exec dxtop" TERM="xterm-256color" TTY="/dev/pts/0" COLUMNS="-1" LINES="-1"]
[?1049h
[22;0;0t
[1;50r
[?7h
[?1h
[?25l
[39;49m
[39;49m
[37m
[40m
[2J[DX-TOP]  (q) Quit   (n) Next Page   (p) Prev Page   (h) Help
[2dWed Jul  8 04:35:33 2026
[3dDX-RT: v3.2.0     NPU Device driver: v2.1.0     DX-TOP: v1.0.1
[4d-
[198b-
[5;3H
[0;1m
[36m
[40mDevice :
[37m
[40m0
[18G
[0;1m
[36m
[40mVariant:
[37m
[40m    M1
[38G
[0;1m
[36m
[40mPCIe Bus Number:
[37m
[40m  01:00:00  
[39;49m
[37m
[40m  
[0;1m
[36m
[40mFirmware:
[37m
[40m  v2.5.0
[6;3H
[0;1m
[36m
[40mNPU Memory:
[39;49m
[37m
[40m  
[34m
[40m[
[20X
[6;37H]
[39;49m
[37m
[40m 
[34m
[40m3.56 KiB / 3.92 GiB (0.00%)   
[7;5H
[0;1m
[35m
[40mCore :
[37m
[40m0 
[39;49m
[37m
[40m  
[0;1m
[35m
[40mUtil:
[37m
[40m  56.2% 
[39;49m
[37m
[40m  
[0;1m
[35m
[40mTemp:
[33m
[40m 53 
[39;49m
[37m
[40m  
[0;1m
[35m
[40mVoltage:
[37m
[40m 750 mV 
[39;49m
[37m
[40m  
[0;1m
[35m
[40mClock:
[37m
[40m 1000 MHz
[8;5H
[0;1m
[35m
[40mCore :
[37m
[40m1 
[39;49m
[37m
[40m  
[0;1m
[35m
[40mUtil:
[37m
[40m  38.2% 
[39;49m
[37m
[40m  
[0;1m
[35m
[40mTemp:
[33m
[40m 53 
[39;49m
[37m
[40m  
[0;1m
[35m
[40mVoltage:
[37m
[40m 750 mV 
[39;49m
[37m
[40m  
[0;1m
[35m
[40mClock:
[37m
[40m 1000 MHz
[9;5H
[0;1m
[35m
[40mCore :
[37m
[40m2 
[39;49m
[37m
[40m  
[0;1m
[35m
[40mUtil:
[37m
[40m  16.0% 
[39;49m
[37m
[40m  
[0;1m
[35m
[40mTemp:
[33m
[40m 53 
[39;49m
[37m
[40m  
[0;1m
[35m
[40mVoltage:
[37m
[40m 750 mV 
[39;49m
[37m
[40m  
[0;1m
[35m
[40mClock:
[37m
[40m 1000 MHz
[10d
[39;49m
[37m
[40m-
[198b-
[50;1HTotal Devices: 1
[50;190HPage: 1 / 
[?7l1
[?7h
[39;49m
[37m
[40m
[2J[DX-TOP]  (q) Quit   (n) Next Page   (p) Prev Page   (h) Help
[2dWed Jul  8 04:35:35 2026
[3dDX-RT: v3.2.0     NPU Device driver: v2.1.0     DX-TOP: v1.0.1
[4d-
[198b-
[5;3H
[0;1m
[36m
[40mDevice :
[37m
[40m0
[18G
[0;1m
[36m
[40mVariant:
[37m
[40m    M1
[38G
[0;1m
[36m
[40mPCIe Bus Number:
[37m
[40m  01:00:00  
[39;49m
[37m
[40m  
[0;1m
[36m
[40mFirmware:
[37m
[40m  v2.5.0
[6;3H
[0;1m
[36m
[40mNPU Memory:
[39;49m
[37m
[40m  
[34m
[40m[
[20X
[6;37H]
[39;49m
[37m
[40m 
[34m
[40m168 MiB / 3.92 GiB (4.19%)    
[7;5H
[0;1m
[35m
[40mCore :
[37m
[40m0 
[39;49m
[37m
[40m  
[0;1m
[35m
[40mUtil:
[37m
[40m  28.0% 
[39;49m
[37m
[40m  
[0;1m
[35m
[40mTemp:
[33m
[40m 53 
[39;49m
[37m
[40m  
[0;1m
[35m
[40mVoltage:
[37m
[40m 750 mV 
[39;49m
[37m
[40m  
[0;1m
[35m
[40mClock:
[37m
[40m 1000 MHz
[8;5H
[0;1m
[35m
[40mCore :
[37m
[40m1 
[39;49m
[37m
[40m  
[0;1m
[35m
[40mUtil:
[37m
[40m  22.3% 
[39;49m
[37m
[40m  
[0;1m
[35m
[40mTemp:
[33m
[40m 53 
[39;49m
[37m
[40m  
[0;1m
[35m
[40mVoltage:
[37m
[40m 750 mV 
[39;49m
[37m
[40m  
[0;1m
[35m
[40mClock:
[37m
[40m 1000 MHz
[9;5H
[0;1m
[35m
[40mCore :
[37m
[40m2 
[39;49m
[37m
[40m  
[0;1m
[35m
[40mUtil:
[37m
[40m  12.9% 
[39;49m
[37m
[40m  
[0;1m
[35m
[40mTemp:
[33m
[40m 53 
[39;49m
[37m
[40m  
[0;1m
[35m
[40mVoltage:
[37m
[40m 750 mV 
[39;49m
[37m
[40m  
[0;1m
[35m
[40mClock:
[37m
[40m 1000 MHz
[10d
[39;49m
[37m
[40m-
[198b-
[50;1HTotal Devices: 1
[50;190HPage: 1 / 
[?7l1
[?7h
[39;49m
[37m
[40m
[2J[DX-TOP]  (q) Quit   (n) Next Page   (p) Prev Page   (h) Help
[2dWed Jul  8 04:35:37 2026
[3dDX-RT: v3.2.0     NPU Device driver: v2.1.0     DX-TOP: v1.0.1
[4d-
[198b-
[5;3H
[0;1m
[36m
[40mDevice :
[37m
[40m0
[18G
[0;1m
[36m
[40mVariant:
[37m
[40m    M1
[38G
[0;1m
[36m
[40mPCIe Bus Number:
[37m
[40m  01:00:00  
[39;49m
[37m
[40m  
[0;1m
[36m
[40mFirmware:
[37m
[40m  v2.5.0
[6;3H
[0;1m
[36m
[40mNPU Memory:
[39;49m
[37m
[40m  
[34m
[40m[
[20X
[6;37H]
[39;49m
[37m
[40m 
[34m
[40m168 MiB / 3.92 GiB (4.19%)    
[7;5H
[0;1m
[35m
[40mCore :
[37m
[40m0 
[39;49m
[37m
[40m  
[0;1m
[35m
[40mUtil:
[37m
[40m  52.4% 
[39;49m
[37m
[40m  
[0;1m
[35m
[40mTemp:
[33m
[40m 53 
[39;49m
[37m
[40m  
[0;1m
[35m
[40mVoltage:
[37m
[40m 750 mV 
[39;49m
[37m
[40m  
[0;1m
[35m
[40mClock:
[37m
[40m 1000 MHz
[8;5H
[0;1m
[35m
[40mCore :
[37m
[40m1 
[39;49m
[37m
[40m  
[0;1m
[35m
[40mUtil:
[37m
[40m  43.4% 
[39;49m
[37m
[40m  
[0;1m
[35m
[40mTemp:
[33m
[40m 53 
[39;49m
[37m
[40m  
[0;1m
[35m
[40mVoltage:
[37m
[40m 750 mV 
[39;49m
[37m
[40m  
[0;1m
[35m
[40mClock:
[37m
[40m 1000 MHz
[9;5H
[0;1m
[35m
[40mCore :
[37m
[40m2 
[39;49m
[37m
[40m  
[0;1m
[35m
[40mUtil:
[37m
[40m  10.4% 
[39;49m
[37m
[40m  
[0;1m
[35m
[40mTemp:
[33m
[40m 53 
[39;49m
[37m
[40m  
[0;1m
[35m
[40mVoltage:
[37m
[40m 750 mV 
[39;49m
[37m
[40m  
[0;1m
[35m
[40mClock:
[37m
[40m 1000 MHz
[10d
[39;49m
[37m
[40m-
[198b-
[50;1HTotal Devices: 1
[50;190HPage: 1 / 
[?7l1
[?7h
[39;49m
[37m
[40m
[2J[DX-TOP]  (q) Quit   (n) Next Page   (p) Prev Page   (h) Help
[2dWed Jul  8 04:35:39 2026
[3dDX-RT: v3.2.0     NPU Device driver: v2.1.0     DX-TOP: v1.0.1
[4d-
[198b-
[5;3H
[0;1m
[36m
[40mDevice :
[37m
[40m0
[18G
[0;1m
[36m
[40mVariant:
[37m
[40m    M1
[38G
[0;1m
[36m
[40mPCIe Bus Number:
[37m
[40m  01:00:00  
[39;49m
[37m
[40m  
[0;1m
[36m
[40mFirmware:
[37m
[40m  v2.5.0
[6;3H
[0;1m
[36m
[40mNPU Memory:
[39;49m
[37m
[40m  
[34m
[40m[
[20X
[6;37H]
[39;49m
[37m
[40m 
[34m
[40m168 MiB / 3.92 GiB (4.19%)    
[7;5H
[0;1m
[35m
[40mCore :
[37m
[40m0 
[39;49m
[37m
[40m  
[0;1m
[35m
[40mUtil:
[37m
[40m  54.1% 
[39;49m
[37m
[40m  
[0;1m
[35m
[40mTemp:
[33m
[40m 53 
[39;49m
[37m
[40m  
[0;1m
[35m
[40mVoltage:
[37m
[40m 750 mV 
[39;49m
[37m
[40m  
[0;1m
[35m
[40mClock:
[37m
[40m 1000 MHz
[8;5H
[0;1m
[35m
[40mCore :
[37m
[40m1 
[39;49m
[37m
[40m  
[0;1m
[35m
[40mUtil:
[37m
[40m  46.1% 
[39;49m
[37m
[40m  
[0;1m
[35m
[40mTemp:
[33m
[40m 54 
[39;49m
[37m
[40m  
[0;1m
[35m
[40mVoltage:
[37m
[40m 750 mV 
[39;49m
[37m
[40m  
[0;1m
[35m
[40mClock:
[37m
[40m 1000 MHz
[9;5H
[0;1m
[35m
[40mCore :
[37m
[40m2 
[39;49m
[37m
[40m  
[0;1m
[35m
[40mUtil:
[37m
[40m   6.1% 
[39;49m
[37m
[40m  
[0;1m
[35m
[40mTemp:
[33m
[40m 54 
[39;49m
[37m
[40m  
[0;1m
[35m
[40mVoltage:
[37m
[40m 750 mV 
[39;49m
[37m
[40m  
[0;1m
[35m
[40mClock:
[37m
[40m 1000 MHz
[10d
[39;49m
[37m
[40m-
[198b-
[50;1HTotal Devices: 1
[50;190HPage: 1 / 
[?7l1
[?7h
[39;49m
[37m
[40m
[2J[DX-TOP]  (q) Quit   (n) Next Page   (p) Prev Page   (h) Help
[2dWed Jul  8 04:35:41 2026
[3dDX-RT: v3.2.0     NPU Device driver: v2.1.0     DX-TOP: v1.0.1
[4d-
[198b-
[5;3H
[0;1m
[36m
[40mDevice :
[37m
[40m0
[18G
[0;1m
[36m
[40mVariant:
[37m
[40m    M1
[38G
[0;1m
[36m
[40mPCIe Bus Number:
[37m
[40m  01:00:00  
[39;49m
[37m
[40m  
[0;1m
[36m
[40mFirmware:
[37m
[40m  v2.5.0
[6;3H
[0;1m
[36m
[40mNPU Memory:
[39;49m
[37m
[40m  
[34m
[40m[
[20X
[6;37H]
[39;49m
[37m
[40m 
[34m
[40m168 MiB / 3.92 GiB (4.19%)    
[7;5H
[0;1m
[35m
[40mCore :
[37m
[40m0 
[39;49m
[37m
[40m  
[0;1m
[35m
[40mUtil:
[37m
[40m  60.2% 
[39;49m
[37m
[40m  
[0;1m
[35m
[40mTemp:
[33m
[40m 54 
[39;49m
[37m
[40m  
[0;1m
[35m
[40mVoltage:
[37m
[40m 750 mV 
[39;49m
[37m
[40m  
[0;1m
[35m
[40mClock:
[37m
[40m 1000 MHz
[8;5H
[0;1m
[35m
[40mCore :
[37m
[40m1 
[39;49m
[37m
[40m  
[0;1m
[35m
[40mUtil:
[37m
[40m  39.6% 
[39;49m
[37m
[40m  
[0;1m
[35m
[40mTemp:
[33m
[40m 53 
[39;49m
[37m
[40m  
[0;1m
[35m
[40mVoltage:
[37m
[40m 750 mV 
[39;49m
[37m
[40m  
[0;1m
[35m
[40mClock:
[37m
[40m 1000 MHz
[9;5H
[0;1m
[35m
[40mCore :
[37m
[40m2 
[39;49m
[37m
[40m  
[0;1m
[35m
[40mUtil:
[37m
[40m   3.4% 
[39;49m
[37m
[40m  
[0;1m
[35m
[40mTemp:
[33m
[40m 54 
[39;49m
[37m
[40m  
[0;1m
[35m
[40mVoltage:
[37m
[40m 750 mV 
[39;49m
[37m
[40m  
[0;1m
[35m
[40mClock:
[37m
[40m 1000 MHz
[10d
[39;49m
[37m
[40m-
[198b-
[50;1HTotal Devices: 1
[50;190HPage: 1 / 
[?7l1
[?7h
[39;49m
[37m
[40m
[2J[DX-TOP]  (q) Quit   (n) Next Page   (p) Prev Page   (h) Help
[2dWed Jul  8 04:35:43 2026
[3dDX-RT: v3.2.0     NPU Device driver: v2.1.0     DX-TOP: v1.0.1
[4d-
[198b-
[5;3H
[0;1m
[36m
[40mDevice :
[37m
[40m0
[18G
[0;1m
[36m
[40mVariant:
[37m
[40m    M1
[38G
[0;1m
[36m
[40mPCIe Bus Number:
[37m
[40m  01:00:00  
[39;49m
[37m
[40m  
[0;1m
[36m
[40mFirmware:
[37m
[40m  v2.5.0
[6;3H
[0;1m
[36m
[40mNPU Memory:
[39;49m
[37m
[40m  
[34m
[40m[
[20X
[6;37H]
[39;49m
[37m
[40m 
[34m
[40m168 MiB / 3.92 GiB (4.19%)    
[7;5H
[0;1m
[35m
[40mCore :
[37m
[40m0 
[39;49m
[37m
[40m  
[0;1m
[35m
[40mUtil:
[37m
[40m  58.1% 
[39;49m
[37m
[40m  
[0;1m
[35m
[40mTemp:
[33m
[40m 54 
[39;49m
[37m
[40m  
[0;1m
[35m
[40mVoltage:
[37m
[40m 750 mV 
[39;49m
[37m
[40m  
[0;1m
[35m
[40mClock:
[37m
[40m 1000 MHz
[8;5H
[0;1m
[35m
[40mCore :
[37m
[40m1 
[39;49m
[37m
[40m  
[0;1m
[35m
[40mUtil:
[37m
[40m  39.9% 
[39;49m
[37m
[40m  
[0;1m
[35m
[40mTemp:
[33m
[40m 54 
[39;49m
[37m
[40m  
[0;1m
[35m
[40mVoltage:
[37m
[40m 750 mV 
[39;49m
[37m
[40m  
[0;1m
[35m
[40mClock:
[37m
[40m 1000 MHz
[9;5H
[0;1m
[35m
[40mCore :
[37m
[40m2 
[39;49m
[37m
[40m  
[0;1m
[35m
[40mUtil:
[37m
[40m   5.8% 
[39;49m
[37m
[40m  
[0;1m
[35m
[40mTemp:
[33m
[40m 55 
[39;49m
[37m
[40m  
[0;1m
[35m
[40mVoltage:
[37m
[40m 750 mV 
[39;49m
[37m
[40m  
[0;1m
[35m
[40mClock:
[37m
[40m 1000 MHz
[10d
[39;49m
[37m
[40m-
[198b-
[50;1HTotal Devices: 1
[50;190HPage: 1 / 
[?7l1
[?7h
[39;49m
[37m
[40m
[2J[DX-TOP]  (q) Quit   (n) Next Page   (p) Prev Page   (h) Help
[2dWed Jul  8 04:35:45 2026
[3dDX-RT: v3.2.0     NPU Device driver: v2.1.0     DX-TOP: v1.0.1
[4d-
[198b-
[5;3H
[0;1m
[36m
[40mDevice :
[37m
[40m0
[18G
[0;1m
[36m
[40mVariant:
[37m
[40m    M1
[38G
[0;1m
[36m
[40mPCIe Bus Number:
[37m
[40m  01:00:00  
[39;49m
[37m
[40m  
[0;1m
[36m
[40mFirmware:
[37m
[40m  v2.5.0
[6;3H
[0;1m
[36m
[40mNPU Memory:
[39;49m
[37m
[40m  
[34m
[40m[
[20X
[6;37H]
[39;49m
[37m
[40m 
[34m
[40m168 MiB / 3.92 GiB (4.19%)    
[7;5H
[0;1m
[35m
[40mCore :
[37m
[40m0 
[39;49m
[37m
[40m  
[0;1m
[35m
[40mUtil:
[37m
[40m  55.7% 
[39;49m
[37m
[40m  
[0;1m
[35m
[40mTemp:
[33m
[40m 54 
[39;49m
[37m
[40m  
[0;1m
[35m
[40mVoltage:
[37m
[40m 750 mV 
[39;49m
[37m
[40m  
[0;1m
[35m
[40mClock:
[37m
[40m 1000 MHz
[8;5H
[0;1m
[35m
[40mCore :
[37m
[40m1 
[39;49m
[37m
[40m  
[0;1m
[35m
[40mUtil:
[37m
[40m  39.9% 
[39;49m
[37m
[40m  
[0;1m
[35m
[40mTemp:
[33m
[40m 54 
[39;49m
[37m
[40m  
[0;1m
[35m
[40mVoltage:
[37m
[40m 750 mV 
[39;49m
[37m
[40m  
[0;1m
[35m
[40mClock:
[37m
[40m 1000 MHz
[9;5H
[0;1m
[35m
[40mCore :
[37m
[40m2 
[39;49m
[37m
[40m  
[0;1m
[35m
[40mUtil:
[37m
[40m  16.9% 
[39;49m
[37m
[40m  
[0;1m
[35m
[40mTemp:
[33m
[40m 55 
[39;49m
[37m
[40m  
[0;1m
[35m
[40mVoltage:
[37m
[40m 750 mV 
[39;49m
[37m
[40m  
[0;1m
[35m
[40mClock:
[37m
[40m 1000 MHz
[10d
[39;49m
[37m
[40m-
[198b-
[50;1HTotal Devices: 1
[50;190HPage: 1 / 
[?7l1
[?7h
[39;49m
[37m
[40m
[2J[DX-TOP]  (q) Quit   (n) Next Page   (p) Prev Page   (h) Help
[2dWed Jul  8 04:35:47 2026
[3dDX-RT: v3.2.0     NPU Device driver: v2.1.0     DX-TOP: v1.0.1
[4d-
[198b-
[5;3H
[0;1m
[36m
[40mDevice :
[37m
[40m0
[18G
[0;1m
[36m
[40mVariant:
[37m
[40m    M1
[38G
[0;1m
[36m
[40mPCIe Bus Number:
[37m
[40m  01:00:00  
[39;49m
[37m
[40m  
[0;1m
[36m
[40mFirmware:
[37m
[40m  v2.5.0
[6;3H
[0;1m
[36m
[40mNPU Memory:
[39;49m
[37m
[40m  
[34m
[40m[
[20X
[6;37H]
[39;49m
[37m
[40m 
[34m
[40m168 MiB / 3.92 GiB (4.19%)    
[7;5H
[0;1m
[35m
[40mCore :
[37m
[40m0 
[39;49m
[37m
[40m  
[0;1m
[35m
[40mUtil:
[37m
[40m  53.0% 
[39;49m
[37m
[40m  
[0;1m
[35m
[40mTemp:
[33m
[40m 54 
[39;49m
[37m
[40m  
[0;1m
[35m
[40mVoltage:
[37m
[40m 750 mV 
[39;49m
[37m
[40m  
[0;1m
[35m
[40mClock:
[37m
[40m 1000 MHz
[8;5H
[0;1m
[35m
[40mCore :
[37m
[40m1 
[39;49m
[37m
[40m  
[0;1m
[35m
[40mUtil:
[37m
[40m  44.2% 
[39;49m
[37m
[40m  
[0;1m
[35m
[40mTemp:
[33m
[40m 54 
[39;49m
[37m
[40m  
[0;1m
[35m
[40mVoltage:
[37m
[40m 750 mV 
[39;49m
[37m
[40m  
[0;1m
[35m
[40mClock:
[37m
[40m 1000 MHz
[9;5H
[0;1m
[35m
[40mCore :
[37m
[40m2 
[39;49m
[37m
[40m  
[0;1m
[35m
[40mUtil:
[37m
[40m   9.6% 
[39;49m
[37m
[40m  
[0;1m
[35m
[40mTemp:
[33m
[40m 54 
[39;49m
[37m
[40m  
[0;1m
[35m
[40mVoltage:
[37m
[40m 750 mV 
[39;49m
[37m
[40m  
[0;1m
[35m
[40mClock:
[37m
[40m 1000 MHz
[10d
[39;49m
[37m
[40m-
[198b-
[50;1HTotal Devices: 1
[50;190HPage: 1 / 
[?7l1
[?7h
[39;49m
[37m
[40m
[2J[DX-TOP]  (q) Quit   (n) Next Page   (p) Prev Page   (h) Help
[2dWed Jul  8 04:35:49 2026
[3dDX-RT: v3.2.0     NPU Device driver: v2.1.0     DX-TOP: v1.0.1
[4d-
[198b-
[5;3H
[0;1m
[36m
[40mDevice :
[37m
[40m0
[18G
[0;1m
[36m
[40mVariant:
[37m
[40m    M1
[38G
[0;1m
[36m
[40mPCIe Bus Number:
[37m
[40m  01:00:00  
[39;49m
[37m
[40m  
[0;1m
[36m
[40mFirmware:
[37m
[40m  v2.5.0
[6;3H
[0;1m
[36m
[40mNPU Memory:
[39;49m
[37m
[40m  
[34m
[40m[
[20X
[6;37H]
[39;49m
[37m
[40m 
[34m
[40m168 MiB / 3.92 GiB (4.19%)    
[7;5H
[0;1m
[35m
[40mCore :
[37m
[40m0 
[39;49m
[37m
[40m  
[0;1m
[35m
[40mUtil:
[37m
[40m  56.7% 
[39;49m
[37m
[40m  
[0;1m
[35m
[40mTemp:
[33m
[40m 54 
[39;49m
[37m
[40m  
[0;1m
[35m
[40mVoltage:
[37m
[40m 750 mV 
[39;49m
[37m
[40m  
[0;1m
[35m
[40mClock:
[37m
[40m 1000 MHz
[8;5H
[0;1m
[35m
[40mCore :
[37m
[40m1 
[39;49m
[37m
[40m  
[0;1m
[35m
[40mUtil:
[37m
[40m  42.6% 
[39;49m
[37m
[40m  
[0;1m
[35m
[40mTemp:
[33m
[40m 54 
[39;49m
[37m
[40m  
[0;1m
[35m
[40mVoltage:
[37m
[40m 750 mV 
[39;49m
[37m
[40m  
[0;1m
[35m
[40mClock:
[37m
[40m 1000 MHz
[9;5H
[0;1m
[35m
[40mCore :
[37m
[40m2 
[39;49m
[37m
[40m  
[0;1m
[35m
[40mUtil:
[37m
[40m   3.1% 
[39;49m
[37m
[40m  
[0;1m
[35m
[40mTemp:
[33m
[40m 54 
[39;49m
[37m
[40m  
[0;1m
[35m
[40mVoltage:
[37m
[40m 750 mV 
[39;49m
[37m
[40m  
[0;1m
[35m
[40mClock:
[37m
[40m 1000 MHz
[10d
[39;49m
[37m
[40m-
[198b-
[50;1HTotal Devices: 1
[50;190HPage: 1 / 
[?7l1
[?7h
[39;49m
[37m
[40m
[2J[DX-TOP]  (q) Quit   (n) Next Page   (p) Prev Page   (h) Help
[2dWed Jul  8 04:35:51 2026
[3dDX-RT: v3.2.0     NPU Device driver: v2.1.0     DX-TOP: v1.0.1
[4d-
[198b-
[5;3H
[0;1m
[36m
[40mDevice :
[37m
[40m0
[18G
[0;1m
[36m
[40mVariant:
[37m
[40m    M1
[38G
[0;1m
[36m
[40mPCIe Bus Number:
[37m
[40m  01:00:00  
[39;49m
[37m
[40m  
[0;1m
[36m
[40mFirmware:
[37m
[40m  v2.5.0
[6;3H
[0;1m
[36m
[40mNPU Memory:
[39;49m
[37m
[40m  
[34m
[40m[
[20X
[6;37H]
[39;49m
[37m
[40m 
[34m
[40m168 MiB / 3.92 GiB (4.19%)    
[7;5H
[0;1m
[35m
[40mCore :
[37m
[40m0 
[39;49m
[37m
[40m  
[0;1m
[35m
[40mUtil:
[37m
[40m  51.7% 
[39;49m
[37m
[40m  
[0;1m
[35m
[40mTemp:
[33m
[40m 54 
[39;49m
[37m
[40m  
[0;1m
[35m
[40mVoltage:
[37m
[40m 750 mV 
[39;49m
[37m
[40m  
[0;1m
[35m
[40mClock:
[37m
[40m 1000 MHz
[8;5H
[0;1m
[35m
[40mCore :
[37m
[40m1 
[39;49m
[37m
[40m  
[0;1m
[35m
[40mUtil:
[37m
[40m  46.4% 
[39;49m
[37m
[40m  
[0;1m
[35m
[40mTemp:
[33m
[40m 54 
[39;49m
[37m
[40m  
[0;1m
[35m
[40mVoltage:
[37m
[40m 750 mV 
[39;49m
[37m
[40m  
[0;1m
[35m
[40mClock:
[37m
[40m 1000 MHz
[9;5H
[0;1m
[35m
[40mCore :
[37m
[40m2 
[39;49m
[37m
[40m  
[0;1m
[35m
[40mUtil:
[37m
[40m  12.1% 
[39;49m
[37m
[40m  
[0;1m
[35m
[40mTemp:
[33m
[40m 55 
[39;49m
[37m
[40m  
[0;1m
[35m
[40mVoltage:
[37m
[40m 750 mV 
[39;49m
[37m
[40m  
[0;1m
[35m
[40mClock:
[37m
[40m 1000 MHz
[10d
[39;49m
[37m
[40m-
[198b-
[50;1HTotal Devices: 1
[50;190HPage: 1 / 
[?7l1
[?7h
[39;49m
[37m
[40m
[2J[DX-TOP]  (q) Quit   (n) Next Page   (p) Prev Page   (h) Help
[2dWed Jul  8 04:35:53 2026
[3dDX-RT: v3.2.0     NPU Device driver: v2.1.0     DX-TOP: v1.0.1
[4d-
[198b-
[5;3H
[0;1m
[36m
[40mDevice :
[37m
[40m0
[18G
[0;1m
[36m
[40mVariant:
[37m
[40m    M1
[38G
[0;1m
[36m
[40mPCIe Bus Number:
[37m
[40m  01:00:00  
[39;49m
[37m
[40m  
[0;1m
[36m
[40mFirmware:
[37m
[40m  v2.5.0
[6;3H
[0;1m
[36m
[40mNPU Memory:
[39;49m
[37m
[40m  
[34m
[40m[
[20X
[6;37H]
[39;49m
[37m
[40m 
[34m
[40m168 MiB / 3.92 GiB (4.19%)    
[7;5H
[0;1m
[35m
[40mCore :
[37m
[40m0 
[39;49m
[37m
[40m  
[0;1m
[35m
[40mUtil:
[37m
[40m  53.0% 
[39;49m
[37m
[40m  
[0;1m
[35m
[40mTemp:
[33m
[40m 54 
[39;49m
[37m
[40m  
[0;1m
[35m
[40mVoltage:
[37m
[40m 750 mV 
[39;49m
[37m
[40m  
[0;1m
[35m
[40mClock:
[37m
[40m 1000 MHz
[8;5H
[0;1m
[35m
[40mCore :
[37m
[40m1 
[39;49m
[37m
[40m  
[0;1m
[35m
[40mUtil:
[37m
[40m  32.6% 
[39;49m
[37m
[40m  
[0;1m
[35m
[40mTemp:
[33m
[40m 54 
[39;49m
[37m
[40m  
[0;1m
[35m
[40mVoltage:
[37m
[40m 750 mV 
[39;49m
[37m
[40m  
[0;1m
[35m
[40mClock:
[37m
[40m 1000 MHz
[9;5H
[0;1m
[35m
[40mCore :
[37m
[40m2 
[39;49m
[37m
[40m  
[0;1m
[35m
[40mUtil:
[37m
[40m  21.3% 
[39;49m
[37m
[40m  
[0;1m
[35m
[40mTemp:
[33m
[40m 54 
[39;49m
[37m
[40m  
[0;1m
[35m
[40mVoltage:
[37m
[40m 750 mV 
[39;49m
[37m
[40m  
[0;1m
[35m
[40mClock:
[37m
[40m 1000 MHz
[10d
[39;49m
[37m
[40m-
[198b-
[50;1HTotal Devices: 1
[50;190HPage: 1 / 
[?7l1
[?7h
[39;49m
[37m
[40m
[2J[DX-TOP]  (q) Quit   (n) Next Page   (p) Prev Page   (h) Help
[2dWed Jul  8 04:35:55 2026
[3dDX-RT: v3.2.0     NPU Device driver: v2.1.0     DX-TOP: v1.0.1
[4d-
[198b-
[5;3H
[0;1m
[36m
[40mDevice :
[37m
[40m0
[18G
[0;1m
[36m
[40mVariant:
[37m
[40m    M1
[38G
[0;1m
[36m
[40mPCIe Bus Number:
[37m
[40m  01:00:00  
[39;49m
[37m
[40m  
[0;1m
[36m
[40mFirmware:
[37m
[40m  v2.5.0
[6;3H
[0;1m
[36m
[40mNPU Memory:
[39;49m
[37m
[40m  
[34m
[40m[
[20X
[6;37H]
[39;49m
[37m
[40m 
[34m
[40m168 MiB / 3.92 GiB (4.19%)    
[7;5H
[0;1m
[35m
[40mCore :
[37m
[40m0 
[39;49m
[37m
[40m  
[0;1m
[35m
[40mUtil:
[37m
[40m  53.7% 
[39;49m
[37m
[40m  
[0;1m
[35m
[40mTemp:
[33m
[40m 54 
[39;49m
[37m
[40m  
[0;1m
[35m
[40mVoltage:
[37m
[40m 750 mV 
[39;49m
[37m
[40m  
[0;1m
[35m
[40mClock:
[37m
[40m 1000 MHz
[8;5H
[0;1m
[35m
[40mCore :
[37m
[40m1 
[39;49m
[37m
[40m  
[0;1m
[35m
[40mUtil:
[37m
[40m  38.6% 
[39;49m
[37m
[40m  
[0;1m
[35m
[40mTemp:
[33m
[40m 54 
[39;49m
[37m
[40m  
[0;1m
[35m
[40mVoltage:
[37m
[40m 750 mV 
[39;49m
[37m
[40m  
[0;1m
[35m
[40mClock:
[37m
[40m 1000 MHz
[9;5H
[0;1m
[35m
[40mCore :
[37m
[40m2 
[39;49m
[37m
[40m  
[0;1m
[35m
[40mUtil:
[37m
[40m  13.0% 
[39;49m
[37m
[40m  
[0;1m
[35m
[40mTemp:
[33m
[40m 55 
[39;49m
[37m
[40m  
[0;1m
[35m
[40mVoltage:
[37m
[40m 750 mV 
[39;49m
[37m
[40m  
[0;1m
[35m
[40mClock:
[37m
[40m 1000 MHz
[10d
[39;49m
[37m
[40m-
[198b-
[50;1HTotal Devices: 1
[50;190HPage: 1 / 
[?7l1
[?7h
[39;49m
[37m
[40m
[2J[DX-TOP]  (q) Quit   (n) Next Page   (p) Prev Page   (h) Help
[2dWed Jul  8 04:35:57 2026
[3dDX-RT: v3.2.0     NPU Device driver: v2.1.0     DX-TOP: v1.0.1
[4d-
[198b-
[5;3H
[0;1m
[36m
[40mDevice :
[37m
[40m0
[18G
[0;1m
[36m
[40mVariant:
[37m
[40m    M1
[38G
[0;1m
[36m
[40mPCIe Bus Number:
[37m
[40m  01:00:00  
[39;49m
[37m
[40m  
[0;1m
[36m
[40mFirmware:
[37m
[40m  v2.5.0
[6;3H
[0;1m
[36m
[40mNPU Memory:
[39;49m
[37m
[40m  
[34m
[40m[
[20X
[6;37H]
[39;49m
[37m
[40m 
[34m
[40m168 MiB / 3.92 GiB (4.19%)    
[7;5H
[0;1m
[35m
[40mCore :
[37m
[40m0 
[39;49m
[37m
[40m  
[0;1m
[35m
[40mUtil:
[37m
[40m  52.1% 
[39;49m
[37m
[40m  
[0;1m
[35m
[40mTemp:
[33m
[40m 54 
[39;49m
[37m
[40m  
[0;1m
[35m
[40mVoltage:
[37m
[40m 750 mV 
[39;49m
[37m
[40m  
[0;1m
[35m
[40mClock:
[37m
[40m 1000 MHz
[8;5H
[0;1m
[35m
[40mCore :
[37m
[40m1 
[39;49m
[37m
[40m  
[0;1m
[35m
[40mUtil:
[37m
[40m  46.3% 
[39;49m
[37m
[40m  
[0;1m
[35m
[40mTemp:
[33m
[40m 55 
[39;49m
[37m
[40m  
[0;1m
[35m
[40mVoltage:
[37m
[40m 750 mV 
[39;49m
[37m
[40m  
[0;1m
[35m
[40mClock:
[37m
[40m 1000 MHz
[9;5H
[0;1m
[35m
[40mCore :
[37m
[40m2 
[39;49m
[37m
[40m  
[0;1m
[35m
[40mUtil:
[37m
[40m   6.0% 
[39;49m
[37m
[40m  
[0;1m
[35m
[40mTemp:
[33m
[40m 55 
[39;49m
[37m
[40m  
[0;1m
[35m
[40mVoltage:
[37m
[40m 750 mV 
[39;49m
[37m
[40m  
[0;1m
[35m
[40mClock:
[37m
[40m 1000 MHz
[10d
[39;49m
[37m
[40m-
[198b-
[50;1HTotal Devices: 1
[50;190HPage: 1 / 
[?7l1
[?7h
[39;49m
[37m
[40m
[2J[DX-TOP]  (q) Quit   (n) Next Page   (p) Prev Page   (h) Help
[2dWed Jul  8 04:35:59 2026
[3dDX-RT: v3.2.0     NPU Device driver: v2.1.0     DX-TOP: v1.0.1
[4d-
[198b-
[5;3H
[0;1m
[36m
[40mDevice :
[37m
[40m0
[18G
[0;1m
[36m
[40mVariant:
[37m
[40m    M1
[38G
[0;1m
[36m
[40mPCIe Bus Number:
[37m
[40m  01:00:00  
[39;49m
[37m
[40m  
[0;1m
[36m
[40mFirmware:
[37m
[40m  v2.5.0
[6;3H
[0;1m
[36m
[40mNPU Memory:
[39;49m
[37m
[40m  
[34m
[40m[
[20X
[6;37H]
[39;49m
[37m
[40m 
[34m
[40m168 MiB / 3.92 GiB (4.19%)    
[7;5H
[0;1m
[35m
[40mCore :
[37m
[40m0 
[39;49m
[37m
[40m  
[0;1m
[35m
[40mUtil:
[37m
[40m  54.5% 
[39;49m
[37m
[40m  
[0;1m
[35m
[40mTemp:
[33m
[40m 54 
[39;49m
[37m
[40m  
[0;1m
[35m
[40mVoltage:
[37m
[40m 750 mV 
[39;49m
[37m
[40m  
[0;1m
[35m
[40mClock:
[37m
[40m 1000 MHz
[8;5H
[0;1m
[35m
[40mCore :
[37m
[40m1 
[39;49m
[37m
[40m  
[0;1m
[35m
[40mUtil:
[37m
[40m  36.5% 
[39;49m
[37m
[40m  
[0;1m
[35m
[40mTemp:
[33m
[40m 54 
[39;49m
[37m
[40m  
[0;1m
[35m
[40mVoltage:
[37m
[40m 750 mV 
[39;49m
[37m
[40m  
[0;1m
[35m
[40mClock:
[37m
[40m 1000 MHz
[9;5H
[0;1m
[35m
[40mCore :
[37m
[40m2 
[39;49m
[37m
[40m  
[0;1m
[35m
[40mUtil:
[37m
[40m  18.1% 
[39;49m
[37m
[40m  
[0;1m
[35m
[40mTemp:
[33m
[40m 55 
[39;49m
[37m
[40m  
[0;1m
[35m
[40mVoltage:
[37m
[40m 750 mV 
[39;49m
[37m
[40m  
[0;1m
[35m
[40mClock:
[37m
[40m 1000 MHz
[10d
[39;49m
[37m
[40m-
[198b-
[50;1HTotal Devices: 1
[50;190HPage: 1 / 
[?7l1
[?7h
[39;49m
[37m
[40m
[2J[DX-TOP]  (q) Quit   (n) Next Page   (p) Prev Page   (h) Help
[2dWed Jul  8 04:36:01 2026
[3dDX-RT: v3.2.0     NPU Device driver: v2.1.0     DX-TOP: v1.0.1
[4d-
[198b-
[5;3H
[0;1m
[36m
[40mDevice :
[37m
[40m0
[18G
[0;1m
[36m
[40mVariant:
[37m
[40m    M1
[38G
[0;1m
[36m
[40mPCIe Bus Number:
[37m
[40m  01:00:00  
[39;49m
[37m
[40m  
[0;1m
[36m
[40mFirmware:
[37m
[40m  v2.5.0
[6;3H
[0;1m
[36m
[40mNPU Memory:
[39;49m
[37m
[40m  
[34m
[40m[
[20X
[6;37H]
[39;49m
[37m
[40m 
[34m
[40m168 MiB / 3.92 GiB (4.19%)    
[7;5H
[0;1m
[35m
[40mCore :
[37m
[40m0 
[39;49m
[37m
[40m  
[0;1m
[35m
[40mUtil:
[37m
[40m  49.1% 
[39;49m
[37m
[40m  
[0;1m
[35m
[40mTemp:
[33m
[40m 54 
[39;49m
[37m
[40m  
[0;1m
[35m
[40mVoltage:
[37m
[40m 750 mV 
[39;49m
[37m
[40m  
[0;1m
[35m
[40mClock:
[37m
[40m 1000 MHz
[8;5H
[0;1m
[35m
[40mCore :
[37m
[40m1 
[39;49m
[37m
[40m  
[0;1m
[35m
[40mUtil:
[37m
[40m  45.7% 
[39;49m
[37m
[40m  
[0;1m
[35m
[40mTemp:
[33m
[40m 54 
[39;49m
[37m
[40m  
[0;1m
[35m
[40mVoltage:
[37m
[40m 750 mV 
[39;49m
[37m
[40m  
[0;1m
[35m
[40mClock:
[37m
[40m 1000 MHz
[9;5H
[0;1m
[35m
[40mCore :
[37m
[40m2 
[39;49m
[37m
[40m  
[0;1m
[35m
[40mUtil:
[37m
[40m  20.4% 
[39;49m
[37m
[40m  
[0;1m
[35m
[40mTemp:
[33m
[40m 54 
[39;49m
[37m
[40m  
[0;1m
[35m
[40mVoltage:
[37m
[40m 750 mV 
[39;49m
[37m
[40m  
[0;1m
[35m
[40mClock:
[37m
[40m 1000 MHz
[10d
[39;49m
[37m
[40m-
[198b-
[50;1HTotal Devices: 1
[50;190HPage: 1 / 
[?7l1
[?7h
[39;49m
[37m
[40m
[2J[DX-TOP]  (q) Quit   (n) Next Page   (p) Prev Page   (h) Help
[2dWed Jul  8 04:36:03 2026
[3dDX-RT: v3.2.0     NPU Device driver: v2.1.0     DX-TOP: v1.0.1
[4d-
[198b-
[5;3H
[0;1m
[36m
[40mDevice :
[37m
[40m0
[18G
[0;1m
[36m
[40mVariant:
[37m
[40m    M1
[38G
[0;1m
[36m
[40mPCIe Bus Number:
[37m
[40m  01:00:00  
[39;49m
[37m
[40m  
[0;1m
[36m
[40mFirmware:
[37m
[40m  v2.5.0
[6;3H
[0;1m
[36m
[40mNPU Memory:
[39;49m
[37m
[40m  
[34m
[40m[
[20X
[6;37H]
[39;49m
[37m
[40m 
[34m
[40m168 MiB / 3.92 GiB (4.19%)    
[7;5H
[0;1m
[35m
[40mCore :
[37m
[40m0 
[39;49m
[37m
[40m  
[0;1m
[35m
[40mUtil:
[37m
[40m  59.1% 
[39;49m
[37m
[40m  
[0;1m
[35m
[40mTemp:
[33m
[40m 54 
[39;49m
[37m
[40m  
[0;1m
[35m
[40mVoltage:
[37m
[40m 750 mV 
[39;49m
[37m
[40m  
[0;1m
[35m
[40mClock:
[37m
[40m 1000 MHz
[8;5H
[0;1m
[35m
[40mCore :
[37m
[40m1 
[39;49m
[37m
[40m  
[0;1m
[35m
[40mUtil:
[37m
[40m  37.8% 
[39;49m
[37m
[40m  
[0;1m
[35m
[40mTemp:
[33m
[40m 55 
[39;49m
[37m
[40m  
[0;1m
[35m
[40mVoltage:
[37m
[40m 750 mV 
[39;49m
[37m
[40m  
[0;1m
[35m
[40mClock:
[37m
[40m 1000 MHz
[9;5H
[0;1m
[35m
[40mCore :
[37m
[40m2 
[39;49m
[37m
[40m  
[0;1m
[35m
[40mUtil:
[37m
[40m   6.0% 
[39;49m
[37m
[40m  
[0;1m
[35m
[40mTemp:
[33m
[40m 55 
[39;49m
[37m
[40m  
[0;1m
[35m
[40mVoltage:
[37m
[40m 750 mV 
[39;49m
[37m
[40m  
[0;1m
[35m
[40mClock:
[37m
[40m 1000 MHz
[10d
[39;49m
[37m
[40m-
[198b-
[50;1HTotal Devices: 1
[50;190HPage: 1 / 
[?7l1
[?7h
[39;49m
[37m
[40m
[2J[DX-TOP]  (q) Quit   (n) Next Page   (p) Prev Page   (h) Help
[2dWed Jul  8 04:36:05 2026
[3dDX-RT: v3.2.0     NPU Device driver: v2.1.0     DX-TOP: v1.0.1
[4d-
[198b-
[5;3H
[0;1m
[36m
[40mDevice :
[37m
[40m0
[18G
[0;1m
[36m
[40mVariant:
[37m
[40m    M1
[38G
[0;1m
[36m
[40mPCIe Bus Number:
[37m
[40m  01:00:00  
[39;49m
[37m
[40m  
[0;1m
[36m
[40mFirmware:
[37m
[40m  v2.5.0
[6;3H
[0;1m
[36m
[40mNPU Memory:
[39;49m
[37m
[40m  
[34m
[40m[
[20X
[6;37H]
[39;49m
[37m
[40m 
[34m
[40m168 MiB / 3.92 GiB (4.19%)    
[7;5H
[0;1m
[35m
[40mCore :
[37m
[40m0 
[39;49m
[37m
[40m  
[0;1m
[35m
[40mUtil:
[37m
[40m  54.4% 
[39;49m
[37m
[40m  
[0;1m
[35m
[40mTemp:
[33m
[40m 54 
[39;49m
[37m
[40m  
[0;1m
[35m
[40mVoltage:
[37m
[40m 750 mV 
[39;49m
[37m
[40m  
[0;1m
[35m
[40mClock:
[37m
[40m 1000 MHz
[8;5H
[0;1m
[35m
[40mCore :
[37m
[40m1 
[39;49m
[37m
[40m  
[0;1m
[35m
[40mUtil:
[37m
[40m  47.0% 
[39;49m
[37m
[40m  
[0;1m
[35m
[40mTemp:
[33m
[40m 54 
[39;49m
[37m
[40m  
[0;1m
[35m
[40mVoltage:
[37m
[40m 750 mV 
[39;49m
[37m
[40m  
[0;1m
[35m
[40mClock:
[37m
[40m 1000 MHz
[9;5H
[0;1m
[35m
[40mCore :
[37m
[40m2 
[39;49m
[37m
[40m  
[0;1m
[35m
[40mUtil:
[37m
[40m   5.2% 
[39;49m
[37m
[40m  
[0;1m
[35m
[40mTemp:
[33m
[40m 54 
[39;49m
[37m
[40m  
[0;1m
[35m
[40mVoltage:
[37m
[40m 750 mV 
[39;49m
[37m
[40m  
[0;1m
[35m
[40mClock:
[37m
[40m 1000 MHz
[10d
[39;49m
[37m
[40m-
[198b-
[50;1HTotal Devices: 1
[50;190HPage: 1 / 
[?7l1
[?7h
[39;49m
[37m
[40m
[2J[DX-TOP]  (q) Quit   (n) Next Page   (p) Prev Page   (h) Help
[2dWed Jul  8 04:36:07 2026
[3dDX-RT: v3.2.0     NPU Device driver: v2.1.0     DX-TOP: v1.0.1
[4d-
[198b-
[5;3H
[0;1m
[36m
[40mDevice :
[37m
[40m0
[18G
[0;1m
[36m
[40mVariant:
[37m
[40m    M1
[38G
[0;1m
[36m
[40mPCIe Bus Number:
[37m
[40m  01:00:00  
[39;49m
[37m
[40m  
[0;1m
[36m
[40mFirmware:
[37m
[40m  v2.5.0
[6;3H
[0;1m
[36m
[40mNPU Memory:
[39;49m
[37m
[40m  
[34m
[40m[
[20X
[6;37H]
[39;49m
[37m
[40m 
[34m
[40m168 MiB / 3.92 GiB (4.19%)    
[7;5H
[0;1m
[35m
[40mCore :
[37m
[40m0 
[39;49m
[37m
[40m  
[0;1m
[35m
[40mUtil:
[37m
[40m  54.5% 
[39;49m
[37m
[40m  
[0;1m
[35m
[40mTemp:
[33m
[40m 54 
[39;49m
[37m
[40m  
[0;1m
[35m
[40mVoltage:
[37m
[40m 750 mV 
[39;49m
[37m
[40m  
[0;1m
[35m
[40mClock:
[37m
[40m 1000 MHz
[8;5H
[0;1m
[35m
[40mCore :
[37m
[40m1 
[39;49m
[37m
[40m  
[0;1m
[35m
[40mUtil:
[37m
[40m  49.7% 
[39;49m
[37m
[40m  
[0;1m
[35m
[40mTemp:
[33m
[40m 55 
[39;49m
[37m
[40m  
[0;1m
[35m
[40mVoltage:
[37m
[40m 750 mV 
[39;49m
[37m
[40m  
[0;1m
[35m
[40mClock:
[37m
[40m 1000 MHz
[9;5H
[0;1m
[35m
[40mCore :
[37m
[40m2 
[39;49m
[37m
[40m  
[0;1m
[35m
[40mUtil:
[37m
[40m   3.7% 
[39;49m
[37m
[40m  
[0;1m
[35m
[40mTemp:
[33m
[40m 55 
[39;49m
[37m
[40m  
[0;1m
[35m
[40mVoltage:
[37m
[40m 750 mV 
[39;49m
[37m
[40m  
[0;1m
[35m
[40mClock:
[37m
[40m 1000 MHz
[10d
[39;49m
[37m
[40m-
[198b-
[50;1HTotal Devices: 1
[50;190HPage: 1 / 
[?7l1
[?7h
[39;49m
[37m
[40m
[2J[DX-TOP]  (q) Quit   (n) Next Page   (p) Prev Page   (h) Help
[2dWed Jul  8 04:36:09 2026
[3dDX-RT: v3.2.0     NPU Device driver: v2.1.0     DX-TOP: v1.0.1
[4d-
[198b-
[5;3H
[0;1m
[36m
[40mDevice :
[37m
[40m0
[18G
[0;1m
[36m
[40mVariant:
[37m
[40m    M1
[38G
[0;1m
[36m
[40mPCIe Bus Number:
[37m
[40m  01:00:00  
[39;49m
[37m
[40m  
[0;1m
[36m
[40mFirmware:
[37m
[40m  v2.5.0
[6;3H
[0;1m
[36m
[40mNPU Memory:
[39;49m
[37m
[40m  
[34m
[40m[
[20X
[6;37H]
[39;49m
[37m
[40m 
[34m
[40m168 MiB / 3.92 GiB (4.19%)    
[7;5H
[0;1m
[35m
[40mCore :
[37m
[40m0 
[39;49m
[37m
[40m  
[0;1m
[35m
[40mUtil:
[37m
[40m  46.8% 
[39;49m
[37m
[40m  
[0;1m
[35m
[40mTemp:
[33m
[40m 54 
[39;49m
[37m
[40m  
[0;1m
[35m
[40mVoltage:
[37m
[40m 750 mV 
[39;49m
[37m
[40m  
[0;1m
[35m
[40mClock:
[37m
[40m 1000 MHz
[8;5H
[0;1m
[35m
[40mCore :
[37m
[40m1 
[39;49m
[37m
[40m  
[0;1m
[35m
[40mUtil:
[37m
[40m  45.2% 
[39;49m
[37m
[40m  
[0;1m
[35m
[40mTemp:
[33m
[40m 55 
[39;49m
[37m
[40m  
[0;1m
[35m
[40mVoltage:
[37m
[40m 750 mV 
[39;49m
[37m
[40m  
[0;1m
[35m
[40mClock:
[37m
[40m 1000 MHz
[9;5H
[0;1m
[35m
[40mCore :
[37m
[40m2 
[39;49m
[37m
[40m  
[0;1m
[35m
[40mUtil:
[37m
[40m  20.9% 
[39;49m
[37m
[40m  
[0;1m
[35m
[40mTemp:
[33m
[40m 55 
[39;49m
[37m
[40m  
[0;1m
[35m
[40mVoltage:
[37m
[40m 750 mV 
[39;49m
[37m
[40m  
[0;1m
[35m
[40mClock:
[37m
[40m 1000 MHz
[10d
[39;49m
[37m
[40m-
[198b-
[50;1HTotal Devices: 1
[50;190HPage: 1 / 
[?7l1
[?7h
[39;49m
[37m
[40m
[2J[DX-TOP]  (q) Quit   (n) Next Page   (p) Prev Page   (h) Help
[2dWed Jul  8 04:36:11 2026
[3dDX-RT: v3.2.0     NPU Device driver: v2.1.0     DX-TOP: v1.0.1
[4d-
[198b-
[5;3H
[0;1m
[36m
[40mDevice :
[37m
[40m0
[18G
[0;1m
[36m
[40mVariant:
[37m
[40m    M1
[38G
[0;1m
[36m
[40mPCIe Bus Number:
[37m
[40m  01:00:00  
[39;49m
[37m
[40m  
[0;1m
[36m
[40mFirmware:
[37m
[40m  v2.5.0
[6;3H
[0;1m
[36m
[40mNPU Memory:
[39;49m
[37m
[40m  
[34m
[40m[
[20X
[6;37H]
[39;49m
[37m
[40m 
[34m
[40m168 MiB / 3.92 GiB (4.19%)    
[7;5H
[0;1m
[35m
[40mCore :
[37m
[40m0 
[39;49m
[37m
[40m  
[0;1m
[35m
[40mUtil:
[37m
[40m  51.5% 
[39;49m
[37m
[40m  
[0;1m
[35m
[40mTemp:
[33m
[40m 54 
[39;49m
[37m
[40m  
[0;1m
[35m
[40mVoltage:
[37m
[40m 750 mV 
[39;49m
[37m
[40m  
[0;1m
[35m
[40mClock:
[37m
[40m 1000 MHz
[8;5H
[0;1m
[35m
[40mCore :
[37m
[40m1 
[39;49m
[37m
[40m  
[0;1m
[35m
[40mUtil:
[37m
[40m  39.2% 
[39;49m
[37m
[40m  
[0;1m
[35m
[40mTemp:
[33m
[40m 55 
[39;49m
[37m
[40m  
[0;1m
[35m
[40mVoltage:
[37m
[40m 750 mV 
[39;49m
[37m
[40m  
[0;1m
[35m
[40mClock:
[37m
[40m 1000 MHz
[9;5H
[0;1m
[35m
[40mCore :
[37m
[40m2 
[39;49m
[37m
[40m  
[0;1m
[35m
[40mUtil:
[37m
[40m  17.9% 
[39;49m
[37m
[40m  
[0;1m
[35m
[40mTemp:
[33m
[40m 55 
[39;49m
[37m
[40m  
[0;1m
[35m
[40mVoltage:
[37m
[40m 750 mV 
[39;49m
[37m
[40m  
[0;1m
[35m
[40mClock:
[37m
[40m 1000 MHz
[10d
[39;49m
[37m
[40m-
[198b-
[50;1HTotal Devices: 1
[50;190HPage: 1 / 
[?7l1
[?7h
[39;49m
[37m
[40m
[2J[DX-TOP]  (q) Quit   (n) Next Page   (p) Prev Page   (h) Help
[2dWed Jul  8 04:36:13 2026
[3dDX-RT: v3.2.0     NPU Device driver: v2.1.0     DX-TOP: v1.0.1
[4d-
[198b-
[5;3H
[0;1m
[36m
[40mDevice :
[37m
[40m0
[18G
[0;1m
[36m
[40mVariant:
[37m
[40m    M1
[38G
[0;1m
[36m
[40mPCIe Bus Number:
[37m
[40m  01:00:00  
[39;49m
[37m
[40m  
[0;1m
[36m
[40mFirmware:
[37m
[40m  v2.5.0
[6;3H
[0;1m
[36m
[40mNPU Memory:
[39;49m
[37m
[40m  
[34m
[40m[
[20X
[6;37H]
[39;49m
[37m
[40m 
[34m
[40m168 MiB / 3.92 GiB (4.19%)    
[7;5H
[0;1m
[35m
[40mCore :
[37m
[40m0 
[39;49m
[37m
[40m  
[0;1m
[35m
[40mUtil:
[37m
[40m  55.2% 
[39;49m
[37m
[40m  
[0;1m
[35m
[40mTemp:
[33m
[40m 54 
[39;49m
[37m
[40m  
[0;1m
[35m
[40mVoltage:
[37m
[40m 750 mV 
[39;49m
[37m
[40m  
[0;1m
[35m
[40mClock:
[37m
[40m 1000 MHz
[8;5H
[0;1m
[35m
[40mCore :
[37m
[40m1 
[39;49m
[37m
[40m  
[0;1m
[35m
[40mUtil:
[37m
[40m  40.2% 
[39;49m
[37m
[40m  
[0;1m
[35m
[40mTemp:
[33m
[40m 55 
[39;49m
[37m
[40m  
[0;1m
[35m
[40mVoltage:
[37m
[40m 750 mV 
[39;49m
[37m
[40m  
[0;1m
[35m
[40mClock:
[37m
[40m 1000 MHz
[9;5H
[0;1m
[35m
[40mCore :
[37m
[40m2 
[39;49m
[37m
[40m  
[0;1m
[35m
[40mUtil:
[37m
[40m  14.3% 
[39;49m
[37m
[40m  
[0;1m
[35m
[40mTemp:
[33m
[40m 55 
[39;49m
[37m
[40m  
[0;1m
[35m
[40mVoltage:
[37m
[40m 750 mV 
[39;49m
[37m
[40m  
[0;1m
[35m
[40mClock:
[37m
[40m 1000 MHz
[10d
[39;49m
[37m
[40m-
[198b-
[50;1HTotal Devices: 1
[50;190HPage: 1 / 
[?7l1
[?7h
[39;49m
[37m
[40m
[2J[DX-TOP]  (q) Quit   (n) Next Page   (p) Prev Page   (h) Help
[2dWed Jul  8 04:36:15 2026
[3dDX-RT: v3.2.0     NPU Device driver: v2.1.0     DX-TOP: v1.0.1
[4d-
[198b-
[5;3H
[0;1m
[36m
[40mDevice :
[37m
[40m0
[18G
[0;1m
[36m
[40mVariant:
[37m
[40m    M1
[38G
[0;1m
[36m
[40mPCIe Bus Number:
[37m
[40m  01:00:00  
[39;49m
[37m
[40m  
[0;1m
[36m
[40mFirmware:
[37m
[40m  v2.5.0
[6;3H
[0;1m
[36m
[40mNPU Memory:
[39;49m
[37m
[40m  
[34m
[40m[
[20X
[6;37H]
[39;49m
[37m
[40m 
[34m
[40m168 MiB / 3.92 GiB (4.19%)    
[7;5H
[0;1m
[35m
[40mCore :
[37m
[40m0 
[39;49m
[37m
[40m  
[0;1m
[35m
[40mUtil:
[37m
[40m  55.9% 
[39;49m
[37m
[40m  
[0;1m
[35m
[40mTemp:
[33m
[40m 54 
[39;49m
[37m
[40m  
[0;1m
[35m
[40mVoltage:
[37m
[40m 750 mV 
[39;49m
[37m
[40m  
[0;1m
[35m
[40mClock:
[37m
[40m 1000 MHz
[8;5H
[0;1m
[35m
[40mCore :
[37m
[40m1 
[39;49m
[37m
[40m  
[0;1m
[35m
[40mUtil:
[37m
[40m  36.1% 
[39;49m
[37m
[40m  
[0;1m
[35m
[40mTemp:
[33m
[40m 55 
[39;49m
[37m
[40m  
[0;1m
[35m
[40mVoltage:
[37m
[40m 750 mV 
[39;49m
[37m
[40m  
[0;1m
[35m
[40mClock:
[37m
[40m 1000 MHz
[9;5H
[0;1m
[35m
[40mCore :
[37m
[40m2 
[39;49m
[37m
[40m  
[0;1m
[35m
[40mUtil:
[37m
[40m  18.4% 
[39;49m
[37m
[40m  
[0;1m
[35m
[40mTemp:
[33m
[40m 55 
[39;49m
[37m
[40m  
[0;1m
[35m
[40mVoltage:
[37m
[40m 750 mV 
[39;49m
[37m
[40m  
[0;1m
[35m
[40mClock:
[37m
[40m 1000 MHz
[10d
[39;49m
[37m
[40m-
[198b-
[50;1HTotal Devices: 1
[50;190HPage: 1 / 
[?7l1
[?7h
[39;49m
[37m
[40m
[2J[DX-TOP]  (q) Quit   (n) Next Page   (p) Prev Page   (h) Help
[2dWed Jul  8 04:36:17 2026
[3dDX-RT: v3.2.0     NPU Device driver: v2.1.0     DX-TOP: v1.0.1
[4d-
[198b-
[5;3H
[0;1m
[36m
[40mDevice :
[37m
[40m0
[18G
[0;1m
[36m
[40mVariant:
[37m
[40m    M1
[38G
[0;1m
[36m
[40mPCIe Bus Number:
[37m
[40m  01:00:00  
[39;49m
[37m
[40m  
[0;1m
[36m
[40mFirmware:
[37m
[40m  v2.5.0
[6;3H
[0;1m
[36m
[40mNPU Memory:
[39;49m
[37m
[40m  
[34m
[40m[
[20X
[6;37H]
[39;49m
[37m
[40m 
[34m
[40m168 MiB / 3.92 GiB (4.19%)    
[7;5H
[0;1m
[35m
[40mCore :
[37m
[40m0 
[39;49m
[37m
[40m  
[0;1m
[35m
[40mUtil:
[37m
[40m  56.9% 
[39;49m
[37m
[40m  
[0;1m
[35m
[40mTemp:
[33m
[40m 54 
[39;49m
[37m
[40m  
[0;1m
[35m
[40mVoltage:
[37m
[40m 750 mV 
[39;49m
[37m
[40m  
[0;1m
[35m
[40mClock:
[37m
[40m 1000 MHz
[8;5H
[0;1m
[35m
[40mCore :
[37m
[40m1 
[39;49m
[37m
[40m  
[0;1m
[35m
[40mUtil:
[37m
[40m  35.3% 
[39;49m
[37m
[40m  
[0;1m
[35m
[40mTemp:
[33m
[40m 55 
[39;49m
[37m
[40m  
[0;1m
[35m
[40mVoltage:
[37m
[40m 750 mV 
[39;49m
[37m
[40m  
[0;1m
[35m
[40mClock:
[37m
[40m 1000 MHz
[9;5H
[0;1m
[35m
[40mCore :
[37m
[40m2 
[39;49m
[37m
[40m  
[0;1m
[35m
[40mUtil:
[37m
[40m  12.7% 
[39;49m
[37m
[40m  
[0;1m
[35m
[40mTemp:
[33m
[40m 55 
[39;49m
[37m
[40m  
[0;1m
[35m
[40mVoltage:
[37m
[40m 750 mV 
[39;49m
[37m
[40m  
[0;1m
[35m
[40mClock:
[37m
[40m 1000 MHz
[10d
[39;49m
[37m
[40m-
[198b-
[50;1HTotal Devices: 1
[50;190HPage: 1 / 
[?7l1
[?7h
[39;49m
[37m
[40m
[2J[DX-TOP]  (q) Quit   (n) Next Page   (p) Prev Page   (h) Help
[2dWed Jul  8 04:36:19 2026
[3dDX-RT: v3.2.0     NPU Device driver: v2.1.0     DX-TOP: v1.0.1
[4d-
[198b-
[5;3H
[0;1m
[36m
[40mDevice :
[37m
[40m0
[18G
[0;1m
[36m
[40mVariant:
[37m
[40m    M1
[38G
[0;1m
[36m
[40mPCIe Bus Number:
[37m
[40m  01:00:00  
[39;49m
[37m
[40m  
[0;1m
[36m
[40mFirmware:
[37m
[40m  v2.5.0
[6;3H
[0;1m
[36m
[40mNPU Memory:
[39;49m
[37m
[40m  
[34m
[40m[
[20X
[6;37H]
[39;49m
[37m
[40m 
[34m
[40m168 MiB / 3.92 GiB (4.19%)    
[7;5H
[0;1m
[35m
[40mCore :
[37m
[40m0 
[39;49m
[37m
[40m  
[0;1m
[35m
[40mUtil:
[37m
[40m  57.3% 
[39;49m
[37m
[40m  
[0;1m
[35m
[40mTemp:
[33m
[40m 54 
[39;49m
[37m
[40m  
[0;1m
[35m
[40mVoltage:
[37m
[40m 750 mV 
[39;49m
[37m
[40m  
[0;1m
[35m
[40mClock:
[37m
[40m 1000 MHz
[8;5H
[0;1m
[35m
[40mCore :
[37m
[40m1 
[39;49m
[37m
[40m  
[0;1m
[35m
[40mUtil:
[37m
[40m  40.1% 
[39;49m
[37m
[40m  
[0;1m
[35m
[40mTemp:
[33m
[40m 55 
[39;49m
[37m
[40m  
[0;1m
[35m
[40mVoltage:
[37m
[40m 750 mV 
[39;49m
[37m
[40m  
[0;1m
[35m
[40mClock:
[37m
[40m 1000 MHz
[9;5H
[0;1m
[35m
[40mCore :
[37m
[40m2 
[39;49m
[37m
[40m  
[0;1m
[35m
[40mUtil:
[37m
[40m  12.9% 
[39;49m
[37m
[40m  
[0;1m
[35m
[40mTemp:
[33m
[40m 55 
[39;49m
[37m
[40m  
[0;1m
[35m
[40mVoltage:
[37m
[40m 750 mV 
[39;49m
[37m
[40m  
[0;1m
[35m
[40mClock:
[37m
[40m 1000 MHz
[10d
[39;49m
[37m
[40m-
[198b-
[50;1HTotal Devices: 1
[50;190HPage: 1 / 
[?7l1
[?7h
[39;49m
[37m
[40m
[2J[DX-TOP]  (q) Quit   (n) Next Page   (p) Prev Page   (h) Help
[2dWed Jul  8 04:36:21 2026
[3dDX-RT: v3.2.0     NPU Device driver: v2.1.0     DX-TOP: v1.0.1
[4d-
[198b-
[5;3H
[0;1m
[36m
[40mDevice :
[37m
[40m0
[18G
[0;1m
[36m
[40mVariant:
[37m
[40m    M1
[38G
[0;1m
[36m
[40mPCIe Bus Number:
[37m
[40m  01:00:00  
[39;49m
[37m
[40m  
[0;1m
[36m
[40mFirmware:
[37m
[40m  v2.5.0
[6;3H
[0;1m
[36m
[40mNPU Memory:
[39;49m
[37m
[40m  
[34m
[40m[
[20X
[6;37H]
[39;49m
[37m
[40m 
[34m
[40m168 MiB / 3.92 GiB (4.19%)    
[7;5H
[0;1m
[35m
[40mCore :
[37m
[40m0 
[39;49m
[37m
[40m  
[0;1m
[35m
[40mUtil:
[37m
[40m  51.7% 
[39;49m
[37m
[40m  
[0;1m
[35m
[40mTemp:
[33m
[40m 54 
[39;49m
[37m
[40m  
[0;1m
[35m
[40mVoltage:
[37m
[40m 750 mV 
[39;49m
[37m
[40m  
[0;1m
[35m
[40mClock:
[37m
[40m 1000 MHz
[8;5H
[0;1m
[35m
[40mCore :
[37m
[40m1 
[39;49m
[37m
[40m  
[0;1m
[35m
[40mUtil:
[37m
[40m  35.0% 
[39;49m
[37m
[40m  
[0;1m
[35m
[40mTemp:
[33m
[40m 55 
[39;49m
[37m
[40m  
[0;1m
[35m
[40mVoltage:
[37m
[40m 750 mV 
[39;49m
[37m
[40m  
[0;1m
[35m
[40mClock:
[37m
[40m 1000 MHz
[9;5H
[0;1m
[35m
[40mCore :
[37m
[40m2 
[39;49m
[37m
[40m  
[0;1m
[35m
[40mUtil:
[37m
[40m  15.9% 
[39;49m
[37m
[40m  
[0;1m
[35m
[40mTemp:
[33m
[40m 55 
[39;49m
[37m
[40m  
[0;1m
[35m
[40mVoltage:
[37m
[40m 750 mV 
[39;49m
[37m
[40m  
[0;1m
[35m
[40mClock:
[37m
[40m 1000 MHz
[10d
[39;49m
[37m
[40m-
[198b-
[50;1HTotal Devices: 1
[50;190HPage: 1 / 
[?7l1
[?7h
[39;49m
[37m
[40m
[2J[DX-TOP]  (q) Quit   (n) Next Page   (p) Prev Page   (h) Help
[2dWed Jul  8 04:36:23 2026
[3dDX-RT: v3.2.0     NPU Device driver: v2.1.0     DX-TOP: v1.0.1
[4d-
[198b-
[5;3H
[0;1m
[36m
[40mDevice :
[37m
[40m0
[18G
[0;1m
[36m
[40mVariant:
[37m
[40m    M1
[38G
[0;1m
[36m
[40mPCIe Bus Number:
[37m
[40m  01:00:00  
[39;49m
[37m
[40m  
[0;1m
[36m
[40mFirmware:
[37m
[40m  v2.5.0
[6;3H
[0;1m
[36m
[40mNPU Memory:
[39;49m
[37m
[40m  
[34m
[40m[
[20X
[6;37H]
[39;49m
[37m
[40m 
[34m
[40m168 MiB / 3.92 GiB (4.19%)    
[7;5H
[0;1m
[35m
[40mCore :
[37m
[40m0 
[39;49m
[37m
[40m  
[0;1m
[35m
[40mUtil:
[37m
[40m  56.8% 
[39;49m
[37m
[40m  
[0;1m
[35m
[40mTemp:
[33m
[40m 54 
[39;49m
[37m
[40m  
[0;1m
[35m
[40mVoltage:
[37m
[40m 750 mV 
[39;49m
[37m
[40m  
[0;1m
[35m
[40mClock:
[37m
[40m 1000 MHz
[8;5H
[0;1m
[35m
[40mCore :
[37m
[40m1 
[39;49m
[37m
[40m  
[0;1m
[35m
[40mUtil:
[37m
[40m  39.3% 
[39;49m
[37m
[40m  
[0;1m
[35m
[40mTemp:
[33m
[40m 55 
[39;49m
[37m
[40m  
[0;1m
[35m
[40mVoltage:
[37m
[40m 750 mV 
[39;49m
[37m
[40m  
[0;1m
[35m
[40mClock:
[37m
[40m 1000 MHz
[9;5H
[0;1m
[35m
[40mCore :
[37m
[40m2 
[39;49m
[37m
[40m  
[0;1m
[35m
[40mUtil:
[37m
[40m   2.8% 
[39;49m
[37m
[40m  
[0;1m
[35m
[40mTemp:
[33m
[40m 55 
[39;49m
[37m
[40m  
[0;1m
[35m
[40mVoltage:
[37m
[40m 750 mV 
[39;49m
[37m
[40m  
[0;1m
[35m
[40mClock:
[37m
[40m 1000 MHz
[10d
[39;49m
[37m
[40m-
[198b-
[50;1HTotal Devices: 1
[50;190HPage: 1 / 
[?7l1
[?7h
[39;49m
[37m
[40m
[2J[DX-TOP]  (q) Quit   (n) Next Page   (p) Prev Page   (h) Help
[2dWed Jul  8 04:36:25 2026
[3dDX-RT: v3.2.0     NPU Device driver: v2.1.0     DX-TOP: v1.0.1
[4d-
[198b-
[5;3H
[0;1m
[36m
[40mDevice :
[37m
[40m0
[18G
[0;1m
[36m
[40mVariant:
[37m
[40m    M1
[38G
[0;1m
[36m
[40mPCIe Bus Number:
[37m
[40m  01:00:00  
[39;49m
[37m
[40m  
[0;1m
[36m
[40mFirmware:
[37m
[40m  v2.5.0
[6;3H
[0;1m
[36m
[40mNPU Memory:
[39;49m
[37m
[40m  
[34m
[40m[
[20X
[6;37H]
[39;49m
[37m
[40m 
[34m
[40m168 MiB / 3.92 GiB (4.19%)    
[7;5H
[0;1m
[35m
[40mCore :
[37m
[40m0 
[39;49m
[37m
[40m  
[0;1m
[35m
[40mUtil:
[37m
[40m  57.2% 
[39;49m
[37m
[40m  
[0;1m
[35m
[40mTemp:
[33m
[40m 54 
[39;49m
[37m
[40m  
[0;1m
[35m
[40mVoltage:
[37m
[40m 750 mV 
[39;49m
[37m
[40m  
[0;1m
[35m
[40mClock:
[37m
[40m 1000 MHz
[8;5H
[0;1m
[35m
[40mCore :
[37m
[40m1 
[39;49m
[37m
[40m  
[0;1m
[35m
[40mUtil:
[37m
[40m  34.8% 
[39;49m
[37m
[40m  
[0;1m
[35m
[40mTemp:
[33m
[40m 55 
[39;49m
[37m
[40m  
[0;1m
[35m
[40mVoltage:
[37m
[40m 750 mV 
[39;49m
[37m
[40m  
[0;1m
[35m
[40mClock:
[37m
[40m 1000 MHz
[9;5H
[0;1m
[35m
[40mCore :
[37m
[40m2 
[39;49m
[37m
[40m  
[0;1m
[35m
[40mUtil:
[37m
[40m  18.7% 
[39;49m
[37m
[40m  
[0;1m
[35m
[40mTemp:
[33m
[40m 55 
[39;49m
[37m
[40m  
[0;1m
[35m
[40mVoltage:
[37m
[40m 750 mV 
[39;49m
[37m
[40m  
[0;1m
[35m
[40mClock:
[37m
[40m 1000 MHz
[10d
[39;49m
[37m
[40m-
[198b-
[50;1HTotal Devices: 1
[50;190HPage: 1 / 
[?7l1
[?7h
[39;49m
[37m
[40m
[2J[DX-TOP]  (q) Quit   (n) Next Page   (p) Prev Page   (h) Help
[2dWed Jul  8 04:36:27 2026
[3dDX-RT: v3.2.0     NPU Device driver: v2.1.0     DX-TOP: v1.0.1
[4d-
[198b-
[5;3H
[0;1m
[36m
[40mDevice :
[37m
[40m0
[18G
[0;1m
[36m
[40mVariant:
[37m
[40m    M1
[38G
[0;1m
[36m
[40mPCIe Bus Number:
[37m
[40m  01:00:00  
[39;49m
[37m
[40m  
[0;1m
[36m
[40mFirmware:
[37m
[40m  v2.5.0
[6;3H
[0;1m
[36m
[40mNPU Memory:
[39;49m
[37m
[40m  
[34m
[40m[
[20X
[6;37H]
[39;49m
[37m
[40m 
[34m
[40m168 MiB / 3.92 GiB (4.19%)    
[7;5H
[0;1m
[35m
[40mCore :
[37m
[40m0 
[39;49m
[37m
[40m  
[0;1m
[35m
[40mUtil:
[37m
[40m  51.6% 
[39;49m
[37m
[40m  
[0;1m
[35m
[40mTemp:
[33m
[40m 55 
[39;49m
[37m
[40m  
[0;1m
[35m
[40mVoltage:
[37m
[40m 750 mV 
[39;49m
[37m
[40m  
[0;1m
[35m
[40mClock:
[37m
[40m 1000 MHz
[8;5H
[0;1m
[35m
[40mCore :
[37m
[40m1 
[39;49m
[37m
[40m  
[0;1m
[35m
[40mUtil:
[37m
[40m  41.4% 
[39;49m
[37m
[40m  
[0;1m
[35m
[40mTemp:
[33m
[40m 55 
[39;49m
[37m
[40m  
[0;1m
[35m
[40mVoltage:
[37m
[40m 750 mV 
[39;49m
[37m
[40m  
[0;1m
[35m
[40mClock:
[37m
[40m 1000 MHz
[9;5H
[0;1m
[35m
[40mCore :
[37m
[40m2 
[39;49m
[37m
[40m  
[0;1m
[35m
[40mUtil:
[37m
[40m   8.5% 
[39;49m
[37m
[40m  
[0;1m
[35m
[40mTemp:
[33m
[40m 55 
[39;49m
[37m
[40m  
[0;1m
[35m
[40mVoltage:
[37m
[40m 750 mV 
[39;49m
[37m
[40m  
[0;1m
[35m
[40mClock:
[37m
[40m 1000 MHz
[10d
[39;49m
[37m
[40m-
[198b-
[50;1HTotal Devices: 1
[50;190HPage: 1 / 
[?7l1
[?7h
[39;49m
[37m
[40m
[2J[DX-TOP]  (q) Quit   (n) Next Page   (p) Prev Page   (h) Help
[2dWed Jul  8 04:36:29 2026
[3dDX-RT: v3.2.0     NPU Device driver: v2.1.0     DX-TOP: v1.0.1
[4d-
[198b-
[5;3H
[0;1m
[36m
[40mDevice :
[37m
[40m0
[18G
[0;1m
[36m
[40mVariant:
[37m
[40m    M1
[38G
[0;1m
[36m
[40mPCIe Bus Number:
[37m
[40m  01:00:00  
[39;49m
[37m
[40m  
[0;1m
[36m
[40mFirmware:
[37m
[40m  v2.5.0
[6;3H
[0;1m
[36m
[40mNPU Memory:
[39;49m
[37m
[40m  
[34m
[40m[
[20X
[6;37H]
[39;49m
[37m
[40m 
[34m
[40m168 MiB / 3.92 GiB (4.19%)    
[7;5H
[0;1m
[35m
[40mCore :
[37m
[40m0 
[39;49m
[37m
[40m  
[0;1m
[35m
[40mUtil:
[37m
[40m  56.4% 
[39;49m
[37m
[40m  
[0;1m
[35m
[40mTemp:
[33m
[40m 54 
[39;49m
[37m
[40m  
[0;1m
[35m
[40mVoltage:
[37m
[40m 750 mV 
[39;49m
[37m
[40m  
[0;1m
[35m
[40mClock:
[37m
[40m 1000 MHz
[8;5H
[0;1m
[35m
[40mCore :
[37m
[40m1 
[39;49m
[37m
[40m  
[0;1m
[35m
[40mUtil:
[37m
[40m  40.2% 
[39;49m
[37m
[40m  
[0;1m
[35m
[40mTemp:
[33m
[40m 55 
[39;49m
[37m
[40m  
[0;1m
[35m
[40mVoltage:
[37m
[40m 750 mV 
[39;49m
[37m
[40m  
[0;1m
[35m
[40mClock:
[37m
[40m 1000 MHz
[9;5H
[0;1m
[35m
[40mCore :
[37m
[40m2 
[39;49m
[37m
[40m  
[0;1m
[35m
[40mUtil:
[37m
[40m   5.5% 
[39;49m
[37m
[40m  
[0;1m
[35m
[40mTemp:
[33m
[40m 56 
[39;49m
[37m
[40m  
[0;1m
[35m
[40mVoltage:
[37m
[40m 750 mV 
[39;49m
[37m
[40m  
[0;1m
[35m
[40mClock:
[37m
[40m 1000 MHz
[10d
[39;49m
[37m
[40m-
[198b-
[50;1HTotal Devices: 1
[50;190HPage: 1 / 
[?7l1
[?7h
[39;49m
[37m
[40m
[2J[DX-TOP]  (q) Quit   (n) Next Page   (p) Prev Page   (h) Help
[2dWed Jul  8 04:36:31 2026
[3dDX-RT: v3.2.0     NPU Device driver: v2.1.0     DX-TOP: v1.0.1
[4d-
[198b-
[5;3H
[0;1m
[36m
[40mDevice :
[37m
[40m0
[18G
[0;1m
[36m
[40mVariant:
[37m
[40m    M1
[38G
[0;1m
[36m
[40mPCIe Bus Number:
[37m
[40m  01:00:00  
[39;49m
[37m
[40m  
[0;1m
[36m
[40mFirmware:
[37m
[40m  v2.5.0
[6;3H
[0;1m
[36m
[40mNPU Memory:
[39;49m
[37m
[40m  
[34m
[40m[
[20X
[6;37H]
[39;49m
[37m
[40m 
[34m
[40m168 MiB / 3.92 GiB (4.19%)    
[7;5H
[0;1m
[35m
[40mCore :
[37m
[40m0 
[39;49m
[37m
[40m  
[0;1m
[35m
[40mUtil:
[37m
[40m  53.1% 
[39;49m
[37m
[40m  
[0;1m
[35m
[40mTemp:
[33m
[40m 55 
[39;49m
[37m
[40m  
[0;1m
[35m
[40mVoltage:
[37m
[40m 750 mV 
[39;49m
[37m
[40m  
[0;1m
[35m
[40mClock:
[37m
[40m 1000 MHz
[8;5H
[0;1m
[35m
[40mCore :
[37m
[40m1 
[39;49m
[37m
[40m  
[0;1m
[35m
[40mUtil:
[37m
[40m  50.7% 
[39;49m
[37m
[40m  
[0;1m
[35m
[40mTemp:
[33m
[40m 55 
[39;49m
[37m
[40m  
[0;1m
[35m
[40mVoltage:
[37m
[40m 750 mV 
[39;49m
[37m
[40m  
[0;1m
[35m
[40mClock:
[37m
[40m 1000 MHz
[9;5H
[0;1m
[35m
[40mCore :
[37m
[40m2 
[39;49m
[37m
[40m  
[0;1m
[35m
[40mUtil:
[37m
[40m   9.9% 
[39;49m
[37m
[40m  
[0;1m
[35m
[40mTemp:
[33m
[40m 55 
[39;49m
[37m
[40m  
[0;1m
[35m
[40mVoltage:
[37m
[40m 750 mV 
[39;49m
[37m
[40m  
[0;1m
[35m
[40mClock:
[37m
[40m 1000 MHz
[10d
[39;49m
[37m
[40m-
[198b-
[50;1HTotal Devices: 1
[50;190HPage: 1 / 
[?7l1
[?7h
[39;49m
[37m
[40m
[2J[DX-TOP]  (q) Quit   (n) Next Page   (p) Prev Page   (h) Help
[2dWed Jul  8 04:36:33 2026
[3dDX-RT: v3.2.0     NPU Device driver: v2.1.0     DX-TOP: v1.0.1
[4d-
[198b-
[5;3H
[0;1m
[36m
[40mDevice :
[37m
[40m0
[18G
[0;1m
[36m
[40mVariant:
[37m
[40m    M1
[38G
[0;1m
[36m
[40mPCIe Bus Number:
[37m
[40m  01:00:00  
[39;49m
[37m
[40m  
[0;1m
[36m
[40mFirmware:
[37m
[40m  v2.5.0
[6;3H
[0;1m
[36m
[40mNPU Memory:
[39;49m
[37m
[40m  
[34m
[40m[
[20X
[6;37H]
[39;49m
[37m
[40m 
[34m
[40m168 MiB / 3.92 GiB (4.19%)    
[7;5H
[0;1m
[35m
[40mCore :
[37m
[40m0 
[39;49m
[37m
[40m  
[0;1m
[35m
[40mUtil:
[37m
[40m  55.5% 
[39;49m
[37m
[40m  
[0;1m
[35m
[40mTemp:
[33m
[40m 54 
[39;49m
[37m
[40m  
[0;1m
[35m
[40mVoltage:
[37m
[40m 750 mV 
[39;49m
[37m
[40m  
[0;1m
[35m
[40mClock:
[37m
[40m 1000 MHz
[8;5H
[0;1m
[35m
[40mCore :
[37m
[40m1 
[39;49m
[37m
[40m  
[0;1m
[35m
[40mUtil:
[37m
[40m  50.3% 
[39;49m
[37m
[40m  
[0;1m
[35m
[40mTemp:
[33m
[40m 55 
[39;49m
[37m
[40m  
[0;1m
[35m
[40mVoltage:
[37m
[40m 750 mV 
[39;49m
[37m
[40m  
[0;1m
[35m
[40mClock:
[37m
[40m 1000 MHz
[9;5H
[0;1m
[35m
[40mCore :
[37m
[40m2 
[39;49m
[37m
[40m  
[0;1m
[35m
[40mUtil:
[37m
[40m   9.9% 
[39;49m
[37m
[40m  
[0;1m
[35m
[40mTemp:
[33m
[40m 55 
[39;49m
[37m
[40m  
[0;1m
[35m
[40mVoltage:
[37m
[40m 750 mV 
[39;49m
[37m
[40m  
[0;1m
[35m
[40mClock:
[37m
[40m 1000 MHz
[10d
[39;49m
[37m
[40m-
[198b-
[50;1HTotal Devices: 1
[50;190HPage: 1 / 
[?7l1
[?7h
[39;49m
[37m
[40m
[2J[DX-TOP]  (q) Quit   (n) Next Page   (p) Prev Page   (h) Help
[2dWed Jul  8 04:36:35 2026
[3dDX-RT: v3.2.0     NPU Device driver: v2.1.0     DX-TOP: v1.0.1
[4d-
[198b-
[5;3H
[0;1m
[36m
[40mDevice :
[37m
[40m0
[18G
[0;1m
[36m
[40mVariant:
[37m
[40m    M1
[38G
[0;1m
[36m
[40mPCIe Bus Number:
[37m
[40m  01:00:00  
[39;49m
[37m
[40m  
[0;1m
[36m
[40mFirmware:
[37m
[40m  v2.5.0
[6;3H
[0;1m
[36m
[40mNPU Memory:
[39;49m
[37m
[40m  
[34m
[40m[
[20X
[6;37H]
[39;49m
[37m
[40m 
[34m
[40m168 MiB / 3.92 GiB (4.19%)    
[7;5H
[0;1m
[35m
[40mCore :
[37m
[40m0 
[39;49m
[37m
[40m  
[0;1m
[35m
[40mUtil:
[37m
[40m  53.9% 
[39;49m
[37m
[40m  
[0;1m
[35m
[40mTemp:
[33m
[40m 54 
[39;49m
[37m
[40m  
[0;1m
[35m
[40mVoltage:
[37m
[40m 750 mV 
[39;49m
[37m
[40m  
[0;1m
[35m
[40mClock:
[37m
[40m 1000 MHz
[8;5H
[0;1m
[35m
[40mCore :
[37m
[40m1 
[39;49m
[37m
[40m  
[0;1m
[35m
[40mUtil:
[37m
[40m  41.6% 
[39;49m
[37m
[40m  
[0;1m
[35m
[40mTemp:
[33m
[40m 55 
[39;49m
[37m
[40m  
[0;1m
[35m
[40mVoltage:
[37m
[40m 750 mV 
[39;49m
[37m
[40m  
[0;1m
[35m
[40mClock:
[37m
[40m 1000 MHz
[9;5H
[0;1m
[35m
[40mCore :
[37m
[40m2 
[39;49m
[37m
[40m  
[0;1m
[35m
[40mUtil:
[37m
[40m   5.5% 
[39;49m
[37m
[40m  
[0;1m
[35m
[40mTemp:
[33m
[40m 55 
[39;49m
[37m
[40m  
[0;1m
[35m
[40mVoltage:
[37m
[40m 750 mV 
[39;49m
[37m
[40m  
[0;1m
[35m
[40mClock:
[37m
[40m 1000 MHz
[10d
[39;49m
[37m
[40m-
[198b-
[50;1HTotal Devices: 1
[50;190HPage: 1 / 
[?7l1
[?7h
[39;49m
[37m
[40m
[2J[DX-TOP]  (q) Quit   (n) Next Page   (p) Prev Page   (h) Help
[2dWed Jul  8 04:36:37 2026
[3dDX-RT: v3.2.0     NPU Device driver: v2.1.0     DX-TOP: v1.0.1
[4d-
[198b-
[5;3H
[0;1m
[36m
[40mDevice :
[37m
[40m0
[18G
[0;1m
[36m
[40mVariant:
[37m
[40m    M1
[38G
[0;1m
[36m
[40mPCIe Bus Number:
[37m
[40m  01:00:00  
[39;49m
[37m
[40m  
[0;1m
[36m
[40mFirmware:
[37m
[40m  v2.5.0
[6;3H
[0;1m
[36m
[40mNPU Memory:
[39;49m
[37m
[40m  
[34m
[40m[
[20X
[6;37H]
[39;49m
[37m
[40m 
[34m
[40m168 MiB / 3.92 GiB (4.19%)    
[7;5H
[0;1m
[35m
[40mCore :
[37m
[40m0 
[39;49m
[37m
[40m  
[0;1m
[35m
[40mUtil:
[37m
[40m  57.7% 
[39;49m
[37m
[40m  
[0;1m
[35m
[40mTemp:
[33m
[40m 55 
[39;49m
[37m
[40m  
[0;1m
[35m
[40mVoltage:
[37m
[40m 750 mV 
[39;49m
[37m
[40m  
[0;1m
[35m
[40mClock:
[37m
[40m 1000 MHz
[8;5H
[0;1m
[35m
[40mCore :
[37m
[40m1 
[39;49m
[37m
[40m  
[0;1m
[35m
[40mUtil:
[37m
[40m  36.2% 
[39;49m
[37m
[40m  
[0;1m
[35m
[40mTemp:
[33m
[40m 55 
[39;49m
[37m
[40m  
[0;1m
[35m
[40mVoltage:
[37m
[40m 750 mV 
[39;49m
[37m
[40m  
[0;1m
[35m
[40mClock:
[37m
[40m 1000 MHz
[9;5H
[0;1m
[35m
[40mCore :
[37m
[40m2 
[39;49m
[37m
[40m  
[0;1m
[35m
[40mUtil:
[37m
[40m  15.1% 
[39;49m
[37m
[40m  
[0;1m
[35m
[40mTemp:
[33m
[40m 56 
[39;49m
[37m
[40m  
[0;1m
[35m
[40mVoltage:
[37m
[40m 750 mV 
[39;49m
[37m
[40m  
[0;1m
[35m
[40mClock:
[37m
[40m 1000 MHz
[10d
[39;49m
[37m
[40m-
[198b-
[50;1HTotal Devices: 1
[50;190HPage: 1 / 
[?7l1
[?7h
[39;49m
[37m
[40m
[2J[DX-TOP]  (q) Quit   (n) Next Page   (p) Prev Page   (h) Help
[2dWed Jul  8 04:36:39 2026
[3dDX-RT: v3.2.0     NPU Device driver: v2.1.0     DX-TOP: v1.0.1
[4d-
[198b-
[5;3H
[0;1m
[36m
[40mDevice :
[37m
[40m0
[18G
[0;1m
[36m
[40mVariant:
[37m
[40m    M1
[38G
[0;1m
[36m
[40mPCIe Bus Number:
[37m
[40m  01:00:00  
[39;49m
[37m
[40m  
[0;1m
[36m
[40mFirmware:
[37m
[40m  v2.5.0
[6;3H
[0;1m
[36m
[40mNPU Memory:
[39;49m
[37m
[40m  
[34m
[40m[
[20X
[6;37H]
[39;49m
[37m
[40m 
[34m
[40m168 MiB / 3.92 GiB (4.19%)    
[7;5H
[0;1m
[35m
[40mCore :
[37m
[40m0 
[39;49m
[37m
[40m  
[0;1m
[35m
[40mUtil:
[37m
[40m  49.4% 
[39;49m
[37m
[40m  
[0;1m
[35m
[40mTemp:
[33m
[40m 55 
[39;49m
[37m
[40m  
[0;1m
[35m
[40mVoltage:
[37m
[40m 750 mV 
[39;49m
[37m
[40m  
[0;1m
[35m
[40mClock:
[37m
[40m 1000 MHz
[8;5H
[0;1m
[35m
[40mCore :
[37m
[40m1 
[39;49m
[37m
[40m  
[0;1m
[35m
[40mUtil:
[37m
[40m  40.9% 
[39;49m
[37m
[40m  
[0;1m
[35m
[40mTemp:
[33m
[40m 55 
[39;49m
[37m
[40m  
[0;1m
[35m
[40mVoltage:
[37m
[40m 750 mV 
[39;49m
[37m
[40m  
[0;1m
[35m
[40mClock:
[37m
[40m 1000 MHz
[9;5H
[0;1m
[35m
[40mCore :
[37m
[40m2 
[39;49m
[37m
[40m  
[0;1m
[35m
[40mUtil:
[37m
[40m  15.4% 
[39;49m
[37m
[40m  
[0;1m
[35m
[40mTemp:
[33m
[40m 56 
[39;49m
[37m
[40m  
[0;1m
[35m
[40mVoltage:
[37m
[40m 750 mV 
[39;49m
[37m
[40m  
[0;1m
[35m
[40mClock:
[37m
[40m 1000 MHz
[10d
[39;49m
[37m
[40m-
[198b-
[50;1HTotal Devices: 1
[50;190HPage: 1 / 
[?7l1
[?7h
[39;49m
[37m
[40m
[2J[DX-TOP]  (q) Quit   (n) Next Page   (p) Prev Page   (h) Help
[2dWed Jul  8 04:36:41 2026
[3dDX-RT: v3.2.0     NPU Device driver: v2.1.0     DX-TOP: v1.0.1
[4d-
[198b-
[5;3H
[0;1m
[36m
[40mDevice :
[37m
[40m0
[18G
[0;1m
[36m
[40mVariant:
[37m
[40m    M1
[38G
[0;1m
[36m
[40mPCIe Bus Number:
[37m
[40m  01:00:00  
[39;49m
[37m
[40m  
[0;1m
[36m
[40mFirmware:
[37m
[40m  v2.5.0
[6;3H
[0;1m
[36m
[40mNPU Memory:
[39;49m
[37m
[40m  
[34m
[40m[
[20X
[6;37H]
[39;49m
[37m
[40m 
[34m
[40m168 MiB / 3.92 GiB (4.19%)    
[7;5H
[0;1m
[35m
[40mCore :
[37m
[40m0 
[39;49m
[37m
[40m  
[0;1m
[35m
[40mUtil:
[37m
[40m  54.8% 
[39;49m
[37m
[40m  
[0;1m
[35m
[40mTemp:
[33m
[40m 55 
[39;49m
[37m
[40m  
[0;1m
[35m
[40mVoltage:
[37m
[40m 750 mV 
[39;49m
[37m
[40m  
[0;1m
[35m
[40mClock:
[37m
[40m 1000 MHz
[8;5H
[0;1m
[35m
[40mCore :
[37m
[40m1 
[39;49m
[37m
[40m  
[0;1m
[35m
[40mUtil:
[37m
[40m  46.0% 
[39;49m
[37m
[40m  
[0;1m
[35m
[40mTemp:
[33m
[40m 55 
[39;49m
[37m
[40m  
[0;1m
[35m
[40mVoltage:
[37m
[40m 750 mV 
[39;49m
[37m
[40m  
[0;1m
[35m
[40mClock:
[37m
[40m 1000 MHz
[9;5H
[0;1m
[35m
[40mCore :
[37m
[40m2 
[39;49m
[37m
[40m  
[0;1m
[35m
[40mUtil:
[37m
[40m   6.3% 
[39;49m
[37m
[40m  
[0;1m
[35m
[40mTemp:
[33m
[40m 56 
[39;49m
[37m
[40m  
[0;1m
[35m
[40mVoltage:
[37m
[40m 750 mV 
[39;49m
[37m
[40m  
[0;1m
[35m
[40mClock:
[37m
[40m 1000 MHz
[10d
[39;49m
[37m
[40m-
[198b-
[50;1HTotal Devices: 1
[50;190HPage: 1 / 
[?7l1
[?7h
[39;49m
[37m
[40m
[2J[DX-TOP]  (q) Quit   (n) Next Page   (p) Prev Page   (h) Help
[2dWed Jul  8 04:36:43 2026
[3dDX-RT: v3.2.0     NPU Device driver: v2.1.0     DX-TOP: v1.0.1
[4d-
[198b-
[5;3H
[0;1m
[36m
[40mDevice :
[37m
[40m0
[18G
[0;1m
[36m
[40mVariant:
[37m
[40m    M1
[38G
[0;1m
[36m
[40mPCIe Bus Number:
[37m
[40m  01:00:00  
[39;49m
[37m
[40m  
[0;1m
[36m
[40mFirmware:
[37m
[40m  v2.5.0
[6;3H
[0;1m
[36m
[40mNPU Memory:
[39;49m
[37m
[40m  
[34m
[40m[
[20X
[6;37H]
[39;49m
[37m
[40m 
[34m
[40m168 MiB / 3.92 GiB (4.19%)    
[7;5H
[0;1m
[35m
[40mCore :
[37m
[40m0 
[39;49m
[37m
[40m  
[0;1m
[35m
[40mUtil:
[37m
[40m  63.0% 
[39;49m
[37m
[40m  
[0;1m
[35m
[40mTemp:
[33m
[40m 55 
[39;49m
[37m
[40m  
[0;1m
[35m
[40mVoltage:
[37m
[40m 750 mV 
[39;49m
[37m
[40m  
[0;1m
[35m
[40mClock:
[37m
[40m 1000 MHz
[8;5H
[0;1m
[35m
[40mCore :
[37m
[40m1 
[39;49m
[37m
[40m  
[0;1m
[35m
[40mUtil:
[37m
[40m  37.2% 
[39;49m
[37m
[40m  
[0;1m
[35m
[40mTemp:
[33m
[40m 55 
[39;49m
[37m
[40m  
[0;1m
[35m
[40mVoltage:
[37m
[40m 750 mV 
[39;49m
[37m
[40m  
[0;1m
[35m
[40mClock:
[37m
[40m 1000 MHz
[9;5H
[0;1m
[35m
[40mCore :
[37m
[40m2 
[39;49m
[37m
[40m  
[0;1m
[35m
[40mUtil:
[37m
[40m   2.9% 
[39;49m
[37m
[40m  
[0;1m
[35m
[40mTemp:
[33m
[40m 56 
[39;49m
[37m
[40m  
[0;1m
[35m
[40mVoltage:
[37m
[40m 750 mV 
[39;49m
[37m
[40m  
[0;1m
[35m
[40mClock:
[37m
[40m 1000 MHz
[10d
[39;49m
[37m
[40m-
[198b-
[50;1HTotal Devices: 1
[50;190HPage: 1 / 
[?7l1
[?7h
[39;49m
[37m
[40m
[2J[DX-TOP]  (q) Quit   (n) Next Page   (p) Prev Page   (h) Help
[2dWed Jul  8 04:36:45 2026
[3dDX-RT: v3.2.0     NPU Device driver: v2.1.0     DX-TOP: v1.0.1
[4d-
[198b-
[5;3H
[0;1m
[36m
[40mDevice :
[37m
[40m0
[18G
[0;1m
[36m
[40mVariant:
[37m
[40m    M1
[38G
[0;1m
[36m
[40mPCIe Bus Number:
[37m
[40m  01:00:00  
[39;49m
[37m
[40m  
[0;1m
[36m
[40mFirmware:
[37m
[40m  v2.5.0
[6;3H
[0;1m
[36m
[40mNPU Memory:
[39;49m
[37m
[40m  
[34m
[40m[
[20X
[6;37H]
[39;49m
[37m
[40m 
[34m
[40m168 MiB / 3.92 GiB (4.19%)    
[7;5H
[0;1m
[35m
[40mCore :
[37m
[40m0 
[39;49m
[37m
[40m  
[0;1m
[35m
[40mUtil:
[37m
[40m  60.4% 
[39;49m
[37m
[40m  
[0;1m
[35m
[40mTemp:
[33m
[40m 55 
[39;49m
[37m
[40m  
[0;1m
[35m
[40mVoltage:
[37m
[40m 750 mV 
[39;49m
[37m
[40m  
[0;1m
[35m
[40mClock:
[37m
[40m 1000 MHz
[8;5H
[0;1m
[35m
[40mCore :
[37m
[40m1 
[39;49m
[37m
[40m  
[0;1m
[35m
[40mUtil:
[37m
[40m  37.5% 
[39;49m
[37m
[40m  
[0;1m
[35m
[40mTemp:
[33m
[40m 55 
[39;49m
[37m
[40m  
[0;1m
[35m
[40mVoltage:
[37m
[40m 750 mV 
[39;49m
[37m
[40m  
[0;1m
[35m
[40mClock:
[37m
[40m 1000 MHz
[9;5H
[0;1m
[35m
[40mCore :
[37m
[40m2 
[39;49m
[37m
[40m  
[0;1m
[35m
[40mUtil:
[37m
[40m   5.7% 
[39;49m
[37m
[40m  
[0;1m
[35m
[40mTemp:
[33m
[40m 55 
[39;49m
[37m
[40m  
[0;1m
[35m
[40mVoltage:
[37m
[40m 750 mV 
[39;49m
[37m
[40m  
[0;1m
[35m
[40mClock:
[37m
[40m 1000 MHz
[10d
[39;49m
[37m
[40m-
[198b-
[50;1HTotal Devices: 1
[50;190HPage: 1 / 
[?7l1
[?7h
[39;49m
[37m
[40m
[2J[DX-TOP]  (q) Quit   (n) Next Page   (p) Prev Page   (h) Help
[2dWed Jul  8 04:36:47 2026
[3dDX-RT: v3.2.0     NPU Device driver: v2.1.0     DX-TOP: v1.0.1
[4d-
[198b-
[5;3H
[0;1m
[36m
[40mDevice :
[37m
[40m0
[18G
[0;1m
[36m
[40mVariant:
[37m
[40m    M1
[38G
[0;1m
[36m
[40mPCIe Bus Number:
[37m
[40m  01:00:00  
[39;49m
[37m
[40m  
[0;1m
[36m
[40mFirmware:
[37m
[40m  v2.5.0
[6;3H
[0;1m
[36m
[40mNPU Memory:
[39;49m
[37m
[40m  
[34m
[40m[
[20X
[6;37H]
[39;49m
[37m
[40m 
[34m
[40m168 MiB / 3.92 GiB (4.19%)    
[7;5H
[0;1m
[35m
[40mCore :
[37m
[40m0 
[39;49m
[37m
[40m  
[0;1m
[35m
[40mUtil:
[37m
[40m  56.4% 
[39;49m
[37m
[40m  
[0;1m
[35m
[40mTemp:
[33m
[40m 55 
[39;49m
[37m
[40m  
[0;1m
[35m
[40mVoltage:
[37m
[40m 750 mV 
[39;49m
[37m
[40m  
[0;1m
[35m
[40mClock:
[37m
[40m 1000 MHz
[8;5H
[0;1m
[35m
[40mCore :
[37m
[40m1 
[39;49m
[37m
[40m  
[0;1m
[35m
[40mUtil:
[37m
[40m  42.6% 
[39;49m
[37m
[40m  
[0;1m
[35m
[40mTemp:
[33m
[40m 55 
[39;49m
[37m
[40m  
[0;1m
[35m
[40mVoltage:
[37m
[40m 750 mV 
[39;49m
[37m
[40m  
[0;1m
[35m
[40mClock:
[37m
[40m 1000 MHz
[9;5H
[0;1m
[35m
[40mCore :
[37m
[40m2 
[39;49m
[37m
[40m  
[0;1m
[35m
[40mUtil:
[37m
[40m   3.4% 
[39;49m
[37m
[40m  
[0;1m
[35m
[40mTemp:
[33m
[40m 56 
[39;49m
[37m
[40m  
[0;1m
[35m
[40mVoltage:
[37m
[40m 750 mV 
[39;49m
[37m
[40m  
[0;1m
[35m
[40mClock:
[37m
[40m 1000 MHz
[10d
[39;49m
[37m
[40m-
[198b-
[50;1HTotal Devices: 1
[50;190HPage: 1 / 
[?7l1
[?7h
[39;49m
[37m
[40m
[2J[DX-TOP]  (q) Quit   (n) Next Page   (p) Prev Page   (h) Help
[2dWed Jul  8 04:36:49 2026
[3dDX-RT: v3.2.0     NPU Device driver: v2.1.0     DX-TOP: v1.0.1
[4d-
[198b-
[5;3H
[0;1m
[36m
[40mDevice :
[37m
[40m0
[18G
[0;1m
[36m
[40mVariant:
[37m
[40m    M1
[38G
[0;1m
[36m
[40mPCIe Bus Number:
[37m
[40m  01:00:00  
[39;49m
[37m
[40m  
[0;1m
[36m
[40mFirmware:
[37m
[40m  v2.5.0
[6;3H
[0;1m
[36m
[40mNPU Memory:
[39;49m
[37m
[40m  
[34m
[40m[
[20X
[6;37H]
[39;49m
[37m
[40m 
[34m
[40m168 MiB / 3.92 GiB (4.19%)    
[7;5H
[0;1m
[35m
[40mCore :
[37m
[40m0 
[39;49m
[37m
[40m  
[0;1m
[35m
[40mUtil:
[37m
[40m  58.0% 
[39;49m
[37m
[40m  
[0;1m
[35m
[40mTemp:
[33m
[40m 55 
[39;49m
[37m
[40m  
[0;1m
[35m
[40mVoltage:
[37m
[40m 750 mV 
[39;49m
[37m
[40m  
[0;1m
[35m
[40mClock:
[37m
[40m 1000 MHz
[8;5H
[0;1m
[35m
[40mCore :
[37m
[40m1 
[39;49m
[37m
[40m  
[0;1m
[35m
[40mUtil:
[37m
[40m  38.3% 
[39;49m
[37m
[40m  
[0;1m
[35m
[40mTemp:
[33m
[40m 55 
[39;49m
[37m
[40m  
[0;1m
[35m
[40mVoltage:
[37m
[40m 750 mV 
[39;49m
[37m
[40m  
[0;1m
[35m
[40mClock:
[37m
[40m 1000 MHz
[9;5H
[0;1m
[35m
[40mCore :
[37m
[40m2 
[39;49m
[37m
[40m  
[0;1m
[35m
[40mUtil:
[37m
[40m   9.0% 
[39;49m
[37m
[40m  
[0;1m
[35m
[40mTemp:
[33m
[40m 55 
[39;49m
[37m
[40m  
[0;1m
[35m
[40mVoltage:
[37m
[40m 750 mV 
[39;49m
[37m
[40m  
[0;1m
[35m
[40mClock:
[37m
[40m 1000 MHz
[10d
[39;49m
[37m
[40m-
[198b-
[50;1HTotal Devices: 1
[50;190HPage: 1 / 
[?7l1
[?7h
[39;49m
[37m
[40m
[2J[DX-TOP]  (q) Quit   (n) Next Page   (p) Prev Page   (h) Help
[2dWed Jul  8 04:36:51 2026
[3dDX-RT: v3.2.0     NPU Device driver: v2.1.0     DX-TOP: v1.0.1
[4d-
[198b-
[5;3H
[0;1m
[36m
[40mDevice :
[37m
[40m0
[18G
[0;1m
[36m
[40mVariant:
[37m
[40m    M1
[38G
[0;1m
[36m
[40mPCIe Bus Number:
[37m
[40m  01:00:00  
[39;49m
[37m
[40m  
[0;1m
[36m
[40mFirmware:
[37m
[40m  v2.5.0
[6;3H
[0;1m
[36m
[40mNPU Memory:
[39;49m
[37m
[40m  
[34m
[40m[
[20X
[6;37H]
[39;49m
[37m
[40m 
[34m
[40m168 MiB / 3.92 GiB (4.19%)    
[7;5H
[0;1m
[35m
[40mCore :
[37m
[40m0 
[39;49m
[37m
[40m  
[0;1m
[35m
[40mUtil:
[37m
[40m  54.9% 
[39;49m
[37m
[40m  
[0;1m
[35m
[40mTemp:
[33m
[40m 55 
[39;49m
[37m
[40m  
[0;1m
[35m
[40mVoltage:
[37m
[40m 750 mV 
[39;49m
[37m
[40m  
[0;1m
[35m
[40mClock:
[37m
[40m 1000 MHz
[8;5H
[0;1m
[35m
[40mCore :
[37m
[40m1 
[39;49m
[37m
[40m  
[0;1m
[35m
[40mUtil:
[37m
[40m  34.2% 
[39;49m
[37m
[40m  
[0;1m
[35m
[40mTemp:
[33m
[40m 55 
[39;49m
[37m
[40m  
[0;1m
[35m
[40mVoltage:
[37m
[40m 750 mV 
[39;49m
[37m
[40m  
[0;1m
[35m
[40mClock:
[37m
[40m 1000 MHz
[9;5H
[0;1m
[35m
[40mCore :
[37m
[40m2 
[39;49m
[37m
[40m  
[0;1m
[35m
[40mUtil:
[37m
[40m  15.3% 
[39;49m
[37m
[40m  
[0;1m
[35m
[40mTemp:
[33m
[40m 56 
[39;49m
[37m
[40m  
[0;1m
[35m
[40mVoltage:
[37m
[40m 750 mV 
[39;49m
[37m
[40m  
[0;1m
[35m
[40mClock:
[37m
[40m 1000 MHz
[10d
[39;49m
[37m
[40m-
[198b-
[50;1HTotal Devices: 1
[50;190HPage: 1 / 
[?7l1
[?7h
[39;49m
[37m
[40m
[2J[DX-TOP]  (q) Quit   (n) Next Page   (p) Prev Page   (h) Help
[2dWed Jul  8 04:36:53 2026
[3dDX-RT: v3.2.0     NPU Device driver: v2.1.0     DX-TOP: v1.0.1
[4d-
[198b-
[5;3H
[0;1m
[36m
[40mDevice :
[37m
[40m0
[18G
[0;1m
[36m
[40mVariant:
[37m
[40m    M1
[38G
[0;1m
[36m
[40mPCIe Bus Number:
[37m
[40m  01:00:00  
[39;49m
[37m
[40m  
[0;1m
[36m
[40mFirmware:
[37m
[40m  v2.5.0
[6;3H
[0;1m
[36m
[40mNPU Memory:
[39;49m
[37m
[40m  
[34m
[40m[
[20X
[6;37H]
[39;49m
[37m
[40m 
[34m
[40m168 MiB / 3.92 GiB (4.19%)    
[7;5H
[0;1m
[35m
[40mCore :
[37m
[40m0 
[39;49m
[37m
[40m  
[0;1m
[35m
[40mUtil:
[37m
[40m  54.6% 
[39;49m
[37m
[40m  
[0;1m
[35m
[40mTemp:
[33m
[40m 55 
[39;49m
[37m
[40m  
[0;1m
[35m
[40mVoltage:
[37m
[40m 750 mV 
[39;49m
[37m
[40m  
[0;1m
[35m
[40mClock:
[37m
[40m 1000 MHz
[8;5H
[0;1m
[35m
[40mCore :
[37m
[40m1 
[39;49m
[37m
[40m  
[0;1m
[35m
[40mUtil:
[37m
[40m  36.3% 
[39;49m
[37m
[40m  
[0;1m
[35m
[40mTemp:
[33m
[40m 55 
[39;49m
[37m
[40m  
[0;1m
[35m
[40mVoltage:
[37m
[40m 750 mV 
[39;49m
[37m
[40m  
[0;1m
[35m
[40mClock:
[37m
[40m 1000 MHz
[9;5H
[0;1m
[35m
[40mCore :
[37m
[40m2 
[39;49m
[37m
[40m  
[0;1m
[35m
[40mUtil:
[37m
[40m  16.5% 
[39;49m
[37m
[40m  
[0;1m
[35m
[40mTemp:
[33m
[40m 55 
[39;49m
[37m
[40m  
[0;1m
[35m
[40mVoltage:
[37m
[40m 750 mV 
[39;49m
[37m
[40m  
[0;1m
[35m
[40mClock:
[37m
[40m 1000 MHz
[10d
[39;49m
[37m
[40m-
[198b-
[50;1HTotal Devices: 1
[50;190HPage: 1 / 
[?7l1
[?7h
[39;49m
[37m
[40m
[2J[DX-TOP]  (q) Quit   (n) Next Page   (p) Prev Page   (h) Help
[2dWed Jul  8 04:36:55 2026
[3dDX-RT: v3.2.0     NPU Device driver: v2.1.0     DX-TOP: v1.0.1
[4d-
[198b-
[5;3H
[0;1m
[36m
[40mDevice :
[37m
[40m0
[18G
[0;1m
[36m
[40mVariant:
[37m
[40m    M1
[38G
[0;1m
[36m
[40mPCIe Bus Number:
[37m
[40m  01:00:00  
[39;49m
[37m
[40m  
[0;1m
[36m
[40mFirmware:
[37m
[40m  v2.5.0
[6;3H
[0;1m
[36m
[40mNPU Memory:
[39;49m
[37m
[40m  
[34m
[40m[
[20X
[6;37H]
[39;49m
[37m
[40m 
[34m
[40m168 MiB / 3.92 GiB (4.19%)    
[7;5H
[0;1m
[35m
[40mCore :
[37m
[40m0 
[39;49m
[37m
[40m  
[0;1m
[35m
[40mUtil:
[37m
[40m  59.9% 
[39;49m
[37m
[40m  
[0;1m
[35m
[40mTemp:
[33m
[40m 55 
[39;49m
[37m
[40m  
[0;1m
[35m
[40mVoltage:
[37m
[40m 750 mV 
[39;49m
[37m
[40m  
[0;1m
[35m
[40mClock:
[37m
[40m 1000 MHz
[8;5H
[0;1m
[35m
[40mCore :
[37m
[40m1 
[39;49m
[37m
[40m  
[0;1m
[35m
[40mUtil:
[37m
[40m  42.0% 
[39;49m
[37m
[40m  
[0;1m
[35m
[40mTemp:
[33m
[40m 55 
[39;49m
[37m
[40m  
[0;1m
[35m
[40mVoltage:
[37m
[40m 750 mV 
[39;49m
[37m
[40m  
[0;1m
[35m
[40mClock:
[37m
[40m 1000 MHz
[9;5H
[0;1m
[35m
[40mCore :
[37m
[40m2 
[39;49m
[37m
[40m  
[0;1m
[35m
[40mUtil:
[37m
[40m   9.5% 
[39;49m
[37m
[40m  
[0;1m
[35m
[40mTemp:
[33m
[40m 55 
[39;49m
[37m
[40m  
[0;1m
[35m
[40mVoltage:
[37m
[40m 750 mV 
[39;49m
[37m
[40m  
[0;1m
[35m
[40mClock:
[37m
[40m 1000 MHz
[10d
[39;49m
[37m
[40m-
[198b-
[50;1HTotal Devices: 1
[50;190HPage: 1 / 
[?7l1
[?7h
[39;49m
[37m
[40m
[2J[DX-TOP]  (q) Quit   (n) Next Page   (p) Prev Page   (h) Help
[2dWed Jul  8 04:36:57 2026
[3dDX-RT: v3.2.0     NPU Device driver: v2.1.0     DX-TOP: v1.0.1
[4d-
[198b-
[5;3H
[0;1m
[36m
[40mDevice :
[37m
[40m0
[18G
[0;1m
[36m
[40mVariant:
[37m
[40m    M1
[38G
[0;1m
[36m
[40mPCIe Bus Number:
[37m
[40m  01:00:00  
[39;49m
[37m
[40m  
[0;1m
[36m
[40mFirmware:
[37m
[40m  v2.5.0
[6;3H
[0;1m
[36m
[40mNPU Memory:
[39;49m
[37m
[40m  
[34m
[40m[
[20X
[6;37H]
[39;49m
[37m
[40m 
[34m
[40m168 MiB / 3.92 GiB (4.19%)    
[7;5H
[0;1m
[35m
[40mCore :
[37m
[40m0 
[39;49m
[37m
[40m  
[0;1m
[35m
[40mUtil:
[37m
[40m  54.8% 
[39;49m
[37m
[40m  
[0;1m
[35m
[40mTemp:
[33m
[40m 55 
[39;49m
[37m
[40m  
[0;1m
[35m
[40mVoltage:
[37m
[40m 750 mV 
[39;49m
[37m
[40m  
[0;1m
[35m
[40mClock:
[37m
[40m 1000 MHz
[8;5H
[0;1m
[35m
[40mCore :
[37m
[40m1 
[39;49m
[37m
[40m  
[0;1m
[35m
[40mUtil:
[37m
[40m  34.0% 
[39;49m
[37m
[40m  
[0;1m
[35m
[40mTemp:
[33m
[40m 55 
[39;49m
[37m
[40m  
[0;1m
[35m
[40mVoltage:
[37m
[40m 750 mV 
[39;49m
[37m
[40m  
[0;1m
[35m
[40mClock:
[37m
[40m 1000 MHz
[9;5H
[0;1m
[35m
[40mCore :
[37m
[40m2 
[39;49m
[37m
[40m  
[0;1m
[35m
[40mUtil:
[37m
[40m  14.5% 
[39;49m
[37m
[40m  
[0;1m
[35m
[40mTemp:
[33m
[40m 56 
[39;49m
[37m
[40m  
[0;1m
[35m
[40mVoltage:
[37m
[40m 750 mV 
[39;49m
[37m
[40m  
[0;1m
[35m
[40mClock:
[37m
[40m 1000 MHz
[10d
[39;49m
[37m
[40m-
[198b-
[50;1HTotal Devices: 1
[50;190HPage: 1 / 
[?7l1
[?7h
[39;49m
[37m
[40m
[2J[DX-TOP]  (q) Quit   (n) Next Page   (p) Prev Page   (h) Help
[2dWed Jul  8 04:36:59 2026
[3dDX-RT: v3.2.0     NPU Device driver: v2.1.0     DX-TOP: v1.0.1
[4d-
[198b-
[5;3H
[0;1m
[36m
[40mDevice :
[37m
[40m0
[18G
[0;1m
[36m
[40mVariant:
[37m
[40m    M1
[38G
[0;1m
[36m
[40mPCIe Bus Number:
[37m
[40m  01:00:00  
[39;49m
[37m
[40m  
[0;1m
[36m
[40mFirmware:
[37m
[40m  v2.5.0
[6;3H
[0;1m
[36m
[40mNPU Memory:
[39;49m
[37m
[40m  
[34m
[40m[
[20X
[6;37H]
[39;49m
[37m
[40m 
[34m
[40m168 MiB / 3.92 GiB (4.19%)    
[7;5H
[0;1m
[35m
[40mCore :
[37m
[40m0 
[39;49m
[37m
[40m  
[0;1m
[35m
[40mUtil:
[37m
[40m  54.0% 
[39;49m
[37m
[40m  
[0;1m
[35m
[40mTemp:
[33m
[40m 55 
[39;49m
[37m
[40m  
[0;1m
[35m
[40mVoltage:
[37m
[40m 750 mV 
[39;49m
[37m
[40m  
[0;1m
[35m
[40mClock:
[37m
[40m 1000 MHz
[8;5H
[0;1m
[35m
[40mCore :
[37m
[40m1 
[39;49m
[37m
[40m  
[0;1m
[35m
[40mUtil:
[37m
[40m  43.7% 
[39;49m
[37m
[40m  
[0;1m
[35m
[40mTemp:
[33m
[40m 55 
[39;49m
[37m
[40m  
[0;1m
[35m
[40mVoltage:
[37m
[40m 750 mV 
[39;49m
[37m
[40m  
[0;1m
[35m
[40mClock:
[37m
[40m 1000 MHz
[9;5H
[0;1m
[35m
[40mCore :
[37m
[40m2 
[39;49m
[37m
[40m  
[0;1m
[35m
[40mUtil:
[37m
[40m   9.5% 
[39;49m
[37m
[40m  
[0;1m
[35m
[40mTemp:
[33m
[40m 56 
[39;49m
[37m
[40m  
[0;1m
[35m
[40mVoltage:
[37m
[40m 750 mV 
[39;49m
[37m
[40m  
[0;1m
[35m
[40mClock:
[37m
[40m 1000 MHz
[10d
[39;49m
[37m
[40m-
[198b-
[50;1HTotal Devices: 1
[50;190HPage: 1 / 
[?7l1
[?7h
[39;49m
[37m
[40m
[2J[DX-TOP]  (q) Quit   (n) Next Page   (p) Prev Page   (h) Help
[2dWed Jul  8 04:37:01 2026
[3dDX-RT: v3.2.0     NPU Device driver: v2.1.0     DX-TOP: v1.0.1
[4d-
[198b-
[5;3H
[0;1m
[36m
[40mDevice :
[37m
[40m0
[18G
[0;1m
[36m
[40mVariant:
[37m
[40m    M1
[38G
[0;1m
[36m
[40mPCIe Bus Number:
[37m
[40m  01:00:00  
[39;49m
[37m
[40m  
[0;1m
[36m
[40mFirmware:
[37m
[40m  v2.5.0
[6;3H
[0;1m
[36m
[40mNPU Memory:
[39;49m
[37m
[40m  
[34m
[40m[
[20X
[6;37H]
[39;49m
[37m
[40m 
[34m
[40m168 MiB / 3.92 GiB (4.19%)    
[7;5H
[0;1m
[35m
[40mCore :
[37m
[40m0 
[39;49m
[37m
[40m  
[0;1m
[35m
[40mUtil:
[37m
[40m  53.5% 
[39;49m
[37m
[40m  
[0;1m
[35m
[40mTemp:
[33m
[40m 55 
[39;49m
[37m
[40m  
[0;1m
[35m
[40mVoltage:
[37m
[40m 750 mV 
[39;49m
[37m
[40m  
[0;1m
[35m
[40mClock:
[37m
[40m 1000 MHz
[8;5H
[0;1m
[35m
[40mCore :
[37m
[40m1 
[39;49m
[37m
[40m  
[0;1m
[35m
[40mUtil:
[37m
[40m  43.8% 
[39;49m
[37m
[40m  
[0;1m
[35m
[40mTemp:
[33m
[40m 55 
[39;49m
[37m
[40m  
[0;1m
[35m
[40mVoltage:
[37m
[40m 750 mV 
[39;49m
[37m
[40m  
[0;1m
[35m
[40mClock:
[37m
[40m 1000 MHz
[9;5H
[0;1m
[35m
[40mCore :
[37m
[40m2 
[39;49m
[37m
[40m  
[0;1m
[35m
[40mUtil:
[37m
[40m  13.1% 
[39;49m
[37m
[40m  
[0;1m
[35m
[40mTemp:
[33m
[40m 56 
[39;49m
[37m
[40m  
[0;1m
[35m
[40mVoltage:
[37m
[40m 750 mV 
[39;49m
[37m
[40m  
[0;1m
[35m
[40mClock:
[37m
[40m 1000 MHz
[10d
[39;49m
[37m
[40m-
[198b-
[50;1HTotal Devices: 1
[50;190HPage: 1 / 
[?7l1
[?7h
[39;49m
[37m
[40m
[2J[DX-TOP]  (q) Quit   (n) Next Page   (p) Prev Page   (h) Help
[2dWed Jul  8 04:37:03 2026
[3dDX-RT: v3.2.0     NPU Device driver: v2.1.0     DX-TOP: v1.0.1
[4d-
[198b-
[5;3H
[0;1m
[36m
[40mDevice :
[37m
[40m0
[18G
[0;1m
[36m
[40mVariant:
[37m
[40m    M1
[38G
[0;1m
[36m
[40mPCIe Bus Number:
[37m
[40m  01:00:00  
[39;49m
[37m
[40m  
[0;1m
[36m
[40mFirmware:
[37m
[40m  v2.5.0
[6;3H
[0;1m
[36m
[40mNPU Memory:
[39;49m
[37m
[40m  
[34m
[40m[
[20X
[6;37H]
[39;49m
[37m
[40m 
[34m
[40m168 MiB / 3.92 GiB (4.19%)    
[7;5H
[0;1m
[35m
[40mCore :
[37m
[40m0 
[39;49m
[37m
[40m  
[0;1m
[35m
[40mUtil:
[37m
[40m  60.6% 
[39;49m
[37m
[40m  
[0;1m
[35m
[40mTemp:
[33m
[40m 55 
[39;49m
[37m
[40m  
[0;1m
[35m
[40mVoltage:
[37m
[40m 750 mV 
[39;49m
[37m
[40m  
[0;1m
[35m
[40mClock:
[37m
[40m 1000 MHz
[8;5H
[0;1m
[35m
[40mCore :
[37m
[40m1 
[39;49m
[37m
[40m  
[0;1m
[35m
[40mUtil:
[37m
[40m  39.1% 
[39;49m
[37m
[40m  
[0;1m
[35m
[40mTemp:
[33m
[40m 55 
[39;49m
[37m
[40m  
[0;1m
[35m
[40mVoltage:
[37m
[40m 750 mV 
[39;49m
[37m
[40m  
[0;1m
[35m
[40mClock:
[37m
[40m 1000 MHz
[9;5H
[0;1m
[35m
[40mCore :
[37m
[40m2 
[39;49m
[37m
[40m  
[0;1m
[35m
[40mUtil:
[37m
[40m   3.5% 
[39;49m
[37m
[40m  
[0;1m
[35m
[40mTemp:
[33m
[40m 55 
[39;49m
[37m
[40m  
[0;1m
[35m
[40mVoltage:
[37m
[40m 750 mV 
[39;49m
[37m
[40m  
[0;1m
[35m
[40mClock:
[37m
[40m 1000 MHz
[10d
[39;49m
[37m
[40m-
[198b-
[50;1HTotal Devices: 1
[50;190HPage: 1 / 
[?7l1
[?7h
[39;49m
[37m
[40m
[2J[DX-TOP]  (q) Quit   (n) Next Page   (p) Prev Page   (h) Help
[2dWed Jul  8 04:37:05 2026
[3dDX-RT: v3.2.0     NPU Device driver: v2.1.0     DX-TOP: v1.0.1
[4d-
[198b-
[5;3H
[0;1m
[36m
[40mDevice :
[37m
[40m0
[18G
[0;1m
[36m
[40mVariant:
[37m
[40m    M1
[38G
[0;1m
[36m
[40mPCIe Bus Number:
[37m
[40m  01:00:00  
[39;49m
[37m
[40m  
[0;1m
[36m
[40mFirmware:
[37m
[40m  v2.5.0
[6;3H
[0;1m
[36m
[40mNPU Memory:
[39;49m
[37m
[40m  
[34m
[40m[
[20X
[6;37H]
[39;49m
[37m
[40m 
[34m
[40m168 MiB / 3.92 GiB (4.19%)    
[7;5H
[0;1m
[35m
[40mCore :
[37m
[40m0 
[39;49m
[37m
[40m  
[0;1m
[35m
[40mUtil:
[37m
[40m  54.9% 
[39;49m
[37m
[40m  
[0;1m
[35m
[40mTemp:
[33m
[40m 55 
[39;49m
[37m
[40m  
[0;1m
[35m
[40mVoltage:
[37m
[40m 750 mV 
[39;49m
[37m
[40m  
[0;1m
[35m
[40mClock:
[37m
[40m 1000 MHz
[8;5H
[0;1m
[35m
[40mCore :
[37m
[40m1 
[39;49m
[37m
[40m  
[0;1m
[35m
[40mUtil:
[37m
[40m  42.8% 
[39;49m
[37m
[40m  
[0;1m
[35m
[40mTemp:
[33m
[40m 55 
[39;49m
[37m
[40m  
[0;1m
[35m
[40mVoltage:
[37m
[40m 750 mV 
[39;49m
[37m
[40m  
[0;1m
[35m
[40mClock:
[37m
[40m 1000 MHz
[9;5H
[0;1m
[35m
[40mCore :
[37m
[40m2 
[39;49m
[37m
[40m  
[0;1m
[35m
[40mUtil:
[37m
[40m   6.5% 
[39;49m
[37m
[40m  
[0;1m
[35m
[40mTemp:
[33m
[40m 55 
[39;49m
[37m
[40m  
[0;1m
[35m
[40mVoltage:
[37m
[40m 750 mV 
[39;49m
[37m
[40m  
[0;1m
[35m
[40mClock:
[37m
[40m 1000 MHz
[10d
[39;49m
[37m
[40m-
[198b-
[50;1HTotal Devices: 1
[50;190HPage: 1 / 
[?7l1
[?7h
[39;49m
[37m
[40m
[2J[DX-TOP]  (q) Quit   (n) Next Page   (p) Prev Page   (h) Help
[2dWed Jul  8 04:37:07 2026
[3dDX-RT: v3.2.0     NPU Device driver: v2.1.0     DX-TOP: v1.0.1
[4d-
[198b-
[5;3H
[0;1m
[36m
[40mDevice :
[37m
[40m0
[18G
[0;1m
[36m
[40mVariant:
[37m
[40m    M1
[38G
[0;1m
[36m
[40mPCIe Bus Number:
[37m
[40m  01:00:00  
[39;49m
[37m
[40m  
[0;1m
[36m
[40mFirmware:
[37m
[40m  v2.5.0
[6;3H
[0;1m
[36m
[40mNPU Memory:
[39;49m
[37m
[40m  
[34m
[40m[
[20X
[6;37H]
[39;49m
[37m
[40m 
[34m
[40m168 MiB / 3.92 GiB (4.19%)    
[7;5H
[0;1m
[35m
[40mCore :
[37m
[40m0 
[39;49m
[37m
[40m  
[0;1m
[35m
[40mUtil:
[37m
[40m  55.1% 
[39;49m
[37m
[40m  
[0;1m
[35m
[40mTemp:
[33m
[40m 55 
[39;49m
[37m
[40m  
[0;1m
[35m
[40mVoltage:
[37m
[40m 750 mV 
[39;49m
[37m
[40m  
[0;1m
[35m
[40mClock:
[37m
[40m 1000 MHz
[8;5H
[0;1m
[35m
[40mCore :
[37m
[40m1 
[39;49m
[37m
[40m  
[0;1m
[35m
[40mUtil:
[37m
[40m  37.5% 
[39;49m
[37m
[40m  
[0;1m
[35m
[40mTemp:
[33m
[40m 55 
[39;49m
[37m
[40m  
[0;1m
[35m
[40mVoltage:
[37m
[40m 750 mV 
[39;49m
[37m
[40m  
[0;1m
[35m
[40mClock:
[37m
[40m 1000 MHz
[9;5H
[0;1m
[35m
[40mCore :
[37m
[40m2 
[39;49m
[37m
[40m  
[0;1m
[35m
[40mUtil:
[37m
[40m  12.4% 
[39;49m
[37m
[40m  
[0;1m
[35m
[40mTemp:
[33m
[40m 55 
[39;49m
[37m
[40m  
[0;1m
[35m
[40mVoltage:
[37m
[40m 750 mV 
[39;49m
[37m
[40m  
[0;1m
[35m
[40mClock:
[37m
[40m 1000 MHz
[10d
[39;49m
[37m
[40m-
[198b-
[50;1HTotal Devices: 1
[50;190HPage: 1 / 
[?7l1
[?7h
[39;49m
[37m
[40m
[2J[DX-TOP]  (q) Quit   (n) Next Page   (p) Prev Page   (h) Help
[2dWed Jul  8 04:37:09 2026
[3dDX-RT: v3.2.0     NPU Device driver: v2.1.0     DX-TOP: v1.0.1
[4d-
[198b-
[5;3H
[0;1m
[36m
[40mDevice :
[37m
[40m0
[18G
[0;1m
[36m
[40mVariant:
[37m
[40m    M1
[38G
[0;1m
[36m
[40mPCIe Bus Number:
[37m
[40m  01:00:00  
[39;49m
[37m
[40m  
[0;1m
[36m
[40mFirmware:
[37m
[40m  v2.5.0
[6;3H
[0;1m
[36m
[40mNPU Memory:
[39;49m
[37m
[40m  
[34m
[40m[
[20X
[6;37H]
[39;49m
[37m
[40m 
[34m
[40m168 MiB / 3.92 GiB (4.19%)    
[7;5H
[0;1m
[35m
[40mCore :
[37m
[40m0 
[39;49m
[37m
[40m  
[0;1m
[35m
[40mUtil:
[37m
[40m  58.6% 
[39;49m
[37m
[40m  
[0;1m
[35m
[40mTemp:
[33m
[40m 55 
[39;49m
[37m
[40m  
[0;1m
[35m
[40mVoltage:
[37m
[40m 750 mV 
[39;49m
[37m
[40m  
[0;1m
[35m
[40mClock:
[37m
[40m 1000 MHz
[8;5H
[0;1m
[35m
[40mCore :
[37m
[40m1 
[39;49m
[37m
[40m  
[0;1m
[35m
[40mUtil:
[37m
[40m  33.0% 
[39;49m
[37m
[40m  
[0;1m
[35m
[40mTemp:
[33m
[40m 55 
[39;49m
[37m
[40m  
[0;1m
[35m
[40mVoltage:
[37m
[40m 750 mV 
[39;49m
[37m
[40m  
[0;1m
[35m
[40mClock:
[37m
[40m 1000 MHz
[9;5H
[0;1m
[35m
[40mCore :
[37m
[40m2 
[39;49m
[37m
[40m  
[0;1m
[35m
[40mUtil:
[37m
[40m   9.2% 
[39;49m
[37m
[40m  
[0;1m
[35m
[40mTemp:
[33m
[40m 56 
[39;49m
[37m
[40m  
[0;1m
[35m
[40mVoltage:
[37m
[40m 750 mV 
[39;49m
[37m
[40m  
[0;1m
[35m
[40mClock:
[37m
[40m 1000 MHz
[10d
[39;49m
[37m
[40m-
[198b-
[50;1HTotal Devices: 1
[50;190HPage: 1 / 
[?7l1
[?7h
[39;49m
[37m
[40m
[2J[DX-TOP]  (q) Quit   (n) Next Page   (p) Prev Page   (h) Help
[2dWed Jul  8 04:37:11 2026
[3dDX-RT: v3.2.0     NPU Device driver: v2.1.0     DX-TOP: v1.0.1
[4d-
[198b-
[5;3H
[0;1m
[36m
[40mDevice :
[37m
[40m0
[18G
[0;1m
[36m
[40mVariant:
[37m
[40m    M1
[38G
[0;1m
[36m
[40mPCIe Bus Number:
[37m
[40m  01:00:00  
[39;49m
[37m
[40m  
[0;1m
[36m
[40mFirmware:
[37m
[40m  v2.5.0
[6;3H
[0;1m
[36m
[40mNPU Memory:
[39;49m
[37m
[40m  
[34m
[40m[
[20X
[6;37H]
[39;49m
[37m
[40m 
[34m
[40m168 MiB / 3.92 GiB (4.19%)    
[7;5H
[0;1m
[35m
[40mCore :
[37m
[40m0 
[39;49m
[37m
[40m  
[0;1m
[35m
[40mUtil:
[37m
[40m  50.5% 
[39;49m
[37m
[40m  
[0;1m
[35m
[40mTemp:
[33m
[40m 55 
[39;49m
[37m
[40m  
[0;1m
[35m
[40mVoltage:
[37m
[40m 750 mV 
[39;49m
[37m
[40m  
[0;1m
[35m
[40mClock:
[37m
[40m 1000 MHz
[8;5H
[0;1m
[35m
[40mCore :
[37m
[40m1 
[39;49m
[37m
[40m  
[0;1m
[35m
[40mUtil:
[37m
[40m  47.7% 
[39;49m
[37m
[40m  
[0;1m
[35m
[40mTemp:
[33m
[40m 56 
[39;49m
[37m
[40m  
[0;1m
[35m
[40mVoltage:
[37m
[40m 750 mV 
[39;49m
[37m
[40m  
[0;1m
[35m
[40mClock:
[37m
[40m 1000 MHz
[9;5H
[0;1m
[35m
[40mCore :
[37m
[40m2 
[39;49m
[37m
[40m  
[0;1m
[35m
[40mUtil:
[37m
[40m  14.1% 
[39;49m
[37m
[40m  
[0;1m
[35m
[40mTemp:
[33m
[40m 56 
[39;49m
[37m
[40m  
[0;1m
[35m
[40mVoltage:
[37m
[40m 750 mV 
[39;49m
[37m
[40m  
[0;1m
[35m
[40mClock:
[37m
[40m 1000 MHz
[10d
[39;49m
[37m
[40m-
[198b-
[50;1HTotal Devices: 1
[50;190HPage: 1 / 
[?7l1
[?7h
[39;49m
[37m
[40m
[2J[DX-TOP]  (q) Quit   (n) Next Page   (p) Prev Page   (h) Help
[2dWed Jul  8 04:37:13 2026
[3dDX-RT: v3.2.0     NPU Device driver: v2.1.0     DX-TOP: v1.0.1
[4d-
[198b-
[5;3H
[0;1m
[36m
[40mDevice :
[37m
[40m0
[18G
[0;1m
[36m
[40mVariant:
[37m
[40m    M1
[38G
[0;1m
[36m
[40mPCIe Bus Number:
[37m
[40m  01:00:00  
[39;49m
[37m
[40m  
[0;1m
[36m
[40mFirmware:
[37m
[40m  v2.5.0
[6;3H
[0;1m
[36m
[40mNPU Memory:
[39;49m
[37m
[40m  
[34m
[40m[
[20X
[6;37H]
[39;49m
[37m
[40m 
[34m
[40m168 MiB / 3.92 GiB (4.19%)    
[7;5H
[0;1m
[35m
[40mCore :
[37m
[40m0 
[39;49m
[37m
[40m  
[0;1m
[35m
[40mUtil:
[37m
[40m  59.6% 
[39;49m
[37m
[40m  
[0;1m
[35m
[40mTemp:
[33m
[40m 55 
[39;49m
[37m
[40m  
[0;1m
[35m
[40mVoltage:
[37m
[40m 750 mV 
[39;49m
[37m
[40m  
[0;1m
[35m
[40mClock:
[37m
[40m 1000 MHz
[8;5H
[0;1m
[35m
[40mCore :
[37m
[40m1 
[39;49m
[37m
[40m  
[0;1m
[35m
[40mUtil:
[37m
[40m  35.8% 
[39;49m
[37m
[40m  
[0;1m
[35m
[40mTemp:
[33m
[40m 56 
[39;49m
[37m
[40m  
[0;1m
[35m
[40mVoltage:
[37m
[40m 750 mV 
[39;49m
[37m
[40m  
[0;1m
[35m
[40mClock:
[37m
[40m 1000 MHz
[9;5H
[0;1m
[35m
[40mCore :
[37m
[40m2 
[39;49m
[37m
[40m  
[0;1m
[35m
[40mUtil:
[37m
[40m   9.0% 
[39;49m
[37m
[40m  
[0;1m
[35m
[40mTemp:
[33m
[40m 56 
[39;49m
[37m
[40m  
[0;1m
[35m
[40mVoltage:
[37m
[40m 750 mV 
[39;49m
[37m
[40m  
[0;1m
[35m
[40mClock:
[37m
[40m 1000 MHz
[10d
[39;49m
[37m
[40m-
[198b-
[50;1HTotal Devices: 1
[50;190HPage: 1 / 
[?7l1
[?7h
[39;49m
[37m
[40m
[2J[DX-TOP]  (q) Quit   (n) Next Page   (p) Prev Page   (h) Help
[2dWed Jul  8 04:37:15 2026
[3dDX-RT: v3.2.0     NPU Device driver: v2.1.0     DX-TOP: v1.0.1
[4d-
[198b-
[5;3H
[0;1m
[36m
[40mDevice :
[37m
[40m0
[18G
[0;1m
[36m
[40mVariant:
[37m
[40m    M1
[38G
[0;1m
[36m
[40mPCIe Bus Number:
[37m
[40m  01:00:00  
[39;49m
[37m
[40m  
[0;1m
[36m
[40mFirmware:
[37m
[40m  v2.5.0
[6;3H
[0;1m
[36m
[40mNPU Memory:
[39;49m
[37m
[40m  
[34m
[40m[
[20X
[6;37H]
[39;49m
[37m
[40m 
[34m
[40m168 MiB / 3.92 GiB (4.19%)    
[7;5H
[0;1m
[35m
[40mCore :
[37m
[40m0 
[39;49m
[37m
[40m  
[0;1m
[35m
[40mUtil:
[37m
[40m  50.8% 
[39;49m
[37m
[40m  
[0;1m
[35m
[40mTemp:
[33m
[40m 55 
[39;49m
[37m
[40m  
[0;1m
[35m
[40mVoltage:
[37m
[40m 750 mV 
[39;49m
[37m
[40m  
[0;1m
[35m
[40mClock:
[37m
[40m 1000 MHz
[8;5H
[0;1m
[35m
[40mCore :
[37m
[40m1 
[39;49m
[37m
[40m  
[0;1m
[35m
[40mUtil:
[37m
[40m  42.6% 
[39;49m
[37m
[40m  
[0;1m
[35m
[40mTemp:
[33m
[40m 56 
[39;49m
[37m
[40m  
[0;1m
[35m
[40mVoltage:
[37m
[40m 750 mV 
[39;49m
[37m
[40m  
[0;1m
[35m
[40mClock:
[37m
[40m 1000 MHz
[9;5H
[0;1m
[35m
[40mCore :
[37m
[40m2 
[39;49m
[37m
[40m  
[0;1m
[35m
[40mUtil:
[37m
[40m  20.3% 
[39;49m
[37m
[40m  
[0;1m
[35m
[40mTemp:
[33m
[40m 56 
[39;49m
[37m
[40m  
[0;1m
[35m
[40mVoltage:
[37m
[40m 750 mV 
[39;49m
[37m
[40m  
[0;1m
[35m
[40mClock:
[37m
[40m 1000 MHz
[10d
[39;49m
[37m
[40m-
[198b-
[50;1HTotal Devices: 1
[50;190HPage: 1 / 
[?7l1
[?7h
[39;49m
[37m
[40m
[2J[DX-TOP]  (q) Quit   (n) Next Page   (p) Prev Page   (h) Help
[2dWed Jul  8 04:37:17 2026
[3dDX-RT: v3.2.0     NPU Device driver: v2.1.0     DX-TOP: v1.0.1
[4d-
[198b-
[5;3H
[0;1m
[36m
[40mDevice :
[37m
[40m0
[18G
[0;1m
[36m
[40mVariant:
[37m
[40m    M1
[38G
[0;1m
[36m
[40mPCIe Bus Number:
[37m
[40m  01:00:00  
[39;49m
[37m
[40m  
[0;1m
[36m
[40mFirmware:
[37m
[40m  v2.5.0
[6;3H
[0;1m
[36m
[40mNPU Memory:
[39;49m
[37m
[40m  
[34m
[40m[
[20X
[6;37H]
[39;49m
[37m
[40m 
[34m
[40m168 MiB / 3.92 GiB (4.19%)    
[7;5H
[0;1m
[35m
[40mCore :
[37m
[40m0 
[39;49m
[37m
[40m  
[0;1m
[35m
[40mUtil:
[37m
[40m  53.5% 
[39;49m
[37m
[40m  
[0;1m
[35m
[40mTemp:
[33m
[40m 55 
[39;49m
[37m
[40m  
[0;1m
[35m
[40mVoltage:
[37m
[40m 750 mV 
[39;49m
[37m
[40m  
[0;1m
[35m
[40mClock:
[37m
[40m 1000 MHz
[8;5H
[0;1m
[35m
[40mCore :
[37m
[40m1 
[39;49m
[37m
[40m  
[0;1m
[35m
[40mUtil:
[37m
[40m  37.3% 
[39;49m
[37m
[40m  
[0;1m
[35m
[40mTemp:
[33m
[40m 56 
[39;49m
[37m
[40m  
[0;1m
[35m
[40mVoltage:
[37m
[40m 750 mV 
[39;49m
[37m
[40m  
[0;1m
[35m
[40mClock:
[37m
[40m 1000 MHz
[9;5H
[0;1m
[35m
[40mCore :
[37m
[40m2 
[39;49m
[37m
[40m  
[0;1m
[35m
[40mUtil:
[37m
[40m  17.9% 
[39;49m
[37m
[40m  
[0;1m
[35m
[40mTemp:
[33m
[40m 56 
[39;49m
[37m
[40m  
[0;1m
[35m
[40mVoltage:
[37m
[40m 750 mV 
[39;49m
[37m
[40m  
[0;1m
[35m
[40mClock:
[37m
[40m 1000 MHz
[10d
[39;49m
[37m
[40m-
[198b-
[50;1HTotal Devices: 1
[50;190HPage: 1 / 
[?7l1
[?7h
[39;49m
[37m
[40m
[2J[DX-TOP]  (q) Quit   (n) Next Page   (p) Prev Page   (h) Help
[2dWed Jul  8 04:37:19 2026
[3dDX-RT: v3.2.0     NPU Device driver: v2.1.0     DX-TOP: v1.0.1
[4d-
[198b-
[5;3H
[0;1m
[36m
[40mDevice :
[37m
[40m0
[18G
[0;1m
[36m
[40mVariant:
[37m
[40m    M1
[38G
[0;1m
[36m
[40mPCIe Bus Number:
[37m
[40m  01:00:00  
[39;49m
[37m
[40m  
[0;1m
[36m
[40mFirmware:
[37m
[40m  v2.5.0
[6;3H
[0;1m
[36m
[40mNPU Memory:
[39;49m
[37m
[40m  
[34m
[40m[
[20X
[6;37H]
[39;49m
[37m
[40m 
[34m
[40m168 MiB / 3.92 GiB (4.19%)    
[7;5H
[0;1m
[35m
[40mCore :
[37m
[40m0 
[39;49m
[37m
[40m  
[0;1m
[35m
[40mUtil:
[37m
[40m  59.7% 
[39;49m
[37m
[40m  
[0;1m
[35m
[40mTemp:
[33m
[40m 55 
[39;49m
[37m
[40m  
[0;1m
[35m
[40mVoltage:
[37m
[40m 750 mV 
[39;49m
[37m
[40m  
[0;1m
[35m
[40mClock:
[37m
[40m 1000 MHz
[8;5H
[0;1m
[35m
[40mCore :
[37m
[40m1 
[39;49m
[37m
[40m  
[0;1m
[35m
[40mUtil:
[37m
[40m  38.0% 
[39;49m
[37m
[40m  
[0;1m
[35m
[40mTemp:
[33m
[40m 56 
[39;49m
[37m
[40m  
[0;1m
[35m
[40mVoltage:
[37m
[40m 750 mV 
[39;49m
[37m
[40m  
[0;1m
[35m
[40mClock:
[37m
[40m 1000 MHz
[9;5H
[0;1m
[35m
[40mCore :
[37m
[40m2 
[39;49m
[37m
[40m  
[0;1m
[35m
[40mUtil:
[37m
[40m   6.8% 
[39;49m
[37m
[40m  
[0;1m
[35m
[40mTemp:
[33m
[40m 56 
[39;49m
[37m
[40m  
[0;1m
[35m
[40mVoltage:
[37m
[40m 750 mV 
[39;49m
[37m
[40m  
[0;1m
[35m
[40mClock:
[37m
[40m 1000 MHz
[10d
[39;49m
[37m
[40m-
[198b-
[50;1HTotal Devices: 1
[50;190HPage: 1 / 
[?7l1
[?7h
[39;49m
[37m
[40m
[2J[DX-TOP]  (q) Quit   (n) Next Page   (p) Prev Page   (h) Help
[2dWed Jul  8 04:37:21 2026
[3dDX-RT: v3.2.0     NPU Device driver: v2.1.0     DX-TOP: v1.0.1
[4d-
[198b-
[5;3H
[0;1m
[36m
[40mDevice :
[37m
[40m0
[18G
[0;1m
[36m
[40mVariant:
[37m
[40m    M1
[38G
[0;1m
[36m
[40mPCIe Bus Number:
[37m
[40m  01:00:00  
[39;49m
[37m
[40m  
[0;1m
[36m
[40mFirmware:
[37m
[40m  v2.5.0
[6;3H
[0;1m
[36m
[40mNPU Memory:
[39;49m
[37m
[40m  
[34m
[40m[
[20X
[6;37H]
[39;49m
[37m
[40m 
[34m
[40m168 MiB / 3.92 GiB (4.19%)    
[7;5H
[0;1m
[35m
[40mCore :
[37m
[40m0 
[39;49m
[37m
[40m  
[0;1m
[35m
[40mUtil:
[37m
[40m  52.0% 
[39;49m
[37m
[40m  
[0;1m
[35m
[40mTemp:
[33m
[40m 55 
[39;49m
[37m
[40m  
[0;1m
[35m
[40mVoltage:
[37m
[40m 750 mV 
[39;49m
[37m
[40m  
[0;1m
[35m
[40mClock:
[37m
[40m 1000 MHz
[8;5H
[0;1m
[35m
[40mCore :
[37m
[40m1 
[39;49m
[37m
[40m  
[0;1m
[35m
[40mUtil:
[37m
[40m  40.8% 
[39;49m
[37m
[40m  
[0;1m
[35m
[40mTemp:
[33m
[40m 56 
[39;49m
[37m
[40m  
[0;1m
[35m
[40mVoltage:
[37m
[40m 750 mV 
[39;49m
[37m
[40m  
[0;1m
[35m
[40mClock:
[37m
[40m 1000 MHz
[9;5H
[0;1m
[35m
[40mCore :
[37m
[40m2 
[39;49m
[37m
[40m  
[0;1m
[35m
[40mUtil:
[37m
[40m  11.2% 
[39;49m
[37m
[40m  
[0;1m
[35m
[40mTemp:
[33m
[40m 56 
[39;49m
[37m
[40m  
[0;1m
[35m
[40mVoltage:
[37m
[40m 750 mV 
[39;49m
[37m
[40m  
[0;1m
[35m
[40mClock:
[37m
[40m 1000 MHz
[10d
[39;49m
[37m
[40m-
[198b-
[50;1HTotal Devices: 1
[50;190HPage: 1 / 
[?7l1
[?7h
[39;49m
[37m
[40m
[2J[DX-TOP]  (q) Quit   (n) Next Page   (p) Prev Page   (h) Help
[2dWed Jul  8 04:37:23 2026
[3dDX-RT: v3.2.0     NPU Device driver: v2.1.0     DX-TOP: v1.0.1
[4d-
[198b-
[5;3H
[0;1m
[36m
[40mDevice :
[37m
[40m0
[18G
[0;1m
[36m
[40mVariant:
[37m
[40m    M1
[38G
[0;1m
[36m
[40mPCIe Bus Number:
[37m
[40m  01:00:00  
[39;49m
[37m
[40m  
[0;1m
[36m
[40mFirmware:
[37m
[40m  v2.5.0
[6;3H
[0;1m
[36m
[40mNPU Memory:
[39;49m
[37m
[40m  
[34m
[40m[
[20X
[6;37H]
[39;49m
[37m
[40m 
[34m
[40m168 MiB / 3.92 GiB (4.19%)    
[7;5H
[0;1m
[35m
[40mCore :
[37m
[40m0 
[39;49m
[37m
[40m  
[0;1m
[35m
[40mUtil:
[37m
[40m  54.6% 
[39;49m
[37m
[40m  
[0;1m
[35m
[40mTemp:
[33m
[40m 55 
[39;49m
[37m
[40m  
[0;1m
[35m
[40mVoltage:
[37m
[40m 750 mV 
[39;49m
[37m
[40m  
[0;1m
[35m
[40mClock:
[37m
[40m 1000 MHz
[8;5H
[0;1m
[35m
[40mCore :
[37m
[40m1 
[39;49m
[37m
[40m  
[0;1m
[35m
[40mUtil:
[37m
[40m  46.2% 
[39;49m
[37m
[40m  
[0;1m
[35m
[40mTemp:
[33m
[40m 56 
[39;49m
[37m
[40m  
[0;1m
[35m
[40mVoltage:
[37m
[40m 750 mV 
[39;49m
[37m
[40m  
[0;1m
[35m
[40mClock:
[37m
[40m 1000 MHz
[9;5H
[0;1m
[35m
[40mCore :
[37m
[40m2 
[39;49m
[37m
[40m  
[0;1m
[35m
[40mUtil:
[37m
[40m   5.5% 
[39;49m
[37m
[40m  
[0;1m
[35m
[40mTemp:
[33m
[40m 56 
[39;49m
[37m
[40m  
[0;1m
[35m
[40mVoltage:
[37m
[40m 750 mV 
[39;49m
[37m
[40m  
[0;1m
[35m
[40mClock:
[37m
[40m 1000 MHz
[10d
[39;49m
[37m
[40m-
[198b-
[50;1HTotal Devices: 1
[50;190HPage: 1 / 
[?7l1
[?7h
[39;49m
[37m
[40m
[2J[DX-TOP]  (q) Quit   (n) Next Page   (p) Prev Page   (h) Help
[2dWed Jul  8 04:37:25 2026
[3dDX-RT: v3.2.0     NPU Device driver: v2.1.0     DX-TOP: v1.0.1
[4d-
[198b-
[5;3H
[0;1m
[36m
[40mDevice :
[37m
[40m0
[18G
[0;1m
[36m
[40mVariant:
[37m
[40m    M1
[38G
[0;1m
[36m
[40mPCIe Bus Number:
[37m
[40m  01:00:00  
[39;49m
[37m
[40m  
[0;1m
[36m
[40mFirmware:
[37m
[40m  v2.5.0
[6;3H
[0;1m
[36m
[40mNPU Memory:
[39;49m
[37m
[40m  
[34m
[40m[
[20X
[6;37H]
[39;49m
[37m
[40m 
[34m
[40m168 MiB / 3.92 GiB (4.19%)    
[7;5H
[0;1m
[35m
[40mCore :
[37m
[40m0 
[39;49m
[37m
[40m  
[0;1m
[35m
[40mUtil:
[37m
[40m  65.4% 
[39;49m
[37m
[40m  
[0;1m
[35m
[40mTemp:
[33m
[40m 55 
[39;49m
[37m
[40m  
[0;1m
[35m
[40mVoltage:
[37m
[40m 750 mV 
[39;49m
[37m
[40m  
[0;1m
[35m
[40mClock:
[37m
[40m 1000 MHz
[8;5H
[0;1m
[35m
[40mCore :
[37m
[40m1 
[39;49m
[37m
[40m  
[0;1m
[35m
[40mUtil:
[37m
[40m  33.0% 
[39;49m
[37m
[40m  
[0;1m
[35m
[40mTemp:
[33m
[40m 56 
[39;49m
[37m
[40m  
[0;1m
[35m
[40mVoltage:
[37m
[40m 750 mV 
[39;49m
[37m
[40m  
[0;1m
[35m
[40mClock:
[37m
[40m 1000 MHz
[9;5H
[0;1m
[35m
[40mCore :
[37m
[40m2 
[39;49m
[37m
[40m  
[0;1m
[35m
[40mUtil:
[37m
[40m   2.6% 
[39;49m
[37m
[40m  
[0;1m
[35m
[40mTemp:
[33m
[40m 56 
[39;49m
[37m
[40m  
[0;1m
[35m
[40mVoltage:
[37m
[40m 750 mV 
[39;49m
[37m
[40m  
[0;1m
[35m
[40mClock:
[37m
[40m 1000 MHz
[10d
[39;49m
[37m
[40m-
[198b-
[50;1HTotal Devices: 1
[50;190HPage: 1 / 
[?7l1
[?7h
[39;49m
[37m
[40m
[2J[DX-TOP]  (q) Quit   (n) Next Page   (p) Prev Page   (h) Help
[2dWed Jul  8 04:37:27 2026
[3dDX-RT: v3.2.0     NPU Device driver: v2.1.0     DX-TOP: v1.0.1
[4d-
[198b-
[5;3H
[0;1m
[36m
[40mDevice :
[37m
[40m0
[18G
[0;1m
[36m
[40mVariant:
[37m
[40m    M1
[38G
[0;1m
[36m
[40mPCIe Bus Number:
[37m
[40m  01:00:00  
[39;49m
[37m
[40m  
[0;1m
[36m
[40mFirmware:
[37m
[40m  v2.5.0
[6;3H
[0;1m
[36m
[40mNPU Memory:
[39;49m
[37m
[40m  
[34m
[40m[
[20X
[6;37H]
[39;49m
[37m
[40m 
[34m
[40m168 MiB / 3.92 GiB (4.19%)    
[7;5H
[0;1m
[35m
[40mCore :
[37m
[40m0 
[39;49m
[37m
[40m  
[0;1m
[35m
[40mUtil:
[37m
[40m  54.8% 
[39;49m
[37m
[40m  
[0;1m
[35m
[40mTemp:
[33m
[40m 55 
[39;49m
[37m
[40m  
[0;1m
[35m
[40mVoltage:
[37m
[40m 750 mV 
[39;49m
[37m
[40m  
[0;1m
[35m
[40mClock:
[37m
[40m 1000 MHz
[8;5H
[0;1m
[35m
[40mCore :
[37m
[40m1 
[39;49m
[37m
[40m  
[0;1m
[35m
[40mUtil:
[37m
[40m  42.8% 
[39;49m
[37m
[40m  
[0;1m
[35m
[40mTemp:
[33m
[40m 56 
[39;49m
[37m
[40m  
[0;1m
[35m
[40mVoltage:
[37m
[40m 750 mV 
[39;49m
[37m
[40m  
[0;1m
[35m
[40mClock:
[37m
[40m 1000 MHz
[9;5H
[0;1m
[35m
[40mCore :
[37m
[40m2 
[39;49m
[37m
[40m  
[0;1m
[35m
[40mUtil:
[37m
[40m   7.4% 
[39;49m
[37m
[40m  
[0;1m
[35m
[40mTemp:
[33m
[40m 56 
[39;49m
[37m
[40m  
[0;1m
[35m
[40mVoltage:
[37m
[40m 750 mV 
[39;49m
[37m
[40m  
[0;1m
[35m
[40mClock:
[37m
[40m 1000 MHz
[10d
[39;49m
[37m
[40m-
[198b-
[50;1HTotal Devices: 1
[50;190HPage: 1 / 
[?7l1
[?7h
[39;49m
[37m
[40m
[2J[DX-TOP]  (q) Quit   (n) Next Page   (p) Prev Page   (h) Help
[2dWed Jul  8 04:37:29 2026
[3dDX-RT: v3.2.0     NPU Device driver: v2.1.0     DX-TOP: v1.0.1
[4d-
[198b-
[5;3H
[0;1m
[36m
[40mDevice :
[37m
[40m0
[18G
[0;1m
[36m
[40mVariant:
[37m
[40m    M1
[38G
[0;1m
[36m
[40mPCIe Bus Number:
[37m
[40m  01:00:00  
[39;49m
[37m
[40m  
[0;1m
[36m
[40mFirmware:
[37m
[40m  v2.5.0
[6;3H
[0;1m
[36m
[40mNPU Memory:
[39;49m
[37m
[40m  
[34m
[40m[
[20X
[6;37H]
[39;49m
[37m
[40m 
[34m
[40m168 MiB / 3.92 GiB (4.19%)    
[7;5H
[0;1m
[35m
[40mCore :
[37m
[40m0 
[39;49m
[37m
[40m  
[0;1m
[35m
[40mUtil:
[37m
[40m  57.2% 
[39;49m
[37m
[40m  
[0;1m
[35m
[40mTemp:
[33m
[40m 55 
[39;49m
[37m
[40m  
[0;1m
[35m
[40mVoltage:
[37m
[40m 750 mV 
[39;49m
[37m
[40m  
[0;1m
[35m
[40mClock:
[37m
[40m 1000 MHz
[8;5H
[0;1m
[35m
[40mCore :
[37m
[40m1 
[39;49m
[37m
[40m  
[0;1m
[35m
[40mUtil:
[37m
[40m  39.7% 
[39;49m
[37m
[40m  
[0;1m
[35m
[40mTemp:
[33m
[40m 56 
[39;49m
[37m
[40m  
[0;1m
[35m
[40mVoltage:
[37m
[40m 750 mV 
[39;49m
[37m
[40m  
[0;1m
[35m
[40mClock:
[37m
[40m 1000 MHz
[9;5H
[0;1m
[35m
[40mCore :
[37m
[40m2 
[39;49m
[37m
[40m  
[0;1m
[35m
[40mUtil:
[37m
[40m  12.1% 
[39;49m
[37m
[40m  
[0;1m
[35m
[40mTemp:
[33m
[40m 56 
[39;49m
[37m
[40m  
[0;1m
[35m
[40mVoltage:
[37m
[40m 750 mV 
[39;49m
[37m
[40m  
[0;1m
[35m
[40mClock:
[37m
[40m 1000 MHz
[10d
[39;49m
[37m
[40m-
[198b-
[50;1HTotal Devices: 1
[50;190HPage: 1 / 
[?7l1
[?7h
[39;49m
[37m
[40m
[2J[DX-TOP]  (q) Quit   (n) Next Page   (p) Prev Page   (h) Help
[2dWed Jul  8 04:37:31 2026
[3dDX-RT: v3.2.0     NPU Device driver: v2.1.0     DX-TOP: v1.0.1
[4d-
[198b-
[5;3H
[0;1m
[36m
[40mDevice :
[37m
[40m0
[18G
[0;1m
[36m
[40mVariant:
[37m
[40m    M1
[38G
[0;1m
[36m
[40mPCIe Bus Number:
[37m
[40m  01:00:00  
[39;49m
[37m
[40m  
[0;1m
[36m
[40mFirmware:
[37m
[40m  v2.5.0
[6;3H
[0;1m
[36m
[40mNPU Memory:
[39;49m
[37m
[40m  
[34m
[40m[
[20X
[6;37H]
[39;49m
[37m
[40m 
[34m
[40m168 MiB / 3.92 GiB (4.19%)    
[7;5H
[0;1m
[35m
[40mCore :
[37m
[40m0 
[39;49m
[37m
[40m  
[0;1m
[35m
[40mUtil:
[37m
[40m  54.7% 
[39;49m
[37m
[40m  
[0;1m
[35m
[40mTemp:
[33m
[40m 55 
[39;49m
[37m
[40m  
[0;1m
[35m
[40mVoltage:
[37m
[40m 750 mV 
[39;49m
[37m
[40m  
[0;1m
[35m
[40mClock:
[37m
[40m 1000 MHz
[8;5H
[0;1m
[35m
[40mCore :
[37m
[40m1 
[39;49m
[37m
[40m  
[0;1m
[35m
[40mUtil:
[37m
[40m  39.1% 
[39;49m
[37m
[40m  
[0;1m
[35m
[40mTemp:
[33m
[40m 55 
[39;49m
[37m
[40m  
[0;1m
[35m
[40mVoltage:
[37m
[40m 750 mV 
[39;49m
[37m
[40m  
[0;1m
[35m
[40mClock:
[37m
[40m 1000 MHz
[9;5H
[0;1m
[35m
[40mCore :
[37m
[40m2 
[39;49m
[37m
[40m  
[0;1m
[35m
[40mUtil:
[37m
[40m  20.5% 
[39;49m
[37m
[40m  
[0;1m
[35m
[40mTemp:
[33m
[40m 55 
[39;49m
[37m
[40m  
[0;1m
[35m
[40mVoltage:
[37m
[40m 750 mV 
[39;49m
[37m
[40m  
[0;1m
[35m
[40mClock:
[37m
[40m 1000 MHz
[10d
[39;49m
[37m
[40m-
[198b-
[50;1HTotal Devices: 1
[50;190HPage: 1 / 
[?7l1
[?7h
[39;49m
[37m
[40m
[2J[DX-TOP]  (q) Quit   (n) Next Page   (p) Prev Page   (h) Help
[2dWed Jul  8 04:37:33 2026
[3dDX-RT: v3.2.0     NPU Device driver: v2.1.0     DX-TOP: v1.0.1
[4d-
[198b-
[5;3H
[0;1m
[36m
[40mDevice :
[37m
[40m0
[18G
[0;1m
[36m
[40mVariant:
[37m
[40m    M1
[38G
[0;1m
[36m
[40mPCIe Bus Number:
[37m
[40m  01:00:00  
[39;49m
[37m
[40m  
[0;1m
[36m
[40mFirmware:
[37m
[40m  v2.5.0
[6;3H
[0;1m
[36m
[40mNPU Memory:
[39;49m
[37m
[40m  
[34m
[40m[
[20X
[6;37H]
[39;49m
[37m
[40m 
[34m
[40m168 MiB / 3.92 GiB (4.19%)    
[7;5H
[0;1m
[35m
[40mCore :
[37m
[40m0 
[39;49m
[37m
[40m  
[0;1m
[35m
[40mUtil:
[37m
[40m  50.0% 
[39;49m
[37m
[40m  
[0;1m
[35m
[40mTemp:
[33m
[40m 55 
[39;49m
[37m
[40m  
[0;1m
[35m
[40mVoltage:
[37m
[40m 750 mV 
[39;49m
[37m
[40m  
[0;1m
[35m
[40mClock:
[37m
[40m 1000 MHz
[8;5H
[0;1m
[35m
[40mCore :
[37m
[40m1 
[39;49m
[37m
[40m  
[0;1m
[35m
[40mUtil:
[37m
[40m  35.8% 
[39;49m
[37m
[40m  
[0;1m
[35m
[40mTemp:
[33m
[40m 56 
[39;49m
[37m
[40m  
[0;1m
[35m
[40mVoltage:
[37m
[40m 750 mV 
[39;49m
[37m
[40m  
[0;1m
[35m
[40mClock:
[37m
[40m 1000 MHz
[9;5H
[0;1m
[35m
[40mCore :
[37m
[40m2 
[39;49m
[37m
[40m  
[0;1m
[35m
[40mUtil:
[37m
[40m  16.9% 
[39;49m
[37m
[40m  
[0;1m
[35m
[40mTemp:
[33m
[40m 56 
[39;49m
[37m
[40m  
[0;1m
[35m
[40mVoltage:
[37m
[40m 750 mV 
[39;49m
[37m
[40m  
[0;1m
[35m
[40mClock:
[37m
[40m 1000 MHz
[10d
[39;49m
[37m
[40m-
[198b-
[50;1HTotal Devices: 1
[50;190HPage: 1 / 
[?7l1
[?7h
[39;49m
[37m
[40m
[2J[DX-TOP]  (q) Quit   (n) Next Page   (p) Prev Page   (h) Help
[2dWed Jul  8 04:37:35 2026
[3dDX-RT: v3.2.0     NPU Device driver: v2.1.0     DX-TOP: v1.0.1
[4d-
[198b-
[5;3H
[0;1m
[36m
[40mDevice :
[37m
[40m0
[18G
[0;1m
[36m
[40mVariant:
[37m
[40m    M1
[38G
[0;1m
[36m
[40mPCIe Bus Number:
[37m
[40m  01:00:00  
[39;49m
[37m
[40m  
[0;1m
[36m
[40mFirmware:
[37m
[40m  v2.5.0
[6;3H
[0;1m
[36m
[40mNPU Memory:
[39;49m
[37m
[40m  
[34m
[40m[
[20X
[6;37H]
[39;49m
[37m
[40m 
[34m
[40m168 MiB / 3.92 GiB (4.19%)    
[7;5H
[0;1m
[35m
[40mCore :
[37m
[40m0 
[39;49m
[37m
[40m  
[0;1m
[35m
[40mUtil:
[37m
[40m  56.6% 
[39;49m
[37m
[40m  
[0;1m
[35m
[40mTemp:
[33m
[40m 55 
[39;49m
[37m
[40m  
[0;1m
[35m
[40mVoltage:
[37m
[40m 750 mV 
[39;49m
[37m
[40m  
[0;1m
[35m
[40mClock:
[37m
[40m 1000 MHz
[8;5H
[0;1m
[35m
[40mCore :
[37m
[40m1 
[39;49m
[37m
[40m  
[0;1m
[35m
[40mUtil:
[37m
[40m  37.9% 
[39;49m
[37m
[40m  
[0;1m
[35m
[40mTemp:
[33m
[40m 56 
[39;49m
[37m
[40m  
[0;1m
[35m
[40mVoltage:
[37m
[40m 750 mV 
[39;49m
[37m
[40m  
[0;1m
[35m
[40mClock:
[37m
[40m 1000 MHz
[9;5H
[0;1m
[35m
[40mCore :
[37m
[40m2 
[39;49m
[37m
[40m  
[0;1m
[35m
[40mUtil:
[37m
[40m  12.2% 
[39;49m
[37m
[40m  
[0;1m
[35m
[40mTemp:
[33m
[40m 56 
[39;49m
[37m
[40m  
[0;1m
[35m
[40mVoltage:
[37m
[40m 750 mV 
[39;49m
[37m
[40m  
[0;1m
[35m
[40mClock:
[37m
[40m 1000 MHz
[10d
[39;49m
[37m
[40m-
[198b-
[50;1HTotal Devices: 1
[50;190HPage: 1 / 
[?7l1
[?7h
[39;49m
[37m
[40m
[2J[DX-TOP]  (q) Quit   (n) Next Page   (p) Prev Page   (h) Help
[2dWed Jul  8 04:37:37 2026
[3dDX-RT: v3.2.0     NPU Device driver: v2.1.0     DX-TOP: v1.0.1
[4d-
[198b-
[5;3H
[0;1m
[36m
[40mDevice :
[37m
[40m0
[18G
[0;1m
[36m
[40mVariant:
[37m
[40m    M1
[38G
[0;1m
[36m
[40mPCIe Bus Number:
[37m
[40m  01:00:00  
[39;49m
[37m
[40m  
[0;1m
[36m
[40mFirmware:
[37m
[40m  v2.5.0
[6;3H
[0;1m
[36m
[40mNPU Memory:
[39;49m
[37m
[40m  
[34m
[40m[
[20X
[6;37H]
[39;49m
[37m
[40m 
[34m
[40m168 MiB / 3.92 GiB (4.19%)    
[7;5H
[0;1m
[35m
[40mCore :
[37m
[40m0 
[39;49m
[37m
[40m  
[0;1m
[35m
[40mUtil:
[37m
[40m  56.4% 
[39;49m
[37m
[40m  
[0;1m
[35m
[40mTemp:
[33m
[40m 55 
[39;49m
[37m
[40m  
[0;1m
[35m
[40mVoltage:
[37m
[40m 750 mV 
[39;49m
[37m
[40m  
[0;1m
[35m
[40mClock:
[37m
[40m 1000 MHz
[8;5H
[0;1m
[35m
[40mCore :
[37m
[40m1 
[39;49m
[37m
[40m  
[0;1m
[35m
[40mUtil:
[37m
[40m  46.3% 
[39;49m
[37m
[40m  
[0;1m
[35m
[40mTemp:
[33m
[40m 56 
[39;49m
[37m
[40m  
[0;1m
[35m
[40mVoltage:
[37m
[40m 750 mV 
[39;49m
[37m
[40m  
[0;1m
[35m
[40mClock:
[37m
[40m 1000 MHz
[9;5H
[0;1m
[35m
[40mCore :
[37m
[40m2 
[39;49m
[37m
[40m  
[0;1m
[35m
[40mUtil:
[37m
[40m   2.7% 
[39;49m
[37m
[40m  
[0;1m
[35m
[40mTemp:
[33m
[40m 56 
[39;49m
[37m
[40m  
[0;1m
[35m
[40mVoltage:
[37m
[40m 750 mV 
[39;49m
[37m
[40m  
[0;1m
[35m
[40mClock:
[37m
[40m 1000 MHz
[10d
[39;49m
[37m
[40m-
[198b-
[50;1HTotal Devices: 1
[50;190HPage: 1 / 
[?7l1
[?7h
[39;49m
[37m
[40m
[2J[DX-TOP]  (q) Quit   (n) Next Page   (p) Prev Page   (h) Help
[2dWed Jul  8 04:37:39 2026
[3dDX-RT: v3.2.0     NPU Device driver: v2.1.0     DX-TOP: v1.0.1
[4d-
[198b-
[5;3H
[0;1m
[36m
[40mDevice :
[37m
[40m0
[18G
[0;1m
[36m
[40mVariant:
[37m
[40m    M1
[38G
[0;1m
[36m
[40mPCIe Bus Number:
[37m
[40m  01:00:00  
[39;49m
[37m
[40m  
[0;1m
[36m
[40mFirmware:
[37m
[40m  v2.5.0
[6;3H
[0;1m
[36m
[40mNPU Memory:
[39;49m
[37m
[40m  
[34m
[40m[
[20X
[6;37H]
[39;49m
[37m
[40m 
[34m
[40m168 MiB / 3.92 GiB (4.19%)    
[7;5H
[0;1m
[35m
[40mCore :
[37m
[40m0 
[39;49m
[37m
[40m  
[0;1m
[35m
[40mUtil:
[37m
[40m  57.7% 
[39;49m
[37m
[40m  
[0;1m
[35m
[40mTemp:
[33m
[40m 56 
[39;49m
[37m
[40m  
[0;1m
[35m
[40mVoltage:
[37m
[40m 750 mV 
[39;49m
[37m
[40m  
[0;1m
[35m
[40mClock:
[37m
[40m 1000 MHz
[8;5H
[0;1m
[35m
[40mCore :
[37m
[40m1 
[39;49m
[37m
[40m  
[0;1m
[35m
[40mUtil:
[37m
[40m  43.1% 
[39;49m
[37m
[40m  
[0;1m
[35m
[40mTemp:
[33m
[40m 56 
[39;49m
[37m
[40m  
[0;1m
[35m
[40mVoltage:
[37m
[40m 750 mV 
[39;49m
[37m
[40m  
[0;1m
[35m
[40mClock:
[37m
[40m 1000 MHz
[9;5H
[0;1m
[35m
[40mCore :
[37m
[40m2 
[39;49m
[37m
[40m  
[0;1m
[35m
[40mUtil:
[37m
[40m   0.0% 
[39;49m
[37m
[40m  
[0;1m
[35m
[40mTemp:
[33m
[40m 56 
[39;49m
[37m
[40m  
[0;1m
[35m
[40mVoltage:
[37m
[40m 750 mV 
[39;49m
[37m
[40m  
[0;1m
[35m
[40mClock:
[37m
[40m 1000 MHz
[10d
[39;49m
[37m
[40m-
[198b-
[50;1HTotal Devices: 1
[50;190HPage: 1 / 
[?7l1
[?7h
[39;49m
[37m
[40m
[2J[DX-TOP]  (q) Quit   (n) Next Page   (p) Prev Page   (h) Help
[2dWed Jul  8 04:37:41 2026
[3dDX-RT: v3.2.0     NPU Device driver: v2.1.0     DX-TOP: v1.0.1
[4d-
[198b-
[5;3H
[0;1m
[36m
[40mDevice :
[37m
[40m0
[18G
[0;1m
[36m
[40mVariant:
[37m
[40m    M1
[38G
[0;1m
[36m
[40mPCIe Bus Number:
[37m
[40m  01:00:00  
[39;49m
[37m
[40m  
[0;1m
[36m
[40mFirmware:
[37m
[40m  v2.5.0
[6;3H
[0;1m
[36m
[40mNPU Memory:
[39;49m
[37m
[40m  
[34m
[40m[
[20X
[6;37H]
[39;49m
[37m
[40m 
[34m
[40m168 MiB / 3.92 GiB (4.19%)    
[7;5H
[0;1m
[35m
[40mCore :
[37m
[40m0 
[39;49m
[37m
[40m  
[0;1m
[35m
[40mUtil:
[37m
[40m  54.7% 
[39;49m
[37m
[40m  
[0;1m
[35m
[40mTemp:
[33m
[40m 56 
[39;49m
[37m
[40m  
[0;1m
[35m
[40mVoltage:
[37m
[40m 750 mV 
[39;49m
[37m
[40m  
[0;1m
[35m
[40mClock:
[37m
[40m 1000 MHz
[8;5H
[0;1m
[35m
[40mCore :
[37m
[40m1 
[39;49m
[37m
[40m  
[0;1m
[35m
[40mUtil:
[37m
[40m  36.6% 
[39;49m
[37m
[40m  
[0;1m
[35m
[40mTemp:
[33m
[40m 56 
[39;49m
[37m
[40m  
[0;1m
[35m
[40mVoltage:
[37m
[40m 750 mV 
[39;49m
[37m
[40m  
[0;1m
[35m
[40mClock:
[37m
[40m 1000 MHz
[9;5H
[0;1m
[35m
[40mCore :
[37m
[40m2 
[39;49m
[37m
[40m  
[0;1m
[35m
[40mUtil:
[37m
[40m  15.9% 
[39;49m
[37m
[40m  
[0;1m
[35m
[40mTemp:
[33m
[40m 56 
[39;49m
[37m
[40m  
[0;1m
[35m
[40mVoltage:
[37m
[40m 750 mV 
[39;49m
[37m
[40m  
[0;1m
[35m
[40mClock:
[37m
[40m 1000 MHz
[10d
[39;49m
[37m
[40m-
[198b-
[50;1HTotal Devices: 1
[50;190HPage: 1 / 
[?7l1
[?7h
[39;49m
[37m
[40m
[2J[DX-TOP]  (q) Quit   (n) Next Page   (p) Prev Page   (h) Help
[2dWed Jul  8 04:37:43 2026
[3dDX-RT: v3.2.0     NPU Device driver: v2.1.0     DX-TOP: v1.0.1
[4d-
[198b-
[5;3H
[0;1m
[36m
[40mDevice :
[37m
[40m0
[18G
[0;1m
[36m
[40mVariant:
[37m
[40m    M1
[38G
[0;1m
[36m
[40mPCIe Bus Number:
[37m
[40m  01:00:00  
[39;49m
[37m
[40m  
[0;1m
[36m
[40mFirmware:
[37m
[40m  v2.5.0
[6;3H
[0;1m
[36m
[40mNPU Memory:
[39;49m
[37m
[40m  
[34m
[40m[
[20X
[6;37H]
[39;49m
[37m
[40m 
[34m
[40m168 MiB / 3.92 GiB (4.19%)    
[7;5H
[0;1m
[35m
[40mCore :
[37m
[40m0 
[39;49m
[37m
[40m  
[0;1m
[35m
[40mUtil:
[37m
[40m  53.2% 
[39;49m
[37m
[40m  
[0;1m
[35m
[40mTemp:
[33m
[40m 55 
[39;49m
[37m
[40m  
[0;1m
[35m
[40mVoltage:
[37m
[40m 750 mV 
[39;49m
[37m
[40m  
[0;1m
[35m
[40mClock:
[37m
[40m 1000 MHz
[8;5H
[0;1m
[35m
[40mCore :
[37m
[40m1 
[39;49m
[37m
[40m  
[0;1m
[35m
[40mUtil:
[37m
[40m  44.7% 
[39;49m
[37m
[40m  
[0;1m
[35m
[40mTemp:
[33m
[40m 56 
[39;49m
[37m
[40m  
[0;1m
[35m
[40mVoltage:
[37m
[40m 750 mV 
[39;49m
[37m
[40m  
[0;1m
[35m
[40mClock:
[37m
[40m 1000 MHz
[9;5H
[0;1m
[35m
[40mCore :
[37m
[40m2 
[39;49m
[37m
[40m  
[0;1m
[35m
[40mUtil:
[37m
[40m  11.1% 
[39;49m
[37m
[40m  
[0;1m
[35m
[40mTemp:
[33m
[40m 56 
[39;49m
[37m
[40m  
[0;1m
[35m
[40mVoltage:
[37m
[40m 750 mV 
[39;49m
[37m
[40m  
[0;1m
[35m
[40mClock:
[37m
[40m 1000 MHz
[10d
[39;49m
[37m
[40m-
[198b-
[50;1HTotal Devices: 1
[50;190HPage: 1 / 
[?7l1
[?7h
[39;49m
[37m
[40m
[2J[DX-TOP]  (q) Quit   (n) Next Page   (p) Prev Page   (h) Help
[2dWed Jul  8 04:37:45 2026
[3dDX-RT: v3.2.0     NPU Device driver: v2.1.0     DX-TOP: v1.0.1
[4d-
[198b-
[5;3H
[0;1m
[36m
[40mDevice :
[37m
[40m0
[18G
[0;1m
[36m
[40mVariant:
[37m
[40m    M1
[38G
[0;1m
[36m
[40mPCIe Bus Number:
[37m
[40m  01:00:00  
[39;49m
[37m
[40m  
[0;1m
[36m
[40mFirmware:
[37m
[40m  v2.5.0
[6;3H
[0;1m
[36m
[40mNPU Memory:
[39;49m
[37m
[40m  
[34m
[40m[
[20X
[6;37H]
[39;49m
[37m
[40m 
[34m
[40m168 MiB / 3.92 GiB (4.19%)    
[7;5H
[0;1m
[35m
[40mCore :
[37m
[40m0 
[39;49m
[37m
[40m  
[0;1m
[35m
[40mUtil:
[37m
[40m  46.4% 
[39;49m
[37m
[40m  
[0;1m
[35m
[40mTemp:
[33m
[40m 55 
[39;49m
[37m
[40m  
[0;1m
[35m
[40mVoltage:
[37m
[40m 750 mV 
[39;49m
[37m
[40m  
[0;1m
[35m
[40mClock:
[37m
[40m 1000 MHz
[8;5H
[0;1m
[35m
[40mCore :
[37m
[40m1 
[39;49m
[37m
[40m  
[0;1m
[35m
[40mUtil:
[37m
[40m  35.3% 
[39;49m
[37m
[40m  
[0;1m
[35m
[40mTemp:
[33m
[40m 56 
[39;49m
[37m
[40m  
[0;1m
[35m
[40mVoltage:
[37m
[40m 750 mV 
[39;49m
[37m
[40m  
[0;1m
[35m
[40mClock:
[37m
[40m 1000 MHz
[9;5H
[0;1m
[35m
[40mCore :
[37m
[40m2 
[39;49m
[37m
[40m  
[0;1m
[35m
[40mUtil:
[37m
[40m  24.2% 
[39;49m
[37m
[40m  
[0;1m
[35m
[40mTemp:
[33m
[40m 56 
[39;49m
[37m
[40m  
[0;1m
[35m
[40mVoltage:
[37m
[40m 750 mV 
[39;49m
[37m
[40m  
[0;1m
[35m
[40mClock:
[37m
[40m 1000 MHz
[10d
[39;49m
[37m
[40m-
[198b-
[50;1HTotal Devices: 1
[50;190HPage: 1 / 
[?7l1
[?7h
[39;49m
[37m
[40m
[2J[DX-TOP]  (q) Quit   (n) Next Page   (p) Prev Page   (h) Help
[2dWed Jul  8 04:37:47 2026
[3dDX-RT: v3.2.0     NPU Device driver: v2.1.0     DX-TOP: v1.0.1
[4d-
[198b-
[5;3H
[0;1m
[36m
[40mDevice :
[37m
[40m0
[18G
[0;1m
[36m
[40mVariant:
[37m
[40m    M1
[38G
[0;1m
[36m
[40mPCIe Bus Number:
[37m
[40m  01:00:00  
[39;49m
[37m
[40m  
[0;1m
[36m
[40mFirmware:
[37m
[40m  v2.5.0
[6;3H
[0;1m
[36m
[40mNPU Memory:
[39;49m
[37m
[40m  
[34m
[40m[
[20X
[6;37H]
[39;49m
[37m
[40m 
[34m
[40m168 MiB / 3.92 GiB (4.19%)    
[7;5H
[0;1m
[35m
[40mCore :
[37m
[40m0 
[39;49m
[37m
[40m  
[0;1m
[35m
[40mUtil:
[37m
[40m  54.9% 
[39;49m
[37m
[40m  
[0;1m
[35m
[40mTemp:
[33m
[40m 55 
[39;49m
[37m
[40m  
[0;1m
[35m
[40mVoltage:
[37m
[40m 750 mV 
[39;49m
[37m
[40m  
[0;1m
[35m
[40mClock:
[37m
[40m 1000 MHz
[8;5H
[0;1m
[35m
[40mCore :
[37m
[40m1 
[39;49m
[37m
[40m  
[0;1m
[35m
[40mUtil:
[37m
[40m  40.9% 
[39;49m
[37m
[40m  
[0;1m
[35m
[40mTemp:
[33m
[40m 56 
[39;49m
[37m
[40m  
[0;1m
[35m
[40mVoltage:
[37m
[40m 750 mV 
[39;49m
[37m
[40m  
[0;1m
[35m
[40mClock:
[37m
[40m 1000 MHz
[9;5H
[0;1m
[35m
[40mCore :
[37m
[40m2 
[39;49m
[37m
[40m  
[0;1m
[35m
[40mUtil:
[37m
[40m  16.1% 
[39;49m
[37m
[40m  
[0;1m
[35m
[40mTemp:
[33m
[40m 56 
[39;49m
[37m
[40m  
[0;1m
[35m
[40mVoltage:
[37m
[40m 750 mV 
[39;49m
[37m
[40m  
[0;1m
[35m
[40mClock:
[37m
[40m 1000 MHz
[10d
[39;49m
[37m
[40m-
[198b-
[50;1HTotal Devices: 1
[50;190HPage: 1 / 
[?7l1
[?7h
[39;49m
[37m
[40m
[2J[DX-TOP]  (q) Quit   (n) Next Page   (p) Prev Page   (h) Help
[2dWed Jul  8 04:37:49 2026
[3dDX-RT: v3.2.0     NPU Device driver: v2.1.0     DX-TOP: v1.0.1
[4d-
[198b-
[5;3H
[0;1m
[36m
[40mDevice :
[37m
[40m0
[18G
[0;1m
[36m
[40mVariant:
[37m
[40m    M1
[38G
[0;1m
[36m
[40mPCIe Bus Number:
[37m
[40m  01:00:00  
[39;49m
[37m
[40m  
[0;1m
[36m
[40mFirmware:
[37m
[40m  v2.5.0
[6;3H
[0;1m
[36m
[40mNPU Memory:
[39;49m
[37m
[40m  
[34m
[40m[
[20X
[6;37H]
[39;49m
[37m
[40m 
[34m
[40m168 MiB / 3.92 GiB (4.19%)    
[7;5H
[0;1m
[35m
[40mCore :
[37m
[40m0 
[39;49m
[37m
[40m  
[0;1m
[35m
[40mUtil:
[37m
[40m  56.9% 
[39;49m
[37m
[40m  
[0;1m
[35m
[40mTemp:
[33m
[40m 56 
[39;49m
[37m
[40m  
[0;1m
[35m
[40mVoltage:
[37m
[40m 750 mV 
[39;49m
[37m
[40m  
[0;1m
[35m
[40mClock:
[37m
[40m 1000 MHz
[8;5H
[0;1m
[35m
[40mCore :
[37m
[40m1 
[39;49m
[37m
[40m  
[0;1m
[35m
[40mUtil:
[37m
[40m  38.8% 
[39;49m
[37m
[40m  
[0;1m
[35m
[40mTemp:
[33m
[40m 56 
[39;49m
[37m
[40m  
[0;1m
[35m
[40mVoltage:
[37m
[40m 750 mV 
[39;49m
[37m
[40m  
[0;1m
[35m
[40mClock:
[37m
[40m 1000 MHz
[9;5H
[0;1m
[35m
[40mCore :
[37m
[40m2 
[39;49m
[37m
[40m  
[0;1m
[35m
[40mUtil:
[37m
[40m   8.9% 
[39;49m
[37m
[40m  
[0;1m
[35m
[40mTemp:
[33m
[40m 56 
[39;49m
[37m
[40m  
[0;1m
[35m
[40mVoltage:
[37m
[40m 750 mV 
[39;49m
[37m
[40m  
[0;1m
[35m
[40mClock:
[37m
[40m 1000 MHz
[10d
[39;49m
[37m
[40m-
[198b-
[50;1HTotal Devices: 1
[50;190HPage: 1 / 
[?7l1
[?7h
[39;49m
[37m
[40m
[2J[DX-TOP]  (q) Quit   (n) Next Page   (p) Prev Page   (h) Help
[2dWed Jul  8 04:37:51 2026
[3dDX-RT: v3.2.0     NPU Device driver: v2.1.0     DX-TOP: v1.0.1
[4d-
[198b-
[5;3H
[0;1m
[36m
[40mDevice :
[37m
[40m0
[18G
[0;1m
[36m
[40mVariant:
[37m
[40m    M1
[38G
[0;1m
[36m
[40mPCIe Bus Number:
[37m
[40m  01:00:00  
[39;49m
[37m
[40m  
[0;1m
[36m
[40mFirmware:
[37m
[40m  v2.5.0
[6;3H
[0;1m
[36m
[40mNPU Memory:
[39;49m
[37m
[40m  
[34m
[40m[
[20X
[6;37H]
[39;49m
[37m
[40m 
[34m
[40m168 MiB / 3.92 GiB (4.19%)    
[7;5H
[0;1m
[35m
[40mCore :
[37m
[40m0 
[39;49m
[37m
[40m  
[0;1m
[35m
[40mUtil:
[37m
[40m  55.4% 
[39;49m
[37m
[40m  
[0;1m
[35m
[40mTemp:
[33m
[40m 56 
[39;49m
[37m
[40m  
[0;1m
[35m
[40mVoltage:
[37m
[40m 750 mV 
[39;49m
[37m
[40m  
[0;1m
[35m
[40mClock:
[37m
[40m 1000 MHz
[8;5H
[0;1m
[35m
[40mCore :
[37m
[40m1 
[39;49m
[37m
[40m  
[0;1m
[35m
[40mUtil:
[37m
[40m  41.3% 
[39;49m
[37m
[40m  
[0;1m
[35m
[40mTemp:
[33m
[40m 56 
[39;49m
[37m
[40m  
[0;1m
[35m
[40mVoltage:
[37m
[40m 750 mV 
[39;49m
[37m
[40m  
[0;1m
[35m
[40mClock:
[37m
[40m 1000 MHz
[9;5H
[0;1m
[35m
[40mCore :
[37m
[40m2 
[39;49m
[37m
[40m  
[0;1m
[35m
[40mUtil:
[37m
[40m  12.7% 
[39;49m
[37m
[40m  
[0;1m
[35m
[40mTemp:
[33m
[40m 56 
[39;49m
[37m
[40m  
[0;1m
[35m
[40mVoltage:
[37m
[40m 750 mV 
[39;49m
[37m
[40m  
[0;1m
[35m
[40mClock:
[37m
[40m 1000 MHz
[10d
[39;49m
[37m
[40m-
[198b-
[50;1HTotal Devices: 1
[50;190HPage: 1 / 
[?7l1
[?7h
[39;49m
[37m
[40m
[2J[DX-TOP]  (q) Quit   (n) Next Page   (p) Prev Page   (h) Help
[2dWed Jul  8 04:37:53 2026
[3dDX-RT: v3.2.0     NPU Device driver: v2.1.0     DX-TOP: v1.0.1
[4d-
[198b-
[5;3H
[0;1m
[36m
[40mDevice :
[37m
[40m0
[18G
[0;1m
[36m
[40mVariant:
[37m
[40m    M1
[38G
[0;1m
[36m
[40mPCIe Bus Number:
[37m
[40m  01:00:00  
[39;49m
[37m
[40m  
[0;1m
[36m
[40mFirmware:
[37m
[40m  v2.5.0
[6;3H
[0;1m
[36m
[40mNPU Memory:
[39;49m
[37m
[40m  
[34m
[40m[
[20X
[6;37H]
[39;49m
[37m
[40m 
[34m
[40m168 MiB / 3.92 GiB (4.19%)    
[7;5H
[0;1m
[35m
[40mCore :
[37m
[40m0 
[39;49m
[37m
[40m  
[0;1m
[35m
[40mUtil:
[37m
[40m  54.8% 
[39;49m
[37m
[40m  
[0;1m
[35m
[40mTemp:
[33m
[40m 55 
[39;49m
[37m
[40m  
[0;1m
[35m
[40mVoltage:
[37m
[40m 750 mV 
[39;49m
[37m
[40m  
[0;1m
[35m
[40mClock:
[37m
[40m 1000 MHz
[8;5H
[0;1m
[35m
[40mCore :
[37m
[40m1 
[39;49m
[37m
[40m  
[0;1m
[35m
[40mUtil:
[37m
[40m  35.9% 
[39;49m
[37m
[40m  
[0;1m
[35m
[40mTemp:
[33m
[40m 56 
[39;49m
[37m
[40m  
[0;1m
[35m
[40mVoltage:
[37m
[40m 750 mV 
[39;49m
[37m
[40m  
[0;1m
[35m
[40mClock:
[37m
[40m 1000 MHz
[9;5H
[0;1m
[35m
[40mCore :
[37m
[40m2 
[39;49m
[37m
[40m  
[0;1m
[35m
[40mUtil:
[37m
[40m  15.7% 
[39;49m
[37m
[40m  
[0;1m
[35m
[40mTemp:
[33m
[40m 56 
[39;49m
[37m
[40m  
[0;1m
[35m
[40mVoltage:
[37m
[40m 750 mV 
[39;49m
[37m
[40m  
[0;1m
[35m
[40mClock:
[37m
[40m 1000 MHz
[10d
[39;49m
[37m
[40m-
[198b-
[50;1HTotal Devices: 1
[50;190HPage: 1 / 
[?7l1
[?7h
[39;49m
[37m
[40m
[2J[DX-TOP]  (q) Quit   (n) Next Page   (p) Prev Page   (h) Help
[2dWed Jul  8 04:37:55 2026
[3dDX-RT: v3.2.0     NPU Device driver: v2.1.0     DX-TOP: v1.0.1
[4d-
[198b-
[5;3H
[0;1m
[36m
[40mDevice :
[37m
[40m0
[18G
[0;1m
[36m
[40mVariant:
[37m
[40m    M1
[38G
[0;1m
[36m
[40mPCIe Bus Number:
[37m
[40m  01:00:00  
[39;49m
[37m
[40m  
[0;1m
[36m
[40mFirmware:
[37m
[40m  v2.5.0
[6;3H
[0;1m
[36m
[40mNPU Memory:
[39;49m
[37m
[40m  
[34m
[40m[
[20X
[6;37H]
[39;49m
[37m
[40m 
[34m
[40m168 MiB / 3.92 GiB (4.19%)    
[7;5H
[0;1m
[35m
[40mCore :
[37m
[40m0 
[39;49m
[37m
[40m  
[0;1m
[35m
[40mUtil:
[37m
[40m  55.8% 
[39;49m
[37m
[40m  
[0;1m
[35m
[40mTemp:
[33m
[40m 55 
[39;49m
[37m
[40m  
[0;1m
[35m
[40mVoltage:
[37m
[40m 750 mV 
[39;49m
[37m
[40m  
[0;1m
[35m
[40mClock:
[37m
[40m 1000 MHz
[8;5H
[0;1m
[35m
[40mCore :
[37m
[40m1 
[39;49m
[37m
[40m  
[0;1m
[35m
[40mUtil:
[37m
[40m  43.5% 
[39;49m
[37m
[40m  
[0;1m
[35m
[40mTemp:
[33m
[40m 56 
[39;49m
[37m
[40m  
[0;1m
[35m
[40mVoltage:
[37m
[40m 750 mV 
[39;49m
[37m
[40m  
[0;1m
[35m
[40mClock:
[37m
[40m 1000 MHz
[9;5H
[0;1m
[35m
[40mCore :
[37m
[40m2 
[39;49m
[37m
[40m  
[0;1m
[35m
[40mUtil:
[37m
[40m   2.5% 
[39;49m
[37m
[40m  
[0;1m
[35m
[40mTemp:
[33m
[40m 56 
[39;49m
[37m
[40m  
[0;1m
[35m
[40mVoltage:
[37m
[40m 750 mV 
[39;49m
[37m
[40m  
[0;1m
[35m
[40mClock:
[37m
[40m 1000 MHz
[10d
[39;49m
[37m
[40m-
[198b-
[50;1HTotal Devices: 1
[50;190HPage: 1 / 
[?7l1
[?7h
[39;49m
[37m
[40m
[2J[DX-TOP]  (q) Quit   (n) Next Page   (p) Prev Page   (h) Help
[2dWed Jul  8 04:37:57 2026
[3dDX-RT: v3.2.0     NPU Device driver: v2.1.0     DX-TOP: v1.0.1
[4d-
[198b-
[5;3H
[0;1m
[36m
[40mDevice :
[37m
[40m0
[18G
[0;1m
[36m
[40mVariant:
[37m
[40m    M1
[38G
[0;1m
[36m
[40mPCIe Bus Number:
[37m
[40m  01:00:00  
[39;49m
[37m
[40m  
[0;1m
[36m
[40mFirmware:
[37m
[40m  v2.5.0
[6;3H
[0;1m
[36m
[40mNPU Memory:
[39;49m
[37m
[40m  
[34m
[40m[
[20X
[6;37H]
[39;49m
[37m
[40m 
[34m
[40m168 MiB / 3.92 GiB (4.19%)    
[7;5H
[0;1m
[35m
[40mCore :
[37m
[40m0 
[39;49m
[37m
[40m  
[0;1m
[35m
[40mUtil:
[37m
[40m  52.6% 
[39;49m
[37m
[40m  
[0;1m
[35m
[40mTemp:
[33m
[40m 55 
[39;49m
[37m
[40m  
[0;1m
[35m
[40mVoltage:
[37m
[40m 750 mV 
[39;49m
[37m
[40m  
[0;1m
[35m
[40mClock:
[37m
[40m 1000 MHz
[8;5H
[0;1m
[35m
[40mCore :
[37m
[40m1 
[39;49m
[37m
[40m  
[0;1m
[35m
[40mUtil:
[37m
[40m  44.6% 
[39;49m
[37m
[40m  
[0;1m
[35m
[40mTemp:
[33m
[40m 56 
[39;49m
[37m
[40m  
[0;1m
[35m
[40mVoltage:
[37m
[40m 750 mV 
[39;49m
[37m
[40m  
[0;1m
[35m
[40mClock:
[37m
[40m 1000 MHz
[9;5H
[0;1m
[35m
[40mCore :
[37m
[40m2 
[39;49m
[37m
[40m  
[0;1m
[35m
[40mUtil:
[37m
[40m  11.3% 
[39;49m
[37m
[40m  
[0;1m
[35m
[40mTemp:
[33m
[40m 56 
[39;49m
[37m
[40m  
[0;1m
[35m
[40mVoltage:
[37m
[40m 750 mV 
[39;49m
[37m
[40m  
[0;1m
[35m
[40mClock:
[37m
[40m 1000 MHz
[10d
[39;49m
[37m
[40m-
[198b-
[50;1HTotal Devices: 1
[50;190HPage: 1 / 
[?7l1
[?7h
[39;49m
[37m
[40m
[2J[DX-TOP]  (q) Quit   (n) Next Page   (p) Prev Page   (h) Help
[2dWed Jul  8 04:37:59 2026
[3dDX-RT: v3.2.0     NPU Device driver: v2.1.0     DX-TOP: v1.0.1
[4d-
[198b-
[5;3H
[0;1m
[36m
[40mDevice :
[37m
[40m0
[18G
[0;1m
[36m
[40mVariant:
[37m
[40m    M1
[38G
[0;1m
[36m
[40mPCIe Bus Number:
[37m
[40m  01:00:00  
[39;49m
[37m
[40m  
[0;1m
[36m
[40mFirmware:
[37m
[40m  v2.5.0
[6;3H
[0;1m
[36m
[40mNPU Memory:
[39;49m
[37m
[40m  
[34m
[40m[
[20X
[6;37H]
[39;49m
[37m
[40m 
[34m
[40m168 MiB / 3.92 GiB (4.19%)    
[7;5H
[0;1m
[35m
[40mCore :
[37m
[40m0 
[39;49m
[37m
[40m  
[0;1m
[35m
[40mUtil:
[37m
[40m  59.1% 
[39;49m
[37m
[40m  
[0;1m
[35m
[40mTemp:
[33m
[40m 56 
[39;49m
[37m
[40m  
[0;1m
[35m
[40mVoltage:
[37m
[40m 750 mV 
[39;49m
[37m
[40m  
[0;1m
[35m
[40mClock:
[37m
[40m 1000 MHz
[8;5H
[0;1m
[35m
[40mCore :
[37m
[40m1 
[39;49m
[37m
[40m  
[0;1m
[35m
[40mUtil:
[37m
[40m  41.7% 
[39;49m
[37m
[40m  
[0;1m
[35m
[40mTemp:
[33m
[40m 56 
[39;49m
[37m
[40m  
[0;1m
[35m
[40mVoltage:
[37m
[40m 750 mV 
[39;49m
[37m
[40m  
[0;1m
[35m
[40mClock:
[37m
[40m 1000 MHz
[9;5H
[0;1m
[35m
[40mCore :
[37m
[40m2 
[39;49m
[37m
[40m  
[0;1m
[35m
[40mUtil:
[37m
[40m   5.9% 
[39;49m
[37m
[40m  
[0;1m
[35m
[40mTemp:
[33m
[40m 57 
[39;49m
[37m
[40m  
[0;1m
[35m
[40mVoltage:
[37m
[40m 750 mV 
[39;49m
[37m
[40m  
[0;1m
[35m
[40mClock:
[37m
[40m 1000 MHz
[10d
[39;49m
[37m
[40m-
[198b-
[50;1HTotal Devices: 1
[50;190HPage: 1 / 
[?7l1
[?7h
[39;49m
[37m
[40m
[2J[DX-TOP]  (q) Quit   (n) Next Page   (p) Prev Page   (h) Help
[2dWed Jul  8 04:38:01 2026
[3dDX-RT: v3.2.0     NPU Device driver: v2.1.0     DX-TOP: v1.0.1
[4d-
[198b-
[5;3H
[0;1m
[36m
[40mDevice :
[37m
[40m0
[18G
[0;1m
[36m
[40mVariant:
[37m
[40m    M1
[38G
[0;1m
[36m
[40mPCIe Bus Number:
[37m
[40m  01:00:00  
[39;49m
[37m
[40m  
[0;1m
[36m
[40mFirmware:
[37m
[40m  v2.5.0
[6;3H
[0;1m
[36m
[40mNPU Memory:
[39;49m
[37m
[40m  
[34m
[40m[
[20X
[6;37H]
[39;49m
[37m
[40m 
[34m
[40m168 MiB / 3.92 GiB (4.19%)    
[7;5H
[0;1m
[35m
[40mCore :
[37m
[40m0 
[39;49m
[37m
[40m  
[0;1m
[35m
[40mUtil:
[37m
[40m  55.6% 
[39;49m
[37m
[40m  
[0;1m
[35m
[40mTemp:
[33m
[40m 55 
[39;49m
[37m
[40m  
[0;1m
[35m
[40mVoltage:
[37m
[40m 750 mV 
[39;49m
[37m
[40m  
[0;1m
[35m
[40mClock:
[37m
[40m 1000 MHz
[8;5H
[0;1m
[35m
[40mCore :
[37m
[40m1 
[39;49m
[37m
[40m  
[0;1m
[35m
[40mUtil:
[37m
[40m  44.0% 
[39;49m
[37m
[40m  
[0;1m
[35m
[40mTemp:
[33m
[40m 56 
[39;49m
[37m
[40m  
[0;1m
[35m
[40mVoltage:
[37m
[40m 750 mV 
[39;49m
[37m
[40m  
[0;1m
[35m
[40mClock:
[37m
[40m 1000 MHz
[9;5H
[0;1m
[35m
[40mCore :
[37m
[40m2 
[39;49m
[37m
[40m  
[0;1m
[35m
[40mUtil:
[37m
[40m   9.9% 
[39;49m
[37m
[40m  
[0;1m
[35m
[40mTemp:
[33m
[40m 56 
[39;49m
[37m
[40m  
[0;1m
[35m
[40mVoltage:
[37m
[40m 750 mV 
[39;49m
[37m
[40m  
[0;1m
[35m
[40mClock:
[37m
[40m 1000 MHz
[10d
[39;49m
[37m
[40m-
[198b-
[50;1HTotal Devices: 1
[50;190HPage: 1 / 
[?7l1
[?7h
[39;49m
[37m
[40m
[2J[DX-TOP]  (q) Quit   (n) Next Page   (p) Prev Page   (h) Help
[2dWed Jul  8 04:38:03 2026
[3dDX-RT: v3.2.0     NPU Device driver: v2.1.0     DX-TOP: v1.0.1
[4d-
[198b-
[5;3H
[0;1m
[36m
[40mDevice :
[37m
[40m0
[18G
[0;1m
[36m
[40mVariant:
[37m
[40m    M1
[38G
[0;1m
[36m
[40mPCIe Bus Number:
[37m
[40m  01:00:00  
[39;49m
[37m
[40m  
[0;1m
[36m
[40mFirmware:
[37m
[40m  v2.5.0
[6;3H
[0;1m
[36m
[40mNPU Memory:
[39;49m
[37m
[40m  
[34m
[40m[
[20X
[6;37H]
[39;49m
[37m
[40m 
[34m
[40m168 MiB / 3.92 GiB (4.19%)    
[7;5H
[0;1m
[35m
[40mCore :
[37m
[40m0 
[39;49m
[37m
[40m  
[0;1m
[35m
[40mUtil:
[37m
[40m  54.1% 
[39;49m
[37m
[40m  
[0;1m
[35m
[40mTemp:
[33m
[40m 55 
[39;49m
[37m
[40m  
[0;1m
[35m
[40mVoltage:
[37m
[40m 750 mV 
[39;49m
[37m
[40m  
[0;1m
[35m
[40mClock:
[37m
[40m 1000 MHz
[8;5H
[0;1m
[35m
[40mCore :
[37m
[40m1 
[39;49m
[37m
[40m  
[0;1m
[35m
[40mUtil:
[37m
[40m  49.8% 
[39;49m
[37m
[40m  
[0;1m
[35m
[40mTemp:
[33m
[40m 56 
[39;49m
[37m
[40m  
[0;1m
[35m
[40mVoltage:
[37m
[40m 750 mV 
[39;49m
[37m
[40m  
[0;1m
[35m
[40mClock:
[37m
[40m 1000 MHz
[9;5H
[0;1m
[35m
[40mCore :
[37m
[40m2 
[39;49m
[37m
[40m  
[0;1m
[35m
[40mUtil:
[37m
[40m   5.1% 
[39;49m
[37m
[40m  
[0;1m
[35m
[40mTemp:
[33m
[40m 56 
[39;49m
[37m
[40m  
[0;1m
[35m
[40mVoltage:
[37m
[40m 750 mV 
[39;49m
[37m
[40m  
[0;1m
[35m
[40mClock:
[37m
[40m 1000 MHz
[10d
[39;49m
[37m
[40m-
[198b-
[50;1HTotal Devices: 1
[50;190HPage: 1 / 
[?7l1
[?7h
[39;49m
[37m
[40m
[2J[DX-TOP]  (q) Quit   (n) Next Page   (p) Prev Page   (h) Help
[2dWed Jul  8 04:38:05 2026
[3dDX-RT: v3.2.0     NPU Device driver: v2.1.0     DX-TOP: v1.0.1
[4d-
[198b-
[5;3H
[0;1m
[36m
[40mDevice :
[37m
[40m0
[18G
[0;1m
[36m
[40mVariant:
[37m
[40m    M1
[38G
[0;1m
[36m
[40mPCIe Bus Number:
[37m
[40m  01:00:00  
[39;49m
[37m
[40m  
[0;1m
[36m
[40mFirmware:
[37m
[40m  v2.5.0
[6;3H
[0;1m
[36m
[40mNPU Memory:
[39;49m
[37m
[40m  
[34m
[40m[
[20X
[6;37H]
[39;49m
[37m
[40m 
[34m
[40m168 MiB / 3.92 GiB (4.19%)    
[7;5H
[0;1m
[35m
[40mCore :
[37m
[40m0 
[39;49m
[37m
[40m  
[0;1m
[35m
[40mUtil:
[37m
[40m  63.0% 
[39;49m
[37m
[40m  
[0;1m
[35m
[40mTemp:
[33m
[40m 55 
[39;49m
[37m
[40m  
[0;1m
[35m
[40mVoltage:
[37m
[40m 750 mV 
[39;49m
[37m
[40m  
[0;1m
[35m
[40mClock:
[37m
[40m 1000 MHz
[8;5H
[0;1m
[35m
[40mCore :
[37m
[40m1 
[39;49m
[37m
[40m  
[0;1m
[35m
[40mUtil:
[37m
[40m  33.9% 
[39;49m
[37m
[40m  
[0;1m
[35m
[40mTemp:
[33m
[40m 56 
[39;49m
[37m
[40m  
[0;1m
[35m
[40mVoltage:
[37m
[40m 750 mV 
[39;49m
[37m
[40m  
[0;1m
[35m
[40mClock:
[37m
[40m 1000 MHz
[9;5H
[0;1m
[35m
[40mCore :
[37m
[40m2 
[39;49m
[37m
[40m  
[0;1m
[35m
[40mUtil:
[37m
[40m   5.6% 
[39;49m
[37m
[40m  
[0;1m
[35m
[40mTemp:
[33m
[40m 56 
[39;49m
[37m
[40m  
[0;1m
[35m
[40mVoltage:
[37m
[40m 750 mV 
[39;49m
[37m
[40m  
[0;1m
[35m
[40mClock:
[37m
[40m 1000 MHz
[10d
[39;49m
[37m
[40m-
[198b-
[50;1HTotal Devices: 1
[50;190HPage: 1 / 
[?7l1
[?7h
[39;49m
[37m
[40m
[2J[DX-TOP]  (q) Quit   (n) Next Page   (p) Prev Page   (h) Help
[2dWed Jul  8 04:38:07 2026
[3dDX-RT: v3.2.0     NPU Device driver: v2.1.0     DX-TOP: v1.0.1
[4d-
[198b-
[5;3H
[0;1m
[36m
[40mDevice :
[37m
[40m0
[18G
[0;1m
[36m
[40mVariant:
[37m
[40m    M1
[38G
[0;1m
[36m
[40mPCIe Bus Number:
[37m
[40m  01:00:00  
[39;49m
[37m
[40m  
[0;1m
[36m
[40mFirmware:
[37m
[40m  v2.5.0
[6;3H
[0;1m
[36m
[40mNPU Memory:
[39;49m
[37m
[40m  
[34m
[40m[
[20X
[6;37H]
[39;49m
[37m
[40m 
[34m
[40m168 MiB / 3.92 GiB (4.19%)    
[7;5H
[0;1m
[35m
[40mCore :
[37m
[40m0 
[39;49m
[37m
[40m  
[0;1m
[35m
[40mUtil:
[37m
[40m  53.2% 
[39;49m
[37m
[40m  
[0;1m
[35m
[40mTemp:
[33m
[40m 56 
[39;49m
[37m
[40m  
[0;1m
[35m
[40mVoltage:
[37m
[40m 750 mV 
[39;49m
[37m
[40m  
[0;1m
[35m
[40mClock:
[37m
[40m 1000 MHz
[8;5H
[0;1m
[35m
[40mCore :
[37m
[40m1 
[39;49m
[37m
[40m  
[0;1m
[35m
[40mUtil:
[37m
[40m  41.2% 
[39;49m
[37m
[40m  
[0;1m
[35m
[40mTemp:
[33m
[40m 56 
[39;49m
[37m
[40m  
[0;1m
[35m
[40mVoltage:
[37m
[40m 750 mV 
[39;49m
[37m
[40m  
[0;1m
[35m
[40mClock:
[37m
[40m 1000 MHz
[9;5H
[0;1m
[35m
[40mCore :
[37m
[40m2 
[39;49m
[37m
[40m  
[0;1m
[35m
[40mUtil:
[37m
[40m   9.0% 
[39;49m
[37m
[40m  
[0;1m
[35m
[40mTemp:
[33m
[40m 56 
[39;49m
[37m
[40m  
[0;1m
[35m
[40mVoltage:
[37m
[40m 750 mV 
[39;49m
[37m
[40m  
[0;1m
[35m
[40mClock:
[37m
[40m 1000 MHz
[10d
[39;49m
[37m
[40m-
[198b-
[50;1HTotal Devices: 1
[50;190HPage: 1 / 
[?7l1
[?7h
[39;49m
[37m
[40m
[2J[DX-TOP]  (q) Quit   (n) Next Page   (p) Prev Page   (h) Help
[2dWed Jul  8 04:38:09 2026
[3dDX-RT: v3.2.0     NPU Device driver: v2.1.0     DX-TOP: v1.0.1
[4d-
[198b-
[5;3H
[0;1m
[36m
[40mDevice :
[37m
[40m0
[18G
[0;1m
[36m
[40mVariant:
[37m
[40m    M1
[38G
[0;1m
[36m
[40mPCIe Bus Number:
[37m
[40m  01:00:00  
[39;49m
[37m
[40m  
[0;1m
[36m
[40mFirmware:
[37m
[40m  v2.5.0
[6;3H
[0;1m
[36m
[40mNPU Memory:
[39;49m
[37m
[40m  
[34m
[40m[
[20X
[6;37H]
[39;49m
[37m
[40m 
[34m
[40m168 MiB / 3.92 GiB (4.19%)    
[7;5H
[0;1m
[35m
[40mCore :
[37m
[40m0 
[39;49m
[37m
[40m  
[0;1m
[35m
[40mUtil:
[37m
[40m  57.4% 
[39;49m
[37m
[40m  
[0;1m
[35m
[40mTemp:
[33m
[40m 56 
[39;49m
[37m
[40m  
[0;1m
[35m
[40mVoltage:
[37m
[40m 750 mV 
[39;49m
[37m
[40m  
[0;1m
[35m
[40mClock:
[37m
[40m 1000 MHz
[8;5H
[0;1m
[35m
[40mCore :
[37m
[40m1 
[39;49m
[37m
[40m  
[0;1m
[35m
[40mUtil:
[37m
[40m  37.6% 
[39;49m
[37m
[40m  
[0;1m
[35m
[40mTemp:
[33m
[40m 56 
[39;49m
[37m
[40m  
[0;1m
[35m
[40mVoltage:
[37m
[40m 750 mV 
[39;49m
[37m
[40m  
[0;1m
[35m
[40mClock:
[37m
[40m 1000 MHz
[9;5H
[0;1m
[35m
[40mCore :
[37m
[40m2 
[39;49m
[37m
[40m  
[0;1m
[35m
[40mUtil:
[37m
[40m  16.3% 
[39;49m
[37m
[40m  
[0;1m
[35m
[40mTemp:
[33m
[40m 57 
[39;49m
[37m
[40m  
[0;1m
[35m
[40mVoltage:
[37m
[40m 750 mV 
[39;49m
[37m
[40m  
[0;1m
[35m
[40mClock:
[37m
[40m 1000 MHz
[10d
[39;49m
[37m
[40m-
[198b-
[50;1HTotal Devices: 1
[50;190HPage: 1 / 
[?7l1
[?7h
[39;49m
[37m
[40m
[2J[DX-TOP]  (q) Quit   (n) Next Page   (p) Prev Page   (h) Help
[2dWed Jul  8 04:38:11 2026
[3dDX-RT: v3.2.0     NPU Device driver: v2.1.0     DX-TOP: v1.0.1
[4d-
[198b-
[5;3H
[0;1m
[36m
[40mDevice :
[37m
[40m0
[18G
[0;1m
[36m
[40mVariant:
[37m
[40m    M1
[38G
[0;1m
[36m
[40mPCIe Bus Number:
[37m
[40m  01:00:00  
[39;49m
[37m
[40m  
[0;1m
[36m
[40mFirmware:
[37m
[40m  v2.5.0
[6;3H
[0;1m
[36m
[40mNPU Memory:
[39;49m
[37m
[40m  
[34m
[40m[
[20X
[6;37H]
[39;49m
[37m
[40m 
[34m
[40m168 MiB / 3.92 GiB (4.19%)    
[7;5H
[0;1m
[35m
[40mCore :
[37m
[40m0 
[39;49m
[37m
[40m  
[0;1m
[35m
[40mUtil:
[37m
[40m  58.4% 
[39;49m
[37m
[40m  
[0;1m
[35m
[40mTemp:
[33m
[40m 56 
[39;49m
[37m
[40m  
[0;1m
[35m
[40mVoltage:
[37m
[40m 750 mV 
[39;49m
[37m
[40m  
[0;1m
[35m
[40mClock:
[37m
[40m 1000 MHz
[8;5H
[0;1m
[35m
[40mCore :
[37m
[40m1 
[39;49m
[37m
[40m  
[0;1m
[35m
[40mUtil:
[37m
[40m  40.1% 
[39;49m
[37m
[40m  
[0;1m
[35m
[40mTemp:
[33m
[40m 56 
[39;49m
[37m
[40m  
[0;1m
[35m
[40mVoltage:
[37m
[40m 750 mV 
[39;49m
[37m
[40m  
[0;1m
[35m
[40mClock:
[37m
[40m 1000 MHz
[9;5H
[0;1m
[35m
[40mCore :
[37m
[40m2 
[39;49m
[37m
[40m  
[0;1m
[35m
[40mUtil:
[37m
[40m   6.4% 
[39;49m
[37m
[40m  
[0;1m
[35m
[40mTemp:
[33m
[40m 57 
[39;49m
[37m
[40m  
[0;1m
[35m
[40mVoltage:
[37m
[40m 750 mV 
[39;49m
[37m
[40m  
[0;1m
[35m
[40mClock:
[37m
[40m 1000 MHz
[10d
[39;49m
[37m
[40m-
[198b-
[50;1HTotal Devices: 1
[50;190HPage: 1 / 
[?7l1
[?7h
[39;49m
[37m
[40m
[2J[DX-TOP]  (q) Quit   (n) Next Page   (p) Prev Page   (h) Help
[2dWed Jul  8 04:38:13 2026
[3dDX-RT: v3.2.0     NPU Device driver: v2.1.0     DX-TOP: v1.0.1
[4d-
[198b-
[5;3H
[0;1m
[36m
[40mDevice :
[37m
[40m0
[18G
[0;1m
[36m
[40mVariant:
[37m
[40m    M1
[38G
[0;1m
[36m
[40mPCIe Bus Number:
[37m
[40m  01:00:00  
[39;49m
[37m
[40m  
[0;1m
[36m
[40mFirmware:
[37m
[40m  v2.5.0
[6;3H
[0;1m
[36m
[40mNPU Memory:
[39;49m
[37m
[40m  
[34m
[40m[
[20X
[6;37H]
[39;49m
[37m
[40m 
[34m
[40m168 MiB / 3.92 GiB (4.19%)    
[7;5H
[0;1m
[35m
[40mCore :
[37m
[40m0 
[39;49m
[37m
[40m  
[0;1m
[35m
[40mUtil:
[37m
[40m  49.5% 
[39;49m
[37m
[40m  
[0;1m
[35m
[40mTemp:
[33m
[40m 56 
[39;49m
[37m
[40m  
[0;1m
[35m
[40mVoltage:
[37m
[40m 750 mV 
[39;49m
[37m
[40m  
[0;1m
[35m
[40mClock:
[37m
[40m 1000 MHz
[8;5H
[0;1m
[35m
[40mCore :
[37m
[40m1 
[39;49m
[37m
[40m  
[0;1m
[35m
[40mUtil:
[37m
[40m  41.2% 
[39;49m
[37m
[40m  
[0;1m
[35m
[40mTemp:
[33m
[40m 56 
[39;49m
[37m
[40m  
[0;1m
[35m
[40mVoltage:
[37m
[40m 750 mV 
[39;49m
[37m
[40m  
[0;1m
[35m
[40mClock:
[37m
[40m 1000 MHz
[9;5H
[0;1m
[35m
[40mCore :
[37m
[40m2 
[39;49m
[37m
[40m  
[0;1m
[35m
[40mUtil:
[37m
[40m  14.7% 
[39;49m
[37m
[40m  
[0;1m
[35m
[40mTemp:
[33m
[40m 57 
[39;49m
[37m
[40m  
[0;1m
[35m
[40mVoltage:
[37m
[40m 750 mV 
[39;49m
[37m
[40m  
[0;1m
[35m
[40mClock:
[37m
[40m 1000 MHz
[10d
[39;49m
[37m
[40m-
[198b-
[50;1HTotal Devices: 1
[50;190HPage: 1 / 
[?7l1
[?7h
[39;49m
[37m
[40m
[2J[DX-TOP]  (q) Quit   (n) Next Page   (p) Prev Page   (h) Help
[2dWed Jul  8 04:38:15 2026
[3dDX-RT: v3.2.0     NPU Device driver: v2.1.0     DX-TOP: v1.0.1
[4d-
[198b-
[5;3H
[0;1m
[36m
[40mDevice :
[37m
[40m0
[18G
[0;1m
[36m
[40mVariant:
[37m
[40m    M1
[38G
[0;1m
[36m
[40mPCIe Bus Number:
[37m
[40m  01:00:00  
[39;49m
[37m
[40m  
[0;1m
[36m
[40mFirmware:
[37m
[40m  v2.5.0
[6;3H
[0;1m
[36m
[40mNPU Memory:
[39;49m
[37m
[40m  
[34m
[40m[
[20X
[6;37H]
[39;49m
[37m
[40m 
[34m
[40m168 MiB / 3.92 GiB (4.19%)    
[7;5H
[0;1m
[35m
[40mCore :
[37m
[40m0 
[39;49m
[37m
[40m  
[0;1m
[35m
[40mUtil:
[37m
[40m  57.8% 
[39;49m
[37m
[40m  
[0;1m
[35m
[40mTemp:
[33m
[40m 56 
[39;49m
[37m
[40m  
[0;1m
[35m
[40mVoltage:
[37m
[40m 750 mV 
[39;49m
[37m
[40m  
[0;1m
[35m
[40mClock:
[37m
[40m 1000 MHz
[8;5H
[0;1m
[35m
[40mCore :
[37m
[40m1 
[39;49m
[37m
[40m  
[0;1m
[35m
[40mUtil:
[37m
[40m  35.2% 
[39;49m
[37m
[40m  
[0;1m
[35m
[40mTemp:
[33m
[40m 56 
[39;49m
[37m
[40m  
[0;1m
[35m
[40mVoltage:
[37m
[40m 750 mV 
[39;49m
[37m
[40m  
[0;1m
[35m
[40mClock:
[37m
[40m 1000 MHz
[9;5H
[0;1m
[35m
[40mCore :
[37m
[40m2 
[39;49m
[37m
[40m  
[0;1m
[35m
[40mUtil:
[37m
[40m   9.5% 
[39;49m
[37m
[40m  
[0;1m
[35m
[40mTemp:
[33m
[40m 57 
[39;49m
[37m
[40m  
[0;1m
[35m
[40mVoltage:
[37m
[40m 750 mV 
[39;49m
[37m
[40m  
[0;1m
[35m
[40mClock:
[37m
[40m 1000 MHz
[10d
[39;49m
[37m
[40m-
[198b-
[50;1HTotal Devices: 1
[50;190HPage: 1 / 
[?7l1
[?7h
[39;49m
[37m
[40m
[2J[DX-TOP]  (q) Quit   (n) Next Page   (p) Prev Page   (h) Help
[2dWed Jul  8 04:38:17 2026
[3dDX-RT: v3.2.0     NPU Device driver: v2.1.0     DX-TOP: v1.0.1
[4d-
[198b-
[5;3H
[0;1m
[36m
[40mDevice :
[37m
[40m0
[18G
[0;1m
[36m
[40mVariant:
[37m
[40m    M1
[38G
[0;1m
[36m
[40mPCIe Bus Number:
[37m
[40m  01:00:00  
[39;49m
[37m
[40m  
[0;1m
[36m
[40mFirmware:
[37m
[40m  v2.5.0
[6;3H
[0;1m
[36m
[40mNPU Memory:
[39;49m
[37m
[40m  
[34m
[40m[
[20X
[6;37H]
[39;49m
[37m
[40m 
[34m
[40m168 MiB / 3.92 GiB (4.19%)    
[7;5H
[0;1m
[35m
[40mCore :
[37m
[40m0 
[39;49m
[37m
[40m  
[0;1m
[35m
[40mUtil:
[37m
[40m  55.7% 
[39;49m
[37m
[40m  
[0;1m
[35m
[40mTemp:
[33m
[40m 56 
[39;49m
[37m
[40m  
[0;1m
[35m
[40mVoltage:
[37m
[40m 750 mV 
[39;49m
[37m
[40m  
[0;1m
[35m
[40mClock:
[37m
[40m 1000 MHz
[8;5H
[0;1m
[35m
[40mCore :
[37m
[40m1 
[39;49m
[37m
[40m  
[0;1m
[35m
[40mUtil:
[37m
[40m  40.0% 
[39;49m
[37m
[40m  
[0;1m
[35m
[40mTemp:
[33m
[40m 57 
[39;49m
[37m
[40m  
[0;1m
[35m
[40mVoltage:
[37m
[40m 750 mV 
[39;49m
[37m
[40m  
[0;1m
[35m
[40mClock:
[37m
[40m 1000 MHz
[9;5H
[0;1m
[35m
[40mCore :
[37m
[40m2 
[39;49m
[37m
[40m  
[0;1m
[35m
[40mUtil:
[37m
[40m   9.1% 
[39;49m
[37m
[40m  
[0;1m
[35m
[40mTemp:
[33m
[40m 57 
[39;49m
[37m
[40m  
[0;1m
[35m
[40mVoltage:
[37m
[40m 750 mV 
[39;49m
[37m
[40m  
[0;1m
[35m
[40mClock:
[37m
[40m 1000 MHz
[10d
[39;49m
[37m
[40m-
[198b-
[50;1HTotal Devices: 1
[50;190HPage: 1 / 
[?7l1
[?7h
[39;49m
[37m
[40m
[2J[DX-TOP]  (q) Quit   (n) Next Page   (p) Prev Page   (h) Help
[2dWed Jul  8 04:38:19 2026
[3dDX-RT: v3.2.0     NPU Device driver: v2.1.0     DX-TOP: v1.0.1
[4d-
[198b-
[5;3H
[0;1m
[36m
[40mDevice :
[37m
[40m0
[18G
[0;1m
[36m
[40mVariant:
[37m
[40m    M1
[38G
[0;1m
[36m
[40mPCIe Bus Number:
[37m
[40m  01:00:00  
[39;49m
[37m
[40m  
[0;1m
[36m
[40mFirmware:
[37m
[40m  v2.5.0
[6;3H
[0;1m
[36m
[40mNPU Memory:
[39;49m
[37m
[40m  
[34m
[40m[
[20X
[6;37H]
[39;49m
[37m
[40m 
[34m
[40m168 MiB / 3.92 GiB (4.19%)    
[7;5H
[0;1m
[35m
[40mCore :
[37m
[40m0 
[39;49m
[37m
[40m  
[0;1m
[35m
[40mUtil:
[37m
[40m  58.7% 
[39;49m
[37m
[40m  
[0;1m
[35m
[40mTemp:
[33m
[40m 56 
[39;49m
[37m
[40m  
[0;1m
[35m
[40mVoltage:
[37m
[40m 750 mV 
[39;49m
[37m
[40m  
[0;1m
[35m
[40mClock:
[37m
[40m 1000 MHz
[8;5H
[0;1m
[35m
[40mCore :
[37m
[40m1 
[39;49m
[37m
[40m  
[0;1m
[35m
[40mUtil:
[37m
[40m  40.8% 
[39;49m
[37m
[40m  
[0;1m
[35m
[40mTemp:
[33m
[40m 57 
[39;49m
[37m
[40m  
[0;1m
[35m
[40mVoltage:
[37m
[40m 750 mV 
[39;49m
[37m
[40m  
[0;1m
[35m
[40mClock:
[37m
[40m 1000 MHz
[9;5H
[0;1m
[35m
[40mCore :
[37m
[40m2 
[39;49m
[37m
[40m  
[0;1m
[35m
[40mUtil:
[37m
[40m   3.3% 
[39;49m
[37m
[40m  
[0;1m
[35m
[40mTemp:
[33m
[40m 57 
[39;49m
[37m
[40m  
[0;1m
[35m
[40mVoltage:
[37m
[40m 750 mV 
[39;49m
[37m
[40m  
[0;1m
[35m
[40mClock:
[37m
[40m 1000 MHz
[10d
[39;49m
[37m
[40m-
[198b-
[50;1HTotal Devices: 1
[50;190HPage: 1 / 
[?7l1
[?7h
[39;49m
[37m
[40m
[2J[DX-TOP]  (q) Quit   (n) Next Page   (p) Prev Page   (h) Help
[2dWed Jul  8 04:38:21 2026
[3dDX-RT: v3.2.0     NPU Device driver: v2.1.0     DX-TOP: v1.0.1
[4d-
[198b-
[5;3H
[0;1m
[36m
[40mDevice :
[37m
[40m0
[18G
[0;1m
[36m
[40mVariant:
[37m
[40m    M1
[38G
[0;1m
[36m
[40mPCIe Bus Number:
[37m
[40m  01:00:00  
[39;49m
[37m
[40m  
[0;1m
[36m
[40mFirmware:
[37m
[40m  v2.5.0
[6;3H
[0;1m
[36m
[40mNPU Memory:
[39;49m
[37m
[40m  
[34m
[40m[
[20X
[6;37H]
[39;49m
[37m
[40m 
[34m
[40m3.56 KiB / 3.92 GiB (0.00%)   
[7;5H
[0;1m
[35m
[40mCore :
[37m
[40m0 
[39;49m
[37m
[40m  
[0;1m
[35m
[40mUtil:
[37m
[40m  52.9% 
[39;49m
[37m
[40m  
[0;1m
[35m
[40mTemp:
[33m
[40m 54 
[39;49m
[37m
[40m  
[0;1m
[35m
[40mVoltage:
[37m
[40m 750 mV 
[39;49m
[37m
[40m  
[0;1m
[35m
[40mClock:
[37m
[40m 1000 MHz
[8;5H
[0;1m
[35m
[40mCore :
[37m
[40m1 
[39;49m
[37m
[40m  
[0;1m
[35m
[40mUtil:
[37m
[40m  34.1% 
[39;49m
[37m
[40m  
[0;1m
[35m
[40mTemp:
[33m
[40m 54 
[39;49m
[37m
[40m  
[0;1m
[35m
[40mVoltage:
[37m
[40m 750 mV 
[39;49m
[37m
[40m  
[0;1m
[35m
[40mClock:
[37m
[40m 1000 MHz
[9;5H
[0;1m
[35m
[40mCore :
[37m
[40m2 
[39;49m
[37m
[40m  
[0;1m
[35m
[40mUtil:
[37m
[40m   9.4% 
[39;49m
[37m
[40m  
[0;1m
[35m
[40mTemp:
[33m
[40m 54 
[39;49m
[37m
[40m  
[0;1m
[35m
[40mVoltage:
[37m
[40m 750 mV 
[39;49m
[37m
[40m  
[0;1m
[35m
[40mClock:
[37m
[40m 1000 MHz
[10d
[39;49m
[37m
[40m-
[198b-
[50;1HTotal Devices: 1
[50;190HPage: 1 / 
[?7l1
[?7h
Script done on 2026-07-08 04:38:23+09:00 [COMMAND_EXIT_CODE="0"]
